# File exported by Houdini 20.5.278 (www.sidefx.com)
# 4171 points
# 23967 vertices
# 7989 primitives
# Bounds: [0.381583363, 0.128276765, 0.29246819] to [0.617894888, 0.319434434, 0.66028595]
g 
v 0.38933295 0.222624823 0.293921113
v 0.395074904 0.217601746 0.517493367
v 0.405565083 0.257642061 0.643107533
v 0.457891732 0.258579791 0.652571321
v 0.542486548 0.259345293 0.65253222
v 0.595261574 0.258834243 0.64325428
v 0.604837894 0.219304919 0.516515613
v 0.610721111 0.224652037 0.292473435
v 0.604839563 0.219258249 0.516510725
v 0.59526211 0.258790076 0.643252015
v 0.542485058 0.259079158 0.652415633
v 0.50081259 0.162748173 0.563822389
v 0.457892358 0.258423358 0.652505517
v 0.405565619 0.257604271 0.643105149
v 0.39507395 0.217575759 0.517491341
v 0.38931784 0.222515777 0.29392314
v 0.610726237 0.224555075 0.29246819
v 0.609641552 0.232982337 0.293186665
v 0.60668087 0.240805969 0.293523014
v 0.603250146 0.248459309 0.293854296
v 0.600696385 0.256367147 0.294235468
v 0.596723795 0.263746291 0.294498801
v 0.59125036 0.270060182 0.294600427
v 0.586001396 0.27644673 0.294603586
v 0.580075145 0.282237798 0.294561028
v 0.573809028 0.287616134 0.294512868
v 0.567134142 0.292523593 0.294402242
v 0.560516715 0.297551692 0.294278502
v 0.553395927 0.301822692 0.294386446
v 0.545496643 0.304728299 0.293864965
v 0.537321866 0.306462407 0.293661058
v 0.528968513 0.307955682 0.293344378
v 0.520485818 0.30870229 0.293184519
v 0.51193887 0.308933139 0.293054879
v 0.503362417 0.308846653 0.293129861
v 0.494768649 0.308822542 0.293150783
v 0.486210585 0.308415353 0.293479919
v 0.477714598 0.308015347 0.293798923
v 0.469291866 0.307284713 0.294155955
v 0.46095264 0.305798501 0.294618309
v 0.452767074 0.30431065 0.295082748
v 0.445000321 0.301070869 0.295528293
v 0.43811667 0.296397209 0.295642853
v 0.431674302 0.29120189 0.295737028
v 0.425201446 0.286093146 0.295795381
v 0.419044226 0.280627191 0.29602325
v 0.413127065 0.274846673 0.29604435
v 0.408178061 0.26825425 0.296054363
v 0.403140455 0.261629611 0.295871377
v 0.399414986 0.254177541 0.295705616
v 0.396043867 0.246632427 0.295380652
v 0.392428279 0.239077181 0.295137048
v 0.390430123 0.230928048 0.294652343
v 0.389276356 0.221940011 0.303096414
v 0.389176309 0.221483573 0.312248588
v 0.389190078 0.221008509 0.321361005
v 0.389492899 0.220589161 0.330432355
v 0.389846593 0.220196173 0.339480877
v 0.390361279 0.219789326 0.348500192
v 0.391020626 0.219408393 0.357488751
v 0.391681194 0.219069704 0.366466224
v 0.392392069 0.218742073 0.375428021
v 0.39308551 0.21846123 0.384374201
v 0.393743843 0.218203068 0.393313587
v 0.394372672 0.217982844 0.402241886
v 0.395012259 0.217776299 0.411163867
v 0.395578057 0.217602044 0.420083165
v 0.396084994 0.217447788 0.428997099
v 0.396514714 0.217320248 0.437906563
v 0.396875769 0.217216015 0.446813524
v 0.397158742 0.217137188 0.455716968
v 0.397357106 0.21708627 0.464613318
v 0.39742589 0.217062637 0.473510504
v 0.397326708 0.217090219 0.482384682
v 0.396962911 0.217170939 0.491248727
v 0.396286547 0.217330694 0.500059247
v 0.395549685 0.217519403 0.508726835
v 0.395455122 0.22689262 0.518194675
v 0.395838171 0.236200795 0.518823266
v 0.396216244 0.245519698 0.519505978
v 0.396644503 0.254864216 0.520131111
v 0.397167921 0.264219999 0.520794511
v 0.398970902 0.273381054 0.521852136
v 0.403135955 0.281621099 0.523817539
v 0.409080625 0.288418174 0.526716828
v 0.415557325 0.294396639 0.530393004
v 0.422098994 0.300005764 0.534624934
v 0.428124279 0.305490255 0.539722681
v 0.4333556 0.310151458 0.546382189
v 0.435676515 0.31358248 0.555075645
v 0.436406434 0.315596431 0.564458966
v 0.435638815 0.316247255 0.573899388
v 0.43391338 0.316292793 0.583174944
v 0.431426436 0.315501451 0.592240572
v 0.42821151 0.314309984 0.601006031
v 0.424864322 0.312627912 0.609645844
v 0.421282053 0.309912413 0.6179564
v 0.417902559 0.306021422 0.62584424
v 0.41474551 0.300483525 0.63278687
v 0.41225791 0.293273777 0.63831079
v 0.41009292 0.285021871 0.642195582
v 0.408421218 0.275957823 0.643764019
v 0.406950504 0.266767681 0.643639445
v 0.412980795 0.257931083 0.643072367
v 0.420020908 0.258222699 0.643210649
v 0.426775128 0.258545756 0.643453121
v 0.433466196 0.258806318 0.644085884
v 0.439962864 0.259016395 0.645035386
v 0.446394652 0.259232074 0.646399021
v 0.452728391 0.259402484 0.648338556
v 0.458111167 0.267564148 0.65658164
v 0.458959043 0.276894033 0.659487724
v 0.462057799 0.28617844 0.65990746
v 0.467430145 0.294098198 0.657769442
v 0.47411111 0.300112516 0.653840542
v 0.481563658 0.303830981 0.648756504
v 0.489849299 0.305816948 0.644079924
v 0.499342859 0.30634588 0.642621398
v 0.508568287 0.305325806 0.645102859
v 0.516990244 0.303378761 0.649520755
v 0.524583876 0.299968868 0.654611707
v 0.531622231 0.294255465 0.658306479
v 0.537213922 0.286521494 0.66028595
v 0.540695727 0.27738905 0.659750938
v 0.541993618 0.268159628 0.656755447
v 0.547968864 0.259961545 0.648536563
v 0.554291844 0.25998795 0.64643991
v 0.560814738 0.259808898 0.645415068
v 0.567312241 0.259758472 0.644278049
v 0.574124515 0.2595658 0.643771052
v 0.580948114 0.259375155 0.643356442
v 0.58794564 0.259120256 0.643173695
v 0.593582273 0.268131614 0.643680811
v 0.591743231 0.277472734 0.643606186
v 0.589637041 0.286593199 0.641638279
v 0.586965442 0.294749081 0.637347817
v 0.584017098 0.301895499 0.631597042
v 0.580430925 0.307055295 0.624315023
v 0.576686144 0.310887188 0.616286755
v 0.572787285 0.313233137 0.607759714
v 0.569168985 0.315017045 0.598994613
v 0.565825224 0.316208243 0.590012431
v 0.563639164 0.316817284 0.580605984
v 0.562316179 0.316378683 0.57102108
v 0.56266886 0.315167725 0.561239958
v 0.565845728 0.312408596 0.552358747
v 0.571226656 0.308044195 0.545333505
v 0.577355266 0.302797079 0.539717078
v 0.583628953 0.296900451 0.535098672
v 0.589937031 0.290768951 0.530806065
v 0.596140802 0.284254909 0.527128458
v 0.600675702 0.276153088 0.524359226
v 0.602801442 0.266898245 0.522611737
v 0.603474855 0.257355124 0.521489024
v 0.603879988 0.247830451 0.520372987
v 0.604190409 0.238280222 0.519248486
v 0.604509115 0.228777379 0.51795876
v 0.604537606 0.219301298 0.507823586
v 0.603614151 0.219141275 0.499068737
v 0.602773666 0.219015941 0.490233123
v 0.602409422 0.218972832 0.481341958
v 0.602342784 0.218991786 0.472435057
v 0.602453113 0.219053358 0.463518679
v 0.602685452 0.219153941 0.454595804
v 0.603009939 0.219275266 0.445673823
v 0.603421926 0.219421625 0.436749697
v 0.603924751 0.219593734 0.427823067
v 0.604494929 0.219787151 0.418894947
v 0.605140686 0.220002681 0.409963965
v 0.605838418 0.220244318 0.401026607
v 0.606590331 0.220510364 0.392083466
v 0.607383847 0.220799044 0.383134186
v 0.608101964 0.221100911 0.374168932
v 0.608789504 0.221429288 0.365185916
v 0.60950011 0.221795201 0.356189251
v 0.610017836 0.222137034 0.347167253
v 0.61050123 0.222493678 0.338127255
v 0.610891998 0.222869769 0.329057693
v 0.611085057 0.223272368 0.31995368
v 0.611166775 0.223663032 0.310817361
v 0.610931575 0.224076807 0.301664829
v 0.610931516 0.224077985 0.301669657
v 0.611166894 0.22366339 0.310818076
v 0.611085117 0.223272234 0.319957912
v 0.610892057 0.222869843 0.329060316
v 0.61050117 0.222493634 0.338129163
v 0.610017717 0.222137123 0.34716922
v 0.60950017 0.221794963 0.356190085
v 0.608789384 0.221429303 0.365187824
v 0.608101964 0.221100673 0.374170303
v 0.607383907 0.220798835 0.383134902
v 0.606590271 0.220510066 0.392085075
v 0.605838418 0.22024405 0.401027381
v 0.605140686 0.220002428 0.409964681
v 0.604494989 0.219786704 0.4188959
v 0.603924751 0.219593242 0.427823722
v 0.603421926 0.219421104 0.436750233
v 0.603009999 0.219274402 0.445674479
v 0.60268569 0.219152004 0.454596758
v 0.602453232 0.219052404 0.463518977
v 0.602343321 0.218986869 0.47243464
v 0.60240972 0.218969792 0.48134172
v 0.602774262 0.219008341 0.490231633
v 0.603615522 0.219121769 0.499064684
v 0.604539692 0.219270408 0.507817507
v 0.604866207 0.211370051 0.521336675
v 0.6043576 0.203624606 0.526203394
v 0.603820384 0.196138233 0.531313062
v 0.606850564 0.188901573 0.535831451
v 0.613000989 0.182580918 0.533899903
v 0.617894888 0.175710693 0.537010312
v 0.611716628 0.176793754 0.543527365
v 0.605519474 0.178370491 0.549930692
v 0.60072726 0.17953217 0.557541966
v 0.596380889 0.181644693 0.565282226
v 0.592504382 0.185039103 0.572943091
v 0.589602709 0.189753532 0.580625772
v 0.587838411 0.195460871 0.588176727
v 0.587091744 0.201623976 0.595631123
v 0.587061703 0.207939535 0.603080511
v 0.587698817 0.214294881 0.610463381
v 0.58862865 0.220642969 0.617751479
v 0.589704633 0.22693336 0.625061989
v 0.590902388 0.233433515 0.632095456
v 0.592189252 0.240990967 0.637847304
v 0.59359771 0.249687403 0.641402245
v 0.587947726 0.259082049 0.643167734
v 0.58095324 0.259290427 0.643339276
v 0.574127555 0.259520113 0.643759012
v 0.567315459 0.259717852 0.644266605
v 0.560816884 0.259775609 0.6454041
v 0.554295123 0.259945035 0.646424055
v 0.547969759 0.259952605 0.648532629
v 0.540912807 0.250018537 0.649531484
v 0.539333045 0.241207883 0.64603436
v 0.53674823 0.233364284 0.641168356
v 0.53414768 0.225830361 0.635819674
v 0.531643867 0.218360081 0.630482674
v 0.529266655 0.210969597 0.625122905
v 0.526716113 0.204028487 0.61930728
v 0.523576558 0.198567793 0.612360001
v 0.520453215 0.193180457 0.605410695
v 0.517317414 0.18795608 0.598410964
v 0.514164567 0.182801723 0.591419458
v 0.510935903 0.17776075 0.584429502
v 0.507670879 0.17277059 0.57747066
v 0.504323184 0.16777122 0.570591092
v 0.497407585 0.167788312 0.570714593
v 0.49408406 0.17283465 0.577641845
v 0.49078989 0.177830115 0.58463347
v 0.487524748 0.182912901 0.591611028
v 0.484245211 0.187963918 0.598646641
v 0.480956286 0.193026125 0.605709791
v 0.47767508 0.198241055 0.612701774
v 0.474440306 0.203671649 0.619585752
v 0.471898586 0.210773826 0.625197649
v 0.469345003 0.218053743 0.630639911
v 0.466751754 0.225442454 0.635954142
v 0.463976949 0.232934982 0.641171217
v 0.461319029 0.240728885 0.645996928
v 0.459241003 0.24932164 0.649833798
v 0.452726036 0.259358227 0.648319364
v 0.446392953 0.259208679 0.646390319
v 0.439960301 0.258976787 0.645022511
v 0.433461756 0.258733422 0.644064665
v 0.426772177 0.258491158 0.643439054
v 0.420019448 0.258178264 0.643200636
v 0.412980527 0.257901251 0.643067837
v 0.40763244 0.248657361 0.641095638
v 0.409498125 0.240187824 0.637255311
v 0.411202729 0.232950389 0.631252646
v 0.412673861 0.226550728 0.624227047
v 0.41405043 0.220138744 0.617101312
v 0.415217578 0.213660911 0.60994637
v 0.415984631 0.20715566 0.602743506
v 0.415852159 0.200756058 0.59534514
v 0.414506227 0.194787368 0.587774873
v 0.41184634 0.189596698 0.580275655
v 0.40827316 0.185528964 0.572675228
v 0.404723167 0.183236554 0.564534783
v 0.401808083 0.182586595 0.555951953
v 0.398154855 0.182319716 0.54768455
v 0.391014487 0.179676414 0.542831063
v 0.382999033 0.175678208 0.541761041
v 0.381583363 0.180275589 0.534162998
v 0.386992306 0.187425181 0.533009291
v 0.392334104 0.19470048 0.53202045
v 0.395080268 0.202174902 0.527598023
v 0.395058811 0.209750921 0.52254355
v 0.395547569 0.217488244 0.50872314
v 0.396285713 0.217319801 0.500058055
v 0.396962047 0.217160568 0.491247952
v 0.397325724 0.217079282 0.482384861
v 0.397425711 0.21706064 0.473510742
v 0.397356808 0.217082903 0.464614391
v 0.397158682 0.217136145 0.455717504
v 0.396875709 0.217215359 0.44681406
v 0.396514654 0.217319548 0.437907219
v 0.396084964 0.217447251 0.428997755
v 0.395578027 0.21760124 0.420084357
v 0.395012259 0.21777606 0.411164284
v 0.394372702 0.217982218 0.402243495
v 0.393743813 0.21820268 0.393314362
v 0.393085599 0.218460962 0.38437587
v 0.392392099 0.218741834 0.375429153
v 0.391681194 0.219069451 0.366467178
v 0.391020805 0.219408512 0.357490897
v 0.39036122 0.219789267 0.348500967
v 0.389846474 0.220195875 0.339482665
v 0.389493018 0.220589414 0.330435038
v 0.389189869 0.221008807 0.321362495
v 0.38917619 0.221483737 0.312251806
v 0.389276177 0.221941426 0.303102791
v 0.389359951 0.214369074 0.294822037
v 0.389678359 0.206081644 0.295419335
v 0.391578853 0.198298022 0.29599452
v 0.393316984 0.18992275 0.295915663
v 0.397751868 0.183452129 0.296670616
v 0.40266794 0.176693618 0.295662999
v 0.409204453 0.17192027 0.295813262
v 0.416321874 0.167931408 0.295012712
v 0.423925638 0.164776534 0.294719398
v 0.431405455 0.161223918 0.294223547
v 0.439210325 0.15822728 0.293876827
v 0.447030455 0.155162826 0.293501377
v 0.455233097 0.153276116 0.293361723
v 0.463482052 0.151467934 0.293250203
v 0.471743405 0.149457589 0.292999029
v 0.480158865 0.148243666 0.293293417
v 0.488618374 0.147306874 0.292828321
v 0.497096181 0.147199392 0.29289031
v 0.505548418 0.147226691 0.292925954
v 0.514068604 0.147441804 0.292922795
v 0.522489846 0.148478866 0.293009639
v 0.530891061 0.149675548 0.293108523
v 0.539115191 0.151660264 0.293205619
v 0.547341108 0.153483123 0.293290079
v 0.5554865 0.155372694 0.293443978
v 0.563142836 0.158835769 0.293812692
v 0.570684493 0.162310228 0.29406637
v 0.578199565 0.165755093 0.294425011
v 0.585713804 0.169082925 0.294757426
v 0.592615247 0.17316398 0.295137048
v 0.5990237 0.178373307 0.295503318
v 0.60384047 0.184703842 0.295407772
v 0.607170999 0.192422137 0.295402348
v 0.609320819 0.200033426 0.2947402
v 0.609931886 0.208276078 0.294138193
v 0.611159801 0.216364354 0.29347533
v 0.587446749 0.281123608 0.40465194
v 0.54546088 0.30846256 0.3378025
v 0.538404644 0.315945476 0.516011
v 0.466947794 0.316778719 0.545577526
v 0.495034277 0.312017709 0.389893025
v 0.480156302 0.308557272 0.303468704
v 0.453525543 0.313105524 0.486609668
v 0.427789688 0.292732537 0.354255915
v 0.421336859 0.285289645 0.312505305
v 0.414070338 0.280816376 0.334254861
v 0.40274772 0.264460176 0.50169307
v 0.423969418 0.296272635 0.499445111
v 0.396847039 0.239975721 0.51221323
v 0.526967883 0.317001879 0.541360974
v 0.540060222 0.319434434 0.591078877
v 0.548680425 0.318063259 0.564887702
v 0.477342218 0.318374515 0.592391312
v 0.456690907 0.317249417 0.618236184
v 0.452447385 0.293059051 0.65031755
v 0.420250952 0.270294815 0.645205319
v 0.446488321 0.270050049 0.650408745
v 0.555539787 0.308514535 0.634389579
v 0.577869296 0.292851418 0.641509771
v 0.556449592 0.267750889 0.648822308
v 0.581546783 0.283283651 0.311237365
v 0.607621908 0.228947803 0.341370583
v 0.609027505 0.231225073 0.307537198
v 0.600414753 0.255340546 0.320783079
v 0.601040125 0.232752234 0.438511193
v 0.594576538 0.277057797 0.509906709
v 0.601644039 0.227260008 0.484995782
v 0.442152023 0.311844677 0.5342049
v 0.548078358 0.313058555 0.460013092
v 0.448291779 0.314885914 0.547750652
v 0.512920916 0.309273303 0.302324265
v 0.492209166 0.315731257 0.505467951
v 0.440058649 0.300238103 0.324576706
v 0.434427023 0.29547435 0.321510285
v 0.400705159 0.256893575 0.303396165
v 0.429065973 0.29184109 0.338304907
v 0.396122187 0.246597171 0.313420951
v 0.398634046 0.228080019 0.474536419
v 0.413389206 0.290818989 0.523382604
v 0.440695852 0.309957534 0.505424976
v 0.516942024 0.316685855 0.531435728
v 0.504995644 0.310963839 0.62999779
v 0.520563126 0.317945123 0.570224166
v 0.424203068 0.301731467 0.635034204
v 0.510046184 0.314663798 0.617249012
v 0.556723833 0.292508096 0.647730947
v 0.581473172 0.289922625 0.437676042
v 0.547172487 0.309446782 0.362501442
v 0.59819752 0.260072142 0.501514375
v 0.551024258 0.313956529 0.505845666
v 0.493391484 0.310448289 0.342836529
v 0.535148919 0.307703197 0.304433823
v 0.503136754 0.316824436 0.538672626
v 0.456734747 0.309421927 0.364888161
v 0.462408543 0.306933612 0.305377036
v 0.407328069 0.264309496 0.426768243
v 0.406941682 0.264358014 0.48009634
v 0.403889924 0.263320625 0.343051255
v 0.399213791 0.23235856 0.458760917
v 0.411447823 0.278615862 0.497836798
v 0.518826127 0.315839291 0.503140569
v 0.480061233 0.316685885 0.613631964
v 0.504408062 0.316684335 0.601811767
v 0.590078413 0.273548752 0.4235861
v 0.571984649 0.297154009 0.387781024
v 0.564185143 0.299354851 0.343019158
v 0.531404138 0.310224563 0.341226429
v 0.59375596 0.270332992 0.371080488
v 0.602782786 0.234190077 0.395966381
v 0.540827036 0.314839482 0.479585648
v 0.554906547 0.314249337 0.540963531
v 0.504698157 0.309243947 0.303702265
v 0.465586871 0.308953702 0.33205092
v 0.487951458 0.317585528 0.56490016
v 0.434901178 0.301930249 0.405110002
v 0.410523117 0.270627528 0.455172896
v 0.397557586 0.224584356 0.441917002
v 0.42418772 0.295985609 0.466501325
v 0.591144621 0.274820328 0.385680467
v 0.572929323 0.29414764 0.358254731
v 0.596780956 0.262914568 0.356342673
v 0.488275439 0.316586524 0.533031702
v 0.48743248 0.313039273 0.422319233
v 0.526547492 0.314472377 0.45466727
v 0.46994105 0.311820894 0.391646355
v 0.537686467 0.314690351 0.46731478
v 0.563925266 0.29605785 0.305435628
v 0.458470345 0.317350656 0.558028162
v 0.41666171 0.286510199 0.390914887
v 0.434336454 0.303602993 0.436764449
v 0.597203791 0.255541086 0.393253207
v 0.489892155 0.312380701 0.402145088
v 0.49524039 0.311762065 0.381981432
v 0.580853522 0.295175582 0.523708701
v 0.439962178 0.303427845 0.378739506
v 0.415775031 0.284776628 0.359646827
v 0.450638175 0.310079157 0.419854462
v 0.603236735 0.227109194 0.502473056
v 0.601434529 0.226727396 0.464508235
v 0.603333473 0.228202611 0.409795433
v 0.592158914 0.284046292 0.518628061
v 0.583097279 0.287639081 0.405751914
v 0.560391605 0.309393018 0.475593537
v 0.56854564 0.306710631 0.53207022
v 0.569714308 0.300541401 0.41783908
v 0.503083348 0.315132558 0.484612614
v 0.4573116 0.315257728 0.530035496
v 0.477937549 0.309632331 0.332000434
v 0.417326629 0.285062641 0.472648829
v 0.402280152 0.250196636 0.418646604
v 0.43103826 0.291163862 0.303830326
v 0.403111666 0.253649056 0.410999238
v 0.395249903 0.232013702 0.370779425
v 0.424928188 0.299038082 0.520932853
v 0.458897829 0.312595099 0.443934232
v 0.397863656 0.225959256 0.490305603
v 0.554398358 0.31516701 0.549874425
v 0.454478562 0.319345653 0.586860895
v 0.490965366 0.317781508 0.578220427
v 0.464963824 0.312890321 0.631929398
v 0.437396556 0.315197408 0.607185841
v 0.441135079 0.266511917 0.647558272
v 0.560944498 0.313963205 0.617138624
v 0.537793398 0.297781646 0.651270807
v 0.537027895 0.31717512 0.619560778
v 0.605272055 0.228451446 0.378543943
v 0.570634305 0.291056156 0.305699289
v 0.59506911 0.267036557 0.301966578
v 0.601783156 0.252185673 0.301418334
v 0.599273741 0.241506457 0.477343678
v 0.583973706 0.285800576 0.49742493
v 0.577807009 0.288007647 0.324026495
v 0.578572154 0.294523031 0.502523184
v 0.589678407 0.271679342 0.456683904
v 0.506135345 0.31601283 0.511915982
v 0.478957057 0.313963175 0.451284647
v 0.442157179 0.30037716 0.307940781
v 0.400635183 0.246522591 0.490571916
v 0.445099473 0.311952919 0.51254195
v 0.518359959 0.3176817 0.562624335
v 0.502802551 0.317403734 0.558739066
v 0.438415766 0.316451281 0.598640203
v 0.441002697 0.297483385 0.643853068
v 0.544827998 0.283916831 0.654863417
v 0.568249762 0.279396653 0.647635579
v 0.588436007 0.279644817 0.392562032
v 0.604738414 0.241538033 0.325626969
v 0.568486989 0.30340153 0.454745978
v 0.598604321 0.251196712 0.492221594
v 0.521223247 0.312707394 0.400547266
v 0.603124619 0.238604024 0.510319352
v 0.496047497 0.311256051 0.366252899
v 0.503007472 0.316200882 0.518541813
v 0.474083424 0.311107635 0.372557759
v 0.398414791 0.23389791 0.424107105
v 0.408913672 0.279268324 0.505637586
v 0.420833826 0.287288129 0.330931485
v 0.458468139 0.308114141 0.334158152
v 0.397273004 0.243765444 0.353695363
v 0.419834852 0.287806123 0.344330698
v 0.393947691 0.240128234 0.314216554
v 0.40932259 0.272559047 0.490937263
v 0.440657079 0.308961719 0.483174622
v 0.532409847 0.315400988 0.487408072
v 0.514631212 0.317486852 0.598567069
v 0.471443057 0.316063643 0.622127295
v 0.529546082 0.318269908 0.57168752
v 0.515252233 0.317980945 0.583870232
v 0.539889932 0.31905371 0.606782317
v 0.590342343 0.275697261 0.335665524
v 0.602875412 0.226772904 0.423301607
v 0.542877674 0.311877966 0.399601877
v 0.523163617 0.310277641 0.333243638
v 0.591073155 0.275541782 0.376215458
v 0.444212586 0.311037868 0.498114109
v 0.563795626 0.306143939 0.448806107
v 0.439427912 0.307866991 0.469056547
v 0.521966934 0.309477299 0.313595653
v 0.493658155 0.315488845 0.497576952
v 0.465733618 0.314795315 0.490557581
v 0.51226759 0.317720771 0.568111897
v 0.455608517 0.310911745 0.408403128
v 0.46024397 0.307942688 0.326642066
v 0.419668853 0.290836066 0.411027461
v 0.434001267 0.295517683 0.327711523
v 0.405908942 0.268694311 0.329539329
v 0.402147949 0.247369096 0.471402079
v 0.417121679 0.284991056 0.460426688
v 0.471537054 0.317975014 0.610183835
v 0.49506858 0.317572325 0.588907361
v 0.558821142 0.303626955 0.354120284
v 0.552870333 0.30622071 0.349719226
v 0.563936234 0.301064581 0.36499241
v 0.540404439 0.309826523 0.350396991
v 0.54189992 0.307297677 0.313658059
v 0.588046372 0.279905379 0.355685413
v 0.596680582 0.252376109 0.428462088
v 0.52162075 0.315040916 0.475611985
v 0.463336825 0.310919672 0.379280686
v 0.51843226 0.314669907 0.4648678
v 0.547368944 0.315206319 0.52406317
v 0.539871514 0.316341072 0.532847762
v 0.410231203 0.274443001 0.388825476
v 0.415017813 0.281790316 0.431049764
v 0.425864071 0.297603697 0.432596624
v 0.424369991 0.296541065 0.486651987
v 0.60010469 0.246814281 0.384593815
v 0.573019385 0.295205832 0.370576888
v 0.599746346 0.244018629 0.408698112
v 0.593637228 0.263835907 0.417734891
v 0.481775314 0.316685408 0.537191331
v 0.527405322 0.312597632 0.396340668
v 0.479319483 0.312694311 0.413681328
v 0.533955634 0.313896537 0.437261403
v 0.511611998 0.312940061 0.412613302
v 0.488410592 0.310544282 0.348307669
v 0.554862142 0.312378794 0.493358552
v 0.553253233 0.304116189 0.319597125
v 0.479895353 0.317650884 0.564187109
v 0.439442158 0.303820074 0.393110633
v 0.40729472 0.270594627 0.344504058
v 0.476118207 0.311945021 0.393809557
v 0.534342587 0.310747743 0.356309623
v 0.574862719 0.299453855 0.504857302
v 0.439329386 0.305952698 0.43113336
v 0.454152942 0.311571568 0.438183993
v 0.593486667 0.26073119 0.45994404
v 0.49212271 0.314537227 0.468063056
v 0.501337111 0.309894621 0.323472947
v 0.401312858 0.244554952 0.437341809
v 0.405749559 0.262954473 0.398231208
v 0.415433526 0.284632891 0.382787168
v 0.403412014 0.259131342 0.376334846
v 0.403360069 0.259982169 0.368192166
v 0.398572803 0.249456823 0.343846321
v 0.478234738 0.314711452 0.475373477
v 0.469539493 0.318737596 0.582627714
v 0.592113018 0.265746504 0.478638738
v 0.595651984 0.266913325 0.499539971
v 0.57342273 0.291065216 0.3285954
v 0.595105648 0.256223172 0.443117917
v 0.573231816 0.298963517 0.435575098
v 0.509704649 0.312260866 0.392103046
v 0.494276404 0.31502369 0.482919931
v 0.469218433 0.310423285 0.35794124
v 0.535503387 0.311064333 0.364103407
v 0.556433797 0.308349371 0.415968448
v 0.514347017 0.309527278 0.310202509
v 0.549269855 0.312032431 0.437021047
v 0.437671632 0.306133121 0.450154096
v 0.475540847 0.310828477 0.364413291
v 0.451124698 0.309002936 0.386238605
v 0.580385208 0.291798234 0.454135597
v 0.549821079 0.309384644 0.379999578
v 0.520915747 0.311104894 0.353955686
v 0.578685343 0.294301063 0.481395692
v 0.585417092 0.282003343 0.466079772
v 0.411174357 0.275322527 0.406959176
v 0.40305829 0.26098597 0.348857909
v 0.518411279 0.31140992 0.362239987
v 0.570985436 0.300066859 0.425064981
v 0.561867595 0.303538084 0.383416057
v 0.56820339 0.304565996 0.475439757
v 0.493233472 0.309191555 0.305195093
v 0.571399212 0.298729688 0.409907997
v 0.444677025 0.317171246 0.564374685
v 0.419113159 0.288452297 0.466531962
v 0.397764415 0.23247382 0.416342199
v 0.393918812 0.24138324 0.307585508
v 0.405448914 0.258547574 0.46630013
v 0.442322761 0.317453206 0.571962476
v 0.428420454 0.271995574 0.646361589
v 0.432392418 0.277864248 0.647821903
v 0.55065614 0.296813786 0.646874845
v 0.535549819 0.31207338 0.633572698
v 0.602447867 0.240391195 0.374103725
v 0.56386137 0.297676057 0.320908874
v 0.600426257 0.233378083 0.461249262
v 0.468809873 0.314191997 0.464426488
v 0.415703535 0.281289488 0.31807217
v 0.433134705 0.295581758 0.642717898
v 0.416227669 0.280875891 0.644246697
v 0.523777723 0.31323263 0.628682017
v 0.583902895 0.280259103 0.305798978
v 0.589815497 0.27425465 0.315019071
v 0.537933409 0.312682658 0.406875461
v 0.460526973 0.316169798 0.541817129
v 0.503830135 0.310993373 0.355374306
v 0.570669115 0.294317812 0.642403722
v 0.583886087 0.282357901 0.324962646
v 0.561277866 0.305582702 0.409750193
v 0.580623865 0.289816946 0.385456651
v 0.574652433 0.297988832 0.450038403
v 0.400992602 0.257127047 0.321232945
v 0.531327009 0.315984875 0.506172359
v 0.596169412 0.261201501 0.381022751
v 0.598760247 0.244379595 0.430263788
v 0.49194321 0.31401211 0.451776028
v 0.444705665 0.304005265 0.335116208
v 0.401652128 0.245140567 0.444815457
v 0.436344922 0.307478219 0.498341382
v 0.47404772 0.316443264 0.533367097
v 0.418771714 0.288828939 0.375995249
v 0.590641201 0.26878038 0.470626771
v 0.455898255 0.308377415 0.34707725
v 0.411817074 0.275385588 0.429634392
v 0.395607889 0.223491386 0.406126678
v 0.409545183 0.274577439 0.358125776
v 0.534409463 0.317033648 0.54418242
v 0.602676511 0.241916925 0.361260474
v 0.457203746 0.31854108 0.61087054
v 0.449050605 0.298793256 0.645305991
v 0.552528203 0.281688452 0.65217042
v 0.576314926 0.293991059 0.390556782
v 0.556414485 0.310531169 0.462776214
v 0.53701508 0.31368494 0.430345237
v 0.399803966 0.237840787 0.48267889
v 0.560350358 0.305676848 0.401352018
v 0.500843585 0.314600676 0.468309313
v 0.447553009 0.307176322 0.370131999
v 0.532223284 0.316574663 0.529233873
v 0.427780449 0.299685746 0.448650658
v 0.518606544 0.31428498 0.452395737
v 0.570833266 0.303218544 0.499773234
v 0.42856738 0.296169668 0.381866753
v 0.442877233 0.308313042 0.443543226
v 0.412202448 0.279330581 0.365119815
v 0.594519496 0.259549409 0.429535717
v 0.558606386 0.307774246 0.424068034
v 0.6006639 0.239124432 0.493157417
v 0.600306511 0.267149627 0.513799965
v 0.555543482 0.307483643 0.385728747
v 0.398691773 0.245238781 0.371509731
v 0.393551797 0.234099999 0.334223092
v 0.454930246 0.318607509 0.572173774
v 0.482960314 0.318001747 0.5810287
v 0.4551422 0.285266727 0.654441535
v 0.447607934 0.282881618 0.65207088
v 0.558940351 0.31671229 0.601525247
v 0.586307228 0.280808479 0.448691249
v 0.397636235 0.228376925 0.42898345
v 0.471580178 0.313845873 0.45202145
v 0.480813086 0.316156477 0.520977557
v 0.432488024 0.304024041 0.635474801
v 0.547285497 0.274977595 0.653855383
v 0.453115195 0.314342469 0.523079991
v 0.488018364 0.311259776 0.369578987
v 0.432905525 0.296005696 0.347569168
v 0.533330977 0.316776246 0.53672713
v 0.439962626 0.311926067 0.626395285
v 0.529831886 0.3191365 0.598676264
v 0.57050693 0.298561275 0.394064933
v 0.597447634 0.252441525 0.485135794
v 0.471298575 0.308923513 0.321586013
v 0.438084304 0.300568342 0.351509631
v 0.421145231 0.292659789 0.507400692
v 0.517840743 0.316065311 0.510929227
v 0.591081798 0.268530816 0.445110351
v 0.532741308 0.309203595 0.3221111
v 0.602954924 0.245711118 0.33072409
v 0.482156783 0.313241512 0.428846449
v 0.482862771 0.309380472 0.321133494
v 0.581671298 0.287489623 0.363488466
v 0.573368132 0.292744219 0.345311016
v 0.488581091 0.317086518 0.548577964
v 0.532830298 0.312309772 0.389843643
v 0.551313043 0.311639249 0.445254773
v 0.56267935 0.299235642 0.328310132
v 0.454823643 0.310282469 0.394527853
v 0.466337621 0.311997861 0.402541339
v 0.591418147 0.273424953 0.393104702
v 0.593934655 0.264031559 0.409705997
v 0.484438211 0.311511815 0.378256053
v 0.424066514 0.29439494 0.400556505
v 0.549909592 0.312850356 0.468426913
v 0.539142072 0.314265132 0.457919121
v 0.412193596 0.275004417 0.476634443
v 0.408487588 0.268828899 0.411311001
v 0.485433012 0.314373553 0.463805467
v 0.60248667 0.245310396 0.343031228
v 0.592025459 0.27295813 0.328841329
v 0.604992449 0.242018029 0.319032609
v 0.600938857 0.230231434 0.469762832
v 0.576206863 0.297740459 0.497597605
v 0.398442149 0.235329807 0.49622786
v 0.50554651 0.317717731 0.574487031
v 0.598580182 0.259191185 0.340779722
v 0.601432621 0.249322012 0.506119967
v 0.474704564 0.311613292 0.38567704
v 0.394129694 0.234467208 0.342425823
v 0.60214746 0.232116401 0.41640681
v 0.527448714 0.311276585 0.361194164
v 0.505188167 0.310442388 0.338045895
v 0.449819833 0.312958837 0.505194187
v 0.445423275 0.309696376 0.452486485
v 0.558960974 0.312304854 0.524287045
v 0.530634403 0.31306237 0.411105365
v 0.50044477 0.313576907 0.436628103
v 0.561594307 0.309341639 0.488304287
v 0.554109395 0.303193361 0.313306183
v 0.598335266 0.244322225 0.444649845
v 0.40287751 0.253976017 0.403359443
v 0.594766617 0.257190228 0.466620386
v 0.485583246 0.314885139 0.479789555
v 0.467087418 0.310976058 0.372554451
v 0.538755119 0.313287169 0.42171371
v 0.581196249 0.290076107 0.413370609
v 0.44524169 0.293005019 0.647879601
v 0.449082226 0.304408908 0.309251219
v 0.43059957 0.303001702 0.480034083
v 0.403212488 0.256259501 0.394265711
v 0.57337904 0.299785674 0.466298759
v 0.46866703 0.310067981 0.349205703
v 0.406306446 0.267828256 0.358834863
v 0.393665075 0.228548139 0.358072817
v 0.397341967 0.24925147 0.306232721
v 0.43764028 0.30665189 0.461579025
v 0.474436402 0.307428896 0.642744184
v 0.563074231 0.311233044 0.62533021
v 0.541901886 0.314490974 0.626843095
v 0.600771427 0.255387872 0.308559209
v 0.596835613 0.250397056 0.467187554
v 0.397223443 0.230013147 0.502164662
v 0.450324535 0.318625987 0.599680662
v 0.598470986 0.265453339 0.507279396
v 0.474437296 0.315699399 0.509327173
v 0.495153189 0.316110313 0.516985953
v 0.417759091 0.281603605 0.306400925
v 0.513080776 0.316101968 0.610538125
v 0.510520935 0.312377959 0.626276612
v 0.564427376 0.306489617 0.633450925
v 0.581255853 0.286519021 0.338437676
v 0.518585443 0.310809255 0.345636189
v 0.585905969 0.280886412 0.485690624
v 0.513526201 0.317882657 0.575948954
v 0.47804302 0.308776289 0.310028106
v 0.413042814 0.277234644 0.444036722
v 0.399735957 0.25363338 0.336885065
v 0.517576456 0.316426724 0.522904813
v 0.495545715 0.31650275 0.529400527
v 0.516161263 0.31553793 0.493997186
v 0.524500966 0.314856559 0.468529403
v 0.528952777 0.308822751 0.308413953
v 0.496049523 0.316732675 0.536660731
v 0.433566183 0.302474439 0.425551087
v 0.418797135 0.287775487 0.479783326
v 0.597756028 0.252668619 0.399767101
v 0.512833416 0.313206077 0.42043376
v 0.542558372 0.314940065 0.493849933
v 0.488306016 0.312094718 0.393949598
v 0.501658916 0.312222749 0.394103974
v 0.580146909 0.29158327 0.425973088
v 0.467169881 0.31642127 0.53777796
v 0.422013253 0.293326348 0.492662042
v 0.398925126 0.246660829 0.503118575
v 0.406584263 0.272318572 0.50087744
v 0.444083065 0.31580019 0.612991035
v 0.529744983 0.309635282 0.638239741
v 0.578073621 0.285536796 0.305264622
v 0.604827821 0.244370893 0.30088976
v 0.58320415 0.286302179 0.4801898
v 0.510751903 0.315669268 0.499813259
v 0.461262107 0.31272909 0.436333656
v 0.400327802 0.253354102 0.500208199
v 0.436950743 0.30934149 0.528656423
v 0.456206143 0.308055252 0.638775349
v 0.582868278 0.281937271 0.644179583
v 0.478137136 0.314967841 0.483585358
v 0.509485722 0.316448241 0.525254369
v 0.530804336 0.315625787 0.494549036
v 0.505235374 0.31725201 0.59553802
v 0.598506987 0.246648967 0.421986312
v 0.545668185 0.312395811 0.428209335
v 0.500962019 0.309599042 0.314974695
v 0.464638799 0.315045446 0.502217054
v 0.560723841 0.30811888 0.454672247
v 0.521250844 0.309176892 0.305539012
v 0.450459868 0.309469163 0.402715266
v 0.452711552 0.306793958 0.328039914
v 0.427989483 0.296737403 0.394544661
v 0.413767785 0.278190911 0.457018465
v 0.422323465 0.293380022 0.443567812
v 0.599404156 0.247952789 0.392694145
v 0.466525674 0.31723839 0.55411166
v 0.52456522 0.312354207 0.389218628
v 0.563790262 0.308768421 0.502007663
v 0.552571416 0.305903435 0.341780096
v 0.402938038 0.259737104 0.360229611
v 0.497104079 0.310104042 0.330899864
v 0.519545138 0.309924662 0.322221667
v 0.447733939 0.311029434 0.467412651
v 0.503368855 0.311238915 0.363220513
v 0.535345912 0.312512785 0.398152947
v 0.569062173 0.303241462 0.463134766
v 0.397157282 0.23755613 0.38258341
v 0.408173174 0.265496522 0.466530472
v 0.463712156 0.307951093 0.318871677
v 0.59441787 0.269308239 0.316550165
v 0.444098413 0.31709075 0.603832126
v 0.602366209 0.225801975 0.493648559
v 0.576360404 0.277363718 0.645884812
v 0.399465054 0.23669827 0.436288923
v 0.599214733 0.254886448 0.353677243
v 0.542482734 0.312492728 0.414110959
v 0.596650004 0.250617594 0.454073519
v 0.596443057 0.278220147 0.516616046
v 0.405906737 0.260976821 0.420682579
v 0.391870677 0.229697734 0.32187742
v 0.398071051 0.224216759 0.461764276
v 0.418587655 0.294144541 0.522956669
v 0.398733437 0.229821965 0.482252359
v 0.553557217 0.314275652 0.533670664
v 0.464100331 0.318879932 0.579491377
v 0.5554775 0.316257179 0.558620095
v 0.439768702 0.273909062 0.64903456
v 0.558638811 0.317615479 0.584323168
v 0.548906982 0.266505212 0.650561869
v 0.599479496 0.259892493 0.301816642
v 0.434623063 0.308711529 0.536918402
v 0.575330913 0.300955415 0.528788388
v 0.411226362 0.274360567 0.315184087
v 0.428554773 0.290318757 0.325510472
v 0.42471683 0.294422925 0.641358435
v 0.517925382 0.315955043 0.61625433
v 0.549564481 0.290408432 0.65072155
v 0.569254458 0.312530428 0.615563095
v 0.543909848 0.297454178 0.648619592
v 0.607698977 0.230906978 0.330066442
v 0.400032133 0.241657197 0.420171231
v 0.4201051 0.288627803 0.351944178
v 0.4249219 0.298142135 0.51271826
v 0.5482831 0.316941172 0.556789696
v 0.502089739 0.314871967 0.614137411
v 0.528020501 0.318651557 0.584167898
v 0.492291689 0.314329863 0.618067205
v 0.587523937 0.281264096 0.386805028
v 0.590825915 0.269818127 0.485168576
v 0.485837519 0.315559447 0.501028597
v 0.409898072 0.269687146 0.442838818
v 0.416687667 0.285702616 0.407970637
v 0.400752187 0.240558982 0.469189554
v 0.473222703 0.318774492 0.598808706
v 0.586232543 0.283039451 0.412882328
v 0.591337085 0.274867088 0.344605267
v 0.597913682 0.254101723 0.386796862
v 0.575136721 0.297773004 0.459292382
v 0.530807137 0.314757735 0.462330729
v 0.403145522 0.250760585 0.441859454
v 0.576237381 0.292447358 0.36411497
v 0.597176254 0.259138435 0.372342795
v 0.591838479 0.269865423 0.413351566
v 0.474466473 0.312862277 0.420152396
v 0.475851297 0.31033352 0.351388484
v 0.548164845 0.30583483 0.316415966
v 0.49459359 0.312253237 0.397192955
v 0.494374275 0.313065678 0.42216441
v 0.42090866 0.291188359 0.3848598
v 0.554169536 0.312359214 0.485828191
v 0.567489862 0.308523744 0.538904607
v 0.486212343 0.317360371 0.556903541
v 0.544811845 0.316971898 0.618368685
v 0.604414165 0.228283748 0.391512573
v 0.579839647 0.29421109 0.516694427
v 0.497987121 0.317663848 0.572491407
v 0.560128093 0.280379117 0.64972651
v 0.577419877 0.293898851 0.407448441
v 0.599155486 0.245059863 0.486379892
v 0.422014445 0.286860824 0.320973963
v 0.408735693 0.273414493 0.336440474
v 0.49816972 0.317092776 0.597028971
v 0.541225731 0.318363756 0.568263531
v 0.533188581 0.31837216 0.612033308
v 0.50080055 0.310566127 0.343761027
v 0.486760587 0.310269803 0.341802031
v 0.496322304 0.314765781 0.474515438
v 0.438130319 0.299627632 0.337094098
v 0.399917573 0.254856169 0.312343597
v 0.564393282 0.299729317 0.350687057
v 0.566249073 0.302196771 0.40536505
v 0.595185459 0.258207738 0.422479808
v 0.582230985 0.288165063 0.488819093
v 0.418587536 0.288058758 0.433060199
v 0.421085835 0.291706502 0.473844409
v 0.601539195 0.240583137 0.389906317
v 0.482808381 0.312466532 0.406260669
v 0.556329131 0.301413298 0.305245072
v 0.448711723 0.309159845 0.411670208
v 0.496871084 0.31438145 0.462429404
v 0.400216937 0.24114278 0.42898339
v 0.400926709 0.252766311 0.370466143
v 0.411746025 0.278184444 0.380651742
v 0.462374717 0.319423616 0.585296512
v 0.503338397 0.311504871 0.371426255
v 0.498488337 0.315311462 0.491229266
v 0.535851717 0.311797142 0.380956411
v 0.4590168 0.310658395 0.386867791
v 0.583117306 0.287194073 0.448719054
v 0.54787159 0.309613883 0.371257067
v 0.552443922 0.313778639 0.512949109
v 0.402988225 0.261676908 0.329240203
v 0.482495487 0.309092671 0.314227968
v 0.403867483 0.253109068 0.460099101
v 0.433854789 0.265976936 0.646211267
v 0.531656682 0.314846754 0.626167655
v 0.560636282 0.299146831 0.312545449
v 0.592197776 0.270777434 0.309050888
v 0.554541051 0.308897048 0.407995135
v 0.426043898 0.29819876 0.474893302
v 0.421972394 0.290566355 0.360815734
v 0.547943473 0.315959692 0.54457289
v 0.455743581 0.309836328 0.378840238
v 0.565548956 0.303756237 0.425007582
v 0.473913819 0.314137906 0.458826691
v 0.428249538 0.306920081 0.629240572
v 0.432426393 0.305980325 0.514980733
v 0.435245782 0.313593626 0.61509186
v 0.597759128 0.24946551 0.479217321
v 0.49466458 0.317371517 0.558126092
v 0.470544726 0.312326103 0.407375515
v 0.511130333 0.310393482 0.333847433
v 0.595448256 0.257887185 0.480056882
v 0.48494786 0.314619303 0.47156778
v 0.574855626 0.298448771 0.473202318
v 0.408818036 0.272631288 0.368831068
v 0.597649157 0.261103362 0.348760366
v 0.393428534 0.235614792 0.326197386
v 0.489610583 0.317484826 0.594815254
v 0.509321034 0.316687137 0.533024371
v 0.50399065 0.3101919 0.331130594
v 0.442725837 0.311435461 0.518311501
v 0.447838485 0.313992739 0.539551675
v 0.441871315 0.305711627 0.40172717
v 0.555189431 0.306824118 0.374070942
v 0.600439429 0.236441001 0.485004604
v 0.600457788 0.245656997 0.498933673
v 0.603586078 0.225337341 0.415789127
v 0.586365104 0.291640341 0.525458992
v 0.541595936 0.306218982 0.300735176
v 0.498395175 0.309087217 0.299829751
v 0.563729942 0.30310145 0.394326985
v 0.448956013 0.316564173 0.556470275
v 0.525790036 0.315320045 0.482613444
v 0.420852035 0.291389018 0.459572107
v 0.443114609 0.305727094 0.386014998
v 0.396205425 0.224347636 0.414126217
v 0.394384235 0.226849809 0.376845628
v 0.395149648 0.235810056 0.35390982
v 0.393447846 0.224827752 0.369854033
v 0.392454743 0.228291422 0.339194745
v 0.391738623 0.228002876 0.327805996
v 0.398213089 0.226493955 0.454221338
v 0.43242842 0.303418398 0.45636332
v 0.452688456 0.318077654 0.564823151
v 0.488097757 0.317802995 0.586481631
v 0.471644282 0.311144739 0.634719849
v 0.427051216 0.264825284 0.645101607
v 0.452884316 0.265667856 0.651029885
v 0.558790863 0.317364067 0.592778325
v 0.441051245 0.312299907 0.543790042
v 0.507335544 0.315405846 0.492260158
v 0.447130531 0.302933216 0.302229434
v 0.487797976 0.316342175 0.52542001
v 0.530109882 0.31699124 0.618717909
v 0.563790798 0.314747661 0.609191775
v 0.5763098 0.265649974 0.644849241
v 0.585483849 0.279883206 0.31702736
v 0.564555049 0.307336569 0.481323212
v 0.525623083 0.312884718 0.404581338
v 0.602237701 0.237103283 0.502279401
v 0.480648398 0.311168969 0.370589554
v 0.401101619 0.255662709 0.352089703
v 0.426952243 0.291305661 0.345184803
v 0.391050875 0.228160784 0.315096617
v 0.534446359 0.317729622 0.559308112
v 0.437321097 0.290130049 0.646902919
v 0.538411856 0.319427371 0.598493397
v 0.460174978 0.315055579 0.516554713
v 0.446909428 0.311359793 0.484911084
v 0.456542313 0.311381876 0.414868593
v 0.465442836 0.307712734 0.311088115
v 0.405728161 0.260275751 0.474049449
v 0.420102209 0.293214381 0.51618284
v 0.531839132 0.316372603 0.521308064
v 0.543884575 0.315104157 0.504648983
v 0.593016922 0.263148069 0.440324366
v 0.565350175 0.299557805 0.358028114
v 0.546679497 0.30860272 0.345441192
v 0.600631475 0.236253381 0.431340396
v 0.474642992 0.31591481 0.5164783
v 0.522916079 0.314593136 0.46036613
v 0.402481079 0.255384713 0.385109067
v 0.406196326 0.260072261 0.460925698
v 0.593855262 0.268939018 0.37935403
v 0.569352567 0.294953734 0.340055078
v 0.592145205 0.269960225 0.406257361
v 0.526727617 0.312161982 0.3833597
v 0.446741015 0.307785839 0.394007027
v 0.505748987 0.31301567 0.417361319
v 0.489029109 0.311819017 0.385655373
v 0.603654265 0.231834516 0.509745896
v 0.601618469 0.236073792 0.409588993
v 0.588124573 0.277922302 0.428462714
v 0.465358466 0.313783854 0.456869364
v 0.498535186 0.315936506 0.510910809
v 0.414035439 0.281094104 0.40288648
v 0.396977812 0.238641202 0.374011993
v 0.477242261 0.314437717 0.466867656
v 0.398790896 0.233154565 0.489359885
v 0.483532518 0.317838937 0.572383642
v 0.469106883 0.319164813 0.591217339
v 0.47598958 0.313381702 0.628431916
v 0.449074239 0.315727323 0.619758904
v 0.523059785 0.306876451 0.643286586
v 0.601117492 0.245971084 0.368108749
v 0.590009511 0.274857432 0.32248199
v 0.574645877 0.288734883 0.311847836
v 0.595710218 0.253839761 0.460090369
v 0.48557964 0.313843369 0.447254539
v 0.4656699 0.313524097 0.448259771
v 0.440175682 0.299734682 0.316173524
v 0.52632159 0.317834288 0.563313484
v 0.598446488 0.262629062 0.31836918
v 0.606398821 0.239855662 0.307514578
v 0.602809727 0.245086208 0.512616515
v 0.50802052 0.314745605 0.471153736
v 0.510100126 0.311456919 0.366433144
v 0.511603415 0.316196024 0.516667366
v 0.415665567 0.288512588 0.51277566
v 0.405712008 0.263764352 0.487442166
v 0.445165366 0.310493171 0.476454079
v 0.463284045 0.315544307 0.624138594
v 0.520478487 0.318155557 0.578956544
v 0.53326726 0.319191337 0.59123832
v 0.594972432 0.269345403 0.332501739
v 0.602327824 0.227289334 0.432447582
v 0.523195684 0.311642736 0.368563503
v 0.553347886 0.311295688 0.453764468
v 0.451091647 0.310993761 0.445833057
v 0.53690362 0.315355033 0.492298692
v 0.528378129 0.308497906 0.301167518
v 0.457257926 0.306632698 0.312256902
v 0.446985006 0.304329574 0.321191281
v 0.570277512 0.29537037 0.351748765
v 0.538859725 0.309609175 0.342611969
v 0.590705752 0.271062315 0.430771172
v 0.447576106 0.307474434 0.377652109
v 0.525221467 0.314240843 0.447431982
v 0.507660389 0.314489245 0.463106573
v 0.540007651 0.316072077 0.524657965
v 0.558054209 0.311669677 0.507811427
v 0.415157199 0.281899422 0.438810021
v 0.421993732 0.292974174 0.451812416
v 0.600947201 0.241519362 0.396919698
v 0.576066315 0.29341954 0.377861023
v 0.59274745 0.265605897 0.425350428
v 0.473884404 0.312166542 0.400890857
v 0.45897451 0.311247766 0.402287275
v 0.517949581 0.313735127 0.434913516
v 0.435296893 0.300584316 0.385739714
v 0.428324193 0.297795892 0.405974388
v 0.424180061 0.293188214 0.377758473
v 0.417574883 0.287917495 0.399385244
v 0.405517817 0.261331618 0.40696913
v 0.469189316 0.314806312 0.484304816
v 0.578379333 0.293768138 0.433256179
v 0.408507019 0.268176764 0.419481725
v 0.560105443 0.311360329 0.51629746
v 0.401349187 0.257126749 0.343604803
v 0.551645517 0.309563786 0.399217665
v 0.518702388 0.312139452 0.383860439
v 0.547347128 0.301987499 0.643774748
v 0.596785784 0.250371665 0.4469603
v 0.415800095 0.28216359 0.325876236
v 0.536248922 0.313120544 0.414440542
v 0.56436038 0.288287699 0.64725709
v 0.579171419 0.290169924 0.370269507
v 0.485916346 0.314101964 0.455254406
v 0.399305254 0.233832523 0.45010221
v 0.474366605 0.316754699 0.541607141
v 0.417257249 0.286830276 0.367590368
v 0.591090739 0.267405152 0.461709023
v 0.588302374 0.274945229 0.46351105
v 0.456109107 0.308752477 0.353358865
v 0.396061778 0.229852319 0.393797994
v 0.601418018 0.246877208 0.355967253
v 0.600123227 0.250353992 0.362254024
v 0.569254994 0.304900438 0.507780135
v 0.563067615 0.304886043 0.417588025
v 0.400723249 0.251037419 0.377594501
v 0.584313035 0.285290867 0.442401618
v 0.40240401 0.260640144 0.315515339
v 0.51954627 0.316952467 0.539612055
v 0.452304006 0.313763499 0.513581276
v 0.495101988 0.311489999 0.373762339
v 0.483097315 0.310926288 0.362366706
v 0.525364041 0.318622679 0.591888249
v 0.533638656 0.318910748 0.604440987
v 0.48484233 0.309762567 0.329251736
v 0.557902098 0.30903551 0.44730559
v 0.551894724 0.305620551 0.332781047
v 0.463254124 0.312018901 0.409478575
v 0.596126378 0.260345519 0.388179809
v 0.533339977 0.314385742 0.450002044
v 0.409287333 0.270264626 0.482502729
v 0.595753372 0.267921895 0.324705809
v 0.602570355 0.24780114 0.322949082
v 0.578503609 0.28931123 0.343575716
v 0.39586693 0.241722405 0.339450389
v 0.510449588 0.310680628 0.342683017
v 0.561570704 0.311489046 0.535566926
v 0.517657816 0.312875628 0.407156318
v 0.532238185 0.313307285 0.418664873
v 0.599392056 0.240859509 0.437516689
v 0.598496854 0.24381043 0.46837312
v 0.460683554 0.314160496 0.484963626
v 0.47061798 0.314504236 0.47214067
v 0.440126806 0.309166849 0.490488321
v 0.436986327 0.307054967 0.478053212
v 0.462431192 0.309271872 0.345288008
v 0.597895503 0.263957262 0.310005188
v 0.476851732 0.309013098 0.317923337
v 0.4080832 0.269150943 0.394512355
v 0.482170582 0.311776578 0.386772722
v 0.582642019 0.288409859 0.431856483
v 0.416529775 0.286820829 0.504739046
v 0.405482918 0.266359657 0.495139539
v 0.608129025 0.236342773 0.300637215
v 0.580664933 0.29122138 0.473507762
v 0.512024045 0.315924525 0.507762134
v 0.438418686 0.309031427 0.513217807
v 0.600280344 0.240430132 0.416096866
v 0.553794205 0.310092449 0.430469275
v 0.551539779 0.310660899 0.422249705
v 0.518589556 0.312482178 0.394478112
v 0.510489583 0.311235279 0.359433502
v 0.408993304 0.268271059 0.475022435
v 0.455080509 0.306817681 0.320770919
v 0.597596586 0.247099712 0.460728526
v 0.457587749 0.319048941 0.578654826
v 0.574810565 0.300385892 0.520502329
v 0.54143846 0.291671604 0.653455615
v 0.544546723 0.319378465 0.587150335
v 0.562666655 0.311915815 0.545002639
v 0.417958081 0.286540836 0.492174804
v 0.498074532 0.310319453 0.337368608
v 0.558698714 0.303027302 0.346447468
v 0.579544723 0.292804301 0.444636852
v 0.424125195 0.292618394 0.369462371
v 0.569359183 0.297203362 0.364366472
v 0.392481059 0.193858236 0.307570398
v 0.413625538 0.149218023 0.452132165
v 0.457084268 0.146184906 0.344486892
v 0.395317167 0.197217092 0.441083044
v 0.393820703 0.180190861 0.516397655
v 0.42299971 0.17912817 0.574126601
v 0.483740687 0.170904815 0.574298501
v 0.468244284 0.18002826 0.584737301
v 0.43791014 0.179418012 0.57817471
v 0.443931609 0.206733987 0.609532237
v 0.419460177 0.236491218 0.634315729
v 0.396171838 0.196551993 0.465314835
v 0.396319181 0.207071468 0.486544698
v 0.590477526 0.156046808 0.403383732
v 0.496504694 0.137887821 0.402475238
v 0.604850948 0.202161998 0.440664887
v 0.465730071 0.132574767 0.466398805
v 0.603367329 0.161230773 0.498285472
v 0.539651394 0.13121058 0.515165865
v 0.593926132 0.161747023 0.542871296
v 0.543681443 0.170182616 0.572152793
v 0.544469595 0.195558459 0.600857139
v 0.57525599 0.233774096 0.632966876
v 0.583249509 0.252784669 0.641866744
v 0.546944261 0.247408584 0.643551528
v 0.603499949 0.207424596 0.46481657
v 0.60362947 0.213150293 0.494400054
v 0.605544508 0.197841033 0.516064107
v 0.608679354 0.206986129 0.359103054
v 0.591114283 0.159768105 0.354857177
v 0.6071769 0.205694884 0.311531633
v 0.41790998 0.162288487 0.319474638
v 0.417077154 0.141739473 0.47292766
v 0.413003653 0.151906386 0.395951629
v 0.396237552 0.179387912 0.449333578
v 0.408346772 0.152734071 0.531220853
v 0.445664644 0.154308155 0.552861571
v 0.444649816 0.171357483 0.571100473
v 0.458889127 0.230932951 0.635693669
v 0.431818068 0.224195927 0.625010312
v 0.397954941 0.170206323 0.470849246
v 0.394358248 0.198777333 0.516733289
v 0.437651306 0.143010944 0.392424494
v 0.503248394 0.142401114 0.343660831
v 0.60554862 0.189673841 0.412686199
v 0.431602716 0.136949793 0.444756895
v 0.601841986 0.176599145 0.431788981
v 0.491297901 0.146172091 0.541192412
v 0.512984216 0.158847764 0.558759928
v 0.560813308 0.144860357 0.541166961
v 0.552063227 0.152140975 0.550819457
v 0.559934378 0.181213751 0.580818176
v 0.565153122 0.199765339 0.599510252
v 0.569338322 0.208264068 0.607476592
v 0.599892259 0.168879017 0.451449633
v 0.603533387 0.212395623 0.451512724
v 0.584571004 0.165062577 0.310047477
v 0.598876894 0.18316929 0.391468376
v 0.577966332 0.152164325 0.367293864
v 0.580257177 0.160774365 0.326931477
v 0.603184938 0.181161121 0.30221948
v 0.41172117 0.158428952 0.354131788
v 0.425683856 0.150051102 0.36867699
v 0.401046216 0.174709409 0.309227884
v 0.39323312 0.179902881 0.502437234
v 0.424312085 0.137568682 0.45400396
v 0.459690154 0.140909731 0.384243309
v 0.401023418 0.175976738 0.414717555
v 0.409699917 0.154530004 0.455645353
v 0.405641526 0.173468903 0.550895035
v 0.404854715 0.147005051 0.497422755
v 0.458866328 0.168056548 0.569904983
v 0.41141209 0.176068217 0.56453675
v 0.397664338 0.160904512 0.493240088
v 0.394291401 0.185937405 0.530002296
v 0.462012351 0.13554135 0.433405817
v 0.420612186 0.141360372 0.437702954
v 0.487340689 0.139788166 0.376707315
v 0.475235432 0.145253524 0.320283413
v 0.435687453 0.132605687 0.473841339
v 0.521424651 0.137252584 0.526989162
v 0.487136573 0.157033682 0.556110382
v 0.464152306 0.133712515 0.452662885
v 0.559275031 0.155538708 0.553104281
v 0.537577152 0.159330711 0.560049474
v 0.605080247 0.193478957 0.441528857
v 0.589767277 0.162186489 0.334742248
v 0.571511686 0.160675511 0.305191219
v 0.403093547 0.167155579 0.338984072
v 0.435695291 0.150123924 0.347968429
v 0.404598176 0.163550109 0.368232816
v 0.47647655 0.141948149 0.356154352
v 0.455323219 0.13846077 0.409427553
v 0.413683683 0.150213599 0.418590426
v 0.403234631 0.169126406 0.432135642
v 0.39361167 0.204533502 0.413912296
v 0.418728709 0.145124912 0.533246219
v 0.452887774 0.136243463 0.430398464
v 0.481113702 0.136473835 0.420380235
v 0.460516721 0.149353936 0.314598382
v 0.532898605 0.139505103 0.533617556
v 0.480781823 0.132543832 0.473264545
v 0.519446194 0.132101327 0.481929153
v 0.444606692 0.133340523 0.460085213
v 0.588343501 0.175836846 0.565100789
v 0.600419939 0.164657131 0.472293854
v 0.593018115 0.145069972 0.517999828
v 0.581380546 0.142142966 0.448862255
v 0.603486419 0.179784998 0.469241142
v 0.601568282 0.177541897 0.348903149
v 0.444278359 0.154723585 0.30216077
v 0.472619444 0.139252469 0.388905764
v 0.438063532 0.15167065 0.333314776
v 0.590049863 0.15515919 0.386549115
v 0.473675758 0.131595522 0.505252004
v 0.507042587 0.133105859 0.512143195
v 0.516874611 0.178426325 0.584948897
v 0.589842677 0.147319958 0.480684191
v 0.594692051 0.149093419 0.491949975
v 0.609675705 0.170664966 0.531068087
v 0.602327764 0.191765368 0.335646898
v 0.598653674 0.185046762 0.368831307
v 0.544927001 0.151046783 0.306219935
v 0.558701396 0.141686767 0.390827775
v 0.450743616 0.131172881 0.478645742
v 0.524992466 0.144437119 0.32774806
v 0.584499538 0.150499359 0.391941369
v 0.579926431 0.143695384 0.426514953
v 0.547365725 0.149336115 0.320561588
v 0.571845889 0.146357462 0.386843354
v 0.562537372 0.144657508 0.376332402
v 0.553994775 0.145450711 0.356249809
v 0.526708782 0.140502721 0.371681154
v 0.554157555 0.142501265 0.378640175
v 0.533256114 0.135953367 0.42563042
v 0.539653718 0.13894321 0.397027284
v 0.565666795 0.137917846 0.429155678
v 0.39336434 0.208644718 0.310298443
v 0.395521134 0.20525147 0.325205386
v 0.412403911 0.16809994 0.303061545
v 0.390912265 0.206988171 0.366733134
v 0.3966932 0.179543525 0.307803929
v 0.408593982 0.165526748 0.413602352
v 0.49418506 0.145285413 0.309783489
v 0.387963116 0.170510441 0.531284094
v 0.392876267 0.174600035 0.540877283
v 0.432104081 0.191801623 0.590147674
v 0.462296814 0.188916475 0.594631195
v 0.465610325 0.200056791 0.609200358
v 0.446903229 0.189406216 0.591345727
v 0.429770797 0.218890935 0.618728757
v 0.436336726 0.247349024 0.641009748
v 0.396564215 0.178156063 0.461318523
v 0.395287246 0.206072316 0.501022935
v 0.511877239 0.145685121 0.303928494
v 0.497946113 0.140974209 0.362735689
v 0.537046313 0.132915512 0.461655021
v 0.58726877 0.150125489 0.435831845
v 0.604981005 0.171665624 0.544131219
v 0.571902514 0.131337285 0.514719069
v 0.574192882 0.171594188 0.566506624
v 0.576082647 0.192924082 0.589155853
v 0.540951788 0.200595796 0.607883096
v 0.540738821 0.21195358 0.620984197
v 0.561406374 0.249171257 0.64178735
v 0.560178578 0.225253001 0.628976762
v 0.603731155 0.183212414 0.529734313
v 0.566296101 0.150661707 0.345671445
v 0.599519014 0.172472253 0.358804613
v 0.597196758 0.174000725 0.302167833
v 0.608571112 0.208373562 0.384164363
v 0.594235241 0.164435655 0.340647906
v 0.432388067 0.156029522 0.320700973
v 0.441000015 0.129866794 0.516921878
v 0.401805937 0.181414902 0.358055025
v 0.422368258 0.134880394 0.491091341
v 0.425837815 0.133645207 0.520458579
v 0.456337184 0.159206733 0.559645474
v 0.464728504 0.212860212 0.624156594
v 0.530790925 0.148637056 0.301686019
v 0.465469688 0.13871567 0.532481074
v 0.455306977 0.140072495 0.39565447
v 0.599238992 0.151623115 0.520884097
v 0.499221057 0.13729921 0.410289466
v 0.499482393 0.136619017 0.524190843
v 0.558654964 0.128276765 0.508319974
v 0.566265345 0.148986846 0.544310987
v 0.573064625 0.221813232 0.620849252
v 0.552338779 0.216389477 0.621513247
v 0.599036276 0.155186012 0.492432833
v 0.607221961 0.183028266 0.501874804
v 0.416425496 0.159982145 0.334201634
v 0.453959733 0.142233774 0.379524708
v 0.393808931 0.19401589 0.425504029
v 0.432270288 0.162767738 0.558897018
v 0.39321956 0.171794161 0.501949131
v 0.451751292 0.172170341 0.573643565
v 0.419015616 0.224515259 0.622764885
v 0.399770528 0.165325418 0.464407653
v 0.398444146 0.165968686 0.478942275
v 0.464146018 0.142117426 0.368403614
v 0.466950059 0.171228871 0.573868155
v 0.510201335 0.150106117 0.546938956
v 0.504082203 0.132281318 0.484310687
v 0.553595841 0.146489069 0.544340193
v 0.560066223 0.166355729 0.564652145
v 0.534680367 0.131348312 0.484589905
v 0.603962362 0.192559987 0.476959795
v 0.60871172 0.213398963 0.37759918
v 0.607743025 0.193809584 0.308510482
v 0.405951738 0.168020934 0.390101612
v 0.396739364 0.179016948 0.469047427
v 0.469410926 0.140854344 0.375021964
v 0.460559279 0.13639687 0.425388843
v 0.405198663 0.144347578 0.510060072
v 0.415931582 0.136317283 0.503464162
v 0.396886945 0.154034838 0.526800156
v 0.449526072 0.158882007 0.558577538
v 0.421446621 0.148740143 0.539307415
v 0.450510383 0.204946652 0.609597504
v 0.39304176 0.176013619 0.509550631
v 0.440409929 0.138990924 0.419281632
v 0.525815606 0.138608068 0.392992109
v 0.42550233 0.141637117 0.420591384
v 0.526433825 0.141866878 0.357384861
v 0.510420561 0.13397631 0.454720527
v 0.452784777 0.134595826 0.445799232
v 0.579547703 0.185034022 0.579479516
v 0.583034992 0.153414801 0.541724801
v 0.547271132 0.132971853 0.45886308
v 0.600729465 0.189464584 0.376641929
v 0.396022111 0.180922315 0.326738596
v 0.442330629 0.148065999 0.350184232
v 0.411991209 0.154541984 0.382311314
v 0.395279557 0.208661199 0.428859681
v 0.490335345 0.134665668 0.445117682
v 0.496190578 0.132405087 0.505882204
v 0.481206834 0.131909341 0.485899657
v 0.498874158 0.132518485 0.478859782
v 0.458117217 0.131172121 0.480244309
v 0.595786393 0.160919368 0.458436847
v 0.586590886 0.142812848 0.485005856
v 0.598349988 0.168797731 0.442132562
v 0.598086059 0.182761982 0.380266339
v 0.453951925 0.149450183 0.324307263
v 0.522429943 0.134248331 0.519607782
v 0.579958439 0.138593748 0.473731279
v 0.600692689 0.154137358 0.500697792
v 0.586685598 0.13883023 0.499179393
v 0.605402648 0.174681395 0.517468095
v 0.607609868 0.20249863 0.36750263
v 0.502419591 0.144237652 0.321702123
v 0.580062926 0.139941543 0.462452948
v 0.456647485 0.129951462 0.49630186
v 0.546931088 0.175640494 0.57773453
v 0.562811971 0.146211639 0.366405755
v 0.574687541 0.143478781 0.410209149
v 0.50118345 0.13936542 0.382919848
v 0.503252149 0.136070788 0.426350117
v 0.532629669 0.140387207 0.377943158
v 0.562039316 0.139306471 0.414216459
v 0.518517435 0.136339635 0.421167403
v 0.399526894 0.18473278 0.344924986
v 0.401677191 0.185515895 0.37668559
v 0.509448946 0.144349545 0.316467494
v 0.510095894 0.138874456 0.387786925
v 0.483161032 0.140365973 0.369854897
v 0.560559392 0.130840808 0.483486652
v 0.509868085 0.133425355 0.462713987
v 0.556338966 0.13094905 0.520465672
v 0.569027007 0.131472796 0.485954493
v 0.431900382 0.139261052 0.532930791
v 0.440667957 0.12915273 0.500197232
v 0.425134659 0.142982721 0.411470652
v 0.479206979 0.156421527 0.555508971
v 0.450858325 0.140531927 0.537605882
v 0.513938487 0.13542977 0.433856547
v 0.574494004 0.136839032 0.526892722
v 0.578960061 0.156503975 0.547966123
v 0.537290275 0.130573988 0.502276003
v 0.411870241 0.156601787 0.365139365
v 0.443548232 0.14278622 0.387228638
v 0.439096302 0.136598065 0.438262552
v 0.51312238 0.137848526 0.400986552
v 0.543770432 0.147653848 0.329234272
v 0.519376159 0.134592831 0.444356561
v 0.57451731 0.140280202 0.432136327
v 0.399604738 0.173854768 0.347644389
v 0.433902234 0.147620991 0.367204368
v 0.444643199 0.128527448 0.506188095
v 0.548224628 0.1430922 0.368656427
v 0.568178952 0.137418702 0.437951922
v 0.550887585 0.146865442 0.342265964
v 0.519013822 0.142820045 0.339009047
v 0.5223822 0.133453026 0.459233016
v 0.566909194 0.134731114 0.45746848
v 0.554785073 0.134251893 0.448981851
v 0.393310338 0.206508353 0.338065952
v 0.390393913 0.207701534 0.351536006
v 0.398300797 0.180692226 0.409493774
v 0.392188728 0.207053587 0.389393985
v 0.393755168 0.212247461 0.403936416
v 0.432508975 0.200928017 0.600027323
v 0.522371829 0.158587903 0.558663964
v 0.513007939 0.169571608 0.573040128
v 0.526985228 0.186134592 0.59406364
v 0.52814424 0.192088604 0.601731002
v 0.573524952 0.152495891 0.355772287
v 0.604816377 0.202495694 0.323288053
v 0.605363727 0.204273954 0.343864977
v 0.480347812 0.132450819 0.510553598
v 0.395950824 0.187142298 0.454194248
v 0.451513112 0.133988068 0.527142584
v 0.442944646 0.232657224 0.634532154
v 0.45964852 0.1319886 0.518095791
v 0.604547203 0.157920882 0.532818258
v 0.565126717 0.131453902 0.520135939
v 0.55950439 0.220187426 0.623523474
v 0.602506816 0.175510645 0.44779098
v 0.60578239 0.189347729 0.496762097
v 0.59332478 0.166288584 0.324521333
v 0.398211479 0.174634218 0.436405569
v 0.434039265 0.168598488 0.565634012
v 0.39440009 0.198370233 0.503875554
v 0.55758059 0.196798921 0.598438025
v 0.561227918 0.207472757 0.609054029
v 0.605048299 0.183949307 0.327418327
v 0.39837575 0.186067969 0.389199793
v 0.394952863 0.168636352 0.494491607
v 0.533803701 0.136673585 0.41767019
v 0.451920807 0.153058827 0.300467759
v 0.518925607 0.149267793 0.546209335
v 0.538685858 0.133940056 0.448983967
v 0.60427773 0.20116882 0.45298034
v 0.579827607 0.157959655 0.341036081
v 0.462408394 0.144366637 0.351035833
v 0.604252398 0.187555283 0.457664102
v 0.550502241 0.129697934 0.494894624
v 0.604396641 0.1615749 0.515292048
v 0.531740308 0.17708759 0.581801832
v 0.500303447 0.135193571 0.438500315
v 0.551932573 0.136854723 0.423824519
v 0.393255889 0.192949787 0.403961539
v 0.460930526 0.197358683 0.604333162
v 0.542705119 0.131780505 0.4736256
v 0.576678514 0.139965504 0.441169113
v 0.437671006 0.131146431 0.483138025
v 0.402979225 0.166741446 0.361045897
v 0.414886028 0.138987988 0.521267653
v 0.393718928 0.196567416 0.371195734
v 0.487373024 0.133664235 0.458701849
v 0.454480767 0.145821542 0.350906193
v 0.53502965 0.1317956 0.477356404
v 0.604239583 0.188785627 0.481829375
v 0.451420307 0.139796734 0.401616991
v 0.464242995 0.146628499 0.329375178
v 0.488995254 0.136230156 0.424040079
v 0.435586929 0.129133746 0.507073641
v 0.540372968 0.137368396 0.412800759
v 0.51827085 0.138700649 0.389887244
v 0.541888416 0.139563784 0.535356879
v 0.46590662 0.142675638 0.53878355
v 0.468653172 0.135936648 0.526114523
v 0.390904784 0.214195505 0.316028297
v 0.395078093 0.21047686 0.507626176
v 0.555361748 0.13528192 0.440081775
v 0.585105002 0.145023674 0.529717684
v 0.608655691 0.216432869 0.305793017
v 0.446544528 0.151281983 0.321889341
v 0.396730274 0.209013313 0.465328962
v 0.396059453 0.197092593 0.47407949
v 0.578370512 0.199133024 0.59521544
v 0.584233165 0.237268463 0.634736359
v 0.41246587 0.147738785 0.469994873
v 0.394822925 0.189350829 0.43893525
v 0.398683637 0.170719743 0.449432701
v 0.422987103 0.13898401 0.446180165
v 0.473266035 0.134413198 0.445555747
v 0.603322327 0.208074212 0.478826284
v 0.606641531 0.191134572 0.505418718
v 0.582009137 0.155730605 0.356611937
v 0.56705606 0.156515539 0.31539607
v 0.416310132 0.144673273 0.457664371
v 0.410936862 0.155787423 0.439374089
v 0.406129837 0.159916878 0.453792483
v 0.422940701 0.132734299 0.512607694
v 0.494162142 0.153996766 0.552015662
v 0.515356183 0.132940367 0.469103247
v 0.54674381 0.15981473 0.559991777
v 0.574509621 0.157087386 0.333162218
v 0.397342592 0.177352577 0.313806802
v 0.477625638 0.143045321 0.341186523
v 0.471122235 0.137226015 0.412293702
v 0.468215078 0.135739729 0.429735363
v 0.593222916 0.163303599 0.397562951
v 0.569126844 0.166036189 0.562057137
v 0.590720296 0.157267734 0.445403099
v 0.527008176 0.143689618 0.338380963
v 0.606447816 0.184370801 0.509886205
v 0.555407941 0.151158646 0.320773125
v 0.584745228 0.148438796 0.409169674
v 0.583307981 0.15124169 0.382961571
v 0.410672188 0.154944837 0.410831034
v 0.494453251 0.143921629 0.325565428
v 0.396877706 0.164169356 0.528017759
v 0.437464356 0.220337421 0.622362077
v 0.577980399 0.240889102 0.637225866
v 0.552776635 0.22738336 0.631552219
v 0.602074802 0.1701819 0.530005693
v 0.601458013 0.194148719 0.354834884
v 0.430649012 0.154366851 0.333853543
v 0.572071612 0.130634353 0.500408828
v 0.576425731 0.164201468 0.557614625
v 0.567395508 0.229472026 0.631189585
v 0.391519815 0.203352153 0.358404577
v 0.403629512 0.159685701 0.465805531
v 0.605843902 0.192219749 0.420164168
v 0.574634194 0.187508255 0.583685517
v 0.421478868 0.155872494 0.345016956
v 0.411174595 0.162017107 0.547689021
v 0.395706296 0.19371061 0.524228275
v 0.439360678 0.140104339 0.412163168
v 0.512370765 0.140802473 0.362685144
v 0.491505563 0.143151224 0.334629089
v 0.498628378 0.142041266 0.349180251
v 0.484141678 0.131814942 0.492578834
v 0.609337449 0.216564819 0.318731219
v 0.588372648 0.150624901 0.458310843
v 0.606704175 0.172409371 0.509109497
v 0.55454272 0.140246034 0.397378564
v 0.519932926 0.135743037 0.428822607
v 0.516455472 0.142120823 0.346374691
v 0.590090454 0.165704027 0.55120182
v 0.543695509 0.129963025 0.507189214
v 0.43936336 0.144910485 0.376607329
v 0.456500441 0.130247831 0.511421204
v 0.508210123 0.138550207 0.528443277
v 0.523032308 0.136803001 0.414807737
v 0.603922069 0.199288353 0.465252101
v 0.481577933 0.135333568 0.435043424
v 0.406158119 0.170331627 0.306581229
v 0.391429305 0.209448636 0.374733359
v 0.403352708 0.17484501 0.406755954
v 0.395736665 0.20504041 0.441502422
v 0.400019556 0.17012383 0.539857984
v 0.475306302 0.187524483 0.59569478
v 0.427188158 0.183291093 0.57980293
v 0.455349922 0.208956987 0.615976691
v 0.424810916 0.222769931 0.621718526
v 0.582431197 0.189980254 0.583927572
v 0.580759943 0.17606838 0.569088638
v 0.534523666 0.189826041 0.597069263
v 0.582766414 0.230765134 0.6286605
v 0.551492751 0.241383955 0.63959825
v 0.591139972 0.168904901 0.306094468
v 0.604729056 0.204287589 0.335933059
v 0.420277476 0.164833769 0.302157283
v 0.424395472 0.199661583 0.596756041
v 0.429823041 0.252143294 0.64191097
v 0.443360031 0.247436196 0.641625822
v 0.455808491 0.137371927 0.418585718
v 0.461272508 0.151699305 0.550857961
v 0.579085827 0.215693459 0.612695932
v 0.60532093 0.206389531 0.503967404
v 0.40255639 0.156790242 0.478187293
v 0.475507498 0.169553965 0.572162271
v 0.504004657 0.132340133 0.505373836
v 0.545281708 0.147325099 0.546081841
v 0.543004811 0.178816214 0.582165897
v 0.566747129 0.170924962 0.56795609
v 0.604046404 0.210852891 0.444125265
v 0.605685234 0.184790865 0.319474787
v 0.468992651 0.142859131 0.355275244
v 0.451291382 0.228945106 0.632731557
v 0.396024346 0.17838636 0.483185202
v 0.396671653 0.177186906 0.527269006
v 0.415062994 0.148504302 0.436429769
v 0.595396876 0.164352655 0.360919267
v 0.450100124 0.147855863 0.341349691
v 0.393709689 0.199273527 0.419571221
v 0.588690758 0.154935196 0.378092796
v 0.443342865 0.132357046 0.468670785
v 0.491537035 0.133153349 0.466990411
v 0.535267293 0.169675052 0.572441518
v 0.578671515 0.133710638 0.504085064
v 0.601912141 0.176100656 0.329367727
v 0.514662266 0.133504108 0.51513356
v 0.560599506 0.147983238 0.351134896
v 0.55553031 0.143655255 0.371399581
v 0.541278005 0.141549081 0.374849677
v 0.417023212 0.164380014 0.31065172
v 0.39613533 0.18276082 0.417773187
v 0.432385027 0.214033499 0.614122093
v 0.582041383 0.144034624 0.434509188
v 0.570860565 0.196543291 0.594433725
v 0.539348841 0.223878458 0.631696403
v 0.452184945 0.130554646 0.484456658
v 0.600162685 0.153230667 0.507381618
v 0.585103035 0.136777475 0.510846794
v 0.399155945 0.1753411 0.428440124
v 0.428181469 0.167825043 0.563398898
v 0.47898978 0.174333617 0.578576386
v 0.604194343 0.195657149 0.484167546
v 0.606328011 0.206359953 0.316490769
v 0.408464134 0.142637938 0.519686401
v 0.530556023 0.139402747 0.38661617
v 0.488819122 0.144512311 0.315444916
v 0.554105222 0.130148202 0.488607109
v 0.404325664 0.164425448 0.353304356
v 0.419444233 0.150171906 0.380738556
v 0.4534311 0.151161104 0.311850458
v 0.596719444 0.146809697 0.504311919
v 0.541200101 0.144061193 0.353804737
v 0.397757858 0.194279954 0.337039441
v 0.403793156 0.175980106 0.399459749
v 0.454138964 0.154344544 0.554087639
v 0.530243397 0.145538345 0.326402932
v 0.558522344 0.13364701 0.456616759
v 0.441608608 0.146214813 0.364161342
v 0.475800276 0.135231838 0.522604465
v 0.391450405 0.167171419 0.539130151
v 0.402516097 0.18362473 0.370764375
v 0.606612861 0.192143306 0.316606909
v 0.530719042 0.146105573 0.543023586
v 0.536045849 0.134600356 0.441364467
v 0.404068321 0.170581624 0.314105392
v 0.474001288 0.138707578 0.530588508
v 0.605521202 0.196915582 0.434747249
v 0.435620219 0.188669965 0.587601602
v 0.395273656 0.16370289 0.502101779
v 0.539109647 0.144785792 0.345467329
v 0.416670024 0.147557646 0.409397304
v 0.487871438 0.132308155 0.506969571
v 0.390470922 0.21706152 0.300423205
v 0.391084254 0.202237874 0.304101139
v 0.392219841 0.202144891 0.395559758
v 0.492478222 0.146032169 0.301241368
v 0.40680939 0.164269507 0.540079951
v 0.491919786 0.163641676 0.564860284
v 0.437747121 0.204956502 0.605755091
v 0.426664948 0.233172834 0.632825911
v 0.586009502 0.148296148 0.428753793
v 0.522742987 0.163195789 0.564593077
v 0.515930831 0.17425938 0.579307139
v 0.539546549 0.217556447 0.626421094
v 0.555197835 0.253436297 0.644043207
v 0.570070088 0.251808643 0.642003417
v 0.604902565 0.177530184 0.533330023
v 0.564077973 0.157557815 0.302391917
v 0.59714967 0.175536707 0.371165574
v 0.395812511 0.199917004 0.448450655
v 0.606912851 0.200909644 0.41145879
v 0.470698744 0.157457501 0.557136059
v 0.500415564 0.138373032 0.395963371
v 0.515295923 0.13603498 0.523483038
v 0.604231477 0.18387948 0.450266749
v 0.59510237 0.152276024 0.48428005
v 0.594614148 0.16478911 0.382996708
v 0.435713381 0.144636974 0.383888245
v 0.398854047 0.153921336 0.505385995
v 0.444353759 0.175838694 0.57590276
v 0.43972978 0.241163984 0.638729393
v 0.601303697 0.177741289 0.423774719
v 0.434727609 0.135336742 0.452377439
v 0.416911513 0.145366117 0.444588631
v 0.541734517 0.155530632 0.555527091
v 0.528052092 0.154217362 0.553299069
v 0.566935956 0.223616168 0.624999702
v 0.558193684 0.202290207 0.604275763
v 0.595858693 0.172143236 0.419098884
v 0.586426079 0.16367285 0.320030749
v 0.428066254 0.152861968 0.34779945
v 0.39571318 0.190046981 0.478049159
v 0.418025106 0.144676924 0.423916191
v 0.408903241 0.141781271 0.501857519
v 0.426461935 0.143822953 0.536289871
v 0.397430271 0.161247954 0.5208233
v 0.393733025 0.191205665 0.507010221
v 0.443553239 0.137030452 0.430907577
v 0.422829241 0.137100875 0.468745202
v 0.454878658 0.135271534 0.43864131
v 0.551802695 0.152673617 0.303826869
v 0.423108786 0.145605788 0.398479819
v 0.419129014 0.144936889 0.416792959
v 0.40650925 0.166598007 0.425556004
v 0.417122096 0.140375465 0.481515318
v 0.595392585 0.163006395 0.449634522
v 0.599682689 0.165554047 0.46384275
v 0.604537249 0.19323428 0.451799572
v 0.467091501 0.139231622 0.393365175
v 0.53448987 0.143528327 0.349820673
v 0.604782045 0.186083689 0.523310244
v 0.551788509 0.151446655 0.312298566
v 0.590418339 0.155273944 0.39492783
v 0.585695863 0.150018141 0.401423603
v 0.558546245 0.148717105 0.342403203
v 0.550532758 0.140619561 0.390372276
v 0.456643254 0.193376705 0.598510981
v 0.424668342 0.214708 0.612977564
v 0.490544856 0.141238034 0.357894748
v 0.610453427 0.167180181 0.538267314
v 0.570545554 0.154849187 0.549460471
v 0.604534566 0.213359505 0.502237916
v 0.545737028 0.145535856 0.347285181
v 0.603782713 0.196640074 0.366792351
v 0.399317741 0.192341849 0.350108206
v 0.411243618 0.139005423 0.509502649
v 0.429977477 0.130779311 0.513886034
v 0.542472601 0.14953436 0.313584
v 0.534748495 0.130842581 0.496185243
v 0.391921669 0.201562747 0.374299973
v 0.395242631 0.203224584 0.434775025
v 0.395529032 0.182464465 0.432157099
v 0.461485565 0.178821564 0.582571626
v 0.461674154 0.141552523 0.376407832
v 0.605921507 0.204209268 0.424072176
v 0.550594032 0.18786487 0.590379059
v 0.530312598 0.131137341 0.501669943
v 0.608183086 0.205000058 0.376211822
v 0.609143794 0.214356571 0.369073212
v 0.447231531 0.141307652 0.394110769
v 0.406677186 0.160379365 0.380765885
v 0.464726627 0.136998951 0.417628467
v 0.423767954 0.14003408 0.530310452
v 0.457307905 0.21389319 0.622258902
v 0.517123222 0.139258996 0.382271856
v 0.52560389 0.141097203 0.364085466
v 0.48933661 0.137907952 0.402024955
v 0.498040468 0.135622352 0.432766229
v 0.457051337 0.133765221 0.452435166
v 0.446782351 0.135388434 0.441461504
v 0.467095047 0.146969303 0.321547061
v 0.469332159 0.135062099 0.437595189
v 0.492142379 0.13208881 0.501001298
v 0.597730517 0.168059394 0.547020614
v 0.593390465 0.152953625 0.474858373
v 0.588015914 0.147393644 0.472564936
v 0.57611078 0.134490773 0.487459779
v 0.607060552 0.208989859 0.338029921
v 0.527345538 0.131851882 0.48134324
v 0.530526996 0.133988768 0.52101779
v 0.591346562 0.15824838 0.412255704
v 0.577572465 0.143259138 0.41852358
v 0.504965663 0.137762859 0.403535247
v 0.545467496 0.138829753 0.401655108
v 0.483057559 0.141004875 0.361510873
v 0.43127504 0.131325617 0.489351153
v 0.485305101 0.152918279 0.5506953
v 0.45266372 0.141359597 0.387943178
v 0.538905561 0.148027375 0.320236832
v 0.516675472 0.133302242 0.463161349
v 0.518858671 0.134059682 0.451777667
v 0.433827192 0.156866163 0.552932739
v 0.563250542 0.134933904 0.450242132
v 0.396622449 0.186063915 0.398051083
v 0.391213149 0.162342116 0.532175839
v 0.523623526 0.176419213 0.581787825
v 0.433271587 0.229539096 0.631140172
v 0.453058571 0.130521551 0.516937196
v 0.602161169 0.163764924 0.539511323
v 0.556023479 0.211356923 0.614856541
v 0.436879367 0.173710972 0.571785688
v 0.55873549 0.18899332 0.589598119
v 0.605170786 0.190392271 0.403072655
v 0.520149946 0.137498379 0.4057585
v 0.45958972 0.138847679 0.40272674
v 0.530196667 0.146358952 0.318590581
v 0.412094861 0.146511838 0.529726088
v 0.535394251 0.1323829 0.469077647
v 0.454258442 0.147725031 0.336712837
v 0.546751976 0.137165084 0.417785257
v 0.553850591 0.136658788 0.531558812
v 0.469695598 0.150266171 0.548277915
v 0.396548063 0.205812082 0.472997993
v 0.605700552 0.203741148 0.511428416
v 0.572488427 0.157523856 0.325224966
v 0.50634557 0.132583976 0.477230012
v 0.572164714 0.15448904 0.341358274
v 0.59107697 0.156380251 0.453475654
v 0.549419522 0.134525523 0.443848699
v 0.553864241 0.221882939 0.626740456
v 0.60646981 0.164556324 0.530047834
v 0.452098757 0.219779611 0.626168668
v 0.505533636 0.140505165 0.366960466
v 0.557061553 0.139484674 0.406067401
v 0.521263421 0.141799554 0.35234192
v 0.526370585 0.136196852 0.422571331
v 0.424148232 0.161892071 0.308281362
v 0.426391333 0.240465164 0.637214482
v 0.447142482 0.240927681 0.639144242
v 0.596757472 0.167995453 0.332140058
v 0.43907398 0.19255285 0.592678726
v 0.390922278 0.215622813 0.307731718
v 0.391582757 0.210566863 0.302201986
v 0.390570343 0.212258086 0.359978676
v 0.401361167 0.175775692 0.303478569
v 0.392147243 0.211864784 0.382727623
v 0.483653247 0.146341607 0.300237626
v 0.469199836 0.187993377 0.594933212
v 0.421394467 0.195358053 0.591323018
v 0.458030164 0.202791303 0.609837115
v 0.396206588 0.211046666 0.494322389
v 0.555831611 0.136374548 0.431073546
v 0.589061141 0.154511049 0.429017365
v 0.600658357 0.173968047 0.550714672
v 0.588080347 0.152431503 0.536511719
v 0.508045733 0.162831143 0.563979805
v 0.585588574 0.245500192 0.639438808
v 0.551548481 0.234329402 0.635706306
v 0.603826642 0.203481615 0.485262215
v 0.605240643 0.212513641 0.422675133
v 0.607801735 0.211333305 0.391800493
v 0.606551886 0.199618727 0.314787149
v 0.608524561 0.197165623 0.301747382
v 0.609809339 0.216176271 0.326517999
v 0.609577596 0.218334571 0.298391938
v 0.394586623 0.20669736 0.421500146
v 0.389452726 0.179252386 0.530901849
v 0.467639357 0.20698306 0.619615853
v 0.456074595 0.246747255 0.644985497
v 0.60385406 0.184532359 0.476192474
v 0.595871627 0.156546891 0.535454392
v 0.578054011 0.148274764 0.389029831
v 0.429346651 0.150062576 0.361039191
v 0.404511869 0.156777978 0.471674323
v 0.395113528 0.199188843 0.495690882
v 0.472432882 0.132367983 0.471950144
v 0.410156608 0.158992663 0.417286903
v 0.471565813 0.141257927 0.368781805
v 0.604421973 0.185368925 0.419862032
v 0.518644392 0.142697021 0.5366503
v 0.485853672 0.134280577 0.449712962
v 0.526008248 0.149826959 0.547424912
v 0.544133842 0.132445455 0.465464473
v 0.606021523 0.185471699 0.31028077
v 0.602734864 0.178067297 0.314593285
v 0.399985075 0.15967384 0.485524267
v 0.453552663 0.199573115 0.604589581
v 0.393897295 0.189479709 0.515836716
v 0.511101663 0.142470017 0.340328366
v 0.601958513 0.183102757 0.40835765
v 0.592746913 0.162702084 0.405554146
v 0.495749027 0.159019753 0.558745861
v 0.551475167 0.167313457 0.567661643
v 0.60262078 0.163610563 0.491505206
v 0.415764987 0.151048332 0.388245493
v 0.49038741 0.14065358 0.365540504
v 0.492603332 0.139399797 0.382500947
v 0.408322394 0.161882564 0.433153033
v 0.49322167 0.134193793 0.452036619
v 0.433434725 0.152055487 0.340685248
v 0.582083106 0.152467608 0.373582661
v 0.491857976 0.136910096 0.525023818
v 0.460981876 0.133044705 0.459716499
v 0.603922665 0.188101053 0.4702591
v 0.538425148 0.150445834 0.300959975
v 0.438664079 0.152877733 0.324599922
v 0.471812993 0.139957651 0.3821491
v 0.593071342 0.160923198 0.389074981
v 0.464103371 0.131892383 0.474103451
v 0.536488891 0.19443424 0.602137089
v 0.599694014 0.159320593 0.484518945
v 0.580423117 0.136649802 0.491336137
v 0.603814542 0.168716297 0.522981048
v 0.605567217 0.196947783 0.374350935
v 0.51571399 0.145078331 0.310115188
v 0.440892816 0.129968867 0.491886616
v 0.566545367 0.143510938 0.392489582
v 0.56494236 0.144172817 0.384537309
v 0.558570385 0.142704144 0.383063436
v 0.508831263 0.139388278 0.381218821
v 0.497566551 0.134737387 0.444808811
v 0.427236825 0.161902159 0.301060647
v 0.411118627 0.165668234 0.316914707
v 0.393308878 0.188052103 0.302392542
v 0.395549089 0.192744106 0.447639465
v 0.467262328 0.175816685 0.579452038
v 0.593412817 0.162944555 0.441234797
v 0.563337147 0.194281191 0.594073355
v 0.420276016 0.15992859 0.326506674
v 0.447658092 0.12905024 0.498422652
v 0.407503724 0.160721749 0.361437947
v 0.40928188 0.156208202 0.390610963
v 0.51171571 0.135986447 0.426592827
v 0.584275484 0.137747645 0.519087315
v 0.554055452 0.206320986 0.609840393
v 0.394538075 0.201392293 0.427295387
v 0.442382663 0.215230986 0.618396938
v 0.4004893 0.162133157 0.471651763
v 0.484080225 0.133053109 0.466564626
v 0.542716444 0.189433753 0.594390512
v 0.561528027 0.16126506 0.558791935
v 0.550529122 0.193253219 0.596317887
v 0.604857028 0.188908502 0.488596618
v 0.606598675 0.188478291 0.301883996
v 0.606808603 0.210818127 0.321468741
v 0.395681322 0.188333765 0.326567233
v 0.394426614 0.184888855 0.31077525
v 0.47838226 0.139924347 0.377580583
v 0.395851791 0.183869094 0.522996366
v 0.425324053 0.140593261 0.429272473
v 0.523751736 0.14272739 0.344846964
v 0.485735059 0.14245306 0.341911733
v 0.440054715 0.135434657 0.44639805
v 0.599867761 0.151360914 0.529318392
v 0.417541146 0.153240845 0.368374884
v 0.501615882 0.132051483 0.492456853
v 0.466477931 0.130769476 0.502779007
v 0.5164271 0.131887823 0.48924759
v 0.590611815 0.152327925 0.466320783
v 0.605640471 0.168207645 0.497074664
v 0.583722174 0.144206807 0.45639804
v 0.571518302 0.149975806 0.364684522
v 0.572382092 0.140590057 0.423785716
v 0.483676165 0.138914257 0.38880077
v 0.496606618 0.136390597 0.42252627
v 0.510836303 0.143727913 0.324113816
v 0.504684389 0.13992019 0.37479201
v 0.459741414 0.141447902 0.538325548
v 0.548326015 0.130247131 0.516150475
v 0.447104812 0.14390327 0.374709964
v 0.580904305 0.147989213 0.536669135
v 0.481055021 0.131919637 0.50395292
v 0.40390256 0.178202733 0.374735624
v 0.406495482 0.172787368 0.394600749
v 0.435027331 0.14319621 0.538339257
v 0.396347672 0.202797443 0.33323133
v 0.393984318 0.204255462 0.345203549
v 0.39208591 0.199309945 0.388744205
v 0.521833599 0.153486848 0.552002311
v 0.542937338 0.164429992 0.565618157
v 0.572768748 0.202646405 0.600482106
v 0.516458929 0.144255131 0.318601519
v 0.599918842 0.162422419 0.526647329
v 0.567634881 0.190265536 0.58855176
v 0.605196953 0.190494657 0.324578315
v 0.393345773 0.176464379 0.495105326
v 0.471798331 0.143261835 0.347853243
v 0.473375022 0.13852407 0.396461576
v 0.541997254 0.131127268 0.482390106
v 0.506531477 0.135472745 0.4342601
v 0.405179769 0.168116212 0.322162569
v 0.46485126 0.192660406 0.599716067
v 0.554225385 0.130741045 0.48208487
v 0.578129232 0.139356002 0.454616666
v 0.434205979 0.129902482 0.49774316
v 0.404179126 0.148309708 0.525884569
v 0.392209589 0.200285107 0.365649879
v 0.449040622 0.145408496 0.361091197
v 0.603986919 0.181042075 0.483661115
v 0.432546079 0.140614688 0.416620582
v 0.397346824 0.186146945 0.333928585
v 0.548132241 0.14257589 0.540611565
v 0.394860029 0.191957384 0.490237921
v 0.394585043 0.205646604 0.517351687
v 0.593426406 0.146145597 0.525259912
v 0.609541535 0.212083906 0.299819231
v 0.395975828 0.180968389 0.441043228
v 0.452531815 0.178089708 0.580378175
v 0.418822378 0.142682314 0.45193404
v 0.603577971 0.20405595 0.471982479
v 0.603057981 0.211256102 0.472236961
v 0.407057494 0.156658515 0.461168915
v 0.543876588 0.146475777 0.338235199
v 0.495345086 0.14461939 0.317658395
v 0.395093203 0.168399021 0.517698407
v 0.604299307 0.177547038 0.5251863
v 0.604391575 0.198976204 0.360750437
v 0.581893623 0.171477914 0.563388288
v 0.574505568 0.227671206 0.626713753
v 0.437533379 0.1412891 0.40533331
v 0.607474446 0.212659404 0.313466072
v 0.58580339 0.146052331 0.464369148
v 0.561906517 0.141358078 0.398820519
v 0.452298611 0.129126698 0.504805505
v 0.395826668 0.2107618 0.435454637
v 0.559195876 0.243188947 0.639665663
v 0.602769017 0.178028852 0.322385132
v 0.499192327 0.132965386 0.470949918
v 0.553179681 0.146331117 0.348960608
v 0.412615031 0.151842445 0.40332064
v 0.486221343 0.174760327 0.579747915
v 0.603780806 0.200582579 0.478499085
v 0.405640095 0.177096784 0.557665706
v 0.592213154 0.142013699 0.510982931
v 0.396843016 0.200881988 0.341126442
v 0.480813682 0.137577906 0.527532339
v 0.399199247 0.190705359 0.372652858
v 0.527743042 0.134833112 0.439716786
v 0.535390258 0.145003766 0.338750541
v 0.486653984 0.145232871 0.307990104
v 0.395986229 0.196524039 0.456060231
v 0.59065938 0.145748824 0.488710344
v 0.596040308 0.169411734 0.377177626
v 0.429450065 0.145514503 0.389050215
v 0.535320818 0.15473178 0.55434823
v 0.447816551 0.137563393 0.423184127
v 0.529617965 0.133095443 0.461708337
v 0.533279121 0.142744198 0.355871856
v 0.459865361 0.173711494 0.576478899
v 0.464217663 0.184084997 0.589202642
v 0.544328511 0.183540568 0.58721447
v 0.522128522 0.131623819 0.501601934
v 0.464863598 0.137905851 0.408338457
v 0.596138179 0.158786774 0.467683136
v 0.610034287 0.214882866 0.335935235
v 0.58394748 0.145322993 0.44202739
v 0.585816205 0.140223622 0.491873175
v 0.56555295 0.129476488 0.504403532
v 0.565888643 0.129955649 0.51166153
v 0.402896672 0.253924966 0.487426788
v 0.512259245 0.137417376 0.407079101
v 0.578246891 0.133879423 0.514089286
v 0.416386247 0.284961462 0.416027606
v 0.434380352 0.156665549 0.312544763
v 0.493572116 0.30942902 0.311940253
v 0.427534342 0.156812295 0.327211797
v 0.443516612 0.314531773 0.551206827
v 0.54103142 0.310124516 0.358740926
v 0.436046004 0.308313698 0.630404651
v 0.47153306 0.309289336 0.328986049
v 0.514176011 0.317148745 0.546836376
v 0.554903865 0.129484549 0.513921857
v 0.559661329 0.128967747 0.501476586
v 0.429928362 0.144315273 0.396244705
v 0.482050538 0.135863334 0.428234816
v 0.558431983 0.303917557 0.638133049
v 0.401010275 0.245790124 0.484171867
v 0.605187297 0.2033481 0.519036591
v 0.488757849 0.135559127 0.432853639
v 0.609419167 0.214200228 0.359942555
v 0.446802646 0.313372612 0.626032352
v 0.393761039 0.209133223 0.408625662
v 0.475571722 0.135559425 0.432059646
v 0.589803934 0.157673776 0.361277401
v 0.570801735 0.131095067 0.493018389
v 0.425498575 0.295764804 0.412473619
v 0.501588881 0.136742756 0.417318016
v 0.43668139 0.295778722 0.302125305
v 0.560201108 0.129948884 0.515127778
v 0.603921771 0.196367949 0.471389294
v 0.537999094 0.318772197 0.574627221
v 0.550398946 0.311816603 0.629723787
v 0.404358566 0.255943447 0.425689846
v 0.51361692 0.31191352 0.379253924
v 0.52903831 0.317230135 0.54910773
v 0.45702973 0.318959206 0.6030581
v 0.583233893 0.285104364 0.355172217
v 0.600633919 0.232528389 0.452412367
v 0.604842782 0.167663947 0.516159236
v 0.441105902 0.31520617 0.557661355
v 0.588932276 0.171312258 0.559047043
v 0.421483696 0.157132849 0.338417292
v 0.605795681 0.190463126 0.515117109
v 0.424390495 0.134643391 0.482973754
v 0.417064875 0.170290917 0.561648786
v 0.441515476 0.31760788 0.580307603
v 0.476919353 0.134947762 0.439357638
v 0.603488505 0.195982933 0.329462856
v 0.417584717 0.162446424 0.552919149
v 0.521827102 0.317237914 0.547576606
v 0.402003467 0.246369243 0.464506686
v 0.601507485 0.228914604 0.445465088
v 0.566912532 0.133169413 0.469941497
v 0.41989556 0.155084133 0.352769017
v 0.604318678 0.225236624 0.510719836
v 0.603813529 0.188925385 0.53025341
v 0.565492213 0.151296958 0.339806348
v 0.487952977 0.315901309 0.612596691
v 0.584982812 0.28184703 0.333174258
v 0.484737128 0.134914443 0.4410671
v 0.399867535 0.189346045 0.357697248
v 0.485509425 0.31360957 0.440116465
v 0.397910178 0.15702568 0.51307416
v 0.521025658 0.313414544 0.422972709
v 0.51603955 0.136982575 0.412950248
v 0.400702894 0.256209075 0.329528987
v 0.603120148 0.21229887 0.485837966
v 0.451423347 0.224724323 0.629557908
v 0.541235983 0.316874802 0.54794836
v 0.411026061 0.144977152 0.485710919
v 0.573961198 0.136503786 0.457905978
v 0.597739458 0.172068447 0.427956372
v 0.568988144 0.136630401 0.445282787
v 0.540306151 0.138121143 0.405629843
v 0.496879846 0.310736895 0.350493759
v 0.409198135 0.272897512 0.375757366
v 0.481895179 0.310296506 0.346393645
v 0.472418606 0.317878693 0.565423429
v 0.427004457 0.134210244 0.474745035
v 0.431081742 0.132526889 0.481052101
v 0.506230354 0.1410743 0.359356701
v 0.561473966 0.185659856 0.585264862
v 0.451724559 0.312182367 0.472545236
v 0.507579684 0.136466697 0.42049104
v 0.584363937 0.141961336 0.478020072
v 0.551337123 0.129146487 0.509302557
v 0.548054397 0.313819826 0.490145296
v 0.572348475 0.131023541 0.508075774
v 0.399381399 0.24250865 0.496332943
v 0.392292857 0.194603801 0.30119735
v 0.489605278 0.310825109 0.355865717
v 0.407286704 0.268082678 0.38598761
v 0.588441968 0.27542305 0.48401475
v 0.396200389 0.18036437 0.456588209
v 0.595622182 0.172922403 0.384771913
v 0.400602281 0.250249505 0.49521932
v 0.545182347 0.318481773 0.571804464
v 0.458357215 0.312946528 0.45942235
v 0.482995242 0.310588926 0.353323877
v 0.432042956 0.303910226 0.472921699
v 0.601920366 0.169199094 0.477144271
v 0.454409391 0.132575288 0.522019506
v 0.429309338 0.143344909 0.403595656
v 0.452607781 0.311427176 0.631740391
v 0.564515531 0.298501521 0.335640907
v 0.476517737 0.147410393 0.543730438
v 0.396057844 0.1886127 0.470120877
v 0.443876207 0.309740275 0.631357968
v 0.604056478 0.200734526 0.458752483
v 0.439054906 0.151658624 0.548629463
v 0.443754822 0.309297532 0.460953444
v 0.606100202 0.196495935 0.510420918
v 0.408954054 0.270738721 0.308972389
v 0.425943136 0.152352348 0.355031133
v 0.564765036 0.175226077 0.573136032
v 0.486230016 0.314398766 0.62007004
v 0.605469346 0.16606757 0.510490775
v 0.433305562 0.154333457 0.32809341
v 0.541242242 0.317823261 0.561759174
v 0.478861004 0.314991832 0.621430755
v 0.427500159 0.155165032 0.549316168
v 0.406298876 0.172070697 0.300771743
v 0.523686528 0.310167253 0.635874152
v 0.547454178 0.255094349 0.646672368
v 0.58056277 0.210769668 0.607231617
v 0.609710574 0.216506854 0.350826859
v 0.540039122 0.135756999 0.42918691
v 0.581310511 0.139930785 0.525527656
v 0.472497731 0.131541669 0.486668676
v 0.392772943 0.200142488 0.312185854
v 0.435995817 0.303294718 0.418232888
v 0.606607914 0.174536571 0.500233591
v 0.509169638 0.312677413 0.405360907
v 0.489171356 0.30881232 0.300048232
v 0.60199821 0.240544811 0.381741911
v 0.594152689 0.167421535 0.425380647
v 0.500044942 0.145891458 0.540546894
v 0.54061228 0.315020442 0.48657459
v 0.55992955 0.176289991 0.575442672
v 0.449291617 0.31857574 0.578113198
v 0.510100424 0.314262569 0.454895616
v 0.398628891 0.174620181 0.320833385
v 0.444230437 0.194284603 0.595950305
v 0.55610311 0.309378624 0.438786268
v 0.511974216 0.31404534 0.447460562
v 0.399346322 0.176348865 0.544154942
v 0.562894702 0.272197992 0.648177445
v 0.574690104 0.149930403 0.372674108
v 0.609113514 0.228387356 0.324300379
v 0.399183005 0.231395885 0.467386425
v 0.559558392 0.30100286 0.325629711
v 0.399830163 0.240484253 0.489845484
v 0.601166844 0.260723442 0.51341933
v 0.552835643 0.313941181 0.520493209
v 0.604796529 0.195297956 0.523047626
v 0.480095536 0.133324236 0.461405158
v 0.441662401 0.299336702 0.300712824
v 0.546817541 0.313747346 0.482153624
v 0.564305127 0.308826178 0.521864533
v 0.559068382 0.134070054 0.526479065
v 0.421749264 0.137812614 0.476019889
v 0.531857193 0.314929247 0.469261229
v 0.601459563 0.155626893 0.51356703
v 0.445720524 0.13063699 0.484630764
v 0.530068755 0.309047282 0.315002412
v 0.397951901 0.222790107 0.478372663
v 0.428629518 0.300575674 0.46294561
v 0.395146489 0.223697156 0.39796102
v 0.60529691 0.203110561 0.432084113
v 0.609555066 0.210863382 0.352971554
v 0.476494014 0.133982345 0.45164904
v 0.516689599 0.317383617 0.553873539
v 0.599596381 0.238217503 0.455731571
v 0.518765271 0.166685715 0.569118977
v 0.514828503 0.314462185 0.459655941
v 0.58649987 0.279168516 0.478694856
v 0.54404211 0.314208359 0.473616004
v 0.4218885 0.21051164 0.607944548
v 0.571708977 0.152979538 0.348441243
v 0.579062641 0.29197672 0.400487572
v 0.5005669 0.139744222 0.530222595
v 0.405758768 0.169311583 0.545592844
v 0.512453675 0.308069259 0.638839722
v 0.494878143 0.135989994 0.427817583
v 0.577459216 0.162865356 0.309398711
v 0.429592907 0.135686561 0.457414806
v 0.591876388 0.265464544 0.453201801
v 0.49847582 0.141484857 0.356083721
v 0.473692238 0.183104455 0.589355648
v 0.397771448 0.172595352 0.463220119
v 0.482968181 0.16613017 0.568070531
v 0.603108764 0.239173174 0.368248463
v 0.550936699 0.132947087 0.524725556
v 0.606857002 0.235126391 0.32320565
v 0.59927845 0.184624463 0.354830056
v 0.593940616 0.175886065 0.560450733
v 0.477688909 0.31345436 0.435410678
v 0.469555825 0.31398046 0.628284812
v 0.567968965 0.3027291 0.438252568
v 0.521731317 0.181550786 0.588858604
v 0.432965994 0.311174273 0.623100638
v 0.428409219 0.298729748 0.420175731
v 0.421636879 0.2930668 0.418465227
v 0.507610977 0.132024691 0.498581618
v 0.601683497 0.224187776 0.469409853
v 0.603319347 0.241089314 0.354397684
v 0.499744803 0.309326679 0.307524413
v 0.583045125 0.286788523 0.460770428
v 0.422578037 0.144989684 0.404680192
v 0.60136807 0.190290853 0.341336757
v 0.499612868 0.317703366 0.581283689
v 0.536573708 0.133174971 0.520904899
v 0.483239144 0.316918433 0.607220769
v 0.411530823 0.143790483 0.524594188
v 0.394708067 0.211810246 0.416054875
v 0.596363842 0.176799297 0.393086046
v 0.459436357 0.310777068 0.634558022
v 0.45006153 0.144747272 0.542746544
v 0.400514692 0.18591027 0.352027804
v 0.593284905 0.261821777 0.446977019
v 0.399666429 0.266738623 0.514496803
v 0.608039916 0.20353812 0.390482903
v 0.44336769 0.143466979 0.540339768
v 0.474179804 0.316150337 0.524968445
v 0.470962465 0.131100833 0.495955557
v 0.606260955 0.178441554 0.511824191
v 0.530933142 0.314177364 0.443331629
v 0.396316826 0.184122369 0.46216622
v 0.524433136 0.140463337 0.533753932
v 0.557831705 0.310612082 0.629142225
v 0.450001627 0.131990969 0.471196175
v 0.541332543 0.308166206 0.32167235
v 0.605224371 0.191136345 0.43253848
v 0.561938643 0.306545496 0.432868361
v 0.597301483 0.264551878 0.336650252
v 0.441359878 0.31355688 0.620721281
v 0.426861972 0.154729575 0.340058953
v 0.60658896 0.227838367 0.361682117
v 0.568942308 0.301787108 0.431162894
v 0.610186696 0.218022391 0.343092769
v 0.397787869 0.24233906 0.507578433
v 0.54737258 0.139626592 0.396145642
v 0.408151716 0.163059935 0.403117657
v 0.482687026 0.143085241 0.334623009
v 0.553491414 0.132605433 0.463356048
v 0.428108096 0.173483267 0.569465101
v 0.531314731 0.316182643 0.513751149
v 0.435038358 0.271451354 0.64726162
v 0.427698404 0.131108508 0.508152127
v 0.540658534 0.316473037 0.540702522
v 0.607438087 0.20571956 0.397794366
v 0.503312051 0.312749833 0.409988165
v 0.561264277 0.150817379 0.334938556
v 0.60780859 0.215028718 0.385913253
v 0.411287248 0.275983989 0.397603422
v 0.535186708 0.213408858 0.624788105
v 0.397443295 0.174926952 0.45569241
v 0.453965634 0.15031974 0.317608356
v 0.597202599 0.25940451 0.495661646
v 0.437665015 0.308908999 0.52086401
v 0.390763074 0.212567627 0.325123161
v 0.537877798 0.315666616 0.508540571
v 0.405322462 0.168346584 0.384470642
v 0.559864342 0.132250562 0.47058934
v 0.554749608 0.144498169 0.364175379
v 0.509614646 0.1419404 0.347552627
v 0.568573177 0.147608221 0.371584475
v 0.405244827 0.149491504 0.490257591
v 0.568068922 0.153403044 0.335651815
v 0.460839182 0.315299898 0.524119496
v 0.520219386 0.138128117 0.398141146
v 0.562748671 0.302498728 0.376497418
v 0.414046019 0.280349404 0.423086703
v 0.531320393 0.134166881 0.447537303
v 0.573805392 0.162829772 0.299242049
v 0.39658308 0.211708784 0.450572431
v 0.594876289 0.272904545 0.504775941
v 0.504196465 0.142256841 0.535268009
v 0.493070453 0.135168657 0.519372165
v 0.548965335 0.305951118 0.324231058
v 0.479174614 0.144106686 0.328059316
v 0.39875561 0.243954435 0.379369587
v 0.457411498 0.314263314 0.500366926
v 0.406046301 0.266322672 0.371979356
v 0.468105227 0.133262783 0.458848804
v 0.545347571 0.152130365 0.299527436
v 0.407608151 0.271075487 0.322362691
v 0.601629794 0.24708122 0.349739462
v 0.429023266 0.187580228 0.584887743
v 0.589669108 0.140522972 0.504469037
v 0.573423266 0.144319177 0.402452588
v 0.405190915 0.267115951 0.313848466
v 0.401509672 0.186307505 0.364738822
v 0.590726435 0.158166081 0.436609715
v 0.427869081 0.131553531 0.495806187
v 0.411669165 0.278227508 0.342430294
v 0.554638922 0.27374807 0.650643885
v 0.478952318 0.31738466 0.556481957
v 0.601612091 0.264830619 0.518267274
v 0.395710289 0.195054457 0.482767254
v 0.535795152 0.311468512 0.373157173
v 0.43957594 0.153814197 0.317159444
v 0.384944618 0.173932478 0.536061883
v 0.569602072 0.305531442 0.524527788
v 0.403335243 0.171490699 0.368276119
v 0.502605319 0.152636454 0.550208867
v 0.394916415 0.193055853 0.322646528
v 0.395738572 0.21237953 0.501912355
v 0.395623595 0.230137318 0.385075092
v 0.597424388 0.272054106 0.511711597
v 0.471122384 0.313415796 0.440630317
v 0.401595056 0.151856899 0.497688204
v 0.467383653 0.315834314 0.520191133
v 0.586095452 0.281075418 0.340939939
v 0.506427109 0.309049845 0.298026472
v 0.548537791 0.163694635 0.564114153
v 0.529352248 0.312167972 0.632292151
v 0.604925394 0.234562784 0.358556539
v 0.442237943 0.147003159 0.357708544
v 0.449015468 0.318709105 0.591906607
v 0.421842873 0.133747995 0.498808503
v 0.398279846 0.196021363 0.357046574
v 0.464726359 0.131258249 0.483008176
v 0.52359432 0.131670162 0.488603771
v 0.466678828 0.311471552 0.386328012
v 0.478323072 0.315415502 0.497515857
v 0.465301573 0.131327897 0.511046529
v 0.401922047 0.248091474 0.425538361
v 0.497761905 0.309569776 0.633872092
v 0.445597887 0.148430467 0.546441436
v 0.395759761 0.223435819 0.512245774
v 0.593990088 0.270564318 0.338780046
v 0.457906902 0.313352317 0.471953869
v 0.417889297 0.148347616 0.400819898
v 0.59131664 0.274864048 0.359081656
v 0.399234951 0.239611775 0.412020147
v 0.567397594 0.18482627 0.582758546
v 0.534390867 0.135234132 0.434050024
v 0.438567191 0.313288808 0.550639868
v 0.450837463 0.149360314 0.329331696
v 0.543182373 0.140037775 0.389663488
v 0.525039315 0.317003965 0.614137113
v 0.519803345 0.316847205 0.61036855
v 0.40040043 0.238726288 0.462142825
v 0.510957778 0.312051564 0.384845227
v 0.526082635 0.309877485 0.32715565
v 0.466277778 0.316084087 0.529550135
v 0.533463836 0.132026389 0.515521705
v 0.485786706 0.132305324 0.479644686
v 0.577045739 0.301631033 0.634476542
v 0.4061369 0.26025793 0.433001041
v 0.529933274 0.313822776 0.432342052
v 0.556714833 0.286634594 0.649381638
v 0.573135316 0.304700673 0.536483049
v 0.405050337 0.274902016 0.508610964
v 0.463985413 0.318830431 0.607000172
v 0.590924084 0.278587937 0.504748106
v 0.563712001 0.309531093 0.528027415
v 0.530126989 0.311448008 0.368467122
v 0.547154665 0.317929596 0.609939992
v 0.399324507 0.167835295 0.45687288
v 0.534568846 0.13821587 0.401580244
v 0.490951627 0.317648113 0.570431471
v 0.529835165 0.315824807 0.500181973
v 0.501477122 0.314885318 0.477120399
v 0.54165107 0.313216567 0.436437517
v 0.557023585 0.306365967 0.38006711
v 0.542409539 0.31074965 0.376382023
v 0.611336052 0.177329749 0.532613099
v 0.483953327 0.148664564 0.544948757
v 0.5468117 0.143911242 0.360883564
v 0.513184965 0.141433492 0.354686528
v 0.470826328 0.133850545 0.452305794
v 0.467323095 0.195758089 0.604445279
v 0.524666309 0.316086799 0.510546744
v 0.402121037 0.259411126 0.336782962
v 0.603976369 0.174515381 0.487947583
v 0.577472389 0.153037891 0.361515403
v 0.439474672 0.281586379 0.649561286
v 0.453492373 0.253826886 0.646487355
v 0.451957047 0.235289305 0.636700273
v 0.403883189 0.171221405 0.419542074
v 0.587126911 0.277164489 0.310069621
v 0.521917045 0.132470399 0.474027097
v 0.538872182 0.130743027 0.490480363
v 0.478158444 0.132859841 0.467361122
v 0.407694131 0.165976614 0.419102699
v 0.448749602 0.318099111 0.570385695
v 0.427642465 0.299346358 0.439042926
v 0.606910765 0.197575599 0.396380007
v 0.515759289 0.306322932 0.643642604
v 0.581901014 0.139007166 0.485484213
v 0.494102061 0.139240608 0.529529691
v 0.415343642 0.281510264 0.478678226
v 0.477312833 0.131517723 0.491682261
v 0.534020305 0.315113485 0.480825126
v 0.431002021 0.178677708 0.575813055
v 0.552324116 0.316158563 0.616713583
v 0.399834007 0.180717677 0.401999384
v 0.52015233 0.18551378 0.594369113
v 0.393999904 0.185124129 0.495143533
v 0.437412918 0.147576943 0.543906689
v 0.475407243 0.160330802 0.560633779
v 0.524788022 0.134279981 0.447261244
v 0.57269311 0.301018059 0.492043078
v 0.54156059 0.135144562 0.436151147
v 0.450509459 0.317999274 0.607552826
v 0.599865437 0.240552485 0.424504757
v 0.605664551 0.195417553 0.49929145
v 0.544704497 0.313147098 0.443655908
v 0.494864345 0.316284895 0.52260983
v 0.411179751 0.274332762 0.422507226
v 0.404973656 0.256788135 0.438553154
v 0.477802128 0.309336632 0.32481575
v 0.543658495 0.311034977 0.383121878
v 0.564603984 0.129904896 0.497387677
v 0.603109419 0.213515744 0.459537029
v 0.575202346 0.290718406 0.337074786
v 0.518839538 0.314016461 0.44360435
v 0.549595416 0.310958564 0.41443944
v 0.454779685 0.312459499 0.465897948
v 0.577890456 0.138110161 0.46861729
v 0.392934263 0.20137167 0.406622648
v 0.435442775 0.298892379 0.359189034
v 0.598211765 0.244543687 0.452910453
v 0.488375783 0.309823602 0.63394022
v 0.393409908 0.197002962 0.411858082
v 0.409421742 0.160161749 0.424985737
v 0.502435446 0.316604853 0.53157413
v 0.432867408 0.304127872 0.465226144
v 0.426901668 0.203182667 0.601094365
v 0.481420249 0.140926838 0.533332884
v 0.529405236 0.317562193 0.55587846
v 0.458204418 0.224499598 0.630820572
v 0.493310571 0.317664713 0.583687663
v 0.416972816 0.141691506 0.527108848
v 0.598079503 0.178401232 0.363843083
v 0.605174959 0.210033238 0.515765071
v 0.448765486 0.312127948 0.491856784
v 0.500160813 0.312472939 0.402466893
v 0.463026077 0.314668387 0.496834606
v 0.475550532 0.164418668 0.56561327
v 0.400280714 0.238310531 0.455984533
v 0.47497341 0.14405936 0.334533006
v 0.589910269 0.156861424 0.421516031
v 0.436582059 0.215731025 0.617135465
v 0.445503265 0.201784551 0.604559124
v 0.440083683 0.305549711 0.636367798
v 0.41032508 0.181202069 0.569527447
v 0.430252463 0.210006192 0.60924083
v 0.553165495 0.306494296 0.357526332
v 0.602122366 0.17402862 0.455330104
v 0.548198998 0.145016119 0.353797764
v 0.390136302 0.227863044 0.300165534
v 0.443895876 0.304133028 0.352985084
v 0.40706104 0.163830951 0.395139456
v 0.519455492 0.140562937 0.367358476
v 0.401023299 0.150871456 0.511945605
v 0.472658366 0.317451596 0.558178961
v 0.500382602 0.133045331 0.510304809
v 0.440321356 0.156870365 0.298909992
v 0.472598702 0.153938159 0.552601457
v 0.433817804 0.131826907 0.519419014
v 0.55270505 0.312414795 0.476975113
v 0.540093422 0.136541262 0.421246022
v 0.525282025 0.316313773 0.518356323
v 0.448256999 0.196901843 0.599982679
v 0.398766518 0.234302178 0.431200206
v 0.609924734 0.229689479 0.299214184
v 0.572893739 0.133775309 0.520996869
v 0.473220438 0.136657506 0.418395758
v 0.51077497 0.317659974 0.591183186
v 0.418437541 0.275699407 0.6447137
v 0.395302594 0.174005792 0.488534302
v 0.448352426 0.146411538 0.354490936
v 0.579488754 0.287320971 0.330714732
v 0.578037977 0.160957754 0.32148394
v 0.395656139 0.242567927 0.331040293
v 0.590058267 0.283070445 0.512083769
v 0.60423857 0.233893171 0.372343212
v 0.470186055 0.201708093 0.614006698
v 0.468353063 0.309732258 0.342379272
v 0.41750598 0.142500147 0.464332253
v 0.415089458 0.149150625 0.427402616
v 0.549049556 0.308586001 0.636201501
v 0.569850624 0.1609281 0.556302309
v 0.604041398 0.205879614 0.492254198
v 0.587769389 0.18038851 0.570799351
v 0.560358882 0.314068109 0.553158343
v 0.520889342 0.131657586 0.494280607
v 0.528259397 0.136844635 0.52727139
v 0.582598209 0.280689448 0.300258905
v 0.577736437 0.295565784 0.490324527
v 0.553560495 0.158052549 0.557008028
v 0.54703176 0.205133215 0.610590875
v 0.394305825 0.189837858 0.431064188
v 0.60348618 0.233567014 0.386287838
v 0.521999836 0.318042666 0.598760545
v 0.511590064 0.134440228 0.447809786
v 0.568207264 0.160213485 0.298878074
v 0.56231463 0.294905186 0.644237101
v 0.586929321 0.280657917 0.348699242
v 0.40035668 0.179401502 0.349855006
v 0.553512335 0.183587924 0.584985554
v 0.544971704 0.136345848 0.424442351
v 0.526812136 0.137338907 0.408963412
v 0.591919959 0.161486983 0.427600592
v 0.478540659 0.313698322 0.442828417
v 0.606129885 0.195480272 0.388285697
v 0.529595375 0.172525316 0.576258659
v 0.395360678 0.243372589 0.321699351
v 0.446550846 0.27667433 0.651124537
v 0.463611782 0.130601943 0.497932166
v 0.532016993 0.318693966 0.578312695
v 0.486037672 0.309008241 0.308236718
v 0.58742255 0.277485818 0.45561108
v 0.565662265 0.157085389 0.308944613
v 0.432916313 0.296525747 0.3545762
v 0.39884904 0.232503563 0.442643344
v 0.396304458 0.203534499 0.460761845
v 0.459916472 0.151386231 0.300088376
v 0.529922366 0.313565999 0.425189674
v 0.405494303 0.162498817 0.447259158
v 0.397083253 0.241978884 0.359294802
v 0.525826395 0.310699195 0.346875131
v 0.605879307 0.196553171 0.426477313
v 0.607649982 0.207330465 0.350879043
v 0.569506645 0.138875932 0.531569302
v 0.432820737 0.304720074 0.492090762
v 0.535083413 0.309286505 0.328342915
v 0.426541775 0.29951039 0.505798817
v 0.58267355 0.161861151 0.55224973
v 0.536887109 0.30796048 0.639600277
v 0.544911861 0.315141141 0.510825276
v 0.422143579 0.133023933 0.50583142
v 0.586222291 0.148778364 0.533432126
v 0.417010188 0.284545451 0.339665145
v 0.520950258 0.132206008 0.510409713
v 0.448768824 0.288165212 0.650690854
v 0.563773513 0.316151381 0.597450435
v 0.410875589 0.275543451 0.328780234
v 0.49289462 0.309904069 0.326826334
v 0.540154338 0.229837194 0.636355937
v 0.453277558 0.3081626 0.358163357
v 0.578659594 0.13657026 0.522433877
v 0.458957732 0.313517481 0.629315615
v 0.593631208 0.263912976 0.485220283
v 0.446777672 0.131309837 0.520881534
v 0.55396384 0.178188533 0.578984141
v 0.5987854 0.171866328 0.434696615
v 0.518314183 0.318060249 0.59160769
v 0.395666242 0.18644011 0.411977291
v 0.517468631 0.317210674 0.605001688
v 0.408028066 0.151761904 0.474687427
v 0.440946668 0.30287087 0.359045058
v 0.545915842 0.136135936 0.529845953
v 0.546968043 0.316558361 0.550698102
v 0.40233916 0.178526774 0.550780118
v 0.396175802 0.18338412 0.478406399
v 0.583624899 0.288565159 0.511277616
v 0.564470828 0.153216258 0.549394667
v 0.50893575 0.317284107 0.55270505
v 0.497500032 0.140414894 0.369746864
v 0.481501013 0.3164303 0.529190302
v 0.504699528 0.159173936 0.559060633
v 0.58211875 0.289795429 0.641685843
v 0.4120121 0.157252967 0.542538404
v 0.509537935 0.132001057 0.490819216
v 0.606269181 0.213667169 0.406430662
v 0.567266226 0.23479791 0.634585619
v 0.415751785 0.139787421 0.489080995
v 0.404387236 0.147171929 0.517301142
v 0.533697009 0.133521765 0.454899728
v 0.419094682 0.241994053 0.637269616
v 0.580078602 0.291876256 0.496564388
v 0.548284531 0.309881687 0.387534142
v 0.419280648 0.148251981 0.393826753
v 0.397696197 0.234244257 0.407316417
v 0.593020916 0.161231905 0.367252856
v 0.588193595 0.151713774 0.441993296
v 0.547605753 0.135797247 0.430893838
v 0.451350749 0.317176133 0.613928735
v 0.561977446 0.138543144 0.533538699
v 0.41152364 0.273275822 0.449757278
v 0.428160608 0.195987925 0.593704224
v 0.589089513 0.252755135 0.642030716
v 0.496718317 0.138895124 0.389153421
v 0.572326362 0.304237038 0.632439971
v 0.510726213 0.31168291 0.373322934
v 0.394525498 0.204308212 0.51029402
v 0.582394242 0.285574585 0.34661597
v 0.396668822 0.228412256 0.409736425
v 0.532626927 0.314566463 0.456340551
v 0.403731316 0.253032923 0.469049454
v 0.496411473 0.142378971 0.535354793
v 0.600996196 0.191893026 0.362978458
v 0.456190467 0.137526318 0.532260418
v 0.601422548 0.232332543 0.490399092
v 0.596044481 0.253887802 0.473163843
v 0.402275026 0.26949209 0.507870495
v 0.540587187 0.142333612 0.367501616
v 0.433232009 0.242477939 0.638643324
v 0.552053809 0.129126176 0.501998365
v 0.394137591 0.196267381 0.51087904
v 0.604273796 0.201846585 0.33136934
v 0.556524277 0.317100465 0.567114711
v 0.400904208 0.241822466 0.450655252
v 0.553375125 0.318257064 0.57980597
v 0.567594111 0.295287907 0.327322751
v 0.485794604 0.315757781 0.507307589
v 0.442369968 0.143858269 0.380734414
v 0.496470481 0.316975951 0.544609487
v 0.516834259 0.310529172 0.337794811
v 0.591213524 0.160617113 0.348082811
v 0.578776419 0.290103555 0.358470887
v 0.404050827 0.264405817 0.321800739
v 0.573498368 0.298828185 0.442331254
v 0.461488634 0.162750214 0.563800335
v 0.607236505 0.200798899 0.382410437
v 0.499323905 0.316224664 0.60623157
v 0.530674994 0.202107757 0.614660025
v 0.525792003 0.309549183 0.320108593
v 0.457711995 0.147950113 0.329781562
v 0.557402849 0.155109957 0.299679935
v 0.581985533 0.136367053 0.497556478
v 0.447948694 0.264300138 0.648750663
v 0.428686678 0.302248538 0.516417861
v 0.473756492 0.31512177 0.490637332
v 0.413237482 0.280319214 0.389110178
v 0.601037025 0.250933468 0.337293595
v 0.590539873 0.276291519 0.352085531
v 0.586887121 0.281553477 0.36314249
v 0.480119646 0.142268673 0.348476529
v 0.558395743 0.302545726 0.33877942
v 0.423973918 0.157161295 0.333168894
v 0.48116529 0.316953152 0.544734776
v 0.471184552 0.14409253 0.34065792
v 0.420395434 0.140865073 0.457715482
v 0.431359053 0.305541009 0.523077369
v 0.606944144 0.236681819 0.314546973
v 0.549827933 0.303882003 0.29989329
v 0.589603662 0.271869391 0.478098094
v 0.490528435 0.316656858 0.604348004
v 0.498451263 0.14293617 0.337474853
v 0.518725634 0.313156545 0.415767878
v 0.601893961 0.157081723 0.518746257
v 0.53216511 0.138742313 0.395169765
v 0.599673748 0.178854436 0.356642187
v 0.480859518 0.315196514 0.490565777
v 0.414264619 0.282546222 0.353471965
v 0.415863901 0.155629486 0.359946996
v 0.410975397 0.277106345 0.350959182
v 0.405789167 0.161544904 0.374029577
v 0.587340117 0.150592178 0.415814161
v 0.6006248 0.232888907 0.477451652
v 0.551522076 0.153654411 0.297964722
v 0.429405481 0.302260399 0.486312121
v 0.60014832 0.236504272 0.444448143
v 0.601939797 0.225334987 0.451153874
v 0.526856482 0.135514185 0.431212038
v 0.417355537 0.289315045 0.641587615
v 0.575878441 0.159753382 0.552898407
v 0.525857091 0.313321412 0.417843312
v 0.606741786 0.20674181 0.409823
v 0.529482543 0.132182822 0.474627227
v 0.499477178 0.132113636 0.499599665
v 0.394584775 0.207290709 0.318024367
v 0.427883744 0.311624855 0.616364062
v 0.547804892 0.314313352 0.498526424
v 0.48346588 0.141547531 0.354797602
v 0.600443006 0.246940792 0.376460254
v 0.44350642 0.134203181 0.527649879
v 0.440876365 0.198602512 0.599782825
v 0.415086985 0.278061986 0.301468104
v 0.559611857 0.137860134 0.422607183
v 0.528465509 0.142718464 0.350850165
v 0.500311077 0.134101823 0.516406059
v 0.583120286 0.154559568 0.364970475
v 0.485501587 0.138406903 0.395663261
v 0.453875124 0.163112983 0.563766122
v 0.407036394 0.161793023 0.441142499
v 0.507328808 0.137084186 0.412151247
v 0.525915623 0.19541423 0.60673058
v 0.4514018 0.312941521 0.497765362
v 0.472085327 0.302868903 0.649028838
v 0.521337152 0.311982781 0.378949404
v 0.599088192 0.252703905 0.370052367
v 0.56632477 0.244462237 0.639573097
v 0.588423789 0.141659886 0.522022367
v 0.529684722 0.142848074 0.538039625
v 0.587296546 0.281258255 0.372254699
v 0.588766217 0.275274575 0.491046876
v 0.602161229 0.162326932 0.520858765
v 0.395888597 0.233106598 0.377901673
v 0.454603165 0.241413236 0.640970409
v 0.418189108 0.2875036 0.424880385
v 0.566374958 0.302466661 0.412410051
v 0.406975627 0.158605486 0.53506279
v 0.387435615 0.171250969 0.540320039
v 0.512818873 0.134965226 0.440402985
v 0.547165215 0.308984905 0.353797704
v 0.439422965 0.307288527 0.456282347
v 0.514696956 0.309833437 0.318085581
v 0.594682634 0.170886174 0.396895409
v 0.393823743 0.168965399 0.509428322
v 0.49218148 0.132388741 0.481211662
v 0.561595261 0.264500827 0.646672606
v 0.415962517 0.178810388 0.570554376
v 0.600460947 0.254147768 0.328443974
v 0.5847736 0.285176903 0.390222251
v 0.424561262 0.152365029 0.544912457
v 0.604603589 0.234059975 0.365342379
v 0.591705561 0.14423801 0.496996403
v 0.39830628 0.156998813 0.49919942
v 0.588960052 0.162921965 0.328340709
v 0.593911171 0.267015636 0.491934747
v 0.568294227 0.143015236 0.399123877
v 0.486676455 0.132715359 0.472597957
v 0.572340965 0.216427624 0.615414858
v 0.472138196 0.309584588 0.336721987
v 0.498096645 0.312862098 0.415063202
v 0.404894054 0.262219399 0.3828035
v 0.401778132 0.246621683 0.430979967
v 0.6022892 0.252839953 0.513460636
v 0.398071438 0.22333096 0.470332593
v 0.544792771 0.319020957 0.60240227
v 0.517919242 0.310222507 0.329469144
v 0.605232775 0.234713137 0.352514148
v 0.449102551 0.152771577 0.307406306
v 0.521569431 0.171018869 0.574771285
v 0.481812388 0.137752846 0.40390861
v 0.429402381 0.289969593 0.310253859
v 0.609728336 0.212385833 0.345235437
v 0.473102301 0.191961557 0.601191401
v 0.599213839 0.173025608 0.317822069
v 0.527534544 0.132353276 0.513503194
v 0.507799327 0.317764163 0.582359254
v 0.557986856 0.306682289 0.395164639
v 0.536875308 0.179919615 0.584575176
v 0.397725284 0.247856855 0.33590439
v 0.468203038 0.318103969 0.569057941
v 0.595773578 0.25848797 0.405701458
v 0.394686431 0.224134058 0.389723808
v 0.455542594 0.144323081 0.542253196
v 0.449827462 0.151241571 0.5501436
v 0.460629493 0.318137795 0.566574931
v 0.602361917 0.225307927 0.439909369
v 0.552814007 0.314087361 0.527359188
v 0.59942627 0.239665255 0.449212015
v 0.577029586 0.295071125 0.438892692
v 0.448096484 0.312896281 0.518856168
v 0.422843665 0.16531527 0.558665454
v 0.441294074 0.154486075 0.309759378
v 0.424532592 0.308686227 0.623374701
v 0.474160969 0.317101836 0.550083518
v 0.524336755 0.316562086 0.526212692
v 0.425001204 0.191406414 0.587932885
v 0.558999836 0.171448141 0.570446253
v 0.396122038 0.202579454 0.480203241
v 0.426896214 0.299882382 0.492670149
v 0.556796491 0.131443307 0.476966918
v 0.403108895 0.166550085 0.345398456
v 0.424510926 0.14616017 0.392834902
v 0.405863732 0.261462629 0.414132208
v 0.60026294 0.256773859 0.506803274
v 0.522044122 0.132955939 0.466440707
v 0.447517753 0.136027634 0.435670584
v 0.502429247 0.311976641 0.386274606
v 0.52252233 0.145558894 0.313777417
v 0.603515208 0.235019252 0.379161
v 0.603984714 0.191428676 0.464596599
v 0.605518341 0.182436109 0.517605066
v 0.41019097 0.286191046 0.518609166
v 0.583337128 0.275517255 0.64450407
v 0.414751202 0.280102372 0.465431631
v 0.437824577 0.133353412 0.465607703
v 0.410288006 0.16738233 0.310278624
v 0.411349803 0.272465259 0.461877704
v 0.43828252 0.132379502 0.522752643
v 0.464891136 0.308527112 0.639648497
v 0.402337879 0.276897788 0.518671095
v 0.567451239 0.311305821 0.62129122
v 0.605195701 0.237110794 0.342512995
v 0.41436553 0.279099017 0.472528249
v 0.405088991 0.170564145 0.413547277
v 0.401881814 0.18008545 0.394173294
v 0.567245126 0.135183692 0.526790917
v 0.422400892 0.152609587 0.36079222
v 0.540577471 0.306970596 0.307269871
v 0.54184407 0.31041348 0.367439687
v 0.566308737 0.153385416 0.32972157
v 0.398828864 0.239560544 0.404883921
v 0.400440127 0.171860784 0.340678245
v 0.44697246 0.152292728 0.314246893
v 0.546341002 0.130411685 0.48991698
v 0.553661585 0.162540972 0.561873496
v 0.572987914 0.244669184 0.639315426
v 0.52767247 0.137918949 0.401727498
v 0.396912754 0.174981922 0.477040976
v 0.574597776 0.297405034 0.429030478
v 0.607028067 0.213247463 0.399168968
v 0.460106134 0.31013152 0.371930063
v 0.599986613 0.253460556 0.345746368
v 0.45683974 0.15111801 0.306905657
v 0.532824218 0.141614661 0.36610508
v 0.583561778 0.219028696 0.616207063
v 0.464989364 0.130836308 0.491046697
v 0.397731811 0.237994283 0.504254162
v 0.477979392 0.151544258 0.549319983
v 0.535320342 0.148144349 0.313768476
v 0.48190245 0.317736298 0.599432051
v 0.482829124 0.14451161 0.53924042
v 0.44100523 0.159320205 0.557269275
v 0.46269995 0.157445535 0.557502925
v 0.395762891 0.204750881 0.492941976
v 0.500013471 0.311882377 0.626322687
v 0.395489872 0.185991243 0.446245879
v 0.397829026 0.174263462 0.443278641
v 0.516492963 0.31483382 0.470898926
v 0.453077167 0.308836579 0.371262193
v 0.557761669 0.301473022 0.318834215
v 0.489474267 0.167727157 0.570273995
v 0.448091567 0.129524559 0.512741864
v 0.430875957 0.284121931 0.646536767
v 0.391616702 0.203648433 0.381738216
v 0.568845034 0.26580143 0.645791233
v 0.394452572 0.192258701 0.385863006
v 0.574416697 0.300227791 0.512589812
v 0.553514719 0.141677126 0.385163724
v 0.441435158 0.167679667 0.566385746
v 0.513814926 0.314997643 0.477139086
v 0.561304569 0.309853613 0.495827228
v 0.395290732 0.19890283 0.359299868
v 0.593679547 0.26110673 0.4724693
v 0.479237407 0.137078702 0.412631631
v 0.432133108 0.151719615 0.546857119
v 0.52592057 0.303335726 0.649218798
v 0.506848276 0.309477478 0.30936268
v 0.39044407 0.214214742 0.352004647
v 0.594536483 0.166625306 0.433546364
v 0.605766177 0.167171746 0.503589332
v 0.458136916 0.130621701 0.48803696
v 0.541408658 0.206542507 0.614717603
v 0.434436888 0.303987563 0.443494469
v 0.412940085 0.282719165 0.503063262
v 0.423122495 0.293775022 0.407114238
v 0.419790745 0.262392998 0.643840849
v 0.524345398 0.310474217 0.340151966
v 0.393484235 0.192469761 0.314827621
v 0.513058841 0.143076256 0.332196146
v 0.597613037 0.158658922 0.477005422
v 0.39272964 0.22407037 0.363190323
v 0.586207271 0.283757865 0.505025446
v 0.566858232 0.301362604 0.399138898
v 0.469732583 0.315133393 0.49672848
v 0.553502858 0.318199098 0.595791221
v 0.546236455 0.133712217 0.451006889
v 0.567670107 0.150272802 0.351782858
v 0.501098871 0.156082228 0.554879963
v 0.551834643 0.304923624 0.639223218
v 0.446306705 0.134662449 0.447855562
v 0.470407665 0.145269826 0.54153353
v 0.48906678 0.316833258 0.540708065
v 0.516622841 0.310880542 0.632303059
v 0.421236992 0.186631501 0.581825972
v 0.546701193 0.141252071 0.382005662
v 0.439316601 0.305517197 0.423665166
v 0.608683228 0.208800107 0.371139586
v 0.582349122 0.195834607 0.590309799
v 0.493152499 0.317191988 0.551974118
v 0.473310173 0.316962838 0.616470397
v 0.393730581 0.190915421 0.417335272
v 0.395845056 0.199029416 0.3260355
v 0.400704741 0.246528655 0.406283557
v 0.551681399 0.318271399 0.572904527
v 0.511815608 0.132225245 0.482799232
v 0.396109134 0.190708995 0.461838931
v 0.604148865 0.239468366 0.348119795
v 0.494817823 0.312634438 0.408674598
v 0.439288974 0.22539787 0.628606558
v 0.614219427 0.171537325 0.537630916
v 0.433989406 0.159126103 0.299881518
v 0.400751561 0.172662392 0.354588836
v 0.551208675 0.149147779 0.326931775
v 0.436348796 0.134193227 0.459369689
v 0.476015657 0.142899036 0.537553251
v 0.582949579 0.286894619 0.377053916
v 0.46790573 0.145102888 0.335642397
v 0.508924305 0.155162379 0.55378288
v 0.547381103 0.315678835 0.53742528
v 0.562738717 0.306481987 0.442045718
v 0.44536376 0.308271885 0.425153166
v 0.428744942 0.136811614 0.450707406
v 0.536453485 0.314841866 0.474168628
v 0.50298506 0.314316005 0.458921015
v 0.482768089 0.161183193 0.561536729
v 0.456864089 0.311977655 0.430882543
v 0.589319348 0.156198621 0.369832277
v 0.462261289 0.318582118 0.573447227
v 0.58483088 0.285149455 0.397860497
v 0.53609246 0.293957502 0.655307055
v 0.398557693 0.176480487 0.342606008
v 0.398652643 0.194039822 0.36388284
v 0.396168262 0.180810258 0.318508267
v 0.417991281 0.153299153 0.542556226
v 0.475223988 0.136085242 0.4253501
v 0.558229864 0.150827944 0.328075439
v 0.390645176 0.227977931 0.307167262
v 0.568827271 0.304445237 0.486857772
v 0.39286831 0.213612378 0.389438391
v 0.505388141 0.308297664 0.637461603
v 0.492518842 0.132026687 0.494024217
v 0.601937532 0.23232837 0.496371388
v 0.535938084 0.203087792 0.612944365
v 0.435245275 0.142502055 0.399512351
v 0.599348724 0.253419697 0.500131369
v 0.500161648 0.311697632 0.378350168
v 0.51007998 0.310097456 0.633284867
v 0.39959228 0.234936655 0.475493819
v 0.539435625 0.311931491 0.393520951
v 0.471467674 0.147744626 0.306342125
v 0.59941119 0.246321768 0.401655197
v 0.435866088 0.135518715 0.528437018
v 0.56450367 0.15406245 0.321748883
v 0.428421199 0.298972338 0.427422732
v 0.4435983 0.287131101 0.649449289
v 0.573385417 0.300052553 0.479267716
v 0.408314705 0.265414953 0.449281424
v 0.481992811 0.317163616 0.551170826
v 0.43227765 0.146914676 0.374678314
v 0.432045698 0.150258124 0.35417363
v 0.395914674 0.185849994 0.405511856
v 0.414484471 0.282691658 0.374222726
v 0.506457508 0.313296974 0.425899148
v 0.448709726 0.147301793 0.347281873
v 0.401713192 0.244830817 0.457122117
v 0.443585068 0.131458268 0.476548284
v 0.602943242 0.180863619 0.341162384
v 0.575920999 0.295637161 0.414652884
v 0.458831072 0.312057674 0.422699481
v 0.606992304 0.178371996 0.506220162
v 0.580322146 0.205098137 0.601113379
v 0.400338411 0.262221307 0.508525193
v 0.580632091 0.290036529 0.393730491
v 0.478735954 0.138748497 0.391960979
v 0.588279188 0.277648062 0.329010427
v 0.404157817 0.255967081 0.417588085
v 0.400801927 0.245797619 0.413533092
v 0.534809232 0.141251087 0.371495903
v 0.435038924 0.138132155 0.431157678
v 0.463294804 0.205076456 0.614547908
v 0.601314366 0.234749347 0.42262277
v 0.597327888 0.180244476 0.385840625
v 0.538692892 0.142899781 0.360919178
v 0.601935923 0.177995622 0.307847947
v 0.402606577 0.18286261 0.382094204
v 0.573108077 0.310032129 0.620993972
v 0.406899869 0.150663882 0.481880724
v 0.530831754 0.305634767 0.644768536
v 0.586391687 0.289229751 0.518901169
v 0.558531225 0.310341805 0.481435329
v 0.576605022 0.133818507 0.495391876
v 0.446950108 0.318467796 0.585241675
v 0.525684655 0.318031788 0.606292367
v 0.587172031 0.280828476 0.421563536
v 0.407489479 0.263559729 0.440439582
v 0.443157434 0.307131231 0.418265283
v 0.605066597 0.17149213 0.49257952
v 0.392183453 0.234510437 0.310539782
v 0.46185407 0.309507877 0.351523846
v 0.396102041 0.240936711 0.347181529
v 0.49563393 0.139861479 0.376918346
v 0.393224657 0.207911789 0.331403226
v 0.436230242 0.300479859 0.372774035
v 0.604676247 0.197186694 0.492132664
v 0.591333866 0.287074089 0.523773432
v 0.397166282 0.172187641 0.482571632
v 0.426849306 0.287750185 0.300130129
v 0.415105581 0.246156543 0.639780462
v 0.604226649 0.205101579 0.448723704
v 0.49819684 0.313658953 0.619583368
v 0.398090601 0.250463575 0.319053948
v 0.513899028 0.13837266 0.394136727
v 0.385666817 0.174242958 0.531980515
v 0.429463148 0.290601224 0.319530815
v 0.431944817 0.300707161 0.412119806
v 0.428440809 0.136449993 0.527106047
v 0.414925545 0.28293851 0.347001821
v 0.439098537 0.306062937 0.438210696
v 0.573787868 0.299560517 0.485068917
v 0.594056249 0.169307411 0.403779536
v 0.396286011 0.211741626 0.442637533
v 0.493867904 0.133158579 0.51244241
v 0.579755962 0.146434426 0.405887425
v 0.473753035 0.313119382 0.4272452
v 0.410106719 0.166869029 0.55227983
v 0.443740249 0.308351666 0.436619431
v 0.417562395 0.285968274 0.453980058
v 0.433372468 0.299988329 0.392627925
v 0.402661502 0.148230359 0.504074991
v 0.45309934 0.279242039 0.653982699
v 0.47800532 0.311427891 0.379143834
v 0.594691873 0.257114917 0.451941967
v 0.551203251 0.131856754 0.470932931
v 0.431992829 0.305915177 0.530541837
v 0.423499912 0.286250859 0.644505978
v 0.395039082 0.186877728 0.42488429
v 0.559847116 0.305113703 0.389597774
v 0.520748198 0.135161221 0.436511517
v 0.592586935 0.163859189 0.419376194
v 0.401513755 0.273176759 0.514330208
v 0.396802574 0.210514933 0.478980273
v 0.602869153 0.214049593 0.466751099
v 0.528926492 0.181061387 0.587100506
v 0.413696826 0.272433698 0.644377708
v 0.405684799 0.175518543 0.388916343
v 0.602823436 0.186443284 0.337386787
v 0.468690425 0.161644384 0.562283695
v 0.413534671 0.253550202 0.641947687
v 0.549226046 0.315220207 0.6230914
v 0.449986339 0.132598191 0.464949429
v 0.561506271 0.13553746 0.443070233
v 0.543631673 0.13007699 0.498000562
v 0.502723515 0.134325191 0.450564831
v 0.566647708 0.141339913 0.406773746
v 0.594391346 0.168337628 0.390799701
v 0.57795316 0.219636828 0.617288291
v 0.51168716 0.14258875 0.535687149
v 0.40338254 0.252210379 0.433203071
v 0.574587286 0.145506501 0.537710607
v 0.480578482 0.185175329 0.593685985
v 0.572232962 0.15856503 0.318957657
v 0.580012202 0.292319208 0.461347312
v 0.603762686 0.18121542 0.442619324
v 0.609136343 0.22915037 0.316409469
v 0.42191118 0.297864437 0.527502298
v 0.58454597 0.284338355 0.454509288
v 0.506413817 0.311790317 0.378940225
v 0.424786747 0.149139121 0.375879973
v 0.606941104 0.228470728 0.353970617
v 0.52154547 0.318297118 0.586114049
v 0.534609973 0.318111151 0.566595376
v 0.587855518 0.152719125 0.408524245
v 0.502359927 0.315542161 0.497748494
v 0.436071068 0.148280963 0.35980767
v 0.523677051 0.315725207 0.497763544
v 0.409167796 0.272479653 0.381846458
v 0.390145063 0.212315738 0.3343876
v 0.430781156 0.313852787 0.608762622
v 0.568101883 0.306206912 0.516315401
v 0.473138839 0.132982329 0.463951617
v 0.572374225 0.297605276 0.402077287
v 0.411252081 0.277568549 0.372758627
v 0.431785971 0.296415448 0.36646077
v 0.461472094 0.31367138 0.464846909
v 0.434307903 0.29931289 0.379095107
v 0.395269096 0.212602198 0.423401028
v 0.5585953 0.154338419 0.307252049
v 0.527119875 0.133752197 0.453862786
v 0.59999001 0.188738599 0.356817096
v 0.40245679 0.17172046 0.425269127
v 0.527352333 0.131325126 0.495268822
v 0.496841192 0.149683133 0.54618299
v 0.428209335 0.159009382 0.314170212
v 0.569178462 0.298744231 0.381843269
v 0.601727128 0.174992368 0.438997865
v 0.407054394 0.162297904 0.387797117
v 0.48151803 0.145092532 0.31435746
v 0.49024421 0.311555594 0.377492875
v 0.58144635 0.145941928 0.413581878
v 0.391698927 0.170718342 0.529197156
v 0.543166161 0.132970616 0.523032904
v 0.418532282 0.295952648 0.637812614
v 0.437708259 0.148673818 0.354334414
v 0.452860951 0.303312868 0.642411292
v 0.601628184 0.225584298 0.476534426
v 0.522704184 0.189230531 0.598992884
v 0.531207681 0.143690422 0.344249576
v 0.604344845 0.18381685 0.429645836
v 0.574987054 0.294456512 0.384763718
v 0.440244079 0.145592421 0.370617896
v 0.481000364 0.309937894 0.337240398
v 0.473855317 0.13776651 0.405119658
v 0.394695342 0.195931524 0.433242649
v 0.444354624 0.305134445 0.365199536
v 0.454236299 0.148430318 0.547453403
v 0.528661907 0.310907304 0.353672117
v 0.396062493 0.206691995 0.447241992
v 0.535462141 0.184891358 0.59084028
v 0.442073137 0.149237454 0.342551082
v 0.603069186 0.198000625 0.337861598
v 0.392537534 0.227170154 0.345238686
v 0.605991781 0.199164733 0.504633367
v 0.468983442 0.313203603 0.43482244
v 0.546185493 0.318997085 0.579420567
v 0.547975898 0.15529424 0.554822385
v 0.414776891 0.158465192 0.346599072
v 0.584492028 0.283823311 0.473012656
v 0.493293703 0.313537002 0.436667651
v 0.596296906 0.17570962 0.401261181
v 0.599285364 0.257752568 0.334875166
v 0.504934609 0.141660377 0.351997018
v 0.61049968 0.171550378 0.541018069
v 0.490353227 0.150345206 0.547053099
v 0.398249447 0.230059758 0.435984194
v 0.471088946 0.308498293 0.313707769
v 0.404482812 0.168555051 0.376321524
v 0.569968283 0.293934107 0.333726883
v 0.424092829 0.206884608 0.604463935
v 0.602223754 0.167485461 0.485205531
v 0.408057779 0.142049998 0.514545918
v 0.587618113 0.280989349 0.380237609
v 0.598253846 0.24871698 0.414261222
v 0.608652353 0.209261164 0.365384609
v 0.468095839 0.13640672 0.423005074
v 0.578019679 0.294840991 0.466623604
v 0.585725665 0.18485786 0.576864839
v 0.596721113 0.149778366 0.497417033
v 0.60959816 0.218567804 0.313759714
v 0.460249424 0.309670985 0.358561337
v 0.477075458 0.132056296 0.479324162
v 0.515177369 0.146039739 0.541509867
v 0.516259968 0.1623175 0.563355625
v 0.51039511 0.310073048 0.325115114
v 0.391368717 0.213345662 0.368542641
v 0.601731181 0.231329829 0.427864701
v 0.463911206 0.310385317 0.365365177
v 0.52381891 0.317524463 0.55565393
v 0.452069789 0.31047067 0.425971895
v 0.501814425 0.31641537 0.525585771
v 0.396479964 0.180860475 0.424977034
v 0.417154104 0.135472104 0.510532975
v 0.432928562 0.139503866 0.423862725
v 0.523473144 0.144866779 0.321442962
v 0.399431884 0.1530343 0.519705713
v 0.394783199 0.211296186 0.514117718
v 0.578979254 0.294459999 0.508925319
v 0.485116631 0.135848954 0.522321939
v 0.474780351 0.133477613 0.45767948
v 0.527469516 0.311828524 0.375439465
v 0.415335357 0.280071169 0.312011927
v 0.521534979 0.308876395 0.298767716
v 0.419174939 0.29009831 0.405109823
v 0.537469864 0.319304049 0.583689809
v 0.449689209 0.214445174 0.620079398
v 0.413187206 0.138755947 0.515515983
v 0.400173128 0.239049792 0.44337523
v 0.507372677 0.314997107 0.479318619
v 0.54622072 0.313206464 0.451679528
v 0.495100528 0.315230608 0.612204313
v 0.466337293 0.31778881 0.562154889
v 0.444169819 0.220094636 0.624407113
v 0.558040261 0.317601234 0.575668812
v 0.457422763 0.312643051 0.452093512
v 0.412044823 0.146280468 0.47784701
v 0.408345908 0.269274384 0.402671248
v 0.591671646 0.273433834 0.498527616
v 0.545274675 0.21547316 0.622893751
v 0.578289509 0.300371885 0.533907473
v 0.60031873 0.17429015 0.35333693
v 0.541030347 0.311466545 0.388203263
v 0.583819509 0.285553575 0.369018286
v 0.52896142 0.161814541 0.562877893
v 0.408873558 0.161433801 0.347597063
v 0.407924086 0.167866766 0.407984734
v 0.561489522 0.136466548 0.436263233
v 0.556063056 0.312149167 0.500555277
v 0.571381629 0.308307618 0.627043486
v 0.482127547 0.315898448 0.512657285
v 0.60535109 0.196261525 0.321661592
v 0.463512361 0.309001088 0.338952094
v 0.566929221 0.179623321 0.577251971
v 0.492800862 0.133656427 0.459508359
v 0.571314931 0.300970614 0.6372931
v 0.540421188 0.313847005 0.449533045
v 0.596210957 0.258591175 0.488299906
v 0.499103695 0.14349708 0.330432862
v 0.507449865 0.309776634 0.317414969
v 0.396811455 0.158809438 0.506320953
v 0.445889145 0.25367111 0.644195914
v 0.505160511 0.1456514 0.305042773
v 0.558492005 0.301886559 0.331382304
v 0.478868425 0.146052659 0.306789815
v 0.598363698 0.253818423 0.378843695
v 0.442777425 0.303148985 0.339963228
v 0.524802387 0.315529853 0.490590543
v 0.525137424 0.313954085 0.438309103
v 0.506156802 0.143528372 0.328800678
v 0.586863041 0.27020216 0.644356549
v 0.398249537 0.188550428 0.380964905
v 0.408362716 0.265408486 0.457958817
v 0.535752952 0.142763436 0.539304912
v 0.556340754 0.192409545 0.593954802
v 0.396639347 0.169149593 0.527153432
v 0.407161295 0.269927919 0.352466345
v 0.432951629 0.303301722 0.44954294
v 0.399847865 0.176249623 0.421569318
v 0.516847074 0.139547393 0.531002402
v 0.466675609 0.308641225 0.325755179
v 0.59089148 0.269774526 0.43800956
v 0.545741498 0.315160066 0.518335223
v 0.527021825 0.167044804 0.569551826
v 0.583593309 0.265007526 0.644083321
v 0.401780456 0.169238135 0.334078312
v 0.585632145 0.282122225 0.492030859
v 0.471491903 0.145217061 0.328089178
v 0.467424184 0.133674681 0.51967752
v 0.50776422 0.135054454 0.519888222
v 0.565610766 0.20419997 0.60418582
v 0.395630866 0.200030655 0.488022864
v 0.606387496 0.197948396 0.417024046
v 0.466838241 0.154106438 0.553333998
v 0.428633928 0.291027218 0.332581282
v 0.451678872 0.306913257 0.334899455
v 0.475561053 0.318028063 0.571365237
v 0.61393559 0.173360929 0.534105062
v 0.596625865 0.166457221 0.352634668
v 0.583411694 0.147091269 0.421138197
v 0.476311892 0.318331659 0.585770249
v 0.450211316 0.307780862 0.364623308
v 0.509021282 0.317263514 0.597917795
v 0.486988991 0.143526539 0.327834666
v 0.507327676 0.138287455 0.396165818
v 0.438510507 0.253244013 0.643069983
v 0.421585262 0.305049539 0.629120588
v 0.602214932 0.24986133 0.31501931
v 0.424881995 0.159078658 0.320919544
v 0.548110008 0.138211489 0.40901944
v 0.484218836 0.307495832 0.640716136
v 0.592720926 0.26465717 0.433570683
v 0.481837273 0.179407462 0.585742712
v 0.606104553 0.227678314 0.369875163
v 0.423146874 0.294811636 0.427341193
v 0.44470039 0.302426606 0.640696824
v 0.391767561 0.234976381 0.302243054
v 0.421512008 0.283322334 0.300703377
v 0.60160315 0.226378277 0.457591385
v 0.591039658 0.273421049 0.400902301
v 0.569821775 0.140944377 0.415645689
v 0.559978962 0.303863913 0.368906707
v 0.438362986 0.301597953 0.365827918
v 0.467663169 0.31542033 0.506852865
v 0.449523628 0.184196144 0.586346805
v 0.49981156 0.313784838 0.443196356
v 0.513197839 0.136563644 0.418585807
v 0.603921294 0.234677881 0.514238894
v 0.570582986 0.239352226 0.637053728
v 0.57293117 0.145396143 0.394701958
v 0.451184273 0.191888198 0.595324874
v 0.584985018 0.284860611 0.427146256
v 0.396503866 0.229445443 0.401971906
v 0.606281161 0.234279409 0.336758226
v 0.598977685 0.260746032 0.324370652
v 0.396729857 0.210858509 0.458266973
v 0.531977057 0.299685031 0.651512504
v 0.604394317 0.224771142 0.404521912
v 0.394346982 0.192660779 0.499081641
v 0.401871949 0.155626342 0.530453086
v 0.59253788 0.167893633 0.31388098
v 0.587525308 0.276683331 0.471826732
v 0.533483982 0.137435362 0.409076154
v 0.563397706 0.23867169 0.637304664
v 0.492684215 0.135136023 0.439006656
v 0.554934084 0.2469524 0.641478539
v 0.605522394 0.238268003 0.330943674
v 0.437104523 0.156899646 0.305219769
v 0.604529858 0.208004624 0.498005718
v 0.579101026 0.147261009 0.397616118
v 0.483511657 0.317908049 0.592283964
v 0.396304637 0.223878652 0.505536854
v 0.463461936 0.311423808 0.394455165
v 0.42386955 0.137175366 0.461251408
v 0.448774487 0.144563138 0.367716849
v 0.490607709 0.314775795 0.475645483
v 0.600201905 0.271209985 0.518052995
v 0.512678444 0.140187398 0.370500028
v 0.536367834 0.149188265 0.307380825
v 0.572878242 0.133462727 0.480780631
v 0.494873106 0.309652448 0.318950713
v 0.411761642 0.283859909 0.509959042
v 0.394280314 0.23360984 0.3483437
v 0.409174055 0.16139476 0.409693211
v 0.595727384 0.264929831 0.365611315
v 0.39467144 0.202108994 0.521700144
v 0.596068501 0.267499745 0.343595624
v 0.505264342 0.143008366 0.3357068
v 0.577587903 0.155470863 0.348829031
v 0.537530422 0.146629974 0.544662416
v 0.558416188 0.312713385 0.529920816
v 0.599004924 0.170694441 0.347968966
v 0.601092756 0.170247823 0.459562391
v 0.47505492 0.310007423 0.343684107
v 0.449973106 0.305196494 0.315870255
v 0.582875729 0.142148927 0.470011443
v 0.415512145 0.166840702 0.556671441
v 0.575130165 0.138546735 0.448251426
v 0.404742807 0.259171247 0.481616914
v 0.412070781 0.14999862 0.461475641
v 0.428028733 0.296375275 0.388646126
v 0.530530155 0.157967299 0.558115005
v 0.604369402 0.214498237 0.430950493
v 0.398628503 0.192506582 0.342899591
v 0.411861062 0.276223212 0.415770143
v 0.538635373 0.303126484 0.645749688
v 0.518520176 0.14382112 0.326088667
v 0.600482106 0.163001627 0.478908509
v 0.421236008 0.252582759 0.641721249
v 0.60452038 0.210597187 0.436661988
v 0.42733717 0.147209972 0.381828666
v 0.577597439 0.290585876 0.351375192
v 0.49133721 0.314269602 0.459740609
v 0.41375041 0.280256957 0.491314292
v 0.445976853 0.139784694 0.407133967
v 0.396222442 0.204819143 0.453786492
v 0.597802639 0.247488126 0.473279327
v 0.563875079 0.306713253 0.460653484
v 0.486028463 0.315355808 0.494557321
v 0.41947937 0.28976965 0.499117553
v 0.469953656 0.311972827 0.396650076
v 0.442775518 0.187126487 0.587780356
v 0.565627873 0.218212947 0.619473755
v 0.505935311 0.317055494 0.545712471
v 0.39449355 0.186145827 0.319996715
v 0.536279023 0.308372349 0.316730887
v 0.50420469 0.317600518 0.566347122
v 0.503865421 0.148941398 0.545203567
v 0.464967996 0.144775257 0.343467891
v 0.555634856 0.316688269 0.609416902
v 0.446735442 0.149297133 0.335406989
v 0.570089042 0.147041216 0.378945351
v 0.453862429 0.315487564 0.544308901
v 0.546615839 0.315400481 0.530189872
v 0.578748763 0.162244573 0.315576255
v 0.470777363 0.131825924 0.478937477
v 0.581823587 0.289879322 0.503680825
v 0.502796292 0.138800457 0.39013955
v 0.60365665 0.189257279 0.394011259
v 0.595881104 0.25920856 0.398895204
v 0.405036718 0.266102672 0.336891443
v 0.604516268 0.226342753 0.397790134
v 0.534970284 0.317343235 0.551703691
v 0.592192829 0.155989319 0.46049431
v 0.596895397 0.177005678 0.379063189
v 0.467760295 0.312734127 0.421723425
v 0.397028893 0.212195814 0.471083045
v 0.553629756 0.306981742 0.365933686
v 0.607286274 0.200115681 0.404422879
v 0.393088132 0.211018592 0.396534711
v 0.397728682 0.222419843 0.485238403
v 0.42028594 0.151032001 0.373791993
v 0.40489459 0.176330492 0.382492512
v 0.478672415 0.131609336 0.498154104
v 0.419892758 0.219206512 0.617070079
v 0.421822071 0.183223814 0.578235149
v 0.391586989 0.226182804 0.334275663
v 0.490135819 0.144090801 0.321664453
v 0.42121762 0.137558341 0.52417022
v 0.545381725 0.229322985 0.633213699
v 0.49380827 0.142461374 0.343565285
v 0.460960388 0.21863462 0.627181232
v 0.529501021 0.309931397 0.333958238
v 0.394056588 0.223651692 0.382306278
v 0.442655712 0.141205817 0.399979562
v 0.57237041 0.176699474 0.572618544
v 0.4632985 0.143283665 0.359481156
v 0.50453639 0.313186377 0.622113228
v 0.393711686 0.186409146 0.502691329
v 0.575998724 0.141950667 0.532910466
v 0.481458545 0.318080336 0.587193191
v 0.603860795 0.160164773 0.506930888
v 0.607141376 0.207835287 0.403712422
v 0.604637504 0.198957428 0.446867108
v 0.470891774 0.312559992 0.413905561
v 0.411678731 0.273496598 0.469620287
v 0.601409912 0.192161947 0.370154679
v 0.394229054 0.194343537 0.377892375
v 0.609193265 0.204770669 0.30080846
v 0.603881419 0.242034256 0.337154239
v 0.399230182 0.243174508 0.39401257
v 0.604219079 0.194327697 0.4593018
v 0.399030536 0.243474036 0.38718155
v 0.414779335 0.280436426 0.449335903
v 0.577566922 0.254181266 0.642261684
v 0.478067905 0.13936314 0.384502918
v 0.483938277 0.312439084 0.62777108
v 0.411841124 0.154415622 0.431053549
v 0.457407445 0.132380798 0.466522634
v 0.503278255 0.133365005 0.464425653
v 0.516294837 0.155850127 0.554847121
v 0.572262466 0.159849361 0.312089115
v 0.412299842 0.276820183 0.322201133
v 0.597688377 0.25172928 0.407342523
v 0.519188106 0.311800569 0.373765945
v 0.564046264 0.300184935 0.640258253
v 0.418178976 0.287133664 0.447276115
v 0.545635223 0.311947644 0.420180053
v 0.513071299 0.313804805 0.439328372
v 0.598462462 0.170549288 0.364432693
v 0.400277764 0.24848558 0.384255648
v 0.599125683 0.157977641 0.526312709
v 0.475175202 0.146133021 0.312343866
v 0.479057372 0.189062238 0.598887205
v 0.497104913 0.311016172 0.358691692
v 0.602805257 0.214185849 0.477926791
v 0.608000517 0.163129866 0.53580308
v 0.451509982 0.311250806 0.452310205
v 0.496670872 0.132170007 0.486170262
v 0.5197106 0.141114518 0.359969944
v 0.470387071 0.141999945 0.362107784
v 0.461016685 0.303967237 0.644159853
v 0.588730812 0.275643528 0.43458584
v 0.554741323 0.14124918 0.537945688
v 0.431360513 0.301416636 0.432056636
v 0.39298597 0.227310121 0.352190316
v 0.506206632 0.315829098 0.609222174
v 0.605009556 0.201802969 0.497972041
v 0.467359275 0.138488755 0.400935918
v 0.595015287 0.257138282 0.435775191
v 0.457292259 0.314045936 0.492870122
v 0.518298507 0.308313996 0.638926804
v 0.582436919 0.295975506 0.529684067
v 0.445711553 0.163419709 0.562729359
v 0.399459064 0.242955253 0.399907798
v 0.584764838 0.167313099 0.301399767
v 0.559905708 0.232478663 0.634162545
v 0.519619703 0.139989987 0.374766856
v 0.40187645 0.169300705 0.350278109
v 0.425741017 0.227439612 0.626967311
v 0.394769788 0.184508532 0.486783266
v 0.504433393 0.313496798 0.432720184
v 0.423104733 0.289197564 0.338386238
v 0.603121758 0.173458681 0.48208642
v 0.401019514 0.155302018 0.49158892
v 0.476986736 0.14114818 0.36454311
v 0.39296636 0.198071659 0.38190341
v 0.4754951 0.14777717 0.299767107
v 0.408945382 0.15797098 0.399063528
v 0.58592993 0.281169891 0.460436076
v 0.456835806 0.182388663 0.585997462
v 0.604719877 0.187562376 0.444956183
v 0.438783675 0.18407312 0.583428144
v 0.591633677 0.269474983 0.419590861
v 0.418826014 0.13584657 0.517335296
v 0.393625379 0.191520467 0.41014868
v 0.461466253 0.146224722 0.337325305
v 0.490842283 0.313283712 0.429424703
v 0.392923623 0.235268205 0.318637311
v 0.571258843 0.136388153 0.452023625
v 0.536586404 0.139426216 0.390388519
v 0.603274405 0.184446216 0.414075255
v 0.473685473 0.132615715 0.514426589
v 0.433004439 0.295387149 0.341044962
v 0.531775355 0.312740982 0.403113425
v 0.530884027 0.131287992 0.489450812
v 0.596965671 0.252337873 0.42020309
v 0.481894761 0.308404356 0.297863424
v 0.410071909 0.161710918 0.34060654
v 0.565817356 0.315090358 0.603507817
v 0.435000867 0.3060247 0.485334933
v 0.597722828 0.181955233 0.375426441
v 0.603187919 0.247651905 0.307781011
v 0.492106736 0.137396812 0.408845544
v 0.444450468 0.317822039 0.596684754
v 0.48609677 0.131870329 0.499573559
v 0.590861261 0.275965899 0.367566466
v 0.550783217 0.139275461 0.402213484
v 0.586697757 0.159052536 0.545971453
v 0.605433524 0.189981207 0.425541669
v 0.41701442 0.158561319 0.340526223
v 0.47851029 0.138191 0.398872882
v 0.423182845 0.246720627 0.639901638
v 0.444116473 0.150864437 0.328889966
v 0.52774775 0.132658735 0.468506485
v 0.403016269 0.250013083 0.45094642
v 0.504754603 0.133797452 0.457786888
v 0.481652379 0.312236071 0.399957836
v 0.604038 0.182196349 0.334134281
v 0.571730912 0.272086769 0.646237552
v 0.397445112 0.166916609 0.487327963
v 0.50299722 0.317532837 0.58907032
v 0.395837247 0.156851694 0.528855205
v 0.5349859 0.164521262 0.56630379
v 0.53820622 0.174734622 0.578074038
v 0.438811868 0.210572407 0.612202764
v 0.605175793 0.194863334 0.381637007
v 0.402927041 0.162609994 0.458800942
v 0.409943193 0.143422008 0.493469596
v 0.454365462 0.13681218 0.424458563
v 0.515223205 0.313462317 0.427489907
v 0.524224699 0.313082904 0.411157429
v 0.569606125 0.297931343 0.375382781
v 0.454043567 0.312946558 0.479377359
v 0.568489552 0.29623279 0.346367329
v 0.58440572 0.136979461 0.503116965
v 0.468799531 0.147441521 0.314173311
v 0.443799585 0.304017872 0.346136153
v 0.515309453 0.131835341 0.497024894
v 0.538367867 0.140332639 0.383280307
v 0.444247782 0.312213182 0.525181174
v 0.39717257 0.251753956 0.515899241
v 0.593591869 0.271359891 0.3643426
v 0.602967739 0.231482849 0.403092921
v 0.493913114 0.13684468 0.416340709
v 0.40961045 0.270192087 0.426292539
v 0.430026233 0.296193182 0.374724239
v 0.538822234 0.166979358 0.568919539
v 0.396390945 0.202666029 0.46766454
v 0.467220515 0.134387985 0.445584774
v 0.59860152 0.184222251 0.360635638
v 0.597729206 0.148684219 0.512593389
v 0.512518823 0.314626873 0.465703219
v 0.565193832 0.157273576 0.553527653
v 0.605736673 0.180574268 0.493191093
v 0.461700469 0.20959717 0.619214833
v 0.449921221 0.129923269 0.490629822
v 0.41052559 0.271933377 0.302525848
v 0.42751357 0.28900069 0.315594554
v 0.397921205 0.229937285 0.495322734
v 0.566968262 0.306149572 0.494140893
v 0.608148456 0.208694592 0.30620718
v 0.436124563 0.130024821 0.514649749
v 0.566440165 0.300891161 0.388180047
v 0.428129077 0.13064377 0.502034605
v 0.573561311 0.182164967 0.578197002
v 0.423262537 0.170122877 0.564263463
v 0.408571869 0.272376001 0.363188297
v 0.605899513 0.183110788 0.534607291
v 0.464215487 0.314053088 0.470205486
v 0.440853089 0.317496777 0.589710295
v 0.49791649 0.314178109 0.455773443
v 0.489365429 0.138875052 0.389326096
v 0.458115965 0.299051136 0.648187757
v 0.504435122 0.314043522 0.449984193
v 0.552135825 0.197851792 0.600940406
v 0.48034665 0.133907244 0.517163098
v 0.523646951 0.139175192 0.386256307
v 0.605175257 0.208926946 0.429263264
v 0.606579602 0.195395499 0.409242541
v 0.44150281 0.129202247 0.511827648
v 0.538909137 0.150766596 0.549721479
v 0.607993364 0.201874554 0.306884617
v 0.600157738 0.186870754 0.3490358
v 0.534345567 0.307347447 0.298500329
v 0.491828978 0.307773709 0.639109969
v 0.437924802 0.299737811 0.343640178
v 0.448065519 0.307098508 0.637239695
v 0.453372568 0.133155048 0.45916748
v 0.505083442 0.315780312 0.504736543
v 0.595971286 0.25670585 0.413830578
v 0.534431934 0.207655296 0.619133532
v 0.401229322 0.24930732 0.398113221
v 0.408331543 0.159574687 0.36865139
v 0.492987841 0.138431206 0.395194054
v 0.438837767 0.164153963 0.561967671
v 0.524077356 0.31560716 0.621382356
v 0.430343121 0.159384072 0.307170749
v 0.537258446 0.309404075 0.335448086
v 0.411652446 0.157540917 0.359901458
v 0.549076498 0.142383918 0.374943525
v 0.604814529 0.186132535 0.438170284
v 0.402421296 0.178996533 0.36645022
v 0.599778712 0.236996084 0.469575316
v 0.395302653 0.175420403 0.52138114
v 0.502108037 0.144995317 0.312351018
v 0.606234372 0.208754301 0.3300035
v 0.603224099 0.180591151 0.435854375
v 0.5883286 0.276437998 0.441705585
v 0.506732941 0.313784957 0.441120178
v 0.433480293 0.295441508 0.334831506
v 0.398407519 0.228818133 0.447452635
v 0.589784026 0.275714427 0.409105182
v 0.587039292 0.149262846 0.449428082
v 0.406032056 0.166463524 0.328314394
v 0.450113624 0.306802481 0.341795564
v 0.598744333 0.165613428 0.456563145
v 0.578565359 0.136939034 0.479724348
v 0.564890385 0.212685972 0.613628447
v 0.409820527 0.171268448 0.557358742
v 0.60361141 0.179768056 0.455960512
v 0.480300933 0.314209342 0.459368289
v 0.508714914 0.145103201 0.310085475
v 0.557021141 0.238012791 0.637397766
v 0.589788437 0.156883538 0.5404284
v 0.480444729 0.312990308 0.421952575
v 0.397413999 0.236853972 0.390233397
v 0.419595212 0.157142982 0.547978044
v 0.472483814 0.31541267 0.502484441
v 0.566299856 0.299834013 0.370470643
v 0.415631801 0.283859551 0.49796471
v 0.397135079 0.1814702 0.302487969
v 0.555929005 0.314103603 0.623017848
v 0.589536726 0.264232785 0.643529117
v 0.512587965 0.139713004 0.376377761
v 0.405886501 0.266412824 0.3652426
v 0.405210018 0.16539903 0.437119126
v 0.428886503 0.302345842 0.511045039
v 0.565919399 0.139202774 0.420793414
v 0.490436167 0.311052799 0.362665266
v 0.448087007 0.30981499 0.439112723
v 0.457864821 0.236414775 0.639238954
v 0.602095664 0.196221113 0.346776485
v 0.469458103 0.318432122 0.575551629
v 0.583244562 0.287211388 0.419859797
v 0.52674979 0.131692365 0.507095098
v 0.563376725 0.307392627 0.46833384
v 0.577082038 0.168155476 0.561679244
v 0.593231976 0.268176258 0.395340949
v 0.431242853 0.205228895 0.604387641
v 0.491910487 0.315260589 0.490626246
v 0.433977962 0.236204177 0.635919809
v 0.459887773 0.14843455 0.322462767
v 0.558857739 0.304118335 0.362041384
v 0.601283848 0.23901625 0.40283978
v 0.404824138 0.265578955 0.304380774
v 0.543044329 0.310468465 0.634983361
v 0.429784209 0.246082574 0.639832139
v 0.393369853 0.193003789 0.394874603
v 0.432975113 0.315103799 0.601702273
v 0.510834992 0.317508101 0.560609758
v 0.402638078 0.180435076 0.387307048
v 0.48714295 0.312611341 0.409731984
v 0.554406106 0.138123274 0.415029436
v 0.533182502 0.310403049 0.348289967
v 0.603027642 0.176067531 0.461819082
v 0.524729669 0.147974119 0.29883796
v 0.454806507 0.31514135 0.537059486
v 0.603698432 0.18841204 0.33141923
v 0.601364136 0.175085485 0.335587651
v 0.449473798 0.167457744 0.568021238
v 0.422338516 0.161347613 0.314824075
v 0.398227125 0.257665515 0.513840079
v 0.578193545 0.247944862 0.640186369
v 0.397134095 0.22363852 0.43436569
v 0.488795549 0.141831324 0.534597576
v 0.476617515 0.312437057 0.407360464
v 0.504905403 0.310792506 0.348757416
v 0.583127201 0.160338789 0.333951801
v 0.485901982 0.313420504 0.434062958
v 0.397775739 0.236604452 0.398644686
v 0.411910713 0.154039875 0.424126774
v 0.586998165 0.159837306 0.340892702
v 0.428756356 0.304660648 0.534110188
v 0.507632971 0.14601934 0.54106617
v 0.588661075 0.14044033 0.516242623
v 0.445399851 0.307561368 0.406753123
v 0.486676335 0.136867166 0.415550411
v 0.41919452 0.230490491 0.628988445
v 0.600914299 0.179329172 0.415864825
v 0.418764293 0.143457219 0.430564404
v 0.470889002 0.311293244 0.379443377
v 0.552390218 0.148232505 0.334621906
v 0.47643137 0.318226367 0.578570843
v 0.605354965 0.226291344 0.386561781
v 0.559291422 0.149933308 0.547020614
v 0.584224403 0.1579151 0.348445952
v 0.555923223 0.299625635 0.643107295
v 0.396650463 0.194140285 0.330151111
v 0.409280181 0.15759334 0.405221194
v 0.427103847 0.302184522 0.528509021
v 0.4186382 0.191215202 0.585816443
v 0.598051786 0.257511854 0.363213837
v 0.518070757 0.315194845 0.482003182
v 0.429534316 0.290059119 0.644749939
v 0.559602499 0.146442264 0.359379113
v 0.488269866 0.132053152 0.48659268
v 0.541271508 0.317183137 0.55472362
v 0.533885539 0.131221101 0.508640707
v 0.42403549 0.278577209 0.64597863
v 0.432473481 0.305607289 0.506594539
v 0.47385636 0.177942514 0.582690358
v 0.459910989 0.134345889 0.446009696
v 0.454671144 0.305496275 0.304160804
v 0.556228101 0.310846448 0.470395714
v 0.522991478 0.146522239 0.305820316
v 0.486658365 0.133611888 0.51510942
v 0.400934726 0.249475986 0.390863329
v 0.531601548 0.197987512 0.608416557
v 0.592277229 0.158351779 0.382029325
v 0.587464571 0.279562652 0.498119831
v 0.460722625 0.140023708 0.391116947
v 0.511504352 0.316889018 0.53915441
v 0.577176869 0.149436265 0.380378634
v 0.433667302 0.183710679 0.581821382
v 0.403126419 0.25216642 0.477895677
v 0.398182601 0.250464767 0.327766478
v 0.500863969 0.317209035 0.55198139
v 0.40416196 0.263233781 0.353993565
v 0.493689299 0.141804025 0.35143283
v 0.413164943 0.151082918 0.444322646
v 0.460472882 0.134662703 0.525725842
v 0.575302482 0.296488643 0.42203626
v 0.579221845 0.286198825 0.317991138
v 0.598583281 0.179426968 0.404843897
v 0.412223339 0.275782406 0.436922669
v 0.488020241 0.316116929 0.51826328
v 0.476380587 0.317872554 0.605664551
v 0.462630242 0.146411121 0.544346392
v 0.397663414 0.19765009 0.345767349
v 0.466361463 0.307161689 0.299500883
v 0.498427808 0.313325763 0.429323554
v 0.409179151 0.268490016 0.43455559
v 0.594394088 0.167913362 0.319921315
v 0.389901519 0.211375073 0.343808383
v 0.492671758 0.313782394 0.444437623
v 0.598814309 0.171424717 0.324402452
v 0.48479715 0.312838018 0.416786373
v 0.585798085 0.282475531 0.434693217
v 0.596876144 0.175677344 0.409288794
v 0.465935588 0.298433155 0.65235281
v 0.441865623 0.134368062 0.453541845
v 0.529234886 0.31512174 0.475486547
v 0.45470354 0.314839184 0.624785483
v 0.54923439 0.131181553 0.477988839
v 0.479690254 0.134411767 0.446838737
v 0.584571838 0.284941882 0.38409403
v 0.49858427 0.133862555 0.457167149
v 0.562843144 0.25491792 0.643483222
v 0.595790744 0.281898379 0.521981061
v 0.474570483 0.308045626 0.299161732
v 0.467785239 0.304865271 0.645486712
v 0.416573972 0.283931732 0.485498935
v 0.488180339 0.309359848 0.315602899
v 0.415740281 0.282559484 0.44415763
v 0.60625416 0.205918744 0.416677952
v 0.393445879 0.183616325 0.509293139
v 0.523233354 0.145377904 0.541084826
v 0.516263247 0.311613917 0.368750602
v 0.454180568 0.316300571 0.551309407
v 0.593900204 0.267073989 0.388220459
v 0.462833583 0.134873226 0.440017402
v 0.570002317 0.303249389 0.481296778
v 0.455908328 0.144820258 0.356762886
v 0.608562887 0.227844164 0.335470229
v 0.589259863 0.273260534 0.449735761
v 0.5161708 0.312253892 0.388798714
v 0.560812593 0.29796499 0.300347894
v 0.45040375 0.247505412 0.642727613
v 0.449364811 0.313920081 0.531543612
v 0.546029091 0.311034352 0.393409312
v 0.595099688 0.262703329 0.394413978
v 0.472853184 0.31371513 0.446682215
v 0.512011528 0.165771633 0.567935705
v 0.569728732 0.303035587 0.469197035
v 0.393024683 0.205740362 0.401815891
v 0.537513971 0.146138072 0.33266896
v 0.461155593 0.319388509 0.591815829
v 0.412987471 0.277255803 0.484366298
v 0.46400094 0.221654683 0.631200194
v 0.595338404 0.172112986 0.554378867
v 0.445476145 0.304034412 0.329241365
v 0.50769347 0.133008689 0.469857782
v 0.394580692 0.243657947 0.300871819
v 0.510797083 0.313586235 0.433326602
v 0.485009015 0.139382094 0.382378429
v 0.459332645 0.305964082 0.299671561
v 0.524978876 0.3167831 0.533960223
v 0.449499398 0.307036698 0.350844741
v 0.57722348 0.304678828 0.630137324
v 0.519231975 0.315372139 0.487393796
v 0.419789284 0.137433559 0.486372352
v 0.548071086 0.210350946 0.61608386
v 0.546487391 0.319303602 0.594840348
v 0.442427784 0.30441168 0.371869028
v 0.529926479 0.144772589 0.332873195
v 0.471902877 0.314734906 0.478617042
v 0.513260543 0.132171288 0.505884707
v 0.414594561 0.239152148 0.636280835
v 0.444621056 0.180990607 0.581571519
v 0.42686981 0.293331325 0.362138867
v 0.602189183 0.242847711 0.505904019
v 0.487098724 0.138499931 0.528787076
v 0.436992139 0.301019043 0.639792919
v 0.446814835 0.306304842 0.358406067
v 0.575500965 0.207818151 0.605350912
v 0.546544909 0.311367095 0.406853706
v 0.53938359 0.192125887 0.598540962
v 0.548329234 0.130733579 0.48411566
v 0.515111983 0.146721527 0.297951013
v 0.405291617 0.257337242 0.445965946
v 0.475867987 0.14062497 0.371539772
v 0.565969408 0.13202396 0.477736175
v 0.540597796 0.318152875 0.613308907
v 0.574446797 0.149895653 0.542712986
v 0.399408996 0.254163086 0.506297946
v 0.541062951 0.133258879 0.456772506
v 0.579638481 0.271068782 0.645300865
v 0.59404856 0.161221385 0.375280946
v 0.46235618 0.13927421 0.396567851
v 0.428732604 0.30057326 0.46860218
v 0.543699384 0.313934058 0.465484411
v 0.548558235 0.179849729 0.582002521
v 0.525137186 0.139824048 0.37951684
v 0.50647217 0.312432528 0.398779064
v 0.470469266 0.141892076 0.53646332
v 0.456336886 0.131685302 0.473877549
v 0.41572696 0.138189107 0.496240854
v 0.460010439 0.316648424 0.549114168
v 0.430275977 0.134545282 0.465965509
v 0.394530565 0.230419546 0.364961535
v 0.396551222 0.238706261 0.365975022
v 0.396629691 0.222632632 0.426585972
v 0.568680048 0.302790016 0.445792973
v 0.592703044 0.26317054 0.466152847
v 0.489138424 0.160055876 0.560100019
v 0.401115298 0.258497626 0.502402484
v 0.562937915 0.133246079 0.463641226
v 0.514025271 0.312562257 0.399528056
v 0.566152573 0.293813109 0.299837202
v 0.57352525 0.134522334 0.473338187
v 0.543278217 0.134477437 0.442966044
v 0.464461565 0.319281995 0.598707497
v 0.448098421 0.142791539 0.381955832
v 0.415767699 0.183376029 0.575570047
v 0.49817422 0.315694809 0.503298581
v 0.505589843 0.134839639 0.443076551
v 0.537144005 0.135843068 0.527651191
v 0.41450423 0.282402784 0.396550357
v 0.464233071 0.14951165 0.306900859
v 0.490542352 0.315938652 0.512301028
v 0.501055121 0.146242246 0.299387336
v 0.429310799 0.147814974 0.541839004
v 0.593955576 0.265157104 0.401341796
v 0.469860882 0.310751885 0.366475642
v 0.49060443 0.14021416 0.371439904
v 0.39758718 0.22280556 0.44936803
v 0.605788708 0.213081688 0.414490998
v 0.436206579 0.302233517 0.398219168
v 0.398694545 0.161395669 0.535748184
v 0.596279621 0.16658783 0.345946461
v 0.425829738 0.297749519 0.457538754
v 0.467428803 0.14961493 0.299668998
v 0.477034599 0.31061542 0.357914448
v 0.395114541 0.162851602 0.511542678
v 0.496596724 0.317534328 0.564762592
v 0.492696017 0.132696599 0.474661231
v 0.497860909 0.313957214 0.448983073
v 0.41300723 0.276023954 0.307807058
v 0.537648737 0.313990295 0.443234861
v 0.432642221 0.141612783 0.409681767
v 0.549582601 0.201196507 0.605377913
v 0.467422396 0.315584928 0.513090849
v 0.591572762 0.150333822 0.531165838
v 0.465814352 0.139951631 0.387222618
v 0.479892522 0.315615863 0.504532695
v 0.511737883 0.315236628 0.485630274
v 0.467821002 0.16618596 0.567769706
v 0.45652172 0.143747106 0.364179194
v 0.531158388 0.141936019 0.361270398
v 0.402369231 0.165480211 0.451097757
v 0.59479785 0.269058466 0.359235495
v 0.425778836 0.159724712 0.553703427
v 0.496848017 0.13337931 0.46437642
v 0.525260746 0.315888733 0.503602862
v 0.577526987 0.285114855 0.298826247
v 0.541757941 0.143604457 0.541273057
v 0.439017326 0.299882859 0.331148863
v 0.491208166 0.312827677 0.415370136
v 0.408031255 0.158136874 0.385593444
v 0.394372433 0.199527711 0.319529533
v 0.594725311 0.269859493 0.351956934
v 0.39272058 0.198751941 0.400628328
v 0.486206383 0.315103203 0.486491919
v 0.405145228 0.262314111 0.390414149
v 0.412352681 0.163443491 0.325599819
v 0.5232113 0.313677937 0.430276215
v 0.488955677 0.309666902 0.322416782
v 0.413088351 0.151453748 0.536800623
v 0.440173864 0.305285782 0.410710394
v 0.515148044 0.15279679 0.550806224
v 0.557455599 0.129549682 0.495924145
v 0.46352464 0.312170386 0.416774035
v 0.422493041 0.147806719 0.387501597
v 0.500424385 0.313108534 0.421977103
v 0.536316156 0.146825969 0.325562477
v 0.56590271 0.148532555 0.357999146
v 0.408179909 0.164140806 0.333139896
v 0.451391339 0.311572284 0.45876947
v 0.537665367 0.315491796 0.499913722
v 0.398693115 0.248584822 0.351211697
v 0.544290483 0.306291431 0.63992095
v 0.578564346 0.164295912 0.30342558
v 0.465561271 0.301775277 0.648956954
v 0.439849228 0.138194218 0.425792426
v 0.420183748 0.290283084 0.486364603
v 0.469646782 0.318625778 0.603885591
v 0.508586526 0.146383613 0.298755854
v 0.512410939 0.310988843 0.35142675
v 0.44711563 0.210188434 0.614420831
v 0.415163875 0.290512949 0.518720567
v 0.407365322 0.170000613 0.40103519
v 0.587586641 0.158020377 0.354179263
v 0.399005949 0.247617781 0.364488721
v 0.549352407 0.139019936 0.535190761
v 0.472627908 0.173651338 0.577134788
v 0.4019458 0.173928499 0.36185497
v 0.411537349 0.155901566 0.373554558
v 0.529092848 0.147121102 0.310056955
v 0.528546572 0.136855081 0.414834499
v 0.465367407 0.318057418 0.615220845
v 0.513968587 0.132545069 0.476232886
v 0.578820646 0.296676487 0.638076067
v 0.39403224 0.173765495 0.515107214
v 0.551869869 0.13342692 0.455782026
v 0.515644133 0.133654878 0.458332181
v 0.460329652 0.130106375 0.504113495
v 0.399804801 0.172243655 0.328138262
v 0.471129239 0.308108956 0.306004465
v 0.581989706 0.288621902 0.467098713
v 0.429993719 0.299442828 0.63893652
v 0.526214063 0.31831032 0.576559186
v 0.603784919 0.206869155 0.45661962
v 0.597380579 0.17242974 0.310258597
v 0.562798321 0.130214944 0.490928292
v 0.449275941 0.133896843 0.453177482
v 0.589524567 0.275580376 0.416681528
v 0.560546756 0.153788373 0.314479649
v 0.595387459 0.264909655 0.373910993
v 0.563815832 0.308956057 0.510011673
v 0.579362273 0.292310327 0.419071496
v 0.551093817 0.318152785 0.602364063
v 0.597238123 0.249417111 0.437365144
v 0.422473788 0.29373768 0.480380446
v 0.485677451 0.137410864 0.408433944
v 0.596863687 0.166486681 0.369185448
v 0.518691182 0.146451652 0.301480651
v 0.600025475 0.257522404 0.314431161
v 0.51937747 0.316233516 0.516168594
v 0.405845582 0.258774042 0.453794301
v 0.407991469 0.15385811 0.467506021
v 0.498511702 0.145621166 0.30564779
v 0.573567629 0.211895466 0.610179365
v 0.448474914 0.30985707 0.432180285
v 0.532693982 0.15035899 0.548820257
v 0.395338714 0.235051155 0.36027649
v 0.553488731 0.30853644 0.391727924
v 0.430967897 0.299062282 0.399556041
v 0.515407324 0.311176956 0.356623739
v 0.403091639 0.153957263 0.48505652
v 0.424662322 0.286526293 0.305394739
v 0.418612421 0.287689894 0.440324455
v 0.432138532 0.133627579 0.524407625
v 0.459905744 0.292625606 0.653751433
v 0.401213497 0.254402846 0.364280522
v 0.398481995 0.187606424 0.33966893
v 0.522184968 0.143693626 0.332566351
v 0.559116721 0.215295419 0.618266165
v 0.546379685 0.221505493 0.627946198
v 0.448664546 0.136843219 0.53195405
v 0.430995107 0.295243204 0.359162897
v 0.51073283 0.316796899 0.603970885
v 0.535536408 0.308116734 0.310946405
v 0.406503856 0.266897053 0.378863394
v 0.603307843 0.176314458 0.475945771
v 0.583481729 0.166934803 0.557602584
v 0.409532577 0.156493589 0.448156536
v 0.447585642 0.138595834 0.415008575
v 0.456135303 0.31927678 0.595295131
v 0.459663749 0.314787179 0.508776128
v 0.598990619 0.240681022 0.46123293
v 0.483779252 0.144131407 0.321598947
v 0.413941443 0.280606925 0.410414994
v 0.599580765 0.245706886 0.49277249
v 0.547727942 0.305313766 0.307731509
v 0.602192044 0.171490088 0.468576223
v 0.453028738 0.273597479 0.653828382
v 0.545582056 0.242078066 0.64125371
v 0.590296566 0.17035909 0.2997697
v 0.405179858 0.265769273 0.348707259
v 0.460753083 0.315777332 0.535070002
v 0.490323514 0.310098797 0.334628284
v 0.455453753 0.143020734 0.371476859
v 0.603837073 0.18346265 0.463217556
v 0.555003881 0.303662896 0.325463891
v 0.55268383 0.172726557 0.573290765
v 0.544228792 0.236513212 0.638600171
v 0.604813337 0.243083507 0.312721044
v 0.580079734 0.180360824 0.57412684
v 0.490364641 0.170688406 0.574447095
v 0.598272383 0.262286544 0.330050439
v 0.39676562 0.212663993 0.486617953
v 0.429398626 0.302741736 0.499015152
v 0.394252181 0.180307657 0.489714265
v 0.57489562 0.286053061 0.644964874
v 0.457094789 0.308099121 0.340115517
v 0.576130092 0.29415518 0.396124989
v 0.441298068 0.138606519 0.534268737
v 0.433085144 0.293798685 0.31518811
v 0.415938228 0.152948514 0.375632614
v 0.426158309 0.138743758 0.441348284
v 0.599568605 0.171604067 0.341689616
v 0.465215832 0.140697688 0.381070018
v 0.572579265 0.289027721 0.29967171
v 0.548811078 0.135175079 0.437315851
v 0.460190445 0.137708277 0.413415641
v 0.604869246 0.201572433 0.352576911
v 0.567573547 0.29395771 0.312348425
v 0.402214915 0.168042958 0.442191035
v 0.555982471 0.300836742 0.298667192
v 0.534320354 0.149968654 0.297182053
v 0.482155919 0.312015623 0.393748581
v 0.517183721 0.313984156 0.623692214
v 0.481178522 0.133863002 0.4542979
v 0.439832121 0.155402124 0.552748024
v 0.419893891 0.174474746 0.567777812
v 0.397113711 0.223675817 0.497433305
v 0.395340443 0.188570946 0.483516783
v 0.40437001 0.25861007 0.400956511
v 0.424301594 0.219007477 0.61754936
v 0.405778676 0.279685199 0.513944924
v 0.455279589 0.187729195 0.591781557
v 0.606323183 0.23166585 0.347624749
v 0.397741318 0.248064786 0.511083364
v 0.421575814 0.203666732 0.600220323
v 0.435616374 0.295603424 0.309146285
v 0.402548403 0.261025906 0.309462696
v 0.413047075 0.264609575 0.643899143
v 0.445586741 0.302824557 0.314317465
v 0.588389695 0.274469942 0.302072376
v 0.397823155 0.250519335 0.300008684
v 0.492757916 0.31237644 0.625839174
v 0.397492528 0.177696496 0.335779667
v 0.479825526 0.310249835 0.634952664
v 0.401106328 0.243263021 0.476675063
v 0.398225218 0.182284817 0.33892414
v 0.587671399 0.150863424 0.423455238
v 0.446291178 0.224838421 0.629678905
v 0.412696451 0.279878318 0.357323498
v 0.571619987 0.291533411 0.320206106
v 0.6052351 0.211926267 0.509628177
v 0.429448634 0.138420239 0.437136441
v 0.543414414 0.30836457 0.32998237
v 0.545160651 0.152146071 0.551548123
v 0.599954128 0.182721198 0.39945659
v 0.434065014 0.195986822 0.595100701
v 0.399474204 0.250190437 0.357592404
v 0.422391295 0.293416977 0.436102301
v 0.426207572 0.29862228 0.48195979
v 0.51603657 0.308955461 0.296550184
v 0.464823067 0.312700242 0.429241478
v 0.422340631 0.292663664 0.393041849
v 0.395994693 0.200490281 0.352213502
v 0.601097882 0.188121825 0.385578007
v 0.396421045 0.230778575 0.510443747
v 0.456558287 0.280290633 0.656653583
v 0.568911135 0.143782854 0.537754118
v 0.402709305 0.258693874 0.495619148
v 0.551921904 0.318684369 0.587629497
v 0.487538934 0.141866148 0.349157542
v 0.593383312 0.167087004 0.411539793
v 0.396982074 0.226553574 0.421968341
v 0.610485792 0.219063744 0.332077235
v 0.57222271 0.134968817 0.464659542
v 0.588742793 0.278894573 0.398031324
v 0.472355217 0.196913153 0.607921541
v 0.464660525 0.313212126 0.441167861
v 0.603773057 0.214798391 0.440908492
v 0.581585526 0.223978058 0.621462166
v 0.463798046 0.314260364 0.477533937
vt 0.806318998 0.621195972 0
vt 0.808752 0.863372982 0
vt 0.746654987 1.02556801 0
vt 0.679668009 1.05201006 0
vt 0.569411993 1.05201006 0
vt 0.502425015 1.02556801 0
vt 0.438710988 0.866609991 0
vt 0.436040998 0.622560978 0
vt -0.62133199 0.852042019 0
vt -0.680848002 1.03362799 0
vt -0.751361012 1.04949403 0
vt -0.808058977 0.910512984 0
vt -0.862578988 1.04949403 0
vt -0.933091998 1.03362799 0
vt -0.99584502 0.853659987 0
vt -0.99337101 0.609539986 0
vt -0.621592999 0.608547986 0
vt 0.446048498 0.622524083 0
vt 0.456055999 0.622487187 0
vt 0.466063499 0.622450292 0
vt 0.47607109 0.622413397 0
vt 0.48607859 0.622376502 0
vt 0.496086091 0.622339606 0
vt 0.506093621 0.622302771 0
vt 0.516101122 0.622265875 0
vt 0.526108623 0.62222898 0
vt 0.536116123 0.622192085 0
vt 0.546123624 0.62215519 0
vt 0.556131184 0.622118294 0
vt 0.566138685 0.622081399 0
vt 0.576146185 0.622044504 0
vt 0.586153686 0.622007608 0
vt 0.596161187 0.621970713 0
vt 0.606168687 0.621933818 0
vt 0.616176188 0.621896923 0
vt 0.626183808 0.621860087 0
vt 0.636191308 0.621823192 0
vt 0.646198809 0.621786296 0
vt 0.65620631 0.621749401 0
vt 0.66621381 0.621712506 0
vt 0.676221311 0.621675611 0
vt 0.686228812 0.621638715 0
vt 0.696236372 0.62160182 0
vt 0.706243873 0.621564925 0
vt 0.716251373 0.621528029 0
vt 0.726258874 0.621491075 0
vt 0.736266375 0.621454179 0
vt 0.746273875 0.621417403 0
vt 0.756281376 0.621380508 0
vt 0.766288877 0.621343613 0
vt 0.776296496 0.621306717 0
vt 0.786303997 0.621269822 0
vt 0.796311498 0.621232927 0
vt 0.806416273 0.630883098 0
vt 0.806513608 0.640570223 0
vt 0.806611001 0.65025717 0
vt 0.806708276 0.659944296 0
vt 0.806805611 0.669631422 0
vt 0.806902885 0.679318488 0
vt 0.80700022 0.689005613 0
vt 0.807097614 0.69869262 0
vt 0.807194889 0.708379686 0
vt 0.807292223 0.718066812 0
vt 0.807389498 0.727753878 0
vt 0.807486773 0.737441003 0
vt 0.807584226 0.74712801 0
vt 0.807681501 0.756815076 0
vt 0.807778776 0.766502202 0
vt 0.80787611 0.776189327 0
vt 0.807973385 0.785876393 0
vt 0.808070779 0.7955634 0
vt 0.808168113 0.805250525 0
vt 0.808265388 0.814937592 0
vt 0.808362722 0.824624717 0
vt 0.808459997 0.834311783 0
vt 0.808557391 0.84399879 0
vt 0.808654726 0.853685915 0
vt 0.798948586 0.864332974 0
vt 0.789148927 0.865329623 0
vt 0.779354811 0.866378903 0
vt 0.769570827 0.8675192 0
vt 0.759809077 0.868836224 0
vt 0.750075996 0.87034452 0
vt 0.740387976 0.872114778 0
vt 0.730776787 0.87425822 0
vt 0.721307516 0.876953483 0
vt 0.712127924 0.880493999 0
vt 0.703596115 0.885354698 0
vt 0.696555674 0.892156422 0
vt 0.693288386 0.901403785 0
vt 0.692387998 0.911212802 0
vt 0.693356097 0.920975626 0
vt 0.695356607 0.930589199 0
vt 0.698292971 0.939991593 0
vt 0.702051699 0.949086905 0
vt 0.706044018 0.958090007 0
vt 0.710642219 0.966801107 0
vt 0.715316892 0.975469589 0
vt 0.720328629 0.983949482 0
vt 0.725386381 0.992401481 0
vt 0.730643213 1.00073195 0
vt 0.735912979 1.00905395 0
vt 0.741284013 1.01731098 0
vt 0.738281608 1.02887297 0
vt 0.729908288 1.032179 0
vt 0.721534908 1.03548396 0
vt 0.713161528 1.03878903 0
vt 0.704788089 1.04209399 0
vt 0.696414709 1.04539895 0
vt 0.688041389 1.04870498 0
vt 0.67430222 1.04350102 0
vt 0.668852329 1.03504598 0
vt 0.663224995 1.02670896 0
vt 0.657283306 1.01859295 0
vt 0.650828898 1.01088297 0
vt 0.643595397 1.00391495 0
vt 0.635204911 0.998448193 0
vt 0.625378489 0.996882021 0
vt 0.615875483 0.999903619 0
vt 0.607489228 1.00540495 0
vt 0.60014081 1.01226401 0
vt 0.593401015 1.01972604 0
vt 0.587085426 1.02755296 0
vt 0.581052303 1.03560102 0
vt 0.575191081 1.04377604 0
vt 0.561038613 1.04870498 0
vt 0.552665293 1.04539895 0
vt 0.544291914 1.04209399 0
vt 0.535918474 1.03878903 0
vt 0.527545094 1.03548396 0
vt 0.519171774 1.032179 0
vt 0.510798395 1.02887297 0
vt 0.508123219 1.01729095 0
vt 0.513821304 1.00901306 0
vt 0.519411802 1.00066304 0
vt 0.524964511 0.992287219 0
vt 0.530344188 0.983801425 0
vt 0.535575926 0.975221515 0
vt 0.540551901 0.966496885 0
vt 0.545216203 0.957595706 0
vt 0.549376786 0.948463619 0
vt 0.553082228 0.939122498 0
vt 0.5554896 0.929389298 0
vt 0.556789398 0.919499099 0
vt 0.556220293 0.909466088 0
vt 0.552204192 0.900335193 0
vt 0.545013905 0.893383026 0
vt 0.536489785 0.888098717 0
vt 0.527268708 0.884116709 0
vt 0.517739594 0.880932927 0
vt 0.5080446 0.878292978 0
vt 0.498249799 0.876047373 0
vt 0.488387793 0.874116778 0
vt 0.47848621 0.872402608 0
vt 0.468560606 0.870834112 0
vt 0.458619088 0.869367599 0
vt 0.448667794 0.867969096 0
vt 0.438604206 0.856848001 0
vt 0.438497394 0.847086072 0
vt 0.438390613 0.837324083 0
vt 0.438283801 0.827562213 0
vt 0.43817699 0.817800224 0
vt 0.438070208 0.808038175 0
vt 0.437963396 0.798276305 0
vt 0.437856615 0.788514316 0
vt 0.437749803 0.778752387 0
vt 0.437642992 0.768990397 0
vt 0.43753621 0.759228408 0
vt 0.437429398 0.749466479 0
vt 0.437322587 0.73970449 0
vt 0.437215805 0.72994262 0
vt 0.437108994 0.720180571 0
vt 0.437002212 0.710418582 0
vt 0.4368954 0.700656712 0
vt 0.436788589 0.690894723 0
vt 0.436681807 0.681132793 0
vt 0.436574996 0.671370804 0
vt 0.436468214 0.661608815 0
vt 0.436361402 0.651846886 0
vt 0.436254591 0.642084897 0
vt 0.436147809 0.632323027 0
vt -0.621582627 0.618287802 0
vt -0.621572077 0.628027499 0
vt -0.621561706 0.637767315 0
vt -0.621551216 0.647507012 0
vt -0.621540785 0.657246828 0
vt -0.621530414 0.666986585 0
vt -0.621519923 0.676726282 0
vt -0.621509492 0.686466098 0
vt -0.621499002 0.696205795 0
vt -0.621488571 0.705945611 0
vt -0.6214782 0.715685427 0
vt -0.62146771 0.725425124 0
vt -0.621457279 0.735164881 0
vt -0.621446788 0.744904578 0
vt -0.621436417 0.754644394 0
vt -0.621425986 0.76438421 0
vt -0.621415496 0.774123907 0
vt -0.621405125 0.783863723 0
vt -0.621394575 0.79360342 0
vt -0.621384203 0.803343177 0
vt -0.621373773 0.813082993 0
vt -0.621363282 0.82282269 0
vt -0.621352911 0.832562506 0
vt -0.621342421 0.842302203 0
vt -0.629553199 0.857801676 0
vt -0.637736678 0.863614619 0
vt -0.645846605 0.869529605 0
vt -0.653841794 0.875598192 0
vt -0.661671519 0.881878078 0
vt -0.669271827 0.888432324 0
vt -0.676558912 0.895331383 0
vt -0.683422685 0.902649581 0
vt -0.689717889 0.910459876 0
vt -0.695257902 0.918820977 0
vt -0.69981879 0.927754223 0
vt -0.703005075 0.937268496 0
vt -0.704433322 0.947204292 0
vt -0.704374611 0.957233787 0
vt -0.70319128 0.967190027 0
vt -0.701188326 0.977015793 0
vt -0.698589623 0.98670578 0
vt -0.695550323 0.996271491 0
vt -0.692111075 1.00570202 0
vt -0.688461483 1.01505196 0
vt -0.684695125 1.02435601 0
vt -0.689662099 1.03561103 0
vt -0.698476315 1.03759503 0
vt -0.707290411 1.03957796 0
vt -0.716104507 1.04156101 0
vt -0.724918604 1.04354405 0
vt -0.7337327 1.04552698 0
vt -0.742546916 1.04751098 0
vt -0.755140901 1.04022896 0
vt -0.758920729 1.03096294 0
vt -0.762700617 1.021698 0
vt -0.766480505 1.01243198 0
vt -0.770260274 1.00316703 0
vt -0.774040222 0.99390161 0
vt -0.77782011 0.984636188 0
vt -0.781599879 0.975370824 0
vt -0.785379827 0.966105402 0
vt -0.789159715 0.956839979 0
vt -0.792939484 0.947574615 0
vt -0.796719372 0.938309193 0
vt -0.80049932 0.929043829 0
vt -0.804279089 0.919778407 0
vt -0.811693728 0.919778407 0
vt -0.8153283 0.929043829 0
vt -0.818962991 0.938309193 0
vt -0.822597682 0.947574615 0
vt -0.826232314 0.956839979 0
vt -0.829867005 0.966105402 0
vt -0.833501697 0.975370824 0
vt -0.837136328 0.984636188 0
vt -0.840771019 0.99390161 0
vt -0.844405711 1.00316703 0
vt -0.848040283 1.01243198 0
vt -0.851674974 1.021698 0
vt -0.855309725 1.03096294 0
vt -0.858944297 1.04022896 0
vt -0.871393085 1.04751098 0
vt -0.8802073 1.04552698 0
vt -0.889021397 1.04354405 0
vt -0.897835493 1.04156101 0
vt -0.90664959 1.03957796 0
vt -0.915463805 1.03759503 0
vt -0.924277902 1.03561103 0
vt -0.928890705 1.02452195 0
vt -0.924778104 1.01537502 0
vt -0.920770288 1.00618303 0
vt -0.91710937 0.99684608 0
vt -0.913849115 0.987367213 0
vt -0.911102295 0.977732718 0
vt -0.909096301 0.967913091 0
vt -0.908388793 0.957909286 0
vt -0.909437776 0.947951376 0
vt -0.912356794 0.93839252 0
vt -0.916702986 0.929365575 0
vt -0.922010183 0.920859814 0
vt -0.928009808 0.912827075 0
vt -0.934543073 0.905221879 0
vt -0.941494226 0.89799571 0
vt -0.948767781 0.891093373 0
vt -0.956289589 0.884461582 0
vt -0.963998795 0.878048122 0
vt -0.9718467 0.871804476 0
vt -0.97979331 0.865686774 0
vt -0.987803221 0.859652102 0
vt -0.995746017 0.843895197 0
vt -0.995647073 0.834130406 0
vt -0.995548129 0.824365616 0
vt -0.995449185 0.814600825 0
vt -0.995350182 0.804835975 0
vt -0.995251179 0.795071185 0
vt -0.995152295 0.785306394 0
vt -0.995053291 0.775541604 0
vt -0.994954407 0.765776813 0
vt -0.994855404 0.756012022 0
vt -0.994756401 0.746247172 0
vt -0.994657516 0.736482382 0
vt -0.994558513 0.726717591 0
vt -0.994459629 0.716952801 0
vt -0.994360626 0.70718801 0
vt -0.994261622 0.69742322 0
vt -0.994162679 0.687658429 0
vt -0.994063675 0.677893579 0
vt -0.993964791 0.668128788 0
vt -0.993865788 0.658363998 0
vt -0.993766785 0.648599207 0
vt -0.993667901 0.638834417 0
vt -0.993568897 0.629069626 0
vt -0.993470013 0.619304776 0
vt -0.983322918 0.609513223 0
vt -0.973274887 0.609486401 0
vt -0.963226795 0.609459579 0
vt -0.953178823 0.609432817 0
vt -0.943130672 0.609405875 0
vt -0.9330827 0.609379113 0
vt -0.923034608 0.609352291 0
vt -0.912986577 0.609325528 0
vt -0.902938485 0.609298706 0
vt -0.892890513 0.609271884 0
vt -0.882842422 0.609245121 0
vt -0.87279439 0.609218299 0
vt -0.862746298 0.609191477 0
vt -0.852698207 0.609164596 0
vt -0.842650175 0.609137774 0
vt -0.832602084 0.609111011 0
vt -0.822554111 0.609084189 0
vt -0.81250602 0.609057426 0
vt -0.802457988 0.609030604 0
vt -0.792409897 0.609003782 0
vt -0.782361925 0.60897702 0
vt -0.772313774 0.608950198 0
vt -0.762265801 0.608923376 0
vt -0.75221771 0.608896494 0
vt -0.742169619 0.608869672 0
vt -0.732121587 0.608842909 0
vt -0.722073495 0.608816087 0
vt -0.712025523 0.608789325 0
vt -0.701977372 0.608762503 0
vt -0.6919294 0.608735681 0
vt -0.681881309 0.608708918 0
vt -0.671833277 0.608682096 0
vt -0.661785185 0.608655214 0
vt -0.651737213 0.608628392 0
vt -0.641689122 0.60860163 0
vt -0.63164109 0.608574808 0
vt 0.508425951 0.742257178 0
vt 0.566860497 0.668915272 0
vt 0.581201375 0.860801637 0
vt 0.659392059 0.891194701 0
vt 0.62738049 0.724792778 0
vt 0.643505156 0.632299066 0
vt 0.675029516 0.827899516 0
vt 0.712275684 0.68453753 0
vt 0.72077632 0.639904678 0
vt 0.732036889 0.662812769 0
vt 0.756205082 0.846228182 0
vt 0.714502752 0.842750013 0
vt 0.784874022 0.858644664 0
vt 0.594180763 0.887136042 0
vt 0.581315815 0.939992607 0
vt 0.571055532 0.912535846 0
vt 0.648486614 0.941993177 0
vt 0.669997215 0.96773231 0
vt 0.676686645 1.01205266 0
vt 0.72446692 1.02090883 0
vt 0.690717995 1.03454721 0
vt 0.563191593 0.987742841 0
vt 0.536366522 1.00159085 0
vt 0.553571284 1.03711236 0
vt 0.515419364 0.640751839 0
vt 0.444385111 0.675592124 0
vt 0.44511205 0.638497055 0
vt 0.47405681 0.651620448 0
vt 0.452966034 0.780295551 0
vt 0.502443314 0.859023571 0
vt 0.447065234 0.831562519 0
vt 0.687196672 0.879579961 0
vt 0.567597151 0.801043153 0
vt 0.680112004 0.89316833 0
vt 0.604793251 0.63168484 0
vt 0.631718338 0.848180234 0
vt 0.693278193 0.652735054 0
vt 0.700710475 0.649922609 0
vt 0.762778997 0.629576147 0
vt 0.710382044 0.667966425 0
vt 0.776059151 0.640361845 0
vt 0.796247959 0.815898299 0
vt 0.726023734 0.870428026 0
vt 0.68953222 0.848047554 0
vt 0.604900181 0.87629652 0
vt 0.619547665 0.982980013 0
vt 0.601807833 0.91785109 0
vt 0.709909439 0.987257123 0
vt 0.613515675 0.968440294 0
vt 0.560359359 1.0092603 0
vt 0.519944429 0.778405845 0
vt 0.564754128 0.696181834 0
vt 0.48332724 0.849788785 0
vt 0.566484153 0.850001335 0
vt 0.628700554 0.674599886 0
vt 0.57905364 0.63370651 0
vt 0.620082796 0.883816898 0
vt 0.672093213 0.697648406 0
vt 0.664607644 0.633401453 0
vt 0.754604638 0.764044821 0
vt 0.754923463 0.822260976 0
vt 0.755348444 0.672733665 0
vt 0.791852891 0.799041569 0
vt 0.740317166 0.841459095 0
vt 0.602170765 0.846107125 0
vt 0.645488143 0.964007497 0
vt 0.620467484 0.951408863 0
vt 0.499421 0.763078272 0
vt 0.533555865 0.723718405 0
vt 0.543141365 0.675014794 0
vt 0.583938837 0.673178315 0
vt 0.494649261 0.706298411 0
vt 0.453086972 0.733872771 0
vt 0.576416373 0.821881175 0
vt 0.562984526 0.888043463 0
vt 0.614793837 0.633095622 0
vt 0.661284804 0.662344277 0
vt 0.636772096 0.911752999 0
vt 0.698860765 0.740723014 0
vt 0.74668026 0.795080245 0
vt 0.800338924 0.780721962 0
vt 0.714997292 0.807172596 0
vt 0.500164807 0.721596241 0
vt 0.531383872 0.691556871 0
vt 0.484628886 0.689919412 0
vt 0.636219323 0.877628565 0
vt 0.636549592 0.759297788 0
vt 0.592074931 0.794540763 0
vt 0.656510413 0.726136625 0
vt 0.579596877 0.807831049 0
vt 0.541264117 0.634504318 0
vt 0.6688416 0.904891551 0
vt 0.724897563 0.72461772 0
vt 0.69960618 0.774600506 0
vt 0.477360606 0.730506361 0
vt 0.633535028 0.737790048 0
vt 0.627043486 0.716358125 0
vt 0.528167129 0.870914102 0
vt 0.692360342 0.712897658 0
vt 0.726494491 0.691104889 0
vt 0.679269075 0.756076992 0
vt 0.447157532 0.850958645 0
vt 0.44713071 0.809027493 0
vt 0.4466905 0.749081314 0
vt 0.510276973 0.867461085 0
vt 0.516660869 0.743163824 0
vt 0.553242326 0.817753375 0
vt 0.545926452 0.878841817 0
vt 0.538322568 0.756290138 0
vt 0.619374394 0.826023281 0
vt 0.670202613 0.874392688 0
vt 0.646755278 0.662597477 0
vt 0.728647888 0.813380361 0
vt 0.77154094 0.755372226 0
vt 0.706663787 0.630559027 0
vt 0.767110884 0.747105539 0
vt 0.791930318 0.703348815 0
vt 0.710839152 0.865643322 0
vt 0.670186222 0.782628834 0
vt 0.798546076 0.833894968 0
vt 0.564099967 0.896459877 0
vt 0.672847033 0.934875071 0
vt 0.633895874 0.925515413 0
vt 0.661851585 0.984042406 0
vt 0.691812098 0.956503332 0
vt 0.700669706 1.0350728 0
vt 0.558370054 0.967191279 0
vt 0.583485186 1.01094925 0
vt 0.584544003 0.97107172 0
vt 0.445302874 0.71500349 0
vt 0.531422913 0.634488046 0
vt 0.490638912 0.630344868 0
vt 0.471014947 0.629952312 0
vt 0.46239388 0.823783398 0
vt 0.516092658 0.842803478 0
vt 0.52292484 0.65405333 0
vt 0.527532399 0.848233223 0
vt 0.497884035 0.799371779 0
vt 0.616400421 0.855243683 0
vt 0.646404624 0.79017055 0
vt 0.690217078 0.635321975 0
vt 0.775852084 0.834342778 0
vt 0.6842677 0.854670644 0
vt 0.604030132 0.909674883 0
vt 0.620719373 0.905301929 0
vt 0.691004217 0.946404219 0
vt 0.691253662 1.0021745 0
vt 0.575375736 1.02607369 0
vt 0.542765379 1.01782763 0
vt 0.505705833 0.728956044 0
vt 0.458325237 0.657223701 0
vt 0.541211307 0.79569304 0
vt 0.474333465 0.838911295 0
vt 0.59688729 0.736591756 0
vt 0.459239483 0.859598875 0
vt 0.625884414 0.699602008 0
vt 0.61994499 0.862283766 0
vt 0.651961803 0.705975473 0
vt 0.789149523 0.761253178 0
vt 0.740472317 0.85051465 0
vt 0.720843732 0.659083605 0
vt 0.669665694 0.664260626 0
vt 0.779156208 0.684725881 0
vt 0.721221626 0.675010085 0
vt 0.783831477 0.641892433 0
vt 0.74628824 0.834582806 0
vt 0.689820349 0.824397624 0
vt 0.586644113 0.829781473 0
vt 0.607744157 0.948129296 0
vt 0.655847251 0.972168326 0
vt 0.592544973 0.919196129 0
vt 0.607728183 0.932586551 0
vt 0.581605732 0.956662118 0
vt 0.502126396 0.668135047 0
vt 0.445433646 0.763940811 0
vt 0.571416795 0.737113833 0
vt 0.59349817 0.664741218 0
vt 0.500900984 0.711723864 0
vt 0.685945392 0.840483069 0
vt 0.547678888 0.789715588 0
vt 0.691894233 0.810200751 0
vt 0.594741821 0.643740714 0
vt 0.630042255 0.839761436 0
vt 0.661015451 0.832106054 0
vt 0.610670447 0.915539205 0
vt 0.673598468 0.743986785 0
vt 0.668171883 0.656280518 0
vt 0.721368313 0.747831583 0
vt 0.70235008 0.65637511 0
vt 0.748127401 0.658097804 0
vt 0.774608672 0.813340843 0
vt 0.728813648 0.800595999 0
vt 0.655344307 0.959927022 0
vt 0.62939465 0.93843925 0
vt 0.550373197 0.687353551 0
vt 0.557731867 0.681940854 0
vt 0.543832242 0.698911607 0
vt 0.573050201 0.682832301 0
vt 0.570192277 0.643498659 0
vt 0.507252574 0.689356208 0
vt 0.474344492 0.769031227 0
vt 0.59843266 0.816743851 0
vt 0.664747596 0.712960064 0
vt 0.601680815 0.805214942 0
vt 0.571854234 0.86909169 0
vt 0.580249429 0.87848258 0
vt 0.741645098 0.722726703 0
vt 0.732739568 0.76860112 0
vt 0.710615695 0.769992173 0
vt 0.714042544 0.829065681 0
vt 0.467168629 0.721241236 0
vt 0.530836165 0.705042422 0
vt 0.464420259 0.747574687 0
vt 0.486882925 0.756979227 0
vt 0.643322051 0.882041395 0
vt 0.589481831 0.732221425 0
vt 0.645890296 0.750021756 0
vt 0.582685173 0.776040375 0
vt 0.608349681 0.749296308 0
vt 0.63468194 0.680323482 0
vt 0.561027646 0.836867273 0
vt 0.557553411 0.649202704 0
vt 0.64521873 0.910731792 0
vt 0.692343116 0.727511048 0
vt 0.745926917 0.674063802 0
vt 0.649450243 0.728732765 0
vt 0.580521226 0.689584315 0
vt 0.535106778 0.850605905 0
vt 0.693076491 0.767937243 0
vt 0.674437404 0.775794864 0
vt 0.485085577 0.802356064 0
vt 0.631520629 0.808207035 0
vt 0.619006872 0.654132783 0
vt 0.777258039 0.775646985 0
vt 0.75562489 0.733116686 0
vt 0.727997303 0.716155112 0
vt 0.761113942 0.709137619 0
vt 0.759260595 0.700229347 0
vt 0.772195697 0.673810542 0
vt 0.647208869 0.815941572 0
vt 0.657075405 0.931121588 0
vt 0.49113065 0.823209643 0
vt 0.490345001 0.847645462 0
vt 0.528746247 0.65845263 0
vt 0.479547858 0.785092235 0
vt 0.533861637 0.775408745 0
vt 0.610189021 0.72738272 0
vt 0.629222155 0.824105084 0
vt 0.657409072 0.690086067 0
vt 0.579738915 0.698021889 0
vt 0.555978358 0.753626645 0
vt 0.603029609 0.639915049 0
vt 0.565122426 0.775934637 0
vt 0.694081962 0.788541317 0
vt 0.650066793 0.697207332 0
vt 0.6792624 0.720249057 0
vt 0.523099899 0.795462072 0
vt 0.562444508 0.714507997 0
vt 0.596044838 0.686825514 0
vt 0.525582135 0.82521528 0
vt 0.509809136 0.809755325 0
vt 0.741305649 0.742546141 0
vt 0.758773804 0.67923373 0
vt 0.59901315 0.695634246 0
vt 0.536879599 0.764047563 0
vt 0.546776712 0.718406081 0
vt 0.543626785 0.81782043 0
vt 0.628663182 0.634458959 0
vt 0.534473598 0.747525573 0
vt 0.683165669 0.910689354 0
vt 0.724109948 0.807142437 0
vt 0.791002214 0.752815068 0
vt 0.782316625 0.63443011 0
vt 0.761305869 0.80761832 0
vt 0.686467767 0.91907233 0
vt 0.715031624 1.02264833 0
vt 0.706636071 1.01925814 0
vt 0.568499029 1.00734162 0
vt 0.585487187 0.985667527 0
vt 0.459870338 0.709899247 0
vt 0.541250348 0.650296748 0
vt 0.454203576 0.80547297 0
vt 0.657057405 0.804147542 0
vt 0.728640914 0.645886064 0
vt 0.700811327 1.00049365 0
vt 0.725739658 1.00766659 0
vt 0.599467039 0.980376303 0
vt 0.510631144 0.634383142 0
vt 0.500634134 0.644590378 0
vt 0.576804936 0.743534207 0
vt 0.666120648 0.887590945 0
vt 0.616503537 0.688142359 0
vt 0.543712974 1.0014689 0
vt 0.512521982 0.65516597 0
vt 0.550175965 0.74723202 0
vt 0.520875752 0.720719039 0
vt 0.532538652 0.791495502 0
vt 0.763142169 0.64911592 0
vt 0.58760494 0.84958452 0
vt 0.483517349 0.717056453 0
vt 0.466218233 0.771261573 0
vt 0.631592572 0.790805876 0
vt 0.68669802 0.664453566 0
vt 0.776815593 0.783869147 0
vt 0.694831312 0.841022253 0
vt 0.651724041 0.87792784 0
vt 0.722133458 0.708770037 0
vt 0.494742811 0.814425647 0
vt 0.673070371 0.67835927 0
vt 0.740480542 0.767044365 0
vt 0.801417112 0.741590559 0
vt 0.74105233 0.689167142 0
vt 0.586163282 0.890352011 0
vt 0.460879773 0.695900917 0
vt 0.669846237 0.959951103 0
vt 0.680769384 1.00398004 0
vt 0.564497352 1.02423406 0
vt 0.527220964 0.727008343 0
vt 0.558064878 0.804002047 0
vt 0.578820229 0.768334091 0
vt 0.785641313 0.824184179 0
vt 0.550759971 0.738416135 0
vt 0.621663332 0.808574796 0
vt 0.682872176 0.703506172 0
vt 0.587592304 0.874299943 0
vt 0.708861947 0.787408233 0
vt 0.601170599 0.791905701 0
vt 0.54069519 0.84466058 0
vt 0.708402216 0.715776861 0
vt 0.688289106 0.782836676 0
vt 0.734588981 0.696939409 0
vt 0.482979625 0.770076752 0
vt 0.553345144 0.763007343 0
vt 0.460604548 0.840566456 0
vt 0.489696831 0.862859011 0
vt 0.556129217 0.721079111 0
vt 0.7766518 0.703904092 0
vt 0.790160537 0.663821101 0
vt 0.672583938 0.919360757 0
vt 0.642317057 0.928822815 0
vt 0.674475253 1.02130795 0
vt 0.685342014 1.02171016 0
vt 0.56109947 0.951827407 0
vt 0.508505702 0.789948463 0
vt 0.795786202 0.766676962 0
vt 0.654810965 0.790982723 0
vt 0.644354641 0.864678562 0
vt 0.70018357 0.986631513 0
vt 0.570119679 1.03383994 0
vt 0.674518704 0.867426813 0
vt 0.635409832 0.703004181 0
vt 0.70425427 0.677871823 0
vt 0.58711499 0.882370174 0
vt 0.690223277 0.977095485 0
vt 0.592030227 0.948109269 0
vt 0.53595084 0.730647802 0
vt 0.475666642 0.831452131 0
vt 0.654535532 0.651225328 0
vt 0.695679188 0.681915879 0
vt 0.719004989 0.851331353 0
vt 0.603443086 0.854403079 0
vt 0.494206458 0.786888361 0
vt 0.582147539 0.65277642 0
vt 0.464202106 0.662672102 0
vt 0.642590284 0.766179025 0
vt 0.640819788 0.651150286 0
vt 0.51767379 0.697220504 0
vt 0.529023349 0.677780092 0
vt 0.635978162 0.894269228 0
vt 0.583613932 0.725098908 0
vt 0.562937498 0.785261035 0
vt 0.543659031 0.659110725 0
vt 0.67500788 0.72905004 0
vt 0.661165893 0.737941265 0
vt 0.499279261 0.729105413 0
vt 0.487230599 0.748218596 0
vt 0.63971746 0.712202251 0
vt 0.714262247 0.735117197 0
vt 0.565501988 0.810277104 0
vt 0.57724148 0.798629045 0
vt 0.741995573 0.81814456 0
vt 0.748580813 0.7472049 0
vt 0.639065206 0.803600252 0
vt 0.464450777 0.676107466 0
vt 0.498013079 0.659832597 0
vt 0.458837271 0.649710536 0
vt 0.451247633 0.814919829 0
vt 0.532310724 0.842253685 0
vt 0.788585424 0.840903819 0
vt 0.618101954 0.922307611 0
vt 0.480156392 0.673266053 0
vt 0.471014112 0.854893327 0
vt 0.651135206 0.720022559 0
vt 0.789419949 0.672568738 0
vt 0.45148018 0.756163001 0
vt 0.588733315 0.6947366 0
vt 0.614628375 0.669714153 0
vt 0.67922765 0.848191738 0
vt 0.685350657 0.791223824 0
vt 0.558434844 0.869549096 0
vt 0.586054623 0.748039782 0
vt 0.621693254 0.774739146 0
vt 0.552443445 0.831829667 0
vt 0.555178642 0.641598701 0
vt 0.466004759 0.786017358 0
vt 0.766546011 0.738732815 0
vt 0.480774611 0.810578048 0
vt 0.638966739 0.820691526 0
vt 0.660592854 0.706224859 0
vt 0.577320993 0.760492384 0
vt 0.519930363 0.750712633 0
vt 0.686662138 1.00850809 0
vt 0.680237472 0.636674941 0
vt 0.703538597 0.821051955 0
vt 0.763258517 0.728853106 0
vt 0.5341838 0.8085199 0
vt 0.657964349 0.680735409 0
vt 0.749935269 0.690065563 0
vt 0.796996117 0.689746499 0
vt 0.772718787 0.633019269 0
vt 0.694508791 0.801727712 0
vt 0.650860786 0.996202648 0
vt 0.555185139 0.977132559 0
vt 0.579689443 0.978685856 0
vt 0.475618541 0.638156652 0
vt 0.472990006 0.81091553 0
vt 0.794800282 0.846734345 0
vt 0.677763939 0.947831392 0
vt 0.488460541 0.85600096 0
vt 0.651260018 0.852243245 0
vt 0.628564119 0.860524297 0
vt 0.726088226 0.63305527 0
vt 0.610444486 0.961703002 0
vt 0.612527311 0.97834897 0
vt 0.553162158 0.98659569 0
vt 0.517320216 0.669639885 0
vt 0.599089324 0.678024173 0
vt 0.510790586 0.830622733 0
vt 0.609515369 0.924090981 0
vt 0.646773398 0.638969064 0
vt 0.739432752 0.78296721 0
vt 0.767891228 0.666411161 0
vt 0.604015112 0.867190897 0
vt 0.628253222 0.873807967 0
vt 0.604933798 0.836279154 0
vt 0.594921827 0.809248865 0
vt 0.586804807 0.638177812 0
vt 0.627773643 0.881581187 0
vt 0.700617611 0.762413442 0
vt 0.72553283 0.821401894 0
vt 0.474295616 0.737679422 0
vt 0.60709101 0.757665217 0
vt 0.57509768 0.83713001 0
vt 0.635314882 0.729019582 0
vt 0.619659364 0.729387343 0
vt 0.522623241 0.76544404 0
vt 0.65850991 0.882723451 0
vt 0.71802634 0.835386336 0
vt 0.777452648 0.847877264 0
vt 0.747464716 0.844777048 0
vt 0.685718477 0.962084353 0
vt 0.592310369 0.992600799 0
vt 0.520638525 0.633984149 0
vt 0.460706055 0.629860461 0
vt 0.516961336 0.82463944 0
vt 0.611078441 0.842388153 0
vt 0.666898966 0.774333179 0
vt 0.769912302 0.844710946 0
vt 0.693128467 0.873480201 0
vt 0.672048032 0.991827071 0
vt 0.525728762 1.0085485 0
vt 0.647417367 0.824756682 0
vt 0.612941504 0.869556308 0
vt 0.588000894 0.837247849 0
vt 0.618907213 0.944555223 0
vt 0.468011469 0.762070775 0
vt 0.569293201 0.767034948 0
vt 0.61939317 0.645038784 0
vt 0.662854254 0.84466511 0
vt 0.552074492 0.79585731 0
vt 0.595738113 0.635191679 0
vt 0.679379106 0.736933947 0
vt 0.676030397 0.657198906 0
vt 0.709631443 0.729180336 0
vt 0.737305224 0.797041178 0
vt 0.716602564 0.782145977 0
vt 0.468711138 0.730040789 0
vt 0.659875572 0.900223672 0
vt 0.592733264 0.724557936 0
vt 0.549939334 0.84666115 0
vt 0.558483779 0.672843456 0
vt 0.760353446 0.691688359 0
vt 0.624119878 0.661962688 0
vt 0.598490715 0.653152764 0
vt 0.682840466 0.807639539 0
vt 0.617178619 0.696492314 0
vt 0.58048892 0.734432638 0
vt 0.541183293 0.804133296 0
vt 0.785791874 0.71609658 0
vt 0.753368437 0.808313549 0
vt 0.664423525 0.647794366 0
vt 0.492835641 0.646448493 0
vt 0.685262918 0.952861667 0
vt 0.445925176 0.841455698 0
vt 0.532841027 1.01555669 0
vt 0.785269976 0.774088502 0
vt 0.475476146 0.687326491 0
vt 0.572442532 0.750828564 0
vt 0.473442644 0.797245085 0
vt 0.502247512 0.866792381 0
vt 0.757774711 0.757515848 0
vt 0.796456993 0.65055728 0
vt 0.800677896 0.802223504 0
vt 0.718813419 0.868701875 0
vt 0.794389606 0.824392676 0
vt 0.564647913 0.880529523 0
vt 0.662331045 0.927165508 0
vt 0.56405443 0.906583309 0
vt 0.698318779 1.02650344 0
vt 0.560586393 0.933750629 0
vt 0.564161479 1.04176867 0
vt 0.480762154 0.63063246 0
vt 0.695087731 0.88295871 0
vt 0.536594033 0.875572503 0
vt 0.739181399 0.642742276 0
vt 0.711190343 0.65405935 0
vt 0.711189389 0.997437418 0
vt 0.605481207 0.967669249 0
vt 0.569670618 1.01620102 0
vt 0.549435675 0.964830756 0
vt 0.57686615 1.00922275 0
vt 0.446129262 0.662562191 0
vt 0.781199574 0.756929278 0
vt 0.721107364 0.683120251 0
vt 0.712805569 0.856955886 0
vt 0.571256995 0.90474993 0
vt 0.622292221 0.964678109 0
vt 0.5937199 0.932623386 0
vt 0.632610679 0.969422996 0
vt 0.507367969 0.722921073 0
vt 0.495904118 0.830943167 0
vt 0.638795197 0.843407273 0
vt 0.748035908 0.781623065 0
vt 0.727803051 0.743568361 0
vt 0.782516122 0.810567021 0
vt 0.652758896 0.947724581 0
vt 0.510447443 0.750583112 0
vt 0.500296652 0.67705971 0
vt 0.475576639 0.723530054 0
vt 0.53227818 0.800074399 0
vt 0.587377131 0.802809 0
vt 0.770966589 0.780633092 0
vt 0.526702523 0.698166966 0
vt 0.481029987 0.707550228 0
vt 0.49483481 0.751935065 0
vt 0.651463509 0.756844103 0
vt 0.649549901 0.683285892 0
vt 0.563468337 0.64613229 0
vt 0.627984345 0.732572973 0
vt 0.628516793 0.759216309 0
vt 0.719083071 0.718695164 0
vt 0.561621726 0.829140484 0
vt 0.548841596 0.886441648 0
vt 0.638594568 0.903181374 0
vt 0.576721013 0.969661534 0
vt 0.446013778 0.729156137 0
vt 0.527498245 0.862905025 0
vt 0.626184523 0.919937909 0
vt 0.552600801 1.02126145 0
vt 0.525938809 0.744659364 0
vt 0.466312587 0.832007587 0
vt 0.719720483 0.649435878 0
vt 0.741700053 0.665179431 0
vt 0.627172291 0.946955442 0
vt 0.579712987 0.916065335 0
vt 0.588634253 0.962507486 0
vt 0.619920373 0.675724804 0
vt 0.636544406 0.673346519 0
vt 0.626839876 0.815144062 0
vt 0.695819139 0.666393757 0
vt 0.766942441 0.63922745 0
vt 0.54289633 0.683430016 0
vt 0.54227823 0.742287874 0
vt 0.481209546 0.762356639 0
vt 0.519281745 0.832854271 0
vt 0.724776268 0.769942641 0
vt 0.719735384 0.814481795 0
vt 0.460151762 0.727194488 0
vt 0.641827345 0.742094874 0
vt 0.552842677 0.634185433 0
vt 0.681739271 0.748138309 0
vt 0.626089215 0.802240729 0
vt 0.781020641 0.766478717 0
vt 0.768249512 0.702789366 0
vt 0.736484647 0.714078307 0
vt 0.663913786 0.933261693 0
vt 0.617340446 0.705236316 0
vt 0.624599278 0.833031297 0
vt 0.579788506 0.715936363 0
vt 0.669809461 0.720913172 0
vt 0.516408026 0.79008323 0
vt 0.563852787 0.70566529 0
vt 0.564729095 0.857668161 0
vt 0.757341564 0.65777576 0
vt 0.641023815 0.643848658 0
vt 0.767736912 0.799960792 0
vt 0.709662199 1.03227699 0
vt 0.589448988 0.97774905 0
vt 0.546359479 0.641772449 0
vt 0.495387912 0.637437761 0
vt 0.558155417 0.74479866 0
vt 0.711062789 0.815719783 0
vt 0.719287097 0.692314863 0
vt 0.571061194 0.891048372 0
vt 0.673502028 0.712462783 0
vt 0.545032859 0.764025211 0
vt 0.651958525 0.798232317 0
vt 0.703473806 0.980356932 0
vt 0.698844254 0.858795643 0
vt 0.694705665 0.964506209 0
vt 0.471827358 0.824751258 0
vt 0.629481852 0.904553711 0
vt 0.656290472 0.743239164 0
vt 0.607521355 0.665336847 0
vt 0.482024044 0.825581491 0
vt 0.639645457 0.811894178 0
vt 0.531961322 0.816314459 0
vt 0.744086564 0.700656414 0
vt 0.482836634 0.681885183 0
vt 0.788646102 0.654961646 0
vt 0.634959877 0.944545805 0
vt 0.613253951 0.877860904 0
vt 0.615963399 0.662336111 0
vt 0.687441766 0.861623645 0
vt 0.68112421 0.884834468 0
vt 0.689672291 0.736358047 0
vt 0.556695938 0.708599329 0
vt 0.457744181 0.831263185 0
vt 0.467088223 0.84700036 0
vt 0.443683714 0.755720317 0
vt 0.520540774 0.874292195 0
vt 0.570470273 0.629320681 0
vt 0.622814178 0.628953815 0
vt 0.544481218 0.730749726 0
vt 0.678617775 0.90351975 0
vt 0.593495309 0.824415863 0
vt 0.72029984 0.799555123 0
vt 0.688358068 0.720185816 0
vt 0.800652742 0.750485182 0
vt 0.797924042 0.709904313 0
vt 0.788660347 0.685169756 0
vt 0.800052822 0.702649653 0
vt 0.797476292 0.669237852 0
vt 0.797918558 0.657006085 0
vt 0.798170865 0.794094205 0
vt 0.701334298 0.795677006 0
vt 0.67460835 0.911245048 0
vt 0.636794031 0.93528676 0
vt 0.654319763 0.988023162 0
vt 0.71852994 1.02882302 0
vt 0.683833718 1.04247975 0
vt 0.561045468 0.941611946 0
vt 0.688188255 0.888396978 0
vt 0.61474663 0.834260345 0
vt 0.682508886 0.629557431 0
vt 0.636701286 0.86948216 0
vt 0.591249824 0.969848573 0
vt 0.555259109 0.959634185 0
vt 0.527797878 1.02829993 0
vt 0.50932163 0.647220075 0
vt 0.548533618 0.824656665 0
vt 0.591572642 0.740968108 0
vt 0.457541913 0.850248456 0
vt 0.644115031 0.703944385 0
vt 0.765538275 0.682954609 0
vt 0.713260353 0.676146328 0
vt 0.799075782 0.64329201 0
vt 0.586856842 0.90679425 0
vt 0.697042882 1.00854516 0
vt 0.583094716 0.947554708 0
vt 0.66735661 0.860061347 0
vt 0.682501256 0.82606709 0
vt 0.67276293 0.75130558 0
vt 0.661196113 0.639625371 0
vt 0.759747446 0.815683126 0
vt 0.718670785 0.860393763 0
vt 0.588394403 0.865826011 0
vt 0.574307024 0.848158121 0
vt 0.487019747 0.781695008 0
vt 0.54109472 0.691646874 0
vt 0.566032648 0.676858783 0
vt 0.456841588 0.772537947 0
vt 0.651053011 0.859852493 0
vt 0.596403718 0.800518572 0
vt 0.764286935 0.718667805 0
vt 0.759871185 0.801512122 0
vt 0.493382275 0.715259254 0
vt 0.535126925 0.671674192 0
vt 0.494708151 0.744329393 0
vt 0.589210868 0.718123496 0
vt 0.683948874 0.7286551 0
vt 0.615258694 0.754261672 0
vt 0.634390354 0.720176697 0
vt 0.451782554 0.858225405 0
vt 0.455443829 0.748685956 0
vt 0.505068421 0.768455982 0
vt 0.661686897 0.79579705 0
vt 0.624774694 0.854066253 0
vt 0.733434856 0.738091111 0
vt 0.784024596 0.70666188 0
vt 0.648262024 0.806823552 0
vt 0.790666342 0.832387209 0
vt 0.641629517 0.919661283 0
vt 0.657060146 0.940209806 0
vt 0.649850309 0.980356574 0
vt 0.679865658 0.969761193 0
vt 0.59997046 0.998401225 0
vt 0.465708315 0.703292191 0
vt 0.501134455 0.652454615 0
vt 0.526462615 0.640972078 0
vt 0.477320522 0.803521276 0
vt 0.638832211 0.7859056 0
vt 0.662124395 0.786984861 0
vt 0.692872465 0.644593775 0
vt 0.595517099 0.910522759 0
vt 0.484871864 0.648229599 0
vt 0.454877049 0.637604356 0
vt 0.466221124 0.86307013 0
vt 0.613604605 0.811724424 0
vt 0.609180272 0.700003684 0
vt 0.610454142 0.860413134 0
vt 0.726628065 0.857327759 0
vt 0.756362498 0.83115232 0
vt 0.685318768 0.81706363 0
vt 0.664103389 0.973501563 0
vt 0.601758003 0.92699486 0
vt 0.588613749 0.940120578 0
vt 0.49258703 0.663870752 0
vt 0.445895135 0.774048567 0
vt 0.593009889 0.702362001 0
vt 0.561013043 0.794568777 0
vt 0.678722084 0.784259498 0
vt 0.581417143 0.835166872 0
vt 0.587498307 0.630290389 0
vt 0.670808733 0.640530825 0
vt 0.683738828 0.650508702 0
vt 0.534125149 0.685142517 0
vt 0.57459414 0.674464881 0
vt 0.495811552 0.770971656 0
vt 0.682908952 0.712228775 0
vt 0.593434036 0.786786795 0
vt 0.613861322 0.803124249 0
vt 0.57992214 0.869727492 0
vt 0.558065474 0.852732718 0
vt 0.733212471 0.776324868 0
vt 0.718007326 0.791253686 0
vt 0.461487919 0.734753728 0
vt 0.526695311 0.712658882 0
vt 0.489235252 0.76544559 0
vt 0.652153134 0.736284256 0
vt 0.669803679 0.737332702 0
vt 0.601494908 0.773216367 0
vt 0.698565722 0.71924603 0
vt 0.70751065 0.74107039 0
vt 0.714741826 0.710844994 0
vt 0.72416991 0.733810306 0
vt 0.757549942 0.742602527 0
vt 0.657380104 0.825566351 0
vt 0.52579248 0.772525728 0
vt 0.749568105 0.755987823 0
vt 0.556533456 0.861429393 0
vt 0.763879418 0.673704445 0
vt 0.561220944 0.736446142 0
vt 0.599429786 0.718739271 0
vt 0.573079824 1.0017755 0
vt 0.473032802 0.789349496 0
vt 0.728796363 0.65481931 0
vt 0.579475105 0.751718163 0
vt 0.548498154 1.01150513 0
vt 0.52240485 0.705154717 0
vt 0.638480544 0.794465423 0
vt 0.789338291 0.789562225 0
vt 0.65133363 0.886741459 0
vt 0.72437501 0.699193716 0
vt 0.49295944 0.804913044 0
vt 0.501628578 0.807271421 0
vt 0.672936976 0.684821725 0
vt 0.794205606 0.728270411 0
vt 0.466209948 0.690054715 0
vt 0.470466018 0.69680506 0
vt 0.542956412 0.852963865 0
vt 0.547467768 0.756438673 0
vt 0.77019614 0.710522294 0
vt 0.513633788 0.783006668 0
vt 0.758911192 0.642818451 0
vt 0.602252245 0.88509053 0
vt 0.675588846 0.856700182 0
vt 0.627101421 0.707591355 0
vt 0.64113611 0.695210755 0
vt 0.596495748 0.941155076 0
vt 0.588104427 0.954343736 0
vt 0.638652146 0.659864604 0
vt 0.555389285 0.787555873 0
vt 0.559614658 0.664149761 0
vt 0.664858639 0.74535358 0
vt 0.482748538 0.724860489 0
vt 0.584127545 0.789778173 0
vt 0.748095274 0.825342655 0
vt 0.491112858 0.654973984 0
vt 0.466014355 0.653986335 0
vt 0.522244215 0.675629854 0
vt 0.781544447 0.669263065 0
vt 0.608425081 0.674746871 0
vt 0.55537349 0.883134425 0
vt 0.601185679 0.743583202 0
vt 0.584367037 0.756312907 0
vt 0.462291151 0.779043674 0
vt 0.465268672 0.812782407 0
vt 0.66684413 0.826259494 0
vt 0.655473232 0.812461019 0
vt 0.690034628 0.832841396 0
vt 0.694823444 0.818311334 0
vt 0.665817857 0.67661649 0
vt 0.485619038 0.639273703 0
vt 0.647781074 0.647589266 0
vt 0.748717844 0.729046166 0
vt 0.642437875 0.721271694 0
vt 0.518420458 0.771105349 0
vt 0.727657735 0.849647343 0
vt 0.753673196 0.839168012 0
vt 0.451201528 0.630361378 0
vt 0.522775888 0.817557871 0
vt 0.609818816 0.850902736 0
vt 0.692323565 0.855753005 0
vt 0.460278928 0.755793929 0
vt 0.559340596 0.769241214 0
vt 0.561603665 0.760598719 0
vt 0.599829912 0.730064988 0
vt 0.608597696 0.692554414 0
vt 0.749982536 0.816106021 0
vt 0.673012674 0.649788201 0
vt 0.469119787 0.804560363 0
vt 0.669715703 0.926757634 0
vt 0.535836697 0.867097437 0
vt 0.57943064 1.01836562 0
vt 0.57609719 0.935509205 0
vt 0.555115223 0.892062366 0
vt 0.727228999 0.835131049 0
vt 0.623063743 0.668869674 0
vt 0.55025214 0.678732932 0
vt 0.524199486 0.785970986 0
vt 0.715330839 0.702003837 0
vt 0.536104858 0.698216259 0
vt -0.958570957 0.622408926 0
vt -0.912521482 0.781403184 0
vt -0.859397948 0.664252043 0
vt -0.972651362 0.769696653 0
vt -0.956302762 0.852991223 0
vt -0.897594094 0.926584184 0
vt -0.827479839 0.924069226 0
vt -0.8440786 0.939650714 0
vt -0.879894793 0.9318223 0
vt -0.875253081 0.976274669 0
vt -0.910638452 1.01255631 0
vt -0.972539186 0.796287417 0
vt -0.98448205 0.818442285 0
vt -0.698398709 0.727086663 0
vt -0.813206375 0.726412356 0
vt -0.640304625 0.768774688 0
vt -0.846373498 0.795167208 0
vt -0.684034765 0.832101822 0
vt -0.766006172 0.846848428 0
vt -0.70063746 0.886680067 0
vt -0.759212434 0.921859384 0
vt -0.756698072 0.962772846 0
vt -0.710949242 1.0095495 0
vt -0.69687891 1.02996624 0
vt -0.746317565 1.0341866 0
vt -0.634483099 0.795118451 0
vt -0.627696872 0.826835334 0
vt -0.644374669 0.85275805 0
vt -0.640303552 0.679637074 0
vt -0.69588995 0.675052762 0
vt -0.643834472 0.62763232 0
vt -0.90930301 0.636258602 0
vt -0.904523671 0.80330658 0
vt -0.911635637 0.71953088 0
vt -0.95289892 0.778111875 0
vt -0.913496017 0.872112989 0
vt -0.868621945 0.89485842 0
vt -0.871070027 0.921141326 0
vt -0.858885288 1.01499057 0
vt -0.893904567 0.999101996 0
vt -0.943675458 0.802277505 0
vt -0.975127876 0.854071796 0
vt -0.881123602 0.716029704 0
vt -0.805549145 0.663336813 0
vt -0.65550524 0.737983823 0
vt -0.88522166 0.772435784 0
vt -0.669908822 0.758245707 0
vt -0.818301737 0.879677832 0
vt -0.794788241 0.903520167 0
vt -0.742826641 0.878126204 0
vt -0.752269387 0.891546547 0
vt -0.739654481 0.934850633 0
vt -0.730621874 0.96185118 0
vt -0.72365284 0.973329902 0
vt -0.678169668 0.779452205 0
vt -0.628056347 0.780355752 0
vt -0.704186678 0.626213491 0
vt -0.665593624 0.715238869 0
vt -0.716454566 0.68869108 0
vt -0.71102339 0.644329071 0
vt -0.675647676 0.616500437 0
vt -0.915418327 0.673621953 0
vt -0.896698952 0.690280318 0
vt -0.933174849 0.624784648 0
vt -0.955048978 0.837004244 0
vt -0.89550972 0.782285333 0
vt -0.855852723 0.706936061 0
vt -0.94566685 0.740253329 0
vt -0.919954181 0.785184622 0
vt -0.921001017 0.90231961 0
vt -0.916502178 0.830947995 0
vt -0.854590416 0.918773353 0
vt -0.911778688 0.915930331 0
vt -0.93554163 0.827132642 0
vt -0.962428987 0.868975043 0
vt -0.851707637 0.759613335 0
vt -0.899889946 0.764591217 0
vt -0.824181318 0.698847473 0
vt -0.838261724 0.638829112 0
vt -0.87987262 0.803858519 0
vt -0.786186934 0.861694038 0
vt -0.823267639 0.899882078 0
vt -0.848566353 0.780413568 0
vt -0.744155765 0.895136893 0
vt -0.766781211 0.904916108 0
vt -0.650200367 0.770395398 0
vt -0.698643386 0.652925134 0
vt -0.721703947 0.621082187 0
vt -0.925287783 0.657341003 0
vt -0.88578105 0.667096198 0
vt -0.928007007 0.689788759 0
vt -0.836365461 0.67676264 0
vt -0.859731078 0.73405093 0
vt -0.910998642 0.743344843 0
vt -0.938284755 0.759595931 0
vt -0.979784787 0.739802659 0
vt -0.898403645 0.870858848 0
vt -0.861413598 0.756799042 0
vt -0.830214202 0.745732605 0
vt -0.855200708 0.632022917 0
vt -0.7731179 0.86829561 0
vt -0.830070138 0.802514732 0
vt -0.788263261 0.81175667 0
vt -0.870126367 0.788732231 0
vt -0.705994129 0.915498078 0
vt -0.682153285 0.802597284 0
vt -0.704583704 0.852954507 0
vt -0.71570766 0.776571095 0
vt -0.664430201 0.800391555 0
vt -0.674984753 0.66738385 0
vt -0.875728548 0.618460417 0
vt -0.839852989 0.712188661 0
vt -0.882676125 0.653054118 0
vt -0.703775764 0.709851146 0
vt -0.838120639 0.83726728 0
vt -0.800849199 0.844990671 0
vt -0.789884925 0.938637376 0
vt -0.703418434 0.811296284 0
vt -0.699117839 0.823891759 0
vt -0.675460279 0.876410902 0
vt -0.658894718 0.6543203 0
vt -0.666243136 0.690253317 0
vt -0.755386055 0.623231471 0
vt -0.741160035 0.714111626 0
vt -0.862861574 0.80840832 0
vt -0.780329823 0.646419942 0
vt -0.709630489 0.715459406 0
vt -0.717855513 0.753426135 0
vt -0.752970934 0.638425767 0
vt -0.725393593 0.710029423 0
vt -0.73642385 0.698496819 0
vt -0.746448636 0.676902175 0
vt -0.778857827 0.693544805 0
vt -0.747022808 0.700478911 0
vt -0.772801042 0.751453698 0
vt -0.764348984 0.720538378 0
vt -0.734901905 0.755739391 0
vt -0.976567626 0.626083136 0
vt -0.973559737 0.642167628 0
vt -0.916522324 0.617554605 0
vt -0.980576932 0.687581837 0
vt -0.939687908 0.622885823 0
vt -0.929624736 0.738819838 0
vt -0.816380203 0.627148271 0
vt -0.941620767 0.880191624 0
vt -0.937644362 0.891065598 0
vt -0.888418853 0.949293613 0
vt -0.852106214 0.952733934 0
vt -0.847734928 0.973214865 0
vt -0.870067477 0.949768066 0
vt -0.894957483 0.990242004 0
vt -0.89146179 1.03002584 0
vt -0.95282501 0.792510509 0
vt -0.983008444 0.835431516 0
vt -0.795065403 0.620969832 0
vt -0.8118819 0.683653891 0
vt -0.768881202 0.789894462 0
vt -0.705265999 0.762943387 0
vt -0.686523199 0.892812967 0
vt -0.733268797 0.847051859 0
vt -0.724711359 0.915633202 0
vt -0.718980491 0.9477036 0
vt -0.760776758 0.971059978 0
vt -0.759619534 0.989673615 0
vt -0.725214481 1.03164256 0
vt -0.732959032 1.00408256 0
vt -0.660756052 0.866713822 0
vt -0.730672121 0.665108263 0
vt -0.683077157 0.6785326 0
vt -0.686392725 0.616584659 0
vt -0.635669649 0.706918895 0
vt -0.694188416 0.658353865 0
vt -0.890649557 0.638264596 0
vt -0.87214303 0.84969151 0
vt -0.945883632 0.678257108 0
vt -0.89425683 0.822869241 0
vt -0.888617516 0.852739811 0
vt -0.856598496 0.903905869 0
vt -0.849110246 0.994676054 0
vt -0.772930443 0.618657947 0
vt -0.847209573 0.867461622 0
vt -0.86083281 0.718931258 0
vt -0.697604358 0.857099533 0
vt -0.810181737 0.734784484 0
vt -0.808723152 0.858135521 0
vt -0.745851815 0.839116037 0
vt -0.735905051 0.883114278 0
vt -0.716961563 0.993241549 0
vt -0.744880438 0.992466211 0
vt -0.691052854 0.824617922 0
vt -0.659336388 0.835505188 0
vt -0.910951316 0.651868165 0
vt -0.861550272 0.702216923 0
vt -0.969323337 0.752246559 0
vt -0.885058343 0.903853834 0
vt -0.947090268 0.836561918 0
vt -0.8626284 0.924192309 0
vt -0.909501731 0.996555746 0
vt -0.939109504 0.795921385 0
vt -0.938760817 0.811124265 0
vt -0.850499034 0.68994391 0
vt -0.845912337 0.923828125 0
vt -0.79786247 0.887541413 0
vt -0.804672003 0.814522266 0
vt -0.750887156 0.883114874 0
vt -0.741571248 0.9118554 0
vt -0.771784067 0.814448476 0
vt -0.650188863 0.808363676 0
vt -0.629637182 0.699994147 0
vt -0.659270048 0.623888671 0
vt -0.93257004 0.713361323 0
vt -0.954132318 0.800769627 0
vt -0.844618618 0.696969867 0
vt -0.852965474 0.751146019 0
vt -0.914543569 0.843659818 0
vt -0.901073515 0.836018503 0
vt -0.924864948 0.863572538 0
vt -0.864696622 0.902235508 0
vt -0.896024406 0.87757957 0
vt -0.865869105 0.976158321 0
vt -0.951370418 0.844548464 0
vt -0.876577497 0.744892299 0
vt -0.780578554 0.716431618 0
vt -0.894114077 0.746768057 0
vt -0.77892226 0.678096056 0
vt -0.797930717 0.782466292 0
vt -0.861100674 0.773352683 0
vt -0.715599 0.934111357 0
vt -0.716732383 0.881975055 0
vt -0.757844806 0.787125647 0
vt -0.659919918 0.699382782 0
vt -0.943804681 0.644253314 0
vt -0.877082467 0.670405209 0
vt -0.913410962 0.705173314 0
vt -0.984930217 0.756073296 0
vt -0.819881141 0.772188187 0
vt -0.813603163 0.837951064 0
vt -0.829418719 0.81624198 0
vt -0.810413241 0.80856514 0
vt -0.854183137 0.810313404 0
vt -0.688236654 0.788072407 0
vt -0.71017611 0.816019535 0
vt -0.679742217 0.770785272 0
vt -0.666424453 0.703357399 0
vt -0.863715947 0.642522573 0
vt -0.785559058 0.852754354 0
vt -0.719755292 0.804052234 0
vt -0.691567004 0.834973454 0
vt -0.713096619 0.83131516 0
vt -0.669433117 0.854014397 0
vt -0.643737435 0.689197958 0
vt -0.806227684 0.639959514 0
vt -0.718492508 0.791585505 0
vt -0.856372535 0.827285767 0
vt -0.75583148 0.928979695 0
vt -0.735575557 0.688024163 0
vt -0.723665118 0.735395133 0
vt -0.807867289 0.705441236 0
vt -0.805725098 0.752006769 0
vt -0.771874964 0.700171471 0
vt -0.739001632 0.738384783 0
vt -0.788813889 0.746456265 0
vt -0.950760484 0.66445601 0
vt -0.951536238 0.698257565 0
vt -0.798530221 0.635022044 0
vt -0.797903061 0.710653901 0
vt -0.828270316 0.691571712 0
vt -0.743439913 0.813874125 0
vt -0.798559368 0.791070461 0
vt -0.748796701 0.852218866 0
vt -0.735352516 0.816316247 0
vt -0.882249951 0.868463278 0
vt -0.872797549 0.831495404 0
vt -0.895858526 0.73728925 0
vt -0.831845343 0.898926854 0
vt -0.862426519 0.872820437 0
vt -0.793974102 0.760058343 0
vt -0.729407847 0.861396253 0
vt -0.72048974 0.88954246 0
vt -0.768522918 0.833498895 0
vt -0.914110124 0.687238038 0
vt -0.874560952 0.710249901 0
vt -0.878284872 0.765422046 0
vt -0.794677079 0.724823117 0
vt -0.757209718 0.647825658 0
vt -0.788061023 0.771329582 0
vt -0.72440362 0.759309292 0
vt -0.936407387 0.666279614 0
vt -0.887314022 0.689040959 0
vt -0.868495703 0.836656809 0
vt -0.753579855 0.690276504 0
vt -0.731521249 0.764919162 0
vt -0.749357581 0.661448956 0
vt -0.787467003 0.658219337 0
vt -0.784901023 0.787295282 0
vt -0.735905409 0.786387086 0
vt -0.748936296 0.77672857 0
vt -0.977242768 0.656873047 0
vt -0.980636001 0.671752334 0
vt -0.950935841 0.735246062 0
vt -0.981200695 0.712617576 0
vt -0.988646746 0.72868067 0
vt -0.888950706 0.963472307 0
vt -0.784487545 0.903155327 0
vt -0.794631839 0.92294389 0
vt -0.777905345 0.950974882 0
vt -0.775843382 0.961033404 0
vt -0.72160542 0.676250041 0
vt -0.646822155 0.641044617 0
vt -0.644170284 0.663713038 0
vt -0.830831945 0.842770815 0
vt -0.962720156 0.784303427 0
vt -0.861416161 0.860415101 0
vt -0.880485594 1.01459277 0
vt -0.851527572 0.850514352 0
vt -0.690803111 0.87312156 0
vt -0.73949641 0.851914287 0
vt -0.734353185 0.995761156 0
vt -0.670616448 0.775889516 0
vt -0.653975308 0.830185711 0
vt -0.69415611 0.642349839 0
vt -0.946832538 0.764223099 0
vt -0.883310676 0.913965642 0
vt -0.975429118 0.838489652 0
vt -0.739902675 0.959810615 0
vt -0.734368265 0.975237906 0
vt -0.670525014 0.643640161 0
vt -0.956423044 0.713186681 0
vt -0.94297868 0.829002976 0
vt -0.771498203 0.742762744 0
vt -0.866883993 0.616670132 0
vt -0.788556039 0.886374414 0
vt -0.766902208 0.776373744 0
vt -0.641403377 0.78229171 0
vt -0.712307572 0.659087598 0
vt -0.85260576 0.671431482 0
vt -0.656161904 0.787396431 0
vt -0.754928589 0.825819671 0
vt -0.683704793 0.849726796 0
vt -0.773261487 0.934809029 0
vt -0.80897218 0.765052974 0
vt -0.750710309 0.749622166 0
vt -0.966204703 0.728643 0
vt -0.854345858 0.966330409 0
vt -0.76301533 0.802862167 0
vt -0.72229594 0.768247008 0
vt -0.876996934 0.813389719 0
vt -0.930023193 0.681881189 0
vt -0.902089834 0.856407642 0
vt -0.966668725 0.692212701 0
vt -0.823038399 0.786801755 0
vt -0.862377465 0.671114445 0
vt -0.771316528 0.806716681 0
vt -0.654690087 0.813939452 0
vt -0.864104152 0.725818634 0
vt -0.851202786 0.648046911 0
vt -0.821460307 0.749566197 0
vt -0.87810868 0.838275135 0
vt -0.763899207 0.737479687 0
vt -0.788845122 0.71299541 0
vt -0.763916135 0.870063126 0
vt -0.846362293 0.876066148 0
vt -0.842871845 0.860503733 0
vt -0.9853369 0.6333794 0
vt -0.987835348 0.843206286 0
vt -0.748121262 0.767231047 0
vt -0.715556204 0.865746856 0
vt -0.629534125 0.622834206 0
vt -0.873189569 0.639828563 0
vt -0.98652035 0.79612565 0
vt -0.973104537 0.805773258 0
vt -0.714703858 0.956461847 0
vt -0.699231267 1.0116123 0
vt -0.912243307 0.800253391 0
vt -0.964007497 0.767308772 0
vt -0.943992436 0.779104233 0
vt -0.896332562 0.773775399 0
vt -0.838596463 0.772735953 0
vt -0.633630097 0.810858309 0
vt -0.652037621 0.839975655 0
vt -0.710803866 0.677080989 0
vt -0.728346169 0.63224262 0
vt -0.907537997 0.787308872 0
vt -0.920506775 0.766702592 0
vt -0.927978277 0.783364952 0
vt -0.891012907 0.845943153 0
vt -0.815394342 0.894483209 0
vt -0.79262358 0.79792881 0
vt -0.758150637 0.904587448 0
vt -0.71876955 0.651224315 0
vt -0.937949777 0.629990757 0
vt -0.834779322 0.661032259 0
vt -0.841817796 0.737017512 0
vt -0.844049871 0.755972445 0
vt -0.691402137 0.721236348 0
vt -0.731959462 0.908825099 0
vt -0.695692301 0.77342689 0
vt -0.778081 0.657861888 0
vt -0.658305705 0.84466368 0
vt -0.742829442 0.638222873 0
vt -0.709772348 0.733687341 0
vt -0.71042043 0.706141829 0
vt -0.915300429 0.736311555 0
vt -0.815299094 0.644277036 0
vt -0.937440395 0.868028998 0
vt -0.885631919 0.995035589 0
vt -0.705964267 1.01760852 0
vt -0.741692603 1.00793457 0
vt -0.674665868 0.868217409 0
vt -0.655257463 0.674566567 0
vt -0.892247736 0.652575672 0
vt -0.731484175 0.832127213 0
vt -0.722562194 0.903083086 0
vt -0.722259283 1.0066632 0
vt -0.977482438 0.679203451 0
vt -0.930439949 0.796678662 0
vt -0.652669907 0.746213913 0
vt -0.721380234 0.939805865 0
vt -0.903223872 0.664546013 0
vt -0.911369622 0.892541885 0
vt -0.969988585 0.862141848 0
vt -0.877409399 0.737430215 0
vt -0.795142114 0.683884978 0
vt -0.818949461 0.653904498 0
vt -0.810840607 0.669210315 0
vt -0.826174676 0.823292196 0
vt -0.630278349 0.636798441 0
vt -0.702902377 0.787488699 0
vt -0.671551585 0.844545186 0
vt -0.746100843 0.720973313 0
vt -0.7872926 0.754667342 0
vt -0.789970517 0.666199863 0
vt -0.704551339 0.896112084 0
vt -0.762309611 0.838927627 0
vt -0.879902065 0.69899106 0
vt -0.855405867 0.842986941 0
vt -0.799851358 0.863381863 0
vt -0.783762693 0.739657819 0
vt -0.642455161 0.795948148 0
vt -0.829559565 0.761407435 0
vt -0.926470578 0.622120976 0
vt -0.984214425 0.697216332 0
vt -0.942333579 0.731504381 0
vt -0.981159985 0.77000922 0
vt -0.928842068 0.888364434 0
vt -0.83611685 0.953533053 0
vt -0.89337337 0.934791505 0
vt -0.861204445 0.983746827 0
vt -0.901876628 0.994681954 0
vt -0.711690009 0.940819561 0
vt -0.715365052 0.919703364 0
vt -0.770035446 0.95545274 0
vt -0.702922046 1.00313091 0
vt -0.741526306 1.02540958 0
vt -0.695646107 0.621668696 0
vt -0.644344687 0.655211687 0
vt -0.907644808 0.617227197 0
vt -0.898329258 0.959189713 0
vt -0.901312649 1.03355813 0
vt -0.881766796 1.03131306 0
vt -0.859019876 0.743841648 0
vt -0.851312518 0.892255068 0
vt -0.710422158 0.98071754 0
vt -0.634998798 0.839263558 0
vt -0.928940833 0.810163319 0
vt -0.835655868 0.921518266 0
vt -0.804286122 0.837224722 0
vt -0.759146273 0.88496995 0
vt -0.76048094 0.935462475 0
vt -0.733371496 0.916959882 0
vt -0.630862296 0.772388935 0
vt -0.668900311 0.634783447 0
vt -0.845031142 0.675916493 0
vt -0.869163573 1.01172817 0
vt -0.953404069 0.816612542 0
vt -0.953318298 0.866654694 0
vt -0.910494089 0.763847947 0
vt -0.691259682 0.680618286 0
vt -0.868112743 0.660914242 0
vt -0.974139512 0.745896935 0
vt -0.703637421 0.700350225 0
vt -0.871534586 0.798282802 0
vt -0.818464577 0.795720637 0
vt -0.769597411 0.921839058 0
vt -0.724426508 0.836395025 0
vt -0.679496884 0.646699369 0
vt -0.793251514 0.847931266 0
vt -0.738125086 0.671266794 0
vt -0.744443238 0.693100572 0
vt -0.762288034 0.697155416 0
vt -0.911054194 0.626171827 0
vt -0.954751074 0.74383682 0
vt -0.891497016 0.983702362 0
vt -0.715307832 0.761710584 0
vt -0.724258125 0.954910278 0
vt -0.760065734 1.0069809 0
vt -0.86078614 0.81452924 0
vt -0.693354785 0.842206299 0
vt -0.716923535 0.84375751 0
vt -0.946979821 0.756574869 0
vt -0.889818609 0.910898626 0
vt -0.831979573 0.930755436 0
vt -0.646054089 0.817050576 0
vt -0.643179536 0.633288145 0
vt -0.909708083 0.855961442 0
vt -0.774393857 0.709427536 0
vt -0.822350264 0.633034587 0
vt -0.75083667 0.818793416 0
vt -0.924984276 0.67337358 0
vt -0.903514326 0.703729689 0
vt -0.864435911 0.629113615 0
vt -0.700730979 0.838910162 0
vt -0.761353076 0.67423439 0
vt -0.961164951 0.65490216 0
vt -0.942852437 0.723649621 0
vt -0.858727157 0.896309376 0
vt -0.773995936 0.644872546 0
vt -0.744603693 0.785270452 0
vt -0.877130389 0.685726643 0
vt -0.835426688 0.856374621 0
vt -0.935477555 0.883130193 0
vt -0.950132489 0.692482412 0
vt -0.660991907 0.631605685 0
vt -0.775944114 0.881664991 0
vt -0.769869924 0.768295467 0
vt -0.928570151 0.631124854 0
vt -0.83729887 0.865189373 0
vt -0.64631629 0.762779593 0
vt -0.883760154 0.945473135 0
vt -0.938627958 0.836441875 0
vt -0.763540626 0.665275812 0
vt -0.906269491 0.735083342 0
vt -0.822755039 0.839693069 0
vt -0.986928463 0.616058946 0
vt -0.96917969 0.618818521 0
vt -0.976653993 0.719302475 0
vt -0.81858325 0.617241979 0
vt -0.919985652 0.887076974 0
vt -0.817963183 0.911828458 0
vt -0.883067012 0.971423328 0
vt -0.900603771 1.0113169 0
vt -0.708692551 0.755769372 0
vt -0.783941388 0.911290705 0
vt -0.791341066 0.931033492 0
vt -0.760565698 0.999417961 0
vt -0.73520118 1.03781021 0
vt -0.714165866 1.03220522 0
vt -0.668106735 0.871241271 0
vt -0.731790423 0.618174791 0
vt -0.677434444 0.692313969 0
vt -0.975869238 0.777709544 0
vt -0.642401457 0.73690629 0
vt -0.840929866 0.90149653 0
vt -0.808854461 0.719423771 0
vt -0.792947888 0.857590377 0
vt -0.660333931 0.779774785 0
vt -0.696261227 0.816402972 0
vt -0.689237475 0.705564857 0
vt -0.883848786 0.706931233 0
vt -0.926339626 0.840825319 0
vt -0.871818066 0.928047597 0
vt -0.885092795 1.0231204 0
vt -0.66921699 0.75007242 0
vt -0.881417692 0.780529976 0
vt -0.906178713 0.772070289 0
vt -0.763174772 0.898076296 0
vt -0.778352022 0.895517707 0
vt -0.724160254 0.998277187 0
vt -0.738611162 0.968206704 0
vt -0.678241611 0.744336188 0
vt -0.703200161 0.636499465 0
vt -0.894955397 0.667488098 0
vt -0.966031194 0.809550107 0
vt -0.901780307 0.74962616 0
vt -0.910248876 0.835547507 0
vt -0.889405251 0.872977495 0
vt -0.934508204 0.858459532 0
vt -0.967400432 0.842538476 0
vt -0.872603238 0.757414043 0
vt -0.896085739 0.798469603 0
vt -0.859135151 0.76554656 0
vt -0.747044206 0.621174753 0
vt -0.897506297 0.722889721 0
vt -0.901994586 0.742251098 0
vt -0.93299216 0.752759814 0
vt -0.9039765 0.812103271 0
vt -0.687044084 0.777750254 0
vt -0.681975961 0.794874668 0
vt -0.650387347 0.781514287 0
vt -0.846236527 0.717116117 0
vt -0.769100547 0.669877946 0
vt -0.656477213 0.859949112 0
vt -0.74721241 0.630367398 0
vt -0.701147914 0.71870482 0
vt -0.708372295 0.724836469 0
vt -0.74039638 0.661714792 0
vt -0.751391351 0.71356976 0
vt -0.858316839 0.958948195 0
vt -0.900597394 0.982304752 0
vt -0.820134461 0.678619266 0
vt -0.682395041 0.884747088 0
vt -0.729918361 0.890882194 0
vt -0.627662539 0.836401403 0
vt -0.755661905 0.667198837 0
vt -0.650581181 0.688451529 0
vt -0.959389865 0.669887066 0
vt -0.906395197 0.842065334 0
vt -0.884393632 0.846178412 0
vt -0.757789552 0.631704748 0
vt -0.771679819 0.826554358 0
vt -0.974841714 0.695893109 0
vt -0.978813827 0.762725413 0
vt -0.955509365 0.760480881 0
vt -0.852277994 0.936451197 0
vt -0.852997601 0.69867295 0
vt -0.638716698 0.75052315 0
vt -0.750537574 0.948163271 0
vt -0.776751518 0.83254838 0
vt -0.640023947 0.698815346 0
vt -0.628208876 0.69100225 0
vt -0.869846165 0.71759218 0
vt -0.923017204 0.702584743 0
vt -0.84899509 0.742609441 0
vt -0.891631186 0.86581105 0
vt -0.859381139 0.992749155 0
vt -0.789705515 0.704732716 0
vt -0.780761302 0.685718775 0
vt -0.821201563 0.725955844 0
vt -0.811461091 0.758900762 0
vt -0.856114805 0.780398011 0
vt -0.868750572 0.768636286 0
vt -0.847848833 0.639660835 0
vt -0.843066096 0.764206529 0
vt -0.817835808 0.832330406 0
vt -0.695413768 0.893418729 0
vt -0.697013736 0.805357873 0
vt -0.704841256 0.802895904 0
vt -0.726170838 0.817478538 0
vt -0.637906253 0.657219648 0
vt -0.77970916 0.811021686 0
vt -0.776728332 0.854166031 0
vt -0.695955455 0.737080097 0
vt -0.721197069 0.744333863 0
vt -0.803789198 0.727538347 0
vt -0.758190095 0.725759625 0
vt -0.828342199 0.682661057 0
vt -0.883987546 0.820402145 0
vt -0.825408101 0.892923892 0
vt -0.863903463 0.710821629 0
vt -0.762386143 0.638436973 0
vt -0.791153133 0.791530192 0
vt -0.788691938 0.779293418 0
vt -0.881961107 0.896113753 0
vt -0.739701688 0.778455496 0
vt -0.957537591 0.722323596 0
vt -0.936441302 0.875497997 0
vt -0.782221258 0.934470892 0
vt -0.891508281 1.0084511 0
vt -0.859717429 0.84944278 0
vt -0.691776335 0.884408116 0
vt -0.740342736 0.983252406 0
vt -0.880504429 0.922701061 0
vt -0.740165174 0.947354138 0
vt -0.655572057 0.72735095 0
vt -0.786940575 0.729976892 0
vt -0.854898691 0.726882994 0
vt -0.773895681 0.636536777 0
vt -0.907385528 0.868092418 0
vt -0.770802379 0.797842801 0
vt -0.86301434 0.655874908 0
vt -0.756700397 0.743084729 0
vt -0.750639617 0.865094006 0
vt -0.84227699 0.888809681 0
vt -0.982577026 0.804916501 0
vt -0.637445629 0.846753001 0
vt -0.722081721 0.643038332 0
vt -0.802338362 0.806701899 0
vt -0.721846402 0.660379112 0
vt -0.69578141 0.781744182 0
vt -0.754905581 0.77110213 0
vt -0.741697669 1.0003655 0
vt -0.6815992 0.872320652 0
vt -0.866145849 0.99950695 0
vt -0.803068697 0.688320935 0
vt -0.743711591 0.731010795 0
vt -0.785131872 0.6728369 0
vt -0.780149817 0.748021543 0
vt -0.902165771 0.624248266 0
vt -0.902808726 1.01883578 0
vt -0.876072943 1.02435935 0
vt -0.689907014 0.650130808 0
vt -0.879880369 0.952528059 0
vt -0.985496044 0.624590576 0
vt -0.978405714 0.617853224 0
vt -0.985926688 0.680433154 0
vt -0.93368417 0.617884159 0
vt -0.986477017 0.704886615 0
vt -0.828139007 0.616894305 0
vt -0.84315443 0.952551246 0
vt -0.901651382 0.952244461 0
vt -0.857544959 0.975080669 0
vt -0.9888978 0.828014493 0
vt -0.746047318 0.757508993 0
vt -0.69955802 0.755910993 0
vt -0.690728784 0.900848925 0
vt -0.709932506 0.876315236 0
vt -0.800181389 0.910701096 0
vt -0.695595145 1.02102304 0
vt -0.742987931 1.01656699 0
vt -0.638166487 0.818118989 0
vt -0.629504681 0.749098122 0
vt -0.631936014 0.715281427 0
vt -0.651594877 0.630946159 0
vt -0.655896246 0.615462005 0
vt -0.629932106 0.644780517 0
vt -0.628121614 0.614831209 0
vt -0.98234278 0.747858644 0
vt -0.955466807 0.874400139 0
vt -0.844826937 0.986824572 0
vt -0.863978922 1.03460002 0
vt -0.659442067 0.807609141 0
vt -0.699329197 0.876489043 0
vt -0.717540026 0.712445617 0
vt -0.893289208 0.682727337 0
vt -0.926897287 0.803160608 0
vt -0.976016819 0.829282403 0
vt -0.839115322 0.801091313 0
vt -0.921648622 0.743213594 0
vt -0.842186511 0.69039911 0
vt -0.660990179 0.74677372 0
vt -0.788924038 0.873645067 0
vt -0.824760973 0.777141392 0
vt -0.781087041 0.887594163 0
vt -0.761225164 0.794054687 0
vt -0.668648005 0.625507176 0
vt -0.676602721 0.630281448 0
vt -0.933178723 0.817957342 0
vt -0.862647057 0.968257308 0
vt -0.965934753 0.852960289 0
vt -0.796729743 0.65978539 0
vt -0.664018273 0.732999265 0
vt -0.69135648 0.729843915 0
vt -0.813613832 0.90361166 0
vt -0.751365721 0.916134119 0
vt -0.682525337 0.824303627 0
vt -0.908565521 0.711375237 0
vt -0.820358634 0.686809301 0
vt -0.817573369 0.705035627 0
vt -0.927298367 0.760001838 0
vt -0.816694677 0.779617846 0
vt -0.887631536 0.660424054 0
vt -0.711367965 0.69584018 0
vt -0.817402482 0.859232068 0
vt -0.851692677 0.788051546 0
vt -0.655249715 0.801307976 0
vt -0.763249099 0.617291391 0
vt -0.882375896 0.642859101 0
vt -0.841602564 0.704651713 0
vt -0.694203973 0.712985754 0
vt -0.848105371 0.803344786 0
vt -0.766729474 0.963820159 0
vt -0.68724525 0.817987859 0
vt -0.720122218 0.822170556 0
vt -0.675211251 0.860532641 0
vt -0.649334848 0.696718216 0
vt -0.790333033 0.627473712 0
vt -0.873368859 0.822591841 0
vt -0.732695401 0.716115594 0
vt -0.733951151 0.70749402 0
vt -0.741103888 0.705767035 0
vt -0.799132109 0.703537345 0
vt -0.811965525 0.771836162 0
vt -0.898627222 0.616234422 0
vt -0.918198645 0.633612633 0
vt -0.951390684 0.616989732 0
vt -0.968017995 0.777154028 0
vt -0.845577061 0.931596458 0
vt -0.687760413 0.769246817 0
vt -0.733630955 0.95399332 0
vt -0.905944824 0.644143462 0
vt -0.865377545 0.829307735 0
vt -0.92161876 0.6812796 0
vt -0.917303979 0.714729607 0
vt -0.796386063 0.752265036 0
vt -0.719098091 0.851799011 0
vt -0.743553102 0.975919008 0
vt -0.976844966 0.754557848 0
vt -0.878238738 0.98911798 0
vt -0.935306251 0.803698182 0
vt -0.826561868 0.795270026 0
vt -0.759280741 0.952141702 0
vt -0.740420818 0.90359503 0
vt -0.750124931 0.95674181 0
vt -0.654393554 0.82179755 0
vt -0.665481925 0.616656601 0
vt -0.637639701 0.639723659 0
vt -0.953356206 0.643607259 0
vt -0.948806942 0.625740707 0
vt -0.834054649 0.699759424 0
vt -0.960238934 0.860709846 0
vt -0.893863082 0.755953074 0
vt -0.782058537 0.664443135 0
vt -0.82493943 0.66145581 0
vt -0.876782537 0.773925722 0
vt -0.698172927 0.866976798 0
vt -0.907000005 0.689560354 0
vt -0.807415426 0.823242188 0
vt -0.844904304 0.834888697 0
vt -0.791616201 0.819814801 0
vt -0.699235499 0.796671987 0
vt -0.677419305 0.830894709 0
vt -0.711930871 0.785278499 0
vt -0.725621939 0.685301602 0
vt -0.726492286 0.750026405 0
vt -0.82759285 0.711849153 0
vt -0.813060403 0.747914135 0
vt -0.796907723 0.642566264 0
vt -0.803829908 0.696711123 0
vt -0.852500916 0.874504387 0
vt -0.757891297 0.848077536 0
vt -0.87038213 0.696919262 0
vt -0.719891369 0.874798477 0
vt -0.830107033 0.835887313 0
vt -0.94230938 0.696752012 0
vt -0.9376176 0.718510509 0
vt -0.879741251 0.874802172 0
vt -0.968649685 0.651441097 0
vt -0.975304246 0.66514802 0
vt -0.972780526 0.712901652 0
vt -0.785266697 0.894052148 0
vt -0.76148653 0.912567854 0
vt -0.720847011 0.963588655 0
vt -0.790174365 0.636293709 0
vt -0.682041883 0.86651814 0
vt -0.729103267 0.94634831 0
vt -0.662255824 0.640796602 0
vt -0.951858521 0.830268383 0
vt -0.841828823 0.668155491 0
vt -0.839204371 0.720181286 0
vt -0.763803363 0.812084317 0
vt -0.802127779 0.760492563 0
vt -0.926322162 0.639011919 0
vt -0.849072158 0.959875047 0
vt -0.750143886 0.811670482 0
vt -0.72063756 0.783545554 0
vt -0.879764974 0.82914412 0
vt -0.916287541 0.86336112 0
vt -0.971995115 0.686925411 0
vt -0.868445814 0.682186544 0
vt -0.66241318 0.816020072 0
vt -0.886150301 0.742255747 0
vt -0.951379657 0.651368856 0
vt -0.756707728 0.877490401 0
vt -0.968328476 0.823826015 0
vt -0.983056307 0.853899777 0
vt -0.705533385 0.861838043 0
vt -0.636557877 0.615306735 0
vt -0.954736531 0.769063532 0
vt -0.86229521 0.933670044 0
vt -0.902946532 0.779953182 0
vt -0.637767792 0.802972913 0
vt -0.629906595 0.803088903 0
vt -0.924582481 0.791246593 0
vt -0.757154524 0.657569945 0
vt -0.813888431 0.635559022 0
vt -0.942426026 0.854694486 0
vt -0.666587412 0.862198293 0
vt -0.648417473 0.680932522 0
vt -0.714056909 0.91214335 0
vt -0.713176489 1.00105882 0
vt -0.880158961 0.729952693 0
vt -0.636240721 0.63009268 0
vt -0.708148658 0.794034302 0
vt -0.738665283 0.722839355 0
vt -0.8605389 0.835747182 0
vt -0.98747009 0.763256371 0
vt -0.730209112 1.02571797 0
vt -0.676681697 0.639048517 0
vt -0.810152113 0.799976647 0
vt -0.746620476 0.668954074 0
vt -0.912962198 0.72841388 0
vt -0.824052811 0.932207048 0
vt -0.641252995 0.810550213 0
vt -0.920211852 0.911461949 0
vt -0.707122207 0.844977319 0
vt -0.967848718 0.659052253 0
vt -0.830471754 0.861983895 0
vt -0.958832979 0.693576515 0
vt -0.778834701 0.766394854 0
vt -0.767756522 0.658048451 0
vt -0.825036943 0.625027895 0
vt -0.972150147 0.786121249 0
vt -0.704829037 0.820440471 0
vt -0.6848225 0.699055135 0
vt -0.890286088 0.712242603 0
vt -0.770290434 0.896626413 0
vt -0.86812973 0.748911858 0
vt -0.777014375 0.789946437 0
vt -0.770300746 0.676341653 0
vt -0.853929877 0.927972138 0
vt -0.849163294 0.945464909 0
vt -0.75831008 0.943748653 0
vt -0.786122322 0.833258152 0
vt -0.848575592 0.732924938 0
vt -0.689659178 0.798051536 0
vt -0.631245732 0.654352963 0
vt -0.711690426 0.769863069 0
vt -0.712829828 0.823978603 0
vt -0.738622487 0.835792184 0
vt -0.738633811 0.843352318 0
vt 0.767044425 0.830774367 0
vt -0.795684576 0.731345534 0
vt -0.724936604 0.846435189 0
vt 0.727750361 0.752886474 0
vt -0.888496816 0.62944454 0
vt 0.628434002 0.641688347 0
vt -0.896611631 0.645163953 0
vt 0.684629381 0.897423685 0
vt 0.572072566 0.692014098 0
vt 0.695549071 0.98168236 0
vt 0.654391348 0.659399152 0
vt 0.608237922 0.89271456 0
vt -0.750614345 0.845724642 0
vt -0.745158374 0.832560122 0
vt -0.890152395 0.720253885 0
vt -0.82910347 0.754142404 0
vt 0.559617996 0.9932127 0
vt 0.776406527 0.826509595 0
vt -0.638326049 0.856029749 0
vt -0.821675003 0.759025037 0
vt -0.629155695 0.680922985 0
vt 0.682172894 0.976503909 0
vt -0.985259593 0.734154403 0
vt -0.836144328 0.758309662 0
vt -0.701737523 0.682515144 0
vt -0.732925236 0.823503911 0
vt 0.711729288 0.749129713 0
vt -0.807559431 0.742319643 0
vt 0.698839486 0.628841937 0
vt -0.744174063 0.846989214 0
vt -0.646074414 0.802475989 0
vt 0.582898319 0.922764063 0
vt 0.570641398 0.982019067 0
vt 0.763919055 0.762950242 0
vt 0.60534972 0.713749647 0
vt 0.592230916 0.895460963 0
vt 0.670272171 0.951750398 0
vt 0.514983416 0.688440681 0
vt 0.452981561 0.795848548 0
vt -0.676288486 0.852288187 0
vt 0.686751068 0.904072642 0
vt -0.705519974 0.906934083 0
vt -0.903866589 0.657294333 0
vt -0.652259886 0.851362884 0
vt -0.892412424 0.813889086 0
vt -0.904857337 0.910799682 0
vt 0.687600255 0.928008854 0
vt -0.834643245 0.766063035 0
vt -0.655239403 0.647243023 0
vt -0.902233243 0.897611439 0
vt 0.599965572 0.893651724 0
vt 0.775572717 0.805540919 0
vt 0.448709309 0.788017869 0
vt -0.735992074 0.799199104 0
vt -0.904950261 0.672975183 0
vt 0.445022076 0.860262334 0
vt -0.652919471 0.867284715 0
vt -0.731255174 0.659271121 0
vt 0.63739872 0.962606311 0
vt 0.511535347 0.664258778 0
vt -0.826044798 0.767858028 0
vt -0.956179321 0.67794621 0
vt 0.638855457 0.778282642 0
vt -0.930006623 0.849692106 0
vt 0.597466826 0.760537326 0
vt -0.791517377 0.737642169 0
vt 0.764276743 0.658261597 0
vt -0.628626764 0.818333507 0
vt -0.867826521 1.00576806 0
vt 0.578939855 0.894467533 0
vt -0.911781669 0.817665756 0
vt -0.726651192 0.78722918 0
vt -0.676884949 0.75410229 0
vt -0.731879115 0.772399366 0
vt -0.763990104 0.72986263 0
vt 0.624676943 0.6828233 0
vt 0.743721128 0.708452404 0
vt 0.642362952 0.678122401 0
vt 0.653585732 0.911907136 0
vt -0.888766766 0.804542065 0
vt -0.884498358 0.811340153 0
vt -0.802257419 0.680158377 0
vt -0.73719883 0.941283941 0
vt 0.678133368 0.813205361 0
vt -0.800938487 0.745717883 0
vt -0.712298751 0.808449686 0
vt -0.75455606 0.841084182 0
vt 0.568144023 0.833363295 0
vt -0.731435001 0.839325905 0
vt 0.780693054 0.840940714 0
vt -0.959545493 0.615515113 0
vt 0.63336736 0.688409567 0
vt 0.749827325 0.719842434 0
vt 0.502910376 0.82902801 0
vt -0.955583036 0.786402106 0
vt -0.680503964 0.707686126 0
vt 0.772036374 0.839265049 0
vt 0.575625062 0.92036891 0
vt 0.66958648 0.798469484 0
vt 0.641152024 0.685551405 0
vt 0.700914383 0.814028382 0
vt -0.675747812 0.808643937 0
vt -0.858261526 0.854954123 0
vt -0.890629947 0.728248537 0
vt 0.677123785 0.983539462 0
vt 0.541717291 0.667112231 0
vt -0.834293842 0.883210599 0
vt -0.964203298 0.801756918 0
vt 0.686046898 0.983325362 0
vt -0.64147687 0.78856945 0
vt -0.875421226 0.88936615 0
vt 0.686314464 0.800926864 0
vt -0.645916164 0.845609128 0
vt 0.744212389 0.635727465 0
vt -0.897356629 0.675608456 0
vt -0.734704971 0.924200416 0
vt 0.638912618 0.971572638 0
vt -0.678615034 0.845046341 0
vt -0.88900882 0.64655894 0
vt 0.579204619 0.909177959 0
vt 0.646691322 0.972841263 0
vt -0.889971733 0.891537011 0
vt -0.926456332 0.615196109 0
vt 0.59928298 0.989375353 0
vt -0.744834423 1.0414536 0
vt -0.709092736 0.973521709 0
vt -0.62767911 0.671576619 0
vt -0.765006661 0.755275726 0
vt -0.720938861 0.861291707 0
vt -0.838912368 0.816951513 0
vt -0.967323303 0.627514839 0
vt 0.697995484 0.753901243 0
vt -0.668730259 0.834236503 0
vt 0.611058891 0.741516709 0
vt 0.632920086 0.628936291 0
vt 0.460140258 0.718281448 0
vt -0.683965683 0.751189291 0
vt -0.8092556 0.879218757 0
vt 0.576935947 0.829228222 0
vt -0.74042505 0.927218676 0
vt 0.678558826 0.925596535 0
vt 0.610933959 0.794402659 0
vt -0.935367167 0.637894094 0
vt -0.873805642 0.956794858 0
vt 0.556887567 0.778136909 0
vt 0.608649969 0.786498725 0
vt -0.930468917 0.89748466 0
vt 0.546659589 1.02785337 0
vt -0.720698416 0.694688082 0
vt 0.442586601 0.656931043 0
vt 0.792479515 0.807943583 0
vt 0.547845542 0.655730903 0
vt 0.782799006 0.83307904 0
vt 0.482388943 0.86272186 0
vt 0.564695001 0.865224719 0
vt -0.646949232 0.860169888 0
vt -0.830948114 0.789723396 0
vt 0.690830708 0.627411366 0
vt 0.569328904 0.825023651 0
vt 0.55081898 0.867697835 0
vt -0.745383441 0.859312952 0
vt -0.897681653 0.806621253 0
vt 0.586754501 0.810073018 0
vt -0.691205025 0.84870249 0
vt -0.868604302 0.814741969 0
vt 0.585289776 0.645149887 0
vt 0.80247581 0.820179582 0
vt 0.706848264 0.802483439 0
vt 0.801085055 0.732763886 0
vt -0.639870644 0.759565473 0
vt -0.633292615 0.673444271 0
vt -0.83498925 0.779254556 0
vt 0.605654418 0.900285363 0
vt 0.459095269 0.79923737 0
vt -0.788258791 0.917579114 0
vt 0.605650842 0.799575984 0
vt 0.50778687 0.82286036 0
vt 0.57235831 0.815647125 0
vt -0.903074563 0.975456536 0
vt -0.723289549 0.668070912 0
vt 0.522662401 0.737939954 0
vt -0.807880521 0.86610043 0
vt -0.921248555 0.894047916 0
vt 0.611521065 0.992647946 0
vt -0.814953208 0.753596723 0
vt -0.713296056 0.625157595 0
vt -0.887539983 0.786802828 0
vt 0.490598619 0.795810521 0
vt -0.811034381 0.676547229 0
vt -0.837876856 0.945111513 0
vt -0.94615519 0.794632316 0
vt -0.828087032 0.916317821 0
vt 0.458057702 0.703597963 0
vt -0.754318476 0.857325613 0
vt 0.450646311 0.655463398 0
vt -0.668926895 0.673606634 0
vt -0.698760986 0.911241233 0
vt 0.64802593 0.773205161 0
vt 0.65710634 0.979368567 0
vt 0.54257077 0.77815932 0
vt -0.784369886 0.94415915 0
vt 0.698098838 0.972848117 0
vt 0.70805198 0.756037533 0
vt 0.718137503 0.755515277 0
vt -0.801010191 0.830171704 0
vt 0.444088191 0.814484417 0
vt 0.459346384 0.688449264 0
vt 0.620738506 0.637091815 0
vt 0.516646564 0.802954376 0
vt -0.899578691 0.73047328 0
vt -0.660921633 0.661317885 0
vt 0.624567628 0.928848803 0
vt -0.769864976 0.853520274 0
vt 0.641853213 0.956989288 0
vt -0.907441497 0.861061096 0
vt -0.987829983 0.74183017 0
vt -0.67535311 0.716677785 0
vt 0.668089867 0.987098336 0
vt -0.863374591 0.880386293 0
vt -0.951606274 0.671468079 0
vt 0.486171961 0.789196014 0
vt 0.756406546 0.861675501 0
vt -0.640992045 0.713686228 0
vt -0.870761514 0.877083123 0
vt 0.651608944 0.868905663 0
vt -0.840308309 0.827218235 0
vt -0.665315747 0.847823739 0
vt 0.586795509 0.78255856 0
vt -0.959536254 0.793653846 0
vt -0.782503247 0.869282961 0
vt 0.561077595 0.981778264 0
vt -0.863732815 0.800451994 0
vt 0.571731269 0.652581453 0
vt -0.653169036 0.760235906 0
vt 0.550076544 0.77193737 0
vt 0.485973001 0.668698192 0
vt 0.688342452 0.970206857 0
vt -0.896679223 0.659159303 0
vt 0.443773776 0.696718872 0
vt 0.540751874 0.770908892 0
vt -0.626967013 0.662115514 0
vt 0.781867445 0.852921844 0
vt -0.755662501 0.719713986 0
vt -0.927736402 0.727204621 0
vt -0.828749537 0.654206753 0
vt -0.750519753 0.792524993 0
vt -0.890608251 0.91996038 0
vt 0.588835835 0.857737362 0
vt 0.706192315 1.02680063 0
vt -0.886165977 0.840182841 0
vt 0.57957989 0.886725128 0
vt -0.638313174 0.721897244 0
vt 0.617972434 0.746356666 0
vt -0.737375438 0.653593779 0
vt -0.627843916 0.709002554 0
vt 0.740711451 0.732350171 0
vt -0.766493499 0.994726419 0
vt -0.947683096 0.785429001 0
vt -0.863893747 0.635292828 0
vt 0.482907683 0.842403054 0
vt 0.693159282 0.865050137 0
vt -0.984349847 0.642718732 0
vt 0.581352293 0.852176249 0
vt -0.932228446 0.706139266 0
vt -0.744280338 0.799508572 0
vt -0.745784521 0.685477555 0
vt -0.798285604 0.667546213 0
vt -0.728987813 0.693469167 0
vt -0.919143856 0.822961271 0
vt -0.726958811 0.654222369 0
vt 0.66629225 0.868150711 0
vt -0.786790371 0.721835613 0
vt 0.545939624 0.711383402 0
vt 0.733488619 0.760007322 0
vt -0.775006294 0.774785101 0
vt -0.718079329 0.614254057 0
vt -0.989070714 0.779861629 0
vt 0.496441394 0.853287876 0
vt -0.804086149 0.872143447 0
vt -0.8163836 0.85277462 0
vt 0.56311959 0.655128896 0
vt -0.833679795 0.646725118 0
vt 0.778437674 0.712562203 0
vt 0.6712538 0.843259692 0
vt 0.752403975 0.704470694 0
vt -0.844055057 0.78702879 0
vt -0.755306423 0.615385294 0
vt 0.744577587 0.650158644 0
vt 0.466375232 0.683236599 0
vt -0.892036438 0.941886425 0
vt -0.710036337 0.838135779 0
vt -0.724256098 0.727631569 0
vt 0.749602079 0.641465664 0
vt -0.953186035 0.685649157 0
vt -0.69462043 0.763947248 0
vt -0.887866914 0.826945126 0
vt 0.736169279 0.671826124 0
vt 0.559184611 1.0301286 0
vt 0.646435142 0.902677476 0
vt 0.486066669 0.868744433 0
vt -0.971522868 0.814694703 0
vt 0.579457939 0.7076478 0
vt -0.881569386 0.634699106 0
vt -0.948657393 0.884686887 0
vt 0.543654084 0.871269226 0
vt -0.935278773 0.690389991 0
vt -0.806093693 0.891999125 0
vt -0.958633363 0.639185548 0
vt -0.990211427 0.836322188 0
vt 0.79401511 0.718759298 0
vt 0.495228887 0.860794902 0
vt 0.655442297 0.778755963 0
vt -0.92382282 0.831550717 0
vt 0.658757746 0.863843203 0
vt 0.509114206 0.672858596 0
vt 0.612690568 0.62713635 0
vt -0.7552737 0.910703301 0
vt 0.592633665 0.985051811 0
vt 0.451756299 0.693224907 0
vt -0.876549482 0.67865026 0
vt 0.679000258 0.939552367 0
vt -0.894338191 0.830731392 0
vt -0.963092268 0.676344454 0
vt -0.847313702 0.81286931 0
vt -0.783775806 0.818409562 0
vt 0.661335945 0.72056073 0
vt 0.647248387 0.83965677 0
vt -0.845714986 0.843098402 0
vt 0.773337662 0.762614608 0
vt 0.62738049 0.98676151 0
vt -0.868496537 0.885292053 0
vt 0.802347302 0.858272493 0
vt 0.495154709 0.671009421 0
vt 0.670342028 0.81239295 0
vt -0.905628681 0.725739419 0
vt 0.500273526 0.692862988 0
vt 0.783333242 0.748144448 0
vt -0.730150819 0.938047647 0
vt -0.771921337 0.760514259 0
vt 0.690248907 0.896120608 0
vt -0.867439508 0.647891223 0
vt -0.760151327 0.712751627 0
vt 0.596911371 0.964573026 0
vt 0.602902412 0.960943043 0
vt 0.784969151 0.802967906 0
vt 0.608581781 0.719661474 0
vt 0.589872181 0.658333182 0
vt 0.659855366 0.873832166 0
vt -0.773347795 0.84824425 0
vt -0.824611902 0.809482455 0
vt 0.538008094 0.987824619 0
vt 0.759033203 0.770633161 0
vt 0.587434173 0.770668745 0
vt 0.558728158 1.01658177 0
vt 0.541504204 0.884204566 0
vt 0.745250881 0.854036212 0
vt 0.663639724 0.956350207 0
vt 0.505245626 0.85244745 0
vt 0.551403761 0.874940097 0
vt 0.58570683 0.702532351 0
vt 0.5731498 0.960395932 0
vt -0.94115591 0.78764832 0
vt -0.770579517 0.725508392 0
vt 0.633716881 0.917624652 0
vt 0.588956416 0.843106687 0
vt 0.621067584 0.817995429 0
vt 0.573632479 0.775152206 0
vt 0.554190099 0.714974523 0
vt 0.571170032 0.711472392 0
vt -0.667093217 0.877690315 0
vt -0.826451719 0.88498491 0
vt -0.75499022 0.681889534 0
vt -0.794162393 0.675312221 0
vt -0.841208637 0.77998513 0
vt -0.845781207 0.966264367 0
vt 0.595854759 0.854178429 0
vt 0.76034534 0.666009545 0
vt -0.668750942 0.82031101 0
vt -0.716948509 0.682316542 0
vt 0.696900427 1.0184809 0
vt -0.869055152 1.04141426 0
vt -0.869396985 1.01878881 0
vt -0.939313114 0.745490849 0
vt 0.505329251 0.63882345 0
vt -0.785536647 0.803205311 0
vt -0.767199218 0.820626199 0
vt -0.832988501 0.796133637 0
vt -0.930166185 0.745230317 0
vt 0.678662717 0.917444348 0
vt 0.708139181 0.777871549 0
vt -0.648242295 0.720476508 0
vt 0.608167708 0.998737752 0
vt -0.717289686 0.816105485 0
vt -0.815306664 0.865427315 0
vt 0.733918309 0.820205092 0
vt -0.833675027 0.822349131 0
vt 0.584480464 0.822737694 0
vt -0.888244689 0.928768575 0
vt 0.568050623 0.966756046 0
vt -0.950247884 0.726725578 0
vt -0.786104381 0.951095462 0
vt -0.960782528 0.829348803 0
vt -0.877270281 0.882066548 0
vt -0.835783541 0.905510724 0
vt -0.782144785 0.774450958 0
vt 0.536993802 0.836393416 0
vt -0.763331234 0.762751162 0
vt 0.678141892 0.956277788 0
vt 0.461096168 0.765020728 0
vt -0.647063851 0.833250046 0
vt 0.570296884 0.783149242 0
vt 0.628933847 0.866537333 0
vt 0.741980851 0.759249866 0
vt 0.763450563 0.777015209 0
vt 0.646913767 0.654923856 0
vt 0.570543051 0.718018055 0
vt -0.739129782 0.828275919 0
vt -0.627500713 0.789283395 0
vt 0.526014805 0.667963028 0
vt 0.600683153 0.782514751 0
vt 0.563726127 0.75127691 0
vt 0.67448473 0.805930018 0
vt -0.722395897 0.797521055 0
vt -0.975903153 0.732112348 0
vt 0.699644208 0.690978587 0
vt 0.466713786 0.795794845 0
vt 0.6369223 0.986014485 0
vt -0.971785426 0.737814963 0
vt -0.924163342 0.751495957 0
vt 0.620748937 0.876212895 0
vt 0.699671209 0.805595815 0
vt -0.895889819 0.965082884 0
vt -0.829621434 0.869837523 0
vt 0.592049181 0.902640343 0
vt -0.859582663 1.00748563 0
vt 0.631379843 0.93190217 0
vt -0.8998546 0.863116086 0
vt -0.674941957 0.684884489 0
vt -0.630935431 0.851483405 0
vt 0.680904329 0.833514035 0
vt 0.621536076 0.738284528 0
vt 0.664446414 0.838582814 0
vt -0.835522532 0.91346693 0
vt 0.785108149 0.796194792 0
vt -0.838075638 0.653734505 0
vt -0.697251618 0.74721086 0
vt -0.885813415 0.987698793 0
vt -0.872724116 0.969031811 0
vt 0.691076398 0.988732696 0
vt -0.913217425 0.923743188 0
vt -0.892708063 0.977101088 0
vt 0.55801779 0.690881073 0
vt -0.672393739 0.78405416 0
vt -0.753061712 0.674237609 0
vt 0.799732208 0.627266705 0
vt 0.68800956 0.683979392 0
vt -0.927842021 0.719273925 0
vt -0.787101805 0.688915074 0
vt -0.922278762 0.846956849 0
vt 0.653232455 0.904257178 0
vt -0.808778822 0.842954099 0
vt -0.88129735 0.614748776 0
vt -0.838492274 0.895161688 0
vt -0.881083012 0.851565123 0
vt 0.563431025 0.81929028 0
vt -0.764697313 0.746756434 0
vt 0.595486999 0.862511694 0
vt -0.868966937 0.962152421 0
vt 0.788353682 0.768926024 0
vt 0.442632198 0.629364491 0
vt -0.731151938 0.853073478 0
vt -0.839020431 0.743609071 0
vt 0.612397552 0.939498067 0
vt 0.724429429 1.01418197 0
vt -0.948141575 0.822570086 0
vt -0.869594276 0.674997151 0
vt 0.520162463 0.661155403 0
vt -0.713882685 0.638389826 0
vt 0.780667782 0.660111189 0
vt 0.510248065 0.860448182 0
vt 0.451927423 0.708228469 0
vt -0.84178102 0.978449166 0
vt 0.657923341 0.673781574 0
vt -0.904591858 0.795139492 0
vt -0.910401702 0.754323721 0
vt 0.571322858 0.989204645 0
vt -0.731134236 0.900660932 0
vt -0.635620594 0.824916959 0
vt -0.70621711 0.922826171 0
vt 0.558348358 0.900770009 0
vt -0.787021935 0.825591862 0
vt -0.778503954 0.861968398 0
vt 0.511598766 0.628296137 0
vt 0.528029203 0.83421725 0
vt -0.74898988 0.900487423 0
vt -0.752703488 0.976344645 0
vt -0.96374929 0.759235978 0
vt 0.451975495 0.72344768 0
vt 0.60018456 0.949150026 0
vt -0.796623766 0.775038481 0
vt -0.725666106 0.614178717 0
vt 0.5535568 1.00426149 0
vt 0.508568287 0.681347311 0
vt -0.944073677 0.669438004 0
vt -0.747263014 0.940541208 0
vt -0.759144604 0.750274897 0
vt -0.77960217 0.733433545 0
vt -0.691222847 0.754190028 0
vt 0.646715045 0.781121671 0
vt -0.650442243 0.712298751 0
vt -0.775945902 0.927128077 0
vt 0.779967546 0.650097847 0
vt 0.689355254 1.02712917 0
vt -0.848653495 0.829227448 0
vt 0.589695513 0.926478207 0
vt 0.636786759 0.637572706 0
vt 0.504986525 0.797608912 0
vt -0.729819715 0.625217736 0
vt 0.703408718 0.68497467 0
vt 0.790825903 0.781466186 0
vt -0.980033994 0.791082978 0
vt -0.857034326 0.616481781 0
vt 0.586642265 0.763107061 0
vt -0.930589259 0.77615422 0
vt 0.780479014 0.690779984 0
vt 0.590954125 0.679319263 0
vt -0.64667511 0.753364742 0
vt -0.639672935 0.670288026 0
vt -0.734166324 0.866374254 0
vt 0.699970961 0.834813893 0
vt 0.578946054 0.659389138 0
vt 0.70998323 0.848705769 0
vt -0.714672267 0.895880938 0
vt 0.585056722 0.994520485 0
vt 0.573265672 0.855113149 0
vt -0.893397689 0.83755815 0
vt -0.713097274 0.871421337 0
vt 0.72645843 0.66881007 0
vt -0.787385643 0.842933655 0
vt 0.682080448 1.01615822 0
vt 0.555617034 0.946553528 0
vt 0.738319457 0.65768826 0
vt 0.62908113 0.657495618 0
vt -0.758658528 1.01561987 0
vt 0.676566422 0.689980984 0
vt -0.724560976 0.854133666 0
vt 0.668831706 0.979873538 0
vt 0.488877237 0.831152916 0
vt -0.866477013 0.853619277 0
vt -0.747181296 0.931869924 0
vt -0.676949859 0.762324452 0
vt 0.604370415 0.941205859 0
vt -0.958940744 0.738124669 0
vt 0.605108678 0.954920769 0
vt -0.919653654 0.805790484 0
vt 0.692045152 0.69078213 0
vt -0.760148704 0.863586843 0
vt 0.572458506 0.897418797 0
vt -0.926934361 0.905875862 0
vt -0.958464503 0.809776902 0
vt 0.519480169 0.858276546 0
vt -0.737573326 0.890176892 0
vt 0.614013493 0.898917615 0
vt -0.811599493 0.691313803 0
vt 0.643613398 0.873475075 0
vt -0.803837776 0.904014289 0
vt 0.528156281 1.00155914 0
vt -0.909888923 0.885448217 0
vt -0.798936069 0.821918607 0
vt -0.628001869 0.731444418 0
vt -0.721741438 1.01310253 0
vt -0.904522777 0.821104825 0
vt -0.916731298 0.8537637 0
vt -0.77244699 0.782655418 0
vt -0.912385941 1.01930451 0
vt 0.523640692 0.841116905 0
vt 0.564562082 0.722999454 0
vt -0.904140472 0.717495024 0
vt 0.789330661 0.742954433 0
vt -0.695456862 0.688296735 0
vt -0.702344 0.769807518 0
vt -0.755862236 0.757132411 0
vt 0.677065313 0.963252842 0
vt -0.742085516 0.867902339 0
vt 0.744035125 0.789555788 0
vt -0.893629491 0.954686582 0
vt -0.689492226 1.02874005 0
vt -0.812987864 0.712134838 0
vt 0.545136213 0.985695779 0
vt 0.608647048 0.707375228 0
vt -0.981593072 0.845732391 0
vt 0.515873551 0.67903769 0
vt 0.795769155 0.745536327 0
vt 0.584924757 0.796560764 0
vt 0.767903507 0.810738266 0
vt -0.812906384 0.872981966 0
vt -0.658844233 0.683617592 0
vt -0.855860054 0.867262363 0
vt 0.453110576 0.837622583 0
vt 0.477665603 0.8181144 0
vt 0.752628386 0.85325712 0
vt -0.762605429 0.689088225 0
vt -0.894590795 1.02316225 0
vt -0.753512084 0.833647549 0
vt -0.972909868 0.846862555 0
vt -0.647879004 0.649157226 0
vt 0.563144743 0.914623976 0
vt 0.78010869 0.790237427 0
vt 0.566806734 0.928461671 0
vt 0.536594927 0.657877684 0
vt 0.63882792 0.850099146 0
vt -0.875904262 0.703404546 0
vt 0.627398372 0.890094519 0
vt 0.60083735 0.669607222 0
vt -0.698119164 0.666653216 0
vt 0.522710919 0.691769719 0
vt 0.753932536 0.650087774 0
vt 0.533918738 0.783459663 0
vt -0.850851417 0.910376966 0
vt -0.643978357 0.705518365 0
vt 0.625877738 0.955729008 0
vt -0.773536682 0.978719652 0
vt 0.590447605 0.650803924 0
vt -0.858962536 0.648455203 0
vt -0.739119053 0.615374267 0
vt -0.719562411 0.829267442 0
vt 0.691878676 1.04091585 0
vt 0.705962002 0.861128509 0
vt 0.652385235 0.832238615 0
vt 0.734240532 0.723023057 0
vt 0.470341921 0.669593573 0
vt 0.501258969 0.684763372 0
vt 0.508916914 0.6971066 0
vt -0.832409739 0.667893887 0
vt 0.550670445 0.670417249 0
vt -0.900974333 0.651587367 0
vt 0.643999577 0.89010793 0
vt -0.842634261 0.660276055 0
vt -0.900613606 0.786932528 0
vt 0.701072872 0.867659032 0
vt 0.451635182 0.645497322 0
vt 0.56109637 0.628659248 0
vt 0.498346686 0.822110653 0
vt 0.634577036 0.953677118 0
vt -0.810940564 0.656779349 0
vt 0.600133479 0.752793193 0
vt -0.689801633 0.856088459 0
vt -0.773122191 0.718643785 0
vt -0.674399436 0.676640868 0
vt 0.644405603 0.832246363 0
vt 0.730071306 0.684257746 0
vt -0.908666134 0.680390537 0
vt 0.738761783 0.681139708 0
vt -0.923080146 0.696335793 0
vt -0.705116808 0.74078548 0
vt 0.453934312 0.823743582 0
vt -0.74723953 0.613786757 0
vt 0.706011772 0.828216851 0
vt 0.457440913 0.786449552 0
vt 0.444529325 0.794530869 0
vt -0.779718399 0.757284403 0
vt 0.721710801 0.999718785 0
vt -0.723491848 0.896517396 0
vt 0.591703355 0.755153537 0
vt -0.636276901 0.735264242 0
vt -0.77731967 0.803811252 0
vt -0.809814751 0.830417991 0
vt -0.975690722 0.635149181 0
vt 0.702545345 0.965724111 0
vt 0.569574475 0.842213154 0
vt -0.828057528 0.675390959 0
vt 0.467058092 0.71237427 0
vt -0.870151877 0.860978544 0
vt -0.878372371 0.96253705 0
vt 0.731473088 0.62739563 0
vt -0.742407441 0.74858278 0
vt -0.776313543 0.671050966 0
vt -0.808392465 0.849924505 0
vt -0.709101021 0.686477482 0
vt -0.825481772 0.71917063 0
vt -0.859276116 0.910285413 0
vt -0.928325593 0.769458652 0
vt -0.801190674 0.736776531 0
vt -0.778903663 0.968481481 0
vt 0.677297771 0.840157926 0
vt 0.652711451 1.00503492 0
vt 0.596247911 0.71353972 0
vt 0.473458827 0.705247521 0
vt -0.720598161 1.02593172 0
vt -0.712987959 0.858512104 0
vt -0.777058482 0.874992013 0
vt 0.508355379 0.707106769 0
vt 0.502443194 0.837115347 0
vt -0.682859838 0.857829869 0
vt 0.790844798 0.710953653 0
vt -0.866146326 1.02742958 0
vt 0.724979997 0.761856794 0
vt 0.542467773 0.75027287 0
vt -0.916534305 0.879779875 0
vt -0.942458928 0.886112392 0
vt -0.795241117 0.767084122 0
vt 0.565574884 0.68590349 0
vt 0.692367792 0.795006514 0
vt 0.603372455 0.648555279 0
vt -0.68257457 0.720258057 0
vt -0.943703771 0.844673753 0
vt -0.817719638 0.811265588 0
vt 0.545860648 1.03643513 0
vt -0.906089008 0.923339486 0
vt 0.472922504 0.659685135 0
vt 0.513510764 0.72700721 0
vt -0.893053353 0.885133266 0
vt 0.451677144 0.700565219 0
vt -0.706158102 0.830149233 0
vt -0.930782199 0.83339262 0
vt -0.700655639 0.645671785 0
vt 0.492044747 0.838719964 0
vt -0.730891883 0.723509192 0
vt -0.823696792 0.801769555 0
vt -0.719798088 0.985493064 0
vt 0.652997494 0.667601824 0
vt 0.624115109 0.751690626 0
vt 0.756791711 0.716422856 0
vt 0.775005817 0.768692255 0
vt 0.474406332 0.86364907 0
vt 0.801458597 0.811078012 0
vt 0.576096475 0.951854527 0
vt 0.599893451 0.66078341 0
vt 0.451658845 0.686694622 0
vt -0.870440364 0.623957157 0
vt -0.784468234 0.925549805 0
vt -0.829693615 0.728016019 0
vt 0.71002692 0.63697201 0
vt -0.634376466 0.663877249 0
vt -0.839120328 0.961572349 0
vt -0.68500632 0.633283675 0
vt -0.779990077 0.846479952 0
vt 0.615948319 0.930600703 0
vt 0.552942812 0.732141078 0
vt -0.76744318 0.939098179 0
vt 0.774450004 0.665357947 0
vt 0.658043802 0.915864706 0
vt 0.481130213 0.744056642 0
vt 0.80074203 0.723843098 0
vt -0.856571257 0.879989684 0
vt -0.863590062 0.890684485 0
vt 0.666876495 0.912623227 0
vt 0.444154322 0.782182574 0
vt 0.565439939 0.873015583 0
vt 0.460925877 0.791671991 0
vt 0.52779609 0.779417336 0
vt 0.680424154 0.862356126 0
vt -0.895807862 0.904500961 0
vt -0.879819453 0.626589179 0
vt 0.706794381 0.973124266 0
vt 0.651585698 0.895806253 0
vt 0.596634209 0.870875955 0
vt -0.897558093 0.946269751 0
vt -0.742285252 0.920007348 0
vt -0.979185462 0.812036574 0
vt 0.710109532 0.835497499 0
vt -0.746887267 0.806534171 0
vt -0.926959038 0.664138734 0
vt -0.89651829 0.716541231 0
vt 0.75769788 0.75036931 0
vt 0.479091227 0.85607487 0
vt -0.785329103 0.795042157 0
vt -0.86782515 0.762467265 0
vt 0.618640065 0.721050918 0
vt -0.783260763 0.631368577 0
vt 0.453463286 0.715654433 0
vt -0.651644826 0.795185149 0
vt -0.661081612 0.854246795 0
vt 0.73358047 0.865485907 0
vt 0.522275686 1.01421714 0
vt 0.735050976 0.805357099 0
vt -0.877646148 0.795152247 0
vt -0.91955626 0.626105666 0
vt 0.744678974 0.802438438 0
vt -0.874729693 0.855574071 0
vt 0.661293924 0.992842138 0
vt 0.74492377 0.86646533 0
vt 0.551278472 0.972311139 0
vt 0.454344511 0.675852001 0
vt 0.736712039 0.813504934 0
vt -0.937594712 0.73831743 0
vt -0.948182583 0.71789521 0
vt -0.737404048 0.859822929 0
vt -0.901662052 0.682008266 0
vt 0.571896791 0.636431456 0
vt 0.571641743 0.701650143 0
vt -0.729602635 0.647374451 0
vt 0.78347373 0.740337968 0
vt -0.934259474 0.659067035 0
vt -0.873486161 0.63139683 0
vt -0.759217143 0.820536852 0
vt -0.74825424 0.907694995 0
vt -0.711910188 1.02436471 0
vt -0.778785169 0.725821912 0
vt -0.948891222 0.808318377 0
vt 0.530856907 0.768512249 0
vt -0.629056811 0.723149657 0
vt 0.668175399 0.705210984 0
vt 0.473657668 0.678751826 0
vt -0.860549092 0.623710096 0
vt -0.772287011 0.687864721 0
vt -0.704704881 0.985097528 0
vt -0.847114444 0.821425438 0
vt 0.787091255 0.849485636 0
vt -0.833002627 0.890519619 0
vt -0.766801298 0.631526053 0
vt 0.643109679 0.949412107 0
vt -0.827450871 0.877327263 0
vt -0.874257982 0.901520967 0
vt -0.849858761 0.901366293 0
vt -0.98206377 0.826175272 0
vt 0.62516439 0.978614986 0
vt -0.960607886 0.775168836 0
vt -0.947736025 0.772213995 0
vt 0.604023814 0.811611712 0
vt 0.675995529 0.704845011 0
vt 0.549631536 0.64842695 0
vt -0.82069999 0.919087529 0
vt -0.864136875 0.844014585 0
vt 0.706148028 1.0122236 0
vt -0.979113817 0.704879045 0
vt 0.537100613 1.03161693 0
vt -0.964882851 0.710001469 0
vt 0.536038399 0.858435929 0
vt -0.748154104 0.707909226 0
vt -0.87449646 0.914515555 0
vt 0.607190132 0.818220377 0
vt 0.553738534 0.839675963 0
vt -0.969289362 0.680216312 0
vt 0.486003846 0.817773581 0
vt -0.832491636 0.737397254 0
vt -0.88363117 0.887299955 0
vt 0.598962426 1.00523913 0
vt 0.612318516 0.63903892 0
vt -0.987870574 0.671794295 0
vt -0.684437454 0.760938346 0
vt -0.677216649 0.837887228 0
vt -0.854396164 0.818279624 0
vt -0.759167671 0.981521964 0
vt 0.69901067 0.781700432 0
vt 0.734173715 0.847581506 0
vt 0.715404749 0.742492378 0
vt 0.728197277 1.0269531 0
vt 0.592600644 0.672162056 0
vt -0.957465649 0.630498052 0
vt -0.794035316 0.651404798 0
vt -0.689337909 0.807883739 0
vt 0.801381648 0.69517076 0
vt 0.513196051 0.851539552 0
vt 0.540965319 0.735651135 0
vt 0.65607965 0.838495791 0
vt 0.566714883 0.945016444 0
vt -0.75861454 0.77859503 0
vt -0.729061544 0.671992958 0
vt -0.807765841 0.898354769 0
vt 0.567145765 0.995112419 0
vt -0.86904794 0.77549541 0
vt -0.841241956 0.880899608 0
vt 0.635403454 0.885849118 0
vt 0.606627584 0.984892845 0
vt -0.901725411 0.938243449 0
vt -0.756696761 0.704900026 0
vt 0.693123579 0.760774732 0
vt -0.635527074 0.693850756 0
vt -0.710840642 0.949753642 0
vt 0.631057501 0.897946417 0
vt 0.653318584 0.966625094 0
vt -0.965413511 0.744160831 0
vt -0.965639472 0.643428683 0
vt 0.775381207 0.741897404 0
vt 0.568607807 0.921080828 0
vt -0.796438992 0.812842309 0
vt -0.966385007 0.792581022 0
vt 0.457350373 0.681710839 0
vt 0.62785393 0.744827747 0
vt -0.884294868 1.00337505 0
vt -0.675585926 0.888142109 0
vt -0.889739215 0.615617812 0
vt -0.936542869 0.674812913 0
vt -0.7486009 0.645489395 0
vt -0.879417062 0.788285792 0
vt -0.834800184 0.874649167 0
vt 0.517190397 0.712368131 0
vt -0.84681797 0.65473038 0
vt -0.799226046 0.896784902 0
vt 0.571904659 0.883931994 0
vt 0.549330533 0.781529605 0
vt 0.685821295 0.762308419 0
vt -0.888981998 0.77881676 0
vt 0.581368268 0.8154338 0
vt 0.619099855 0.798579097 0
vt -0.828326643 0.906946361 0
vt 0.671436131 0.768950462 0
vt -0.702383518 0.691696167 0
vt 0.664392769 0.920790017 0
vt 0.513997614 0.735654056 0
vt 0.587372601 1.01831913 0
vt -0.942312837 0.661945939 0
vt -0.962739468 0.685789883 0
vt -0.943732381 0.634863913 0
vt -0.90136832 0.883588254 0
vt -0.836643398 0.751134098 0
vt -0.739741266 0.646222889 0
vt 0.799209416 0.63495785 0
vt 0.543569565 0.830706418 0
vt -0.989059746 0.712856889 0
vt 0.619773149 0.991426647 0
vt -0.816792846 0.824898899 0
vt 0.45323351 0.844288588 0
vt -0.76608789 0.977415681 0
vt -0.883733571 0.723679185 0
vt 0.474987805 0.847594082 0
vt 0.621195018 0.712566733 0
vt 0.613444448 0.986267328 0
vt 0.788222849 0.816916049 0
vt 0.575755835 0.729584634 0
vt -0.842976391 0.623613894 0
vt 0.467027247 0.739856184 0
vt -0.877540231 0.862815738 0
vt -0.73211503 0.639641285 0
vt 0.707864583 0.763702929 0
vt 0.69053787 1.01442349 0
vt 0.534681201 0.82213217 0
vt 0.753412068 0.788771152 0
vt 0.643123865 0.896998286 0
vt -0.888386905 0.69705373 0
vt -0.890197635 0.674555421 0
vt -0.958396852 0.730493069 0
vt 0.730045259 0.706626177 0
vt 0.6145823 0.763384819 0
vt -0.869639874 0.667262971 0
vt 0.7762869 0.79727149 0
vt -0.871192694 0.806130648 0
vt -0.672111452 0.66060847 0
vt 0.529245198 0.752198935 0
vt 0.669133544 0.759948075 0
vt -0.664902627 0.841185927 0
vt -0.710870564 0.964058399 0
vt 0.760377228 0.854397953 0
vt 0.520761609 0.730258763 0
vt -0.832981944 0.715339303 0
vt 0.505421877 0.659940839 0
vt 0.764175117 0.75411284 0
vt 0.776396513 0.74984479 0
vt -0.76935792 0.693298042 0
vt -0.882992029 0.758437455 0
vt -0.851204693 0.980561912 0
vt 0.454598635 0.763005316 0
vt -0.670795918 0.708818436 0
vt -0.76456362 0.681935489 0
vt -0.678709447 0.622829437 0
vt -0.949695587 0.704652071 0
vt 0.543602049 0.972054601 0
vt -0.919362307 0.813530803 0
vt 0.591859162 1.00056326 0
vt 0.518609583 0.866602957 0
vt 0.556114256 0.82443589 0
vt -0.726001978 0.827057183 0
vt 0.681635261 0.932904899 0
vt 0.59622097 0.956453919 0
vt 0.507648408 0.760263205 0
vt 0.755240202 0.779020727 0
vt 0.6883021 0.754060864 0
vt -0.672421694 0.825833023 0
vt 0.791418254 0.637895286 0
vt 0.665223658 0.683116794 0
vt 0.782293737 0.677666187 0
vt -0.813236356 0.699106693 0
vt -0.978185713 0.649305463 0
vt 0.698438108 0.705155194 0
vt -0.645044863 0.825022042 0
vt 0.513775826 0.873568594 0
vt -0.945181966 0.815559983 0
vt 0.713090479 0.62645328 0
vt -0.920021892 1.02329516 0
vt -0.636509776 0.777346492 0
vt 0.626617014 0.97113812 0
vt 0.771410346 0.646815956 0
vt -0.793755829 0.717489362 0
vt -0.951209664 0.878658295 0
vt 0.709450245 0.6479128 0
vt 0.702675045 0.7483688 0
vt -0.886489332 0.860896051 0
vt 0.729042053 0.677424908 0
vt 0.693210244 0.776257217 0
vt 0.534096897 0.82914722 0
vt -0.683733642 0.728582144 0
vt -0.988855124 0.771089971 0
vt -0.816396832 0.845381021 0
vt -0.716654658 0.73029238 0
vt 0.652235448 0.764674127 0
vt -0.912697852 0.899332821 0
vt 0.687471449 0.773871839 0
vt 0.727086306 0.793963611 0
vt 0.701617718 0.726986349 0
vt -0.919169962 0.839123428 0
vt 0.680633307 1.02700794 0
vt 0.647283196 0.713058889 0
vt 0.481144845 0.794981122 0
vt -0.753955424 0.799972296 0
vt 0.699450135 0.875146508 0
vt 0.715594709 1.00608003 0
vt -0.96064502 0.752040148 0
vt 0.549881577 0.725250423 0
vt -0.786468804 0.762913823 0
vt -0.688753903 0.744496465 0
vt 0.748405695 0.860997796 0
vt -0.988132834 0.810791969 0
vt -0.626890004 0.797154009 0
vt -0.776498795 0.942403018 0
vt 0.732293785 1.01507878 0
vt -0.938975871 0.711265802 0
vt -0.665570617 0.655906618 0
vt -0.84340471 0.908128679 0
vt -0.923236609 1.03028405 0
vt 0.572285652 0.974833608 0
vt -0.863840222 0.793742657 0
vt -0.740841448 0.770991325 0
vt -0.761720121 0.829110861 0
vt -0.806323349 0.778012872 0
vt -0.733485699 0.731599629 0
vt -0.685365736 0.714062452 0
vt -0.711939037 0.988147855 0
vt -0.796748638 0.872304797 0
vt 0.768062294 0.771190166 0
vt -0.727223396 0.87464422 0
vt -0.830146849 0.94943583 0
vt -0.721470714 0.63595736 0
vt 0.524021149 0.803008914 0
vt -0.663820863 0.771793067 0
vt 0.443440974 0.647781074 0
vt 0.713792861 0.87326628 0
vt 0.513251185 0.795886278 0
vt 0.613829792 0.713294089 0
vt -0.897250891 0.698192418 0
vt 0.443706781 0.688260674 0
vt 0.60058105 0.934802651 0
vt 0.586747825 0.914092422 0
vt -0.703625441 0.73320061 0
vt 0.620371163 0.840049505 0
vt -0.884829819 0.681386709 0
vt 0.596514225 0.840468168 0
vt 0.744198859 0.715190828 0
vt -0.986139357 0.652936578 0
vt 0.699209094 0.95807904 0
vt 0.545089602 0.86177659 0
vt -0.838490665 0.792477667 0
vt 0.532962024 0.739007771 0
vt 0.737662733 0.705062449 0
vt 0.704926789 0.699339569 0
vt 0.66567868 0.80431354 0
vt 0.701175928 0.712850392 0
vt -0.98921752 0.749972045 0
vt -0.739031255 0.623924792 0
vt -0.779659808 0.781531811 0
vt -0.6621176 0.676871777 0
vt -0.940567434 0.752375543 0
vt -0.779932499 0.826210141 0
vt -0.812367439 0.886579216 0
vt -0.896444619 0.630960524 0
vt 0.537363708 0.716314912 0
vt -0.671623468 0.767961323 0
vt -0.92557466 0.710961103 0
vt -0.830817461 0.632422507 0
vt 0.632875562 0.711487412 0
vt -0.715316117 0.738899291 0
vt -0.946293712 0.871611536 0
vt -0.762874246 0.85515672 0
vt 0.717791021 0.991733253 0
vt -0.882684469 0.674872339 0
vt 0.676081181 0.998047113 0
vt 0.445515126 0.82227236 0
vt -0.783014596 0.957926512 0
vt -0.772956073 0.663955927 0
vt -0.661990583 0.755989134 0
vt 0.528727472 0.719875038 0
vt -0.878826797 0.692647576 0
vt 0.643203676 0.668306351 0
vt -0.839057505 0.729316652 0
vt -0.971228242 0.761517167 0
vt 0.687413335 0.697158873 0
vt -0.857843161 0.887134492 0
vt 0.587510645 0.686691165 0
vt -0.983396232 0.77629137 0
vt -0.768226743 0.947318375 0
vt -0.878390729 0.661902845 0
vt -0.652498603 0.657418728 0
vt 0.799481511 0.675706327 0
vt -0.642723501 0.839466572 0
vt 0.657972693 0.772490501 0
vt 0.574865401 0.928039968 0
vt -0.756070733 0.897176087 0
vt -0.911838412 0.66644752 0
vt 0.513080955 0.817079484 0
vt 0.629915178 0.774687648 0
vt -0.675249517 0.725432634 0
vt 0.478257775 0.666671157 0
vt -0.80339098 0.672429264 0
vt -0.680471361 0.890122175 0
vt -0.819424033 0.887770176 0
vt 0.793817282 0.774768472 0
vt 0.654545188 0.642866313 0
vt -0.932696342 0.698364794 0
vt 0.533897817 0.664776802 0
vt -0.89993757 0.970225036 0
vt -0.677843869 0.817845821 0
vt -0.910203099 0.848743916 0
vt 0.507580578 0.715182424 0
vt 0.46990338 0.753557801 0
vt -0.635959268 0.686625898 0
vt -0.844668746 0.748454392 0
vt 0.528068125 0.809523165 0
vt -0.707796395 0.931204319 0
vt -0.697745442 0.830965221 0
vt -0.62761718 0.630538225 0
vt 0.667488813 0.690822899 0
vt -0.833968699 0.809230983 0
vt -0.79282254 0.880532384 0
vt -0.791160047 0.90975517 0
vt 0.60844785 0.656057358 0
vt -0.988044381 0.690113485 0
vt 0.450647384 0.768903494 0
vt 0.663917959 0.697697103 0
vt 0.598002076 0.902317464 0
vt 0.677184105 0.76338923 0
vt 0.621349156 0.869799018 0
vt -0.952945411 0.752712548 0
vt -0.898738921 0.843093157 0
vt -0.885886848 0.749940693 0
vt -0.781900465 0.639647663 0
vt -0.924601316 0.857855678 0
vt -0.989517808 0.85005933 0
vt 0.527783096 0.855277538 0
vt -0.825506389 0.856064022 0
vt -0.836794615 0.785735488 0
vt 0.588402569 0.709743619 0
vt 0.730697393 0.639374852 0
vt 0.594908476 0.627979338 0
vt 0.721327126 0.73984915 0
vt 0.583914101 0.93207258 0
vt -0.868571639 0.990607023 0
vt -0.903551161 0.849560201 0
vt 0.783706665 0.782253921 0
vt 0.614478111 0.820432663 0
vt 0.569372535 0.792710006 0
vt 0.629984558 0.961861134 0
vt 0.660615385 0.908266246 0
vt -0.877202988 0.997309864 0
vt 0.561451077 0.923916698 0
vt 0.6701231 0.790810525 0
vt -0.911489844 0.808903813 0
vt 0.748547316 0.737848103 0
vt 0.49967292 0.844962537 0
vt -0.75340414 0.993978262 0
vt 0.534021199 0.882073402 0
vt -0.682121754 0.672013581 0
vt 0.574302256 0.72385025 0
vt 0.514686286 0.703489661 0
vt -0.777323842 0.909205854 0
vt -0.920062542 0.667077184 0
vt -0.933808923 0.732156634 0
vt -0.740419686 0.763113439 0
vt 0.559580564 0.844399869 0
vt 0.54660809 0.979169428 0
vt 0.642894626 0.855795503 0
vt -0.655007005 0.638392925 0
vt 0.663897276 0.669214308 0
vt -0.731553018 0.930194914 0
vt -0.817124903 0.787659943 0
vt 0.545437098 0.992934465 0
vt 0.576084137 0.789592922 0
vt 0.482388407 0.834917605 0
vt -0.810218275 0.649312317 0
vt 0.611779273 0.647715092 0
vt -0.932829499 0.841566265 0
vt -0.879568458 1.03859019 0
vt -0.803007305 0.622176349 0
vt 0.550539017 0.663194001 0
vt -0.833998621 0.624138534 0
vt 0.475026637 0.714858353 0
vt 0.688464224 0.669474244 0
vt 0.595097244 0.832864106 0
vt 0.593297422 0.777002275 0
vt -0.802155972 0.647564352 0
vt 0.516558647 1.0177027 0
vt -0.958065212 0.70393306 0
vt 0.753565252 0.798278451 0
vt -0.769878924 0.875835657 0
vt -0.742605388 0.953464329 0
vt -0.944226861 0.861611962 0
vt 0.746644378 0.68355161 0
vt 0.700725079 0.788381457 0
vt -0.946866691 0.747864366 0
vt -0.791175306 0.866178989 0
vt 0.660399854 0.655505002 0
vt 0.494938821 0.778900266 0
vt 0.573004842 0.862922847 0
vt -0.778698742 0.918239236 0
vt 0.518896163 1.02539122 0
vt -0.930744231 0.651610136 0
vt 0.511541069 0.837284923 0
vt -0.842725575 0.646638393 0
vt -0.843692958 0.852285743 0
vt -0.800603688 0.853738606 0
vt -0.729432583 0.968556702 0
vt -0.976434886 0.820371985 0
vt -0.645631671 0.743777275 0
vt -0.845302939 0.896061599 0
vt 0.71161902 0.660875082 0
vt 0.678450823 0.66443336 0
vt 0.65005511 0.918509364 0
vt -0.671815217 0.882836819 0
vt -0.690133572 0.672605038 0
vt -0.712230623 0.747313797 0
vt 0.649781704 0.934271872 0
vt 0.679515839 0.697064102 0
vt 0.614187956 0.947277129 0
vt -0.824296296 0.647453666 0
vt -0.801126838 0.719640911 0
vt -0.889467061 1.03665435 0
vt 0.711676717 0.980367899 0
vt 0.467917174 0.645708442 0
vt -0.90036881 0.638198495 0
vt -0.754585683 0.733486354 0
vt 0.642086387 0.994787693 0
vt 0.488812566 0.774309218 0
vt -0.828895211 0.940122902 0
vt 0.444218189 0.70559746 0
vt 0.716559112 0.763445556 0
vt 0.68574959 0.996109426 0
vt 0.790792406 0.629023731 0
vt 0.722336709 0.627107561 0
vt 0.446142107 0.801517665 0
vt 0.498775691 0.738844395 0
vt -0.729229391 0.740860581 0
vt 0.549906373 0.703665912 0
vt 0.695678532 0.697950661 0
vt 0.659327209 0.849596918 0
vt -0.866045833 0.942233145 0
vt 0.622511148 0.781742871 0
vt -0.794710338 0.743677855 0
vt 0.454700679 0.864016712 0
vt -0.716215849 1.01758099 0
vt -0.724572182 0.718684196 0
vt -0.86509943 0.954938114 0
vt 0.513195276 0.766542017 0
vt 0.794590473 0.737110913 0
vt 0.451066077 0.669969261 0
vt 0.48113969 0.655163586 0
vt -0.988326132 0.788324177 0
vt 0.591883302 1.00973284 0
vt 0.442577749 0.743370771 0
vt -0.968864501 0.832984805 0
vt -0.921477079 0.872212648 0
vt -0.695135474 0.629340112 0
vt 0.503651381 0.815461874 0
vt -0.771493018 0.733336687 0
vt -0.726272762 1.01921082 0
vt -0.817331314 0.765616298 0
vt -0.736173391 1.03099239 0
vt 0.454885513 0.663368165 0
vt -0.885520697 0.621577859 0
vt -0.633359015 0.831586242 0
vt -0.716588676 0.721760094 0
vt 0.641231298 0.941590369 0
vt 0.801614404 0.850331604 0
vt 0.665302396 0.729074776 0
vt -0.894733787 0.791196465 0
vt -0.868566155 0.689385295 0
vt 0.633287907 0.816292465 0
vt 0.494485259 0.869168758 0
vt -0.795765817 0.692205787 0
vt -0.765806735 0.624461174 0
vt -0.729274631 0.81068033 0
vt 0.626691997 0.649148822 0
vt 0.733963013 0.856042504 0
vt 0.791108191 0.679088473 0
vt -0.925015271 0.735004604 0
vt 0.487197578 0.699596584 0
vt -0.979059815 0.859262764 0
vt 0.489747107 0.676706791 0
vt -0.803124547 0.654889464 0
vt -0.715192378 0.668615401 0
vt -0.768095016 0.883117616 0
vt 0.559387863 0.876533568 0
vt -0.68397969 0.667017937 0
vt -0.675933301 0.789877892 0
vt 0.650260627 0.675056934 0
vt 0.678499162 0.644889772 0
vt -0.713042259 0.799712241 0
vt -0.905627191 0.903908908 0
vt -0.723717272 0.775758505 0
vt 0.761938691 0.824507236 0
vt -0.914546549 0.791693509 0
vt 0.71005863 0.722896218 0
vt -0.775383174 0.902098894 0
vt -0.627116323 0.758112252 0
vt -0.958808005 0.662175298 0
vt 0.739865482 0.751871705 0
vt 0.583213747 1.00288641 0
vt -0.78810519 0.64466399 0
vt -0.682074547 0.811490357 0
vt -0.912604988 1.03147781 0
vt -0.631793618 0.764338911 0
vt -0.893797338 0.704823673 0
vt 0.524226308 0.684583545 0
vt 0.632343173 0.799307287 0
vt 0.736513972 0.834363639 0
vt -0.869555235 0.731941581 0
vt -0.981229544 0.783490896 0
vt 0.469354659 0.817980528 0
vt 0.548746467 0.801933885 0
vt 0.638562918 0.836495161 0
vt 0.722528219 0.842313468 0
vt 0.656594396 0.731746912 0
vt -0.874750137 0.945173979 0
vt -0.726864815 0.990449965 0
vt 0.617149532 0.891389191 0
vt -0.950909436 0.635959983 0
vt 0.577462077 0.647124887 0
vt 0.619312823 0.913478076 0
vt -0.804695189 0.885423899 0
vt -0.850032508 0.663182795 0
vt 0.564150691 0.959611416 0
vt -0.872574329 0.654529631 0
vt -0.727068007 0.701449692 0
vt 0.673802435 0.89004463 0
vt 0.573114336 0.875996172 0
vt -0.711583614 0.632091105 0
vt -0.840905666 0.808372498 0
vt 0.520868003 0.849803209 0
vt -0.806182086 0.713180959 0
vt -0.657900572 0.717804611 0
vt 0.481723785 0.73661536 0
vt 0.751387239 0.665608168 0
vt 0.44396013 0.735931754 0
vt 0.585642636 0.898386478 0
vt -0.695044339 0.79030782 0
vt -0.676089585 0.700908184 0
vt 0.659364581 0.758895576 0
vt -0.989983797 0.802321792 0
vt 0.557707191 0.700081289 0
vt -0.644400179 0.728506386 0
vt -0.986496508 0.720556259 0
vt 0.802742422 0.828079462 0
vt -0.902872682 0.69545275 0
vt -0.939657032 0.704039335 0
vt -0.832890332 0.829684436 0
vt -0.907750487 0.986992836 0
vt -0.900008857 0.933026731 0
vt 0.799984455 0.663793921 0
vt -0.820451498 0.640034556 0
vt -0.893695235 0.858238459 0
vt -0.750966549 1.01180792 0
vt -0.816431165 0.663301706 0
vt -0.855417311 0.999718428 0
vt 0.585746109 0.665477991 0
vt 0.801508904 0.715791166 0
vt -0.874399662 0.724150062 0
vt -0.725210547 0.92381227 0
vt -0.851291955 0.680350065 0
vt 0.619317591 0.973272383 0
vt -0.962039709 0.837069094 0
vt -0.726049364 0.868282795 0
vt 0.643603742 0.935621321 0
vt -0.685102224 0.841379523 0
vt -0.63563478 0.728117645 0
vt -0.644068837 0.775731862 0
vt 0.655610621 0.750416756 0
vt 0.744119108 0.810644686 0
vt -0.657921195 0.692567766 0
vt -0.965416253 0.700499237 0
vt -0.645647705 0.615477145 0
vt 0.460405797 0.66985178 0
vt 0.77976805 0.728656471 0
vt -0.648634136 0.789304018 0
vt 0.779538631 0.721318901 0
vt 0.734249949 0.789407909 0
vt -0.704592705 1.0329057 0
vt -0.83459723 0.707161963 0
vt 0.641277969 0.979769886 0
vt -0.918249607 0.758634686 0
vt -0.855009735 0.795508146 0
vt -0.805727065 0.792932749 0
vt -0.791213572 0.898145378 0
vt -0.720588624 0.628382385 0
vt 0.736168981 0.6502738 0
vt 0.473361254 0.745968759 0
vt 0.598548293 0.707972229 0
vt 0.552299321 0.996537745 0
vt 0.725607395 0.786913753 0
vt 0.569251835 0.758346915 0
vt 0.607217073 0.777836084 0
vt -0.682330012 0.685730755 0
vt 0.772866905 0.717885256 0
vt -0.691738725 0.863029242 0
vt -0.838264883 0.63032943 0
vt -0.832133055 0.958378077 0
vt 0.624527752 0.691562176 0
vt -0.626640499 0.809460402 0
vt -0.684446037 0.878414392 0
vt 0.678055763 0.791364729 0
vt -0.812726319 0.817158282 0
vt -0.786793053 0.680547237 0
vt -0.843389869 0.683243454 0
vt 0.666830242 0.999716163 0
vt 0.502265096 0.775225937 0
vt -0.749478579 0.87383014 0
vt 0.702858448 0.769550622 0
vt 0.799118936 0.683779418 0
vt 0.618132591 0.96006763 0
vt -0.640085816 0.83175391 0
vt -0.846163034 0.72497052 0
vt 0.480336994 0.776956439 0
vt 0.670534432 0.834542513 0
vt 0.60500896 0.992858708 0
vt 0.527239978 0.878202975 0
vt -0.868760109 0.908744574 0
vt 0.779640496 0.734947383 0
vt -0.704396367 0.616454005 0
vt -0.732593179 1.01179516 0
vt -0.7868312 0.696717858 0
vt -0.931409419 0.669463277 0
vt -0.901225388 1.00284064 0
vt -0.960138559 0.820520878 0
vt 0.617037594 0.770629585 0
vt 0.717184663 0.66751194 0
vt -0.670396447 0.814250827 0
vt -0.927642345 0.824721575 0
vt -0.835011482 0.686008692 0
vt -0.970796108 0.705247283 0
vt -0.838075221 0.616444886 0
vt -0.919146836 0.722480118 0
vt 0.50893122 0.803266883 0
vt -0.857634068 0.941162884 0
vt -0.655931115 0.774202824 0
vt -0.879296303 0.939309537 0
vt 0.49414748 0.758831203 0
vt -0.895837128 0.851003766 0
vt -0.964303434 0.73548758 0
vt -0.854282618 0.656580567 0
vt 0.632668316 0.766924024 0
vt 0.789826632 0.646771789 0
vt -0.730687976 0.780654132 0
vt -0.767735779 0.713477135 0
vt -0.662033856 0.739967823 0
vt -0.838029265 0.846600413 0
vt 0.704128921 0.671102941 0
vt 0.584468961 0.739513159 0
vt -0.775943935 0.819673598 0
vt 0.474449903 0.759982407 0
vt 0.641397297 0.626321018 0
vt -0.918334365 0.659179032 0
vt 0.55310303 0.953360677 0
vt 0.697319448 0.826855361 0
vt -0.669504046 0.696663618 0
vt 0.46615538 0.637463212 0
vt -0.818076253 0.733256698 0
vt 0.684632003 0.944548249 0
vt -0.824217975 0.830824435 0
vt 0.501877964 0.702259958 0
vt -0.751516938 0.726208568 0
vt -0.710458934 0.888796151 0
vt -0.654912114 0.752379954 0
vt -0.909763873 0.659595191 0
vt -0.833471596 0.722649693 0
vt -0.909082472 1.02575028 0
vt -0.875807285 0.647529781 0
vt -0.779136539 0.797242939 0
vt 0.770592332 0.790611565 0
vt -0.804115713 0.785779119 0
vt 0.643133521 0.735349536 0
vt -0.672389567 0.651458085 0
vt 0.53631568 1.02421439 0
vt -0.940202415 0.820544004 0
vt 0.621144474 0.937207758 0
vt -0.931861281 0.87030679 0
vt -0.770633817 0.913166821 0
vt -0.765716612 0.929228365 0
vt -0.882581413 0.980507195 0
vt -0.653329015 0.704469264 0
vt -0.933392227 0.789044321 0
vt -0.911217511 0.826434612 0
vt -0.859949887 0.750317454 0
vt 0.604475319 0.765242815 0
vt 0.593617558 0.747978449 0
vt 0.535941124 0.710130215 0
vt 0.67492646 0.820578754 0
vt 0.536801398 0.67877382 0
vt -0.717367887 0.836244881 0
vt -0.845904112 0.631809771 0
vt 0.687912047 0.675908685 0
vt -0.793129742 0.829102993 0
vt -0.765515983 0.705925524 0
vt 0.684803605 0.870146334 0
vt 0.772627592 0.862762392 0
vt 0.495516866 0.698757052 0
vt 0.450182617 0.741666913 0
vt -0.816051662 0.741287589 0
vt 0.74773556 0.763263464 0
vt 0.707319319 0.707350314 0
vt -0.765537441 0.91722244 0
vt -0.97931236 0.798793972 0
vt -0.845259011 0.772809088 0
vt -0.666975558 0.682347119 0
vt -0.699280441 0.847627103 0
vt 0.608408511 0.805984557 0
vt -0.736624777 0.896229088 0
vt -0.662101746 0.826329529 0
vt -0.853436828 0.987581193 0
vt -0.863617539 0.821685433 0
vt 0.741916716 0.628105462 0
vt 0.713396132 0.642915308 0
vt 0.794320881 0.839312553 0
vt 0.545399666 0.838057578 0
vt -0.639892042 0.622217476 0
vt -0.878025889 0.845781088 0
vt 0.540900946 0.724008143 0
vt -0.885943651 0.833827913 0
vt -0.723120391 0.931846917 0
vt -0.896558225 0.913018048 0
vt 0.743556201 0.694628894 0
vt -0.660402477 0.874431312 0
vt 0.663102865 0.810454011 0
vt 0.688893676 0.937254786 0
vt 0.624823809 0.795146286 0
vt -0.821213126 0.71235317 0
vt 0.670934796 1.0071944 0
vt 0.617313743 0.789060235 0
vt -0.747120082 0.963191092 0
vt -0.830697298 0.850416124 0
vt -0.782463014 0.709083736 0
vt -0.633555293 0.756279767 0
vt -0.649572253 0.734333813 0
vt -0.87212044 0.842732251 0
vt -0.766504347 0.890054107 0
vt -0.649347305 0.622534394 0
vt -0.66406709 0.668205619 0
vt 0.57978189 0.627378345 0
vt 0.632979751 0.992309511 0
vt 0.69642061 0.674006045 0
vt 0.681247532 0.9896487 0
vt -0.859842181 0.787687898 0
vt 0.617450178 0.847555578 0
vt 0.479248732 0.752920747 0
vt -0.767608941 0.986486912 0
vt 0.771845818 0.732993603 0
vt -0.919536769 0.690184474 0
vt -0.817147434 0.718617916 0
vt -0.877274871 0.908338785 0
vt 0.598638058 0.973272264 0
vt -0.89397788 0.623356164 0
vt 0.57619971 0.66708976 0
vt -0.915168583 0.680380285 0
vt -0.753291845 0.697125793 0
vt -0.657884479 0.766194999 0
vt -0.943714678 0.687531531 0
vt 0.458131105 0.814557552 0
vt -0.950531125 0.858727992 0
vt -0.806869745 0.630551159 0
vt -0.638655007 0.647951424 0
vt -0.664856493 0.763350725 0
vt 0.503660917 0.782775283 0
vt 0.61453563 0.779634774 0
vt 0.70315063 0.663773596 0
vt 0.795220315 0.786684394 0
vt 0.502343237 0.74700588 0
vt -0.705587983 0.777584553 0
vt -0.925259471 0.646032095 0
vt 0.68119657 0.671633005 0
vt -0.682621598 0.786086917 0
vt -0.721966565 0.809739828 0
vt -0.728897691 0.982043564 0
vt -0.912797868 0.907535732 0
vt -0.664487541 0.785523355 0
vt 0.64487803 0.798825204 0
vt -0.798828423 0.627474368 0
vt -0.735055864 1.01983988 0
vt -0.706891 0.881840765 0
vt 0.644573689 0.75879854 0
vt 0.78704381 0.724512815 0
vt -0.900175333 0.891096711 0
vt 0.653370678 0.844931364 0
vt 0.540535212 0.704668939 0
vt 0.731284261 0.84070009 0
vt -0.94216305 0.616568387 0
vt 0.564005435 0.9746207 0
vt 0.510833919 1.023031 0
vt -0.794744194 0.698316693 0
vt 0.752399623 0.697102308 0
vt -0.933465123 0.764924288 0
vt 0.70528549 0.854102969 0
vt -0.73394835 0.746772408 0
vt 0.632472992 0.695675075 0
vt 0.681720674 0.777368546 0
vt -0.859473288 1.02304709 0
vt -0.653613925 0.666480839 0
vt 0.656183422 0.923772454 0
vt 0.516213596 0.75843972 0
vt -0.780681431 0.838675141 0
vt 0.550031483 0.810377896 0
vt -0.721337438 0.908980072 0
vt 0.491812259 0.732421815 0
vt -0.891062796 0.969861805 0
vt 0.631933331 0.832313836 0
vt -0.892124295 1.01583219 0
vt -0.856470883 0.640591323 0
vt 0.550759912 0.695427418 0
vt 0.458506495 0.741310537 0
vt 0.75119096 0.630436957 0
vt 0.578218281 0.987104714 0
vt -0.900481045 1.02652884 0
vt -0.966141105 0.718886495 0
vt 0.696549177 0.949714124 0
vt 0.612092078 0.907409787 0
vt -0.947071195 0.710302174 0
vt 0.63680321 0.74585408 0
vt -0.747552752 0.740075111 0
vt 0.581867278 0.680789709 0
vt -0.668589175 0.792828321 0
vt -0.779548824 0.615051925 0
vt 0.67344135 0.881671488 0
vt -0.66351074 0.648490429 0
vt -0.679662049 0.653828919 0
vt -0.864312053 0.916068137 0
vt -0.904046357 0.631334484 0
vt 0.76553005 0.860645056 0
vt -0.704864442 1.02577984 0
vt 0.801416457 0.772514045 0
vt -0.821233749 0.87216723 0
vt 0.649016917 0.743243456 0
vt 0.615115166 0.681116462 0
vt -0.708229482 0.651767969 0
vt 0.638362408 0.771829963 0
vt 0.786922097 0.733596921 0
vt -0.917124271 0.749910891 0
vt -0.703358471 0.659807444 0
vt 0.703831136 0.879603982 0
vt -0.80051291 0.879690826 0
vt -0.711827934 0.849420905 0
vt 0.685843349 0.742221832 0
vt -0.824083686 0.740473628 0
vt -0.910776317 1.00499833 0
vt -0.669086218 0.742237151 0
vt -0.903789997 0.758300841 0
vt 0.655743241 0.713415742 0
vt -0.747668743 0.653607011 0
vt 0.648953438 0.92637521 0
vt 0.443354189 0.7235443 0
vt -0.744823754 0.886589289 0
vt -0.707446158 0.667609513 0
vt 0.562351882 1.00146568 0
vt -0.96053201 0.647920787 0
vt -0.919970095 0.72979784 0
vt 0.70676595 0.873210311 0
vt -0.904854417 0.944103718 0
vt 0.478867948 0.697578907 0
vt 0.602503836 0.823516965 0
vt 0.706634283 1.00458372 0
vt -0.739342213 0.680090606 0
vt -0.821823299 0.817664266 0
vt 0.57933414 0.901966751 0
vt -0.772070169 0.840149164 0
vt 0.716236651 1.01471913 0
vt 0.698839664 0.849018812 0
vt -0.837217808 0.936710954 0
vt -0.853485107 0.773315549 0
vt 0.674507499 0.631942272 0
vt 0.558510959 0.812069356 0
vt -0.782649815 0.623179913 0
vt -0.823742032 0.847764969 0
vt 0.771157324 0.725110173 0
vt -0.771438241 0.970917642 0
vt -0.696905792 0.70466727 0
vt 0.508013666 0.844331682 0
vt -0.854740083 0.714101732 0
vt 0.610986292 0.884453177 0
vt -0.71819967 0.703106463 0
vt -0.885535598 0.937289357 0
vt 0.769213796 0.820718944 0
vt 0.772134542 0.656279564 0
vt 0.62272501 0.898037791 0
vt 0.756307542 0.685035288 0
vt -0.816365421 0.671616018 0
vt -0.914256692 0.772628963 0
vt -0.851391613 0.859734476 0
vt 0.530062854 0.760955691 0
vt 0.519738019 0.647787094 0
vt -0.670246542 0.729497492 0
vt 0.74075079 0.775023162 0
vt 0.636421502 0.861828804 0
vt 0.649236202 0.955234289 0
vt -0.849611461 0.883752406 0
vt -0.966256201 0.666134477 0
vt 0.659568608 0.627430856 0
vt 0.623914719 0.766914427 0
vt 0.749568582 0.772497952 0
vt -0.692375481 0.636588871 0
vt -0.98545754 0.662901759 0
vt 0.630701065 0.782977045 0
vt -0.685940385 0.642248631 0
vt 0.639573097 0.753360033 0
vt 0.509949207 0.775361061 0
vt -0.675876677 0.734942734 0
vt 0.660466194 1.01219356 0
vt -0.873620152 0.781707585 0
vt 0.590222538 0.81665343 0
vt 0.673381329 0.974864483 0
vt -0.756394386 0.806707144 0
vt -0.83153671 0.774076998 0
vt 0.514267206 0.719416857 0
vt -0.810836971 0.78512615 0
vt -0.722943664 1.03721404 0
vt 0.505811214 0.872378409 0
vt 0.650193214 0.627331257 0
vt 0.658431649 1.00029361 0
vt 0.730730712 0.82798785 0
vt 0.634524584 0.645417809 0
vt 0.732439995 0.783108592 0
vt -0.636430085 0.743165493 0
vt -0.959011793 0.845496058 0
vt -0.784167409 0.879662156 0
vt 0.601773918 0.702564478 0
vt 0.673505187 0.897826135 0
vt 0.491604954 0.723364413 0
vt -0.850292802 0.766845942 0
vt 0.541221023 0.82445991 0
vt -0.860381961 0.67743963 0
vt 0.442627341 0.66834712 0
vt 0.499620676 0.791660368 0
vt 0.602531672 0.723962128 0
vt 0.545810878 0.628459454 0
vt -0.872848034 1.03298521 0
vt 0.678812921 0.875538707 0
vt 0.567508459 0.729867458 0
vt 0.485358566 0.731641829 0
vt 0.6534881 0.785243332 0
vt -0.795802951 0.916040063 0
vt 0.54066813 0.811964214 0
vt -0.981302857 0.726245105 0
vt -0.765114307 0.651467681 0
vt 0.665150762 0.940292954 0
vt 0.739839017 0.826794446 0
vt -0.851307571 1.00586832 0
vt -0.697741687 0.903060794 0
vt 0.685589552 0.658025086 0
vt -0.800940394 0.798771799 0
vt 0.780230463 0.627265155 0
vt 0.609710157 0.771387219 0
vt -0.826536179 0.704850554 0
vt 0.668415308 0.627093196 0
vt 0.596060991 0.879167438 0
vt 0.68055737 0.681363225 0
vt 0.538382947 0.981652379 0
vt 0.601331592 0.829304338 0
vt -0.898763359 0.817844331 0
vt -0.750275135 0.984431863 0
vt 0.574111044 0.943971932 0
vt 0.689631879 0.705109537 0
vt -0.773795307 0.652167439 0
vt 0.65452522 0.819473326 0
vt -0.79433614 0.837993443 0
vt -0.918490589 1.0149399 0
vt -0.871851742 0.936124802 0
vt 0.712000906 0.694509208 0
vt 0.464154273 0.854208946 0
vt -0.823010087 0.864536643 0
vt 0.69493556 0.99491775 0
vt 0.683982193 0.689938307 0
vt -0.716370821 0.970654666 0
vt 0.567628562 0.743828714 0
vt -0.763174057 0.958522081 0
vt -0.756970286 0.813987315 0
vt -0.79086709 0.614259601 0
vt 0.762458742 0.785181582 0
vt -0.836303771 0.693381488 0
vt -0.737431884 0.807780564 0
vt 0.58097887 0.963930011 0
vt -0.726762652 0.882000625 0
vt 0.769980192 0.852378845 0
vt -0.764373422 0.784676075 0
vt 0.526047647 1.02156544 0
vt -0.694352269 0.696935058 0
vt -0.851793468 0.720390201 0
vt 0.707048237 0.809730351 0
vt 0.572930992 0.806713641 0
vt -0.753613651 0.936002493 0
vt -0.780385017 0.701817811 0
vt 0.614093006 0.734450519 0
vt -0.84119004 0.872403681 0
vt -0.856298745 0.803355217 0
vt -0.902781188 0.828705072 0
vt 0.666687131 0.895415962 0
vt -0.886690497 0.796017885 0
vt 0.793474972 0.69725877 0
vt 0.783735275 0.698030412 0
vt 0.802319765 0.764002979 0
vt 0.540916681 0.786954105 0
vt 0.48831597 0.81011039 0
vt -0.821064174 0.905194342 0
vt 0.763458729 0.847102523 0
vt -0.740109086 0.792357206 0
vt 0.605268598 0.735375822 0
vt 0.537941456 0.628045499 0
vt -0.728421271 0.803182006 0
vt -0.761736512 0.770105958 0
vt 0.662041783 0.947787464 0
vt -0.86900717 0.704653621 0
vt -0.907649815 0.93101871 0
vt 0.625087559 0.845923781 0
vt -0.803180516 0.769960523 0
vt -0.769103885 0.862147033 0
vt 0.731363475 0.731186092 0
vt -0.851699412 0.623932838 0
vt 0.633607149 0.855472326 0
vt -0.808032334 0.615517318 0
vt -0.886978626 0.879769027 0
vt 0.489013702 0.738912582 0
vt 0.657071471 0.699076176 0
vt -0.819911301 0.693174779 0
vt 0.8023386 0.788732708 0
vt -0.628643036 0.740241289 0
vt 0.696875334 0.733288586 0
vt -0.927782059 0.880040824 0
vt -0.690936446 0.664504588 0
vt 0.711665094 0.79665643 0
vt -0.847910881 0.616233945 0
vt 0.648213685 0.690272689 0
vt -0.937178671 0.848063409 0
vt 0.627477765 0.91167748 0
vt -0.817170501 0.803995073 0
vt 0.62481308 0.787893653 0
vt 0.735812902 0.634595692 0
vt 0.578540862 0.782407701 0
vt -0.886605799 0.734843075 0
vt -0.750156879 0.969142795 0
vt 0.659461915 0.856327653 0
vt -0.7055825 0.86936599 0
vt -0.84792769 0.710401177 0
vt 0.645322919 0.847169697 0
vt 0.609700084 0.82725364 0
vt -0.844234049 0.916191638 0
vt -0.859211028 0.685592473 0
vt -0.773404002 0.682337344 0
vt -0.935939491 0.780553043 0
vt 0.491415799 0.692292869 0
vt -0.891826272 0.897905767 0
vt -0.812709987 0.792893827 0
vt 0.594825506 0.846763372 0
vt 0.520354986 0.62716192 0
vt -0.763180912 0.878419578 0
vt 0.694549203 0.660136819 0
vt 0.632122755 0.751922905 0
vt -0.91950345 0.708191395 0
vt -0.966362953 0.635655463 0
vt 0.492631644 0.684591055 0
vt -0.972388983 0.725228071 0
vt 0.638297439 0.827862859 0
vt 0.756872237 0.724751711 0
vt -0.915462971 0.642933905 0
vt 0.59518379 0.768374503 0
vt 0.633721232 0.652643323 0
vt -0.906328917 0.877146542 0
vt 0.692852914 0.74697262 0
vt -0.792495608 0.892635643 0
vt -0.747024715 0.82614398 0
vt 0.664137423 0.753341675 0
vt -0.900015354 0.710020244 0
vt 0.621507108 0.759101927 0
vt -0.766501904 0.643721998 0
vt -0.731445909 0.67903477 0
vt -0.91975069 0.651360571 0
vt 0.678627491 0.798751712 0
vt 0.580619872 0.843130767 0
vt 0.773371875 0.681904554 0
vt 0.577199101 0.995718658 0
vt -0.711314857 0.618531823 0
vt 0.662054062 1.00556231 0
vt -0.87662065 0.751852989 0
vt 0.722000539 0.829106331 0
vt 0.657073081 0.95306772 0
vt -0.799632847 0.615300119 0
vt 0.606219411 0.684085488 0
vt -0.871159613 0.983165443 0
vt 0.725232422 0.864254892 0
vt -0.935763538 0.725248635 0
vt -0.704261541 0.674336553 0
vt 0.774520814 0.696430445 0
vt -0.756129384 0.870203495 0
vt -0.839306414 0.928551793 0
vt -0.938221395 0.682447851 0
vt -0.915180326 0.69612813 0
vt -0.774958372 0.62707001 0
vt -0.777610481 0.739701211 0
vt 0.662303388 0.965122402 0
vt -0.794161201 0.805626392 0
vt 0.534709752 0.993719101 0
vt -0.948595822 0.851181328 0
vt -0.752297699 0.783824623 0
vt -0.792249382 0.786338568 0
vt -0.852044702 0.835731864 0
vt -0.934484243 0.645748675 0
vt 0.654034078 0.634645104 0
vt 0.518950999 0.810356379 0
vt 0.70427984 0.993472755 0
vt 0.596023381 0.924466848 0
vt -0.634587228 0.786124945 0
vt -0.686918974 0.625734091 0
vt -0.741432607 0.821508586 0
vt -0.864888489 0.781302214 0
vt 0.502300084 0.755066395 0
vt -0.737461567 0.631822169 0
vt 0.487989396 0.709141076 0
vt 0.550685644 0.855409741 0
vt 0.523666382 0.757659137 0
vt 0.568931818 0.952620566 0
vt 0.471540511 0.778856039 0
vt 0.717713594 0.821839094 0
vt -0.825249016 0.7328493 0
vt -0.687346637 0.69062072 0
vt -0.787208974 0.618506789 0
vt 0.47787261 0.64428091 0
vt 0.601867676 0.860033095 0
vt 0.761541128 0.793409705 0
vt -0.920805454 0.797663867 0
vt -0.81103158 0.622696579 0
vt -0.718428671 0.97781074 0
vt 0.681471348 0.769206464 0
vt -0.773609221 0.888848782 0
vt 0.78840071 0.691953063 0
vt 0.559017718 0.728238225 0
vt 0.704788923 0.734800994 0
vt 0.602656305 0.689623177 0
vt -0.925442457 0.817298293 0
vt 0.717079818 0.632622659 0
vt 0.724769175 0.778533459 0
vt -0.882255077 0.856873274 0
vt 0.667595983 1.01682115 0
vt 0.766232908 0.696065962 0
vt -0.953302085 0.657884896 0
vt -0.783881962 0.651802421 0
vt -0.735831201 0.988279939 0
vt -0.751266062 1.00208569 0
vt -0.864871502 0.866518259 0
vt 0.7059232 0.690353096 0
vt 0.612589538 0.954599619 0
vt 0.578798413 0.640646517 0
vt 0.751500845 0.712060571 0
vt -0.667585909 0.807390451 0
vt -0.712994993 0.903651416 0
vt -0.921910763 0.777222574 0
vt -0.868031442 0.740267754 0
vt 0.670945287 0.943550825 0
vt 0.669176459 0.851727128 0
vt 0.462053061 0.805362582 0
vt -0.828849971 0.640031695 0
vt 0.73410666 0.746225655 0
vt 0.467594504 0.839641392 0
vt 0.562924147 0.636515975 0
vt -0.673675478 0.799767852 0
vt 0.679799616 1.03540421 0
vt -0.749945521 1.02836871 0
vt -0.695616782 0.614271998 0
vt 0.752563596 0.679077506 0
vt 0.665855646 0.879580736 0
vt 0.632220805 0.665774226 0
vt -0.860239446 0.69347477 0
vt -0.660433114 0.793773413 0
vt 0.555019975 0.656700075 0
vt -0.749504507 0.923598349 0
vt -0.752398908 1.02185011 0
vt 0.460082382 0.643265009 0
vt -0.715381682 0.926494598 0
vt -0.819606364 0.924690127 0
vt 0.48397243 0.661191583 0
vt -0.990577936 0.819163322 0
vt 0.704747915 0.842049778 0
vt -0.955320597 0.823668659 0
vt 0.537218869 1.00897634 0
vt 0.672029138 0.670718551 0
vt 0.527827442 0.733044147 0
vt -0.872604609 0.869418323 0
vt 0.7026366 0.642589331 0
vt -0.908828437 0.698221028 0
vt -0.892643631 0.76894629 0
vt -0.683560789 0.65940398 0
vt -0.849066496 0.703549325 0
vt 0.528278351 0.627880216 0
vt -0.754533947 0.764084816 0
vt -0.854058266 0.738250554 0
vt -0.646629333 0.672675133 0
vt 0.53608638 0.64181453 0
vt -0.938574016 0.77048403 0
vt 0.552872956 0.626656651 0
vt -0.768508255 0.613162339 0
vt 0.642507613 0.72872144 0
vt 0.606094897 0.975697875 0
vt -0.829833508 0.782082319 0
vt -0.875034392 0.895412982 0
vt -0.901302159 0.918832123 0
vt 0.801470041 0.84084034 0
vt -0.96412164 0.816606641 0
vt 0.760645151 0.736134231 0
vt -0.901514292 0.988697708 0
vt 0.740556121 0.860917211 0
vt -0.859623969 0.949080765 0
vt 0.447309464 0.681441665 0
vt 0.776080549 0.857027054 0
vt -0.903119147 0.963764906 0
vt 0.699300289 0.636676311 0
vt 0.758026779 0.636176646 0
vt 0.735546529 1.022102 0
vt 0.685992658 0.642670989 0
vt 0.501073658 0.629994214 0
vt 0.771096051 0.626182377 0
vt 0.63215971 0.978250802 0
vt -0.940831244 0.652309597 0
vt 0.646184742 0.988050282 0
vt 0.779331863 0.8189165 0
vt -0.946935534 0.657397449 0
vt -0.703879356 0.750095904 0
vt -0.875973403 1.00568438 0
vt 0.734272361 0.688768506 0
vt 0.531080663 0.649557054 0
vt -0.628926694 0.844822228 0
vt -0.889089465 0.764178276 0
vt 0.568950832 0.66090256 0
vt -0.75916177 0.892502129 0
vt -0.665829241 0.723628879 0
vt -0.885891974 0.956541955 0
vt 0.771097541 0.688716471 0
vt 0.717402041 0.773959994 0
vt 0.710383892 0.82309866 0
vt 0.601526201 0.625701666 0
vt 0.662965 0.766552091 0
vt 0.71739763 0.727338791 0
vt -0.970457852 0.672026932 0
vt -0.660324454 0.7087726 0
vt 0.794087231 0.856607378 0
vt 0.672051072 1.02964211 0
vt -0.734865367 0.874039769 0
vt 0.762364507 0.838889241 0
vt 0.568252921 0.936310947 0
vt -0.823264062 0.669141114 0
vt -0.685290396 0.736558914 0
vt 0.797849119 0.759028077 0
vt -0.62585789 0.650622904 0
vt -0.730102539 0.793596029 0
vt 0.505370438 0.735179543 0
vt -0.838805556 0.970064282 0
vt 0.663178921 0.779429257 0
vt -0.626262307 0.768860221 0
vt -0.705594718 0.994458079 0
vt 0.664041698 0.818373382 0
g panel0
f 2168/2168 157/157 7/7
f 159/159 451/451 158/158
f 2168/2168 158/158 451/451
f 380/380 987/987 2711/2711
f 3883/3883 1077/1077 504/504
f 380/380 160/160 161/161
f 504/504 1077/1077 156/156
f 3189/3189 380/380 161/161
f 2412/2412 154/154 2266/2266
f 379/379 859/859 2423/2423
f 524/524 1088/1088 167/167
f 744/744 524/524 989/989
f 3831/3831 454/454 3089/3089
f 650/650 825/825 550/550
f 3089/3089 990/990 150/150
f 2754/2754 30/30 991/991
f 2428/2428 384/384 34/34
f 830/830 1093/1093 3255/3255
f 525/525 1122/1122 3852/3852
f 606/606 899/899 3146/3146
f 36/36 992/992 35/35
f 2428/2428 35/35 992/992
f 3569/3569 355/355 2247/2247
f 3272/3272 148/148 149/149
f 3635/3635 993/993 705/705
f 994/994 441/441 3841/3841
f 699/699 1146/1146 2864/2864
f 599/599 745/745 2472/2472
f 490/490 1014/1014 2270/2270
f 906/906 766/766 598/598
f 3111/3111 541/541 996/996
f 2141/2141 43/43 44/44
f 605/605 1099/1099 997/997
f 3938/3938 70/70 71/71
f 2141/2141 4127/4127 490/490
f 66/66 67/67 998/998
f 3091/3091 4052/4052 464/464
f 66/66 998/998 660/660
f 409/409 1119/1119 860/860
f 3308/3308 767/767 661/661
f 3475/3475 999/999 62/62
f 3629/3629 47/47 48/48
f 2422/2422 999/999 3475/3475
f 3527/3527 768/768 1000/1000
f 622/622 769/769 3865/3865
f 2965/2965 3912/3912 768/768
f 50/50 51/51 4132/4132
f 3468/3468 1002/1002 687/687
f 1003/1003 56/56 57/57
f 1026/1026 56/56 861/861
f 861/861 56/56 1003/1003
f 3021/3021 3348/3348 2567/2567
f 3021/3021 54/54 55/55
f 54/54 2567/2567 1/1
f 392/392 86/86 863/863
f 430/430 70/70 3938/3938
f 467/467 1035/1035 863/863
f 2886/2886 84/84 85/85
f 3309/3309 1005/1005 603/603
f 2334/2334 82/82 83/83
f 3462/3462 75/75 469/469
f 74/74 75/75 3462/3462
f 362/362 80/80 4125/4125
f 80/80 362/362 79/79
f 2444/2444 78/78 4156/4156
f 2444/2444 2/2 78/78
f 912/912 1196/1196 147/147
f 2501/2501 1006/1006 619/619
f 3012/3012 1192/1192 866/866
f 2602/2602 867/867 145/145
f 688/688 1006/1006 2501/2501
f 869/869 3266/3266 2721/2721
f 3031/3031 3024/3024 2296/2296
f 3162/3162 474/474 3731/3731
f 3498/3498 4135/4135 2539/2539
f 496/496 665/665 3347/3347
f 397/397 967/967 3338/3338
f 3186/3186 99/99 100/100
f 2781/2781 96/96 97/97
f 4055/4055 114/114 3822/3822
f 475/475 956/956 108/108
f 4078/4078 4157/4157 3114/3114
f 475/475 370/370 868/868
f 370/370 475/475 2739/2739
f 635/635 3128/3128 2586/2586
f 106/106 2960/2960 105/105
f 107/107 956/956 1009/1009
f 2960/2960 369/369 4129/4129
f 112/112 4078/4078 111/111
f 370/370 2739/2739 1010/1010
f 111/111 1010/1010 4/4
f 4160/4160 1011/1011 869/869
f 2653/2653 141/141 142/142
f 2511/2511 3704/3704 476/476
f 2343/2343 3704/3704 2145/2145
f 140/140 1017/1017 879/879
f 125/125 698/698 124/124
f 138/138 3281/3281 3871/3871
f 3591/3591 498/498 2260/2260
f 497/497 1194/1194 123/123
f 373/373 127/127 2820/2820
f 2820/2820 128/128 129/129
f 698/698 125/125 870/870
f 870/870 127/127 373/373
f 870/870 5/5 126/126
f 2679/2679 135/135 136/136
f 820/820 134/134 135/135
f 133/133 3302/3302 3705/3705
f 6/6 133/133 3705/3705
f 3369/3369 3615/3615 453/453
f 31/31 991/991 30/30
f 3849/3849 28/28 4111/4111
f 479/479 173/173 3345/3345
f 2745/2745 3578/3578 2448/2448
f 480/480 440/440 4109/4109
f 4105/4105 812/812 3967/3967
f 2841/2841 3153/3153 4124/4124
f 3846/3846 177/177 178/178
f 4131/4131 23/23 24/24
f 21/21 871/871 482/482
f 482/482 813/813 20/20
f 20/20 21/21 482/482
f 481/481 871/871 22/22
f 774/774 482/482 871/871
f 180/180 181/181 376/376
f 813/813 1180/1180 19/19
f 18/18 1180/1180 2582/2582
f 8/8 18/18 2582/2582
f 2712/2712 3428/3428 775/775
f 737/737 486/486 2688/2688
f 3369/3369 3453/3453 3615/3615
f 440/440 958/958 4109/4109
f 384/384 830/830 3255/3255
f 2470/2470 2966/2966 2592/2592
f 163/163 452/452 2318/2318
f 3118/3118 872/872 818/818
f 2467/2467 148/148 3272/3272
f 2452/2452 1012/1012 89/89
f 384/384 3255/3255 4151/4151
f 3868/3868 3785/3785 408/408
f 41/41 3785/3785 3868/3868
f 89/89 1012/1012 872/872
f 3755/3755 3772/3772 87/87
f 508/508 4163/4163 694/694
f 3785/3785 41/41 1014/1014
f 3349/3349 2787/2787 781/781
f 2281/2281 3364/3364 1137/1137
f 464/464 4127/4127 2141/2141
f 2787/2787 47/47 3629/3629
f 3205/3205 59/59 3527/3527
f 538/538 387/387 875/875
f 874/874 2405/2405 2400/2400
f 769/769 388/388 4132/4132
f 53/53 2567/2567 3348/3348
f 4002/4002 1081/1081 2886/2886
f 85/85 86/86 392/392
f 492/492 1146/1146 747/747
f 3631/3631 4118/4118 776/776
f 81/81 3613/3613 80/80
f 470/470 867/867 2602/2602
f 3932/3932 2723/2723 3282/3282
f 118/118 119/119 3024/3024
f 144/144 145/145 2719/2719
f 2285/2285 3732/3732 493/493
f 2469/2469 3924/3924 2149/2149
f 3885/3885 3347/3347 2561/2561
f 397/397 99/99 3186/3186
f 99/99 397/397 3338/3338
f 2774/2774 101/101 635/635
f 114/114 4055/4055 113/113
f 2492/2492 1028/1028 2937/2937
f 101/101 102/102 635/635
f 103/103 4129/4129 3128/3128
f 110/110 2739/2739 109/109
f 113/113 690/690 4157/4157
f 2504/2504 119/119 120/120
f 3571/3571 1017/1017 140/140
f 957/957 1016/1016 3668/3668
f 2466/2466 399/399 878/878
f 3591/3591 2939/2939 1018/1018
f 4014/4014 2679/2679 136/136
f 497/497 124/124 698/698
f 373/373 2820/2820 2260/2260
f 1018/1018 131/131 3316/3316
f 2605/2605 3967/3967 812/812
f 1046/1046 527/527 432/432
f 375/375 176/176 177/177
f 2262/2262 178/178 179/179
f 3148/3148 180/180 376/376
f 643/643 1068/1068 1019/1019
f 178/178 2262/2262 881/881
f 3388/3388 152/152 153/153
f 2837/2837 741/741 2878/2878
f 3566/3566 1021/1021 750/750
f 684/684 2266/2266 778/778
f 683/683 988/988 1022/1022
f 383/383 1012/1012 2120/2120
f 532/532 891/891 385/385
f 2153/2153 90/90 91/91
f 3749/3749 926/926 2188/2188
f 3656/3656 31/31 32/32
f 699/699 460/460 2383/2383
f 2524/2524 3808/3808 1015/1015
f 3115/3115 726/726 1023/1023
f 3812/3812 3868/3868 408/408
f 2449/2449 621/621 882/882
f 515/515 809/809 413/413
f 3326/3326 3682/3682 538/538
f 426/426 536/536 511/511
f 49/49 50/50 388/388
f 3800/3800 612/612 1024/1024
f 3544/3544 513/513 1025/1025
f 3658/3658 929/929 3565/3565
f 46/46 47/47 2787/2787
f 55/55 56/56 1026/1026
f 2591/2591 2853/2853 3798/3798
f 862/862 71/71 72/72
f 2279/2279 73/73 74/74
f 809/809 1179/1179 360/360
f 4122/4122 3124/3124 2894/2894
f 2770/2770 4150/4150 559/559
f 2752/2752 2740/2740 467/467
f 2869/2869 3869/3869 674/674
f 877/877 782/782 398/398
f 2311/2311 473/473 1008/1008
f 2988/2988 365/365 2210/2210
f 3479/3479 886/886 3094/3094
f 4023/4023 520/520 396/396
f 496/496 1028/1028 761/761
f 364/364 1086/1086 1029/1029
f 3398/3398 740/740 2348/2348
f 485/485 593/593 2589/2589
f 167/167 168/168 524/524
f 671/671 644/644 932/932
f 2427/2427 2172/2172 785/785
f 786/786 608/608 2638/2638
f 499/499 432/432 889/889
f 3453/3453 171/171 915/915
f 3029/3029 502/502 2372/2372
f 890/890 2755/2755 2206/2206
f 699/699 2383/2383 1030/1030
f 2534/2534 2196/2196 2446/2446
f 648/648 3991/3991 2477/2477
f 384/384 2428/2428 425/425
f 3195/3195 461/461 2833/2833
f 3670/3670 3474/3474 420/420
f 29/29 30/30 2754/2754
f 3957/3957 3282/3282 2723/2723
f 828/828 4071/4071 3355/3355
f 521/521 3154/3154 1085/1085
f 2124/2124 1145/1145 3794/3794
f 387/387 538/538 386/386
f 3984/3984 3486/3486 1154/1154
f 3219/3219 1033/1033 850/850
f 38/38 39/39 3832/3832
f 1058/1058 611/611 4074/4074
f 1025/1025 701/701 3565/3565
f 633/633 874/874 3504/3504
f 3452/3452 953/953 2489/2489
f 69/69 70/70 430/430
f 467/467 884/884 1035/1035
f 462/462 936/936 620/620
f 2375/2375 1037/1037 3991/3991
f 3998/3998 3809/3809 895/895
f 2324/2324 472/472 2548/2548
f 3716/3716 3078/3078 896/896
f 3343/3343 3531/3531 681/681
f 3225/3225 889/889 432/432
f 931/931 1199/1199 544/544
f 931/931 544/544 1039/1039
f 351/351 1097/1097 1040/1040
f 3670/3670 351/351 4144/4144
f 713/713 1159/1159 2822/2822
f 2445/2445 897/897 3398/3398
f 3297/3297 898/898 560/560
f 744/744 1184/1184 3065/3065
f 506/506 780/780 2524/2524
f 696/696 3282/3282 1042/1042
f 3817/3817 3357/3357 3212/3212
f 3159/3159 823/823 3299/3299
f 3212/3212 3751/3751 2175/2175
f 3763/3763 507/507 758/758
f 553/553 795/795 1043/1043
f 865/865 3003/3003 424/424
f 2628/2628 3835/3835 2118/2118
f 3219/3219 4020/4020 1033/1033
f 536/536 832/832 511/511
f 4064/4064 2902/2902 405/405
f 3849/3849 440/440 3921/3921
f 429/429 834/834 2697/2697
f 834/834 541/541 3111/3111
f 583/583 653/653 901/901
f 3587/3587 901/901 653/653
f 583/583 901/901 3142/3142
f 3834/3834 3425/3425 1197/1197
f 3297/3297 649/649 898/898
f 649/649 4030/4030 1046/1046
f 433/433 1202/1202 902/902
f 1047/1047 419/419 3606/3606
f 4030/4030 421/421 1046/1046
f 2351/2351 174/174 175/175
f 3451/3451 800/800 444/444
f 2725/2725 3435/3435 406/406
f 1049/1049 838/838 719/719
f 714/714 436/436 3697/3697
f 2532/2532 1111/1111 3510/3510
f 2532/2532 3510/3510 2258/2258
f 568/568 1164/1164 2246/2246
f 905/905 3697/3697 566/566
f 3534/3534 149/149 150/150
f 382/382 729/729 3903/3903
f 4076/4076 907/907 753/753
f 721/721 630/630 2264/2264
f 831/831 722/722 1050/1050
f 2650/2650 359/359 2409/2409
f 722/722 1110/1110 3384/3384
f 2316/2316 2116/2116 2809/2809
f 432/432 499/499 724/724
f 2825/2825 2305/2305 2593/2593
f 2593/2593 479/479 3345/3345
f 2992/2992 2365/2365 2553/2553
f 803/803 354/354 1052/1052
f 446/446 1052/1052 354/354
f 3412/3412 678/678 910/910
f 678/678 1114/1114 910/910
f 883/883 1025/1025 513/513
f 2980/2980 3080/3080 2244/2244
f 354/354 908/908 804/804
f 3359/3359 1053/1053 504/504
f 853/853 159/159 160/160
f 453/453 989/989 169/169
f 562/562 1184/1184 1054/1054
f 152/152 859/859 3831/3831
f 3448/3448 3250/3250 2673/2673
f 3078/3078 3363/3363 1055/1055
f 4166/4166 499/499 3013/3013
f 382/382 3903/3903 728/728
f 911/911 570/570 752/752
f 447/447 1193/1193 873/873
f 147/147 148/148 2467/2467
f 595/595 1118/1118 2913/2913
f 780/780 506/506 1057/1057
f 3444/3444 3739/3739 984/984
f 3474/3474 2961/2961 420/420
f 3516/3516 641/641 2188/2188
f 617/617 2118/2118 2320/2320
f 3860/3860 515/515 3425/3425
f 361/361 807/807 3431/3431
f 4097/4097 3687/3687 658/658
f 3618/3618 678/678 3169/3169
f 3079/3079 2464/2464 2526/2526
f 731/731 1116/1116 2877/2877
f 3091/3091 3349/3349 4052/4052
f 2368/2368 3930/3930 2742/2742
f 2691/2691 621/621 2449/2449
f 4153/4153 910/910 442/442
f 999/999 1001/1001 62/62
f 2395/2395 686/686 1059/1059
f 3800/3800 767/767 3308/3308
f 884/884 467/467 2740/2740
f 709/709 1035/1035 884/884
f 589/589 975/975 1060/1060
f 2354/2354 808/808 2921/2921
f 2209/2209 817/817 4159/4159
f 2265/2265 738/738 2202/2202
f 509/509 413/413 809/809
f 555/555 702/702 2363/2363
f 1196/1196 470/470 2602/2602
f 689/689 1007/1007 472/472
f 534/534 396/396 493/493
f 689/689 472/472 1062/1062
f 2210/2210 2144/2144 3208/3208
f 2134/2134 1065/1065 2349/2349
f 3825/3825 1065/1065 2134/2134
f 2361/2361 475/475 868/868
f 475/475 109/109 2739/2739
f 869/869 142/142 143/143
f 1029/1029 3875/3875 364/364
f 120/120 121/121 2950/2950
f 3368/3368 121/121 122/122
f 692/692 1017/1017 3571/3571
f 914/914 3133/3133 2511/2511
f 3072/3072 2950/2950 3368/3368
f 3014/3014 122/122 123/123
f 522/522 925/925 3895/3895
f 2430/2430 811/811 628/628
f 3070/3070 3281/3281 138/138
f 2614/2614 3507/3507 3769/3769
f 171/171 172/172 3766/3766
f 172/172 173/173 479/479
f 25/25 26/26 3967/3967
f 26/26 27/27 4105/4105
f 3214/3214 740/740 2743/2743
f 629/629 2305/2305 1067/1067
f 22/22 23/23 481/481
f 3059/3059 1068/1068 643/643
f 500/500 2307/2307 735/735
f 19/19 20/20 813/813
f 402/402 2372/2372 592/592
f 609/609 934/934 814/814
f 577/577 486/486 737/737
f 3073/3073 916/916 447/447
f 2947/2947 3916/3916 657/657
f 414/414 794/794 815/815
f 3817/3817 1071/1071 651/651
f 2424/2424 1072/1072 3854/3854
f 4130/4130 762/762 490/490
f 360/360 4159/4159 3918/3918
f 88/88 872/872 3755/3755
f 3438/3438 3732/3732 494/494
f 3241/3241 1074/1074 2546/2546
f 2983/2983 3799/3799 2725/2725
f 94/94 95/95 3731/3731
f 3162/3162 96/96 2781/2781
f 2867/2867 2781/2781 97/97
f 2798/2798 115/115 116/116
f 2122/2122 697/697 2561/2561
f 123/123 124/124 497/497
f 498/498 1128/1128 918/918
f 135/135 2679/2679 820/820
f 919/919 455/455 2293/2293
f 3351/3351 724/724 4166/4166
f 851/851 1158/1158 1075/1075
f 1076/1076 813/813 3574/3574
f 382/382 728/728 668/668
f 988/988 741/741 3883/3883
f 706/706 502/502 920/920
f 3906/3906 2553/2553 2246/2246
f 2834/2834 3986/3986 1051/1051
f 741/741 2837/2837 1077/1077
f 157/157 1053/1053 3359/3359
f 2478/2478 1078/1078 672/672
f 3030/3030 446/446 2881/2881
f 845/845 946/946 1079/1079
f 2542/2542 981/981 822/822
f 488/488 506/506 1080/1080
f 575/575 1176/1176 742/742
f 3914/3914 3746/3746 694/694
f 2581/2581 508/508 694/694
f 1178/1178 1081/1081 709/709
f 3544/3544 510/510 2650/2650
f 466/466 1059/1059 3913/3913
f 3452/3452 922/922 539/539
f 2591/2591 687/687 1161/1161
f 622/622 514/514 390/390
f 2507/2507 3860/3860 3834/3834
f 2552/2552 1031/1031 1170/1170
f 3605/3605 2196/2196 1083/1083
f 3991/3991 1092/1092 823/823
f 2509/2509 423/423 3007/3007
f 2611/2611 3077/3077 704/704
f 416/416 824/824 923/923
f 2326/2326 2171/2171 2756/2756
f 3825/3825 2659/2659 1084/1084
f 2627/2627 520/520 4023/4023
f 493/493 1074/1074 3241/3241
f 1074/1074 520/520 3155/3155
f 788/788 396/396 534/534
f 416/416 923/923 2733/2733
f 2924/2924 895/895 3809/3809
f 2664/2664 1149/1149 3154/3154
f 478/478 914/914 3895/3895
f 2744/2744 897/897 2615/2615
f 734/734 523/523 1087/1087
f 2521/2521 825/825 650/650
f 166/166 167/167 1088/1088
f 759/759 669/669 826/826
f 582/582 3237/3237 3291/3291
f 561/561 1129/1129 902/902
f 393/393 492/492 747/747
f 2396/2396 4071/4071 828/828
f 668/668 1090/1090 382/382
f 679/679 748/748 1091/1091
f 763/763 1171/1171 2213/2213
f 3280/3280 570/570 2782/2782
f 2915/2915 758/758 3240/3240
f 830/830 601/601 531/531
f 385/385 1057/1057 3927/3927
f 928/928 672/672 581/581
f 2968/2968 3700/3700 2439/2439
f 2552/2552 3532/3532 356/356
f 3732/3732 534/534 493/493
f 2850/2850 788/788 739/739
f 605/605 1050/1050 722/722
f 850/850 1033/1033 1094/1094
f 3863/3863 1095/1095 386/386
f 2139/2139 537/537 2316/2316
f 4049/4049 833/833 727/727
f 3298/3298 929/929 3658/3658
f 3098/3098 875/875 387/387
f 2405/2405 1144/1144 2729/2729
f 2263/2263 894/894 2457/2457
f 4021/4021 610/610 2321/2321
f 717/717 1047/1047 3606/3606
f 545/545 1199/1199 840/840
f 547/547 1040/1040 1097/1097
f 2814/2814 401/401 2564/2564
f 2967/2967 3165/3165 705/705
f 576/576 547/547 3736/3736
f 571/571 907/907 2393/2393
f 4076/4076 991/991 2902/2902
f 2916/2916 733/733 2743/2743
f 2728/2728 716/716 2150/2150
f 3774/3774 434/434 3396/3396
f 563/563 1108/1108 933/933
f 711/711 1038/1038 3313/3313
f 3813/3813 909/909 3559/3559
f 3751/3751 2310/2310 2175/2175
f 900/900 1043/1043 795/795
f 3261/3261 1078/1078 2478/2478
f 605/605 964/964 1099/1099
f 438/438 742/742 2438/2438
f 787/787 814/814 934/934
f 3847/3847 693/693 2629/2629
f 1078/1078 1101/1101 672/672
f 674/674 555/555 1102/1102
f 952/952 1120/1120 1103/1103
f 3869/3869 363/363 702/702
f 662/662 363/363 2148/2148
f 537/537 893/893 2116/2116
f 944/944 556/556 2742/2742
f 1105/1105 3508/3508 3111/3111
f 620/620 996/996 541/541
f 4053/4053 4149/4149 935/935
f 557/557 1104/1104 935/935
f 937/937 1106/1106 422/422
f 1039/1039 1202/1202 433/433
f 836/836 1106/1106 937/937
f 681/681 933/933 1108/1108
f 2855/2855 725/725 3662/3662
f 2677/2677 564/564 435/435
f 2799/2799 1123/1123 1049/1049
f 723/723 972/972 1109/1109
f 535/535 1154/1154 1110/1110
f 2254/2254 676/676 2258/2258
f 2340/2340 3300/3300 1100/1100
f 2175/2175 1071/1071 3817/3817
f 2288/2288 676/676 2254/2254
f 2776/2776 2758/2758 2177/2177
f 700/700 1147/1147 505/505
f 403/403 1103/1103 3280/3280
f 3074/3074 911/911 752/752
f 3295/3295 721/721 2264/2264
f 2754/2754 939/939 4111/4111
f 572/572 2572/2572 2191/2191
f 3112/3112 1112/1112 3412/3412
f 3981/3981 985/985 428/428
f 3707/3707 767/767 841/841
f 2765/2765 4140/4140 2763/2763
f 2959/2959 1113/1113 727/727
f 445/445 908/908 803/803
f 3250/3250 486/486 577/577
f 3087/3087 448/448 3876/3876
f 883/883 962/962 357/357
f 3256/3256 1115/1115 893/893
f 3110/3110 578/578 3102/3102
f 4045/4045 578/578 3110/3110
f 603/603 748/748 679/679
f 736/736 631/631 3675/3675
f 4034/4034 650/650 550/550
f 3363/3363 3820/3820 1055/1055
f 1185/1185 682/682 1186/1186
f 567/567 2340/2340 3951/3951
f 891/891 532/532 3430/3430
f 3424/3424 3643/3643 651/651
f 4083/4083 3195/3195 927/927
f 842/842 1198/1198 982/982
f 508/508 2581/2581 942/942
f 3260/3260 653/653 583/583
f 3061/3061 463/463 465/465
f 465/465 755/755 2987/2987
f 3269/3269 1116/1116 731/731
f 3166/3166 977/977 2189/2189
f 3789/3789 3492/3492 3664/3664
f 2397/2397 587/587 586/586
f 4056/4056 4005/4005 943/943
f 680/680 977/977 3166/3166
f 3084/3084 3992/3992 588/588
f 821/821 589/589 3878/3878
f 757/757 821/821 3975/3975
f 3332/3332 689/689 3765/3765
f 771/771 1008/1008 2893/2893
f 3916/3916 756/756 580/580
f 2805/2805 890/890 2206/2206
f 2423/2423 778/778 2390/2390
f 931/931 1096/1096 3606/3606
f 1098/1098 417/417 1055/1055
f 2333/2333 711/711 2300/2300
f 2913/2913 3804/3804 614/614
f 838/838 1187/1187 565/565
f 2702/2702 3151/3151 2147/2147
f 589/589 821/821 757/757
f 3927/3927 3661/3661 3157/3157
f 766/766 1172/1172 3083/3083
f 604/604 598/598 3936/3936
f 679/679 1091/1091 3712/3712
f 948/948 3274/3274 2528/2528
f 600/600 1141/1141 644/644
f 3888/3888 525/525 639/639
f 843/843 531/531 2816/2816
f 2951/2951 601/601 384/384
f 602/602 826/826 2479/2479
f 2502/2502 675/675 2957/2957
f 2815/2815 770/770 2224/2224
f 700/700 1023/1023 726/726
f 722/722 3384/3384 949/949
f 949/949 964/964 605/605
f 3680/3680 1143/1143 693/693
f 1200/1200 606/606 950/950
f 401/401 951/951 3459/3459
f 3103/3103 2518/2518 2606/2606
f 584/584 1116/1116 3269/3269
f 731/731 2877/2877 1119/1119
f 3866/3866 3602/3602 3047/3047
f 4031/4031 1103/1103 1120/1120
f 2941/2941 1193/1193 916/916
f 612/612 4081/4081 411/411
f 588/588 1024/1024 1121/1121
f 613/613 745/745 608/608
f 505/505 946/946 845/845
f 896/896 3078/3078 4028/4028
f 588/588 1121/1121 791/791
f 2179/2179 2489/2489 953/953
f 639/639 525/525 846/846
f 3353/3353 3725/3725 3459/3459
f 3718/3718 3429/3429 668/668
f 3103/3103 3844/3844 3022/3022
f 36/36 37/37 2247/2247
f 3804/3804 3052/3052 458/458
f 624/624 91/91 92/92
f 838/838 1049/1049 1123/1123
f 565/565 846/846 719/719
f 541/541 2888/2888 620/620
f 508/508 882/882 621/621
f 2856/2856 2422/2422 3475/3475
f 848/848 3494/3494 2395/2395
f 3494/3494 3789/3789 3512/3512
f 3082/3082 514/514 622/622
f 2891/2891 429/429 3304/3304
f 2707/2707 955/955 2164/2164
f 619/619 91/91 624/624
f 92/92 93/93 2159/2159
f 117/117 118/118 3657/3657
f 475/475 2361/2361 956/956
f 635/635 2586/2586 3781/3781
f 634/634 1028/1028 496/496
f 3781/3781 626/626 2937/2937
f 478/478 957/957 773/773
f 784/784 772/772 2343/2343
f 880/880 1194/1194 878/878
f 880/880 627/627 1124/1124
f 2934/2934 958/958 753/753
f 452/452 3350/3350 631/631
f 754/754 1125/1125 2538/2538
f 42/42 1014/1014 41/41
f 3785/3785 1094/1094 408/408
f 2446/2446 4171/4171 3641/3641
f 757/757 975/975 589/589
f 359/359 510/510 1126/1126
f 3254/3254 633/633 358/358
f 496/496 3885/3885 634/634
f 625/625 3781/3781 369/369
f 3776/3776 876/876 3119/3119
f 2236/2236 811/811 2430/2430
f 24/24 25/25 2605/2605
f 637/637 374/374 2496/2496
f 3366/3366 4092/4092 2822/2822
f 959/959 2496/2496 638/638
f 857/857 639/639 1127/1127
f 3033/3033 846/846 525/525
f 383/383 994/994 3841/3841
f 353/353 806/806 640/640
f 641/641 3516/3516 845/845
f 1162/1162 926/926 3749/3749
f 734/734 1068/1068 3059/3059
f 3805/3805 485/485 643/643
f 960/960 600/600 644/644
f 2810/2810 458/458 618/618
f 561/561 1107/1107 1129/1129
f 418/418 667/667 3193/3193
f 501/501 899/899 646/646
f 2863/2863 400/400 1118/1118
f 2647/2647 1037/1037 2375/2375
f 815/815 1182/1182 414/414
f 563/563 904/904 3555/3555
f 455/455 896/896 350/350
f 4030/4030 3396/3396 421/421
f 3842/3842 649/649 1046/1046
f 378/378 1088/1088 1041/1041
f 3949/3949 3646/3646 3357/3357
f 3969/3969 386/386 538/538
f 659/659 3807/3807 557/557
f 4041/4041 1045/1045 3304/3304
f 430/430 3938/3938 3683/3683
f 2720/2720 1131/1131 2556/2556
f 393/393 528/528 654/654
f 4150/4150 2770/2770 763/763
f 2749/2749 564/564 1132/1132
f 4062/4062 357/357 3882/3882
f 962/962 449/449 1133/1133
f 468/468 816/816 579/579
f 4168/4168 1072/1072 2424/2424
f 2657/2657 1136/1136 3870/3870
f 2568/2568 708/708 2668/2668
f 2422/2422 2856/2856 1137/1137
f 65/65 66/66 660/660
f 3639/3639 661/661 767/767
f 470/470 424/424 963/963
f 856/856 1139/1139 1138/1138
f 3774/3774 903/903 2800/2800
f 2621/2621 3854/3854 489/489
f 3207/3207 3108/3108 4152/4152
f 471/471 4070/4070 3859/3859
f 474/474 810/810 852/852
f 496/496 761/761 665/665
f 627/627 878/878 399/399
f 497/497 698/698 666/666
f 3828/3828 645/645 2823/2823
f 418/418 705/705 667/667
f 829/829 501/501 529/529
f 3951/3951 2523/2523 2479/2479
f 623/623 955/955 2707/2707
f 3587/3587 653/653 2720/2720
f 3032/3032 670/670 4136/4136
f 685/685 615/615 2480/2480
f 671/671 1122/1122 960/960
f 3624/3624 1078/1078 2932/2932
f 3008/3008 941/941 672/672
f 2933/2933 407/407 3333/3333
f 3198/3198 673/673 3333/3333
f 554/554 1102/1102 3445/3445
f 2360/2360 352/352 2375/2375
f 3943/3943 1005/1005 675/675
f 553/553 1043/1043 2288/2288
f 2941/2941 577/577 1140/1140
f 737/737 677/677 577/577
f 4153/4153 833/833 3412/3412
f 679/679 3102/3102 2957/2957
f 449/449 4140/4140 680/680
f 550/550 933/933 681/681
f 614/614 458/458 965/965
f 1141/1141 600/600 682/682
f 380/380 853/853 160/160
f 920/920 987/987 483/483
f 165/165 2165/2165 2772/2772
f 3350/3350 2772/2772 2151/2151
f 153/153 154/154 2412/2412
f 778/778 2266/2266 2878/2878
f 671/671 993/993 2851/2851
f 2689/2689 3274/3274 3852/3852
f 587/587 943/943 586/586
f 3468/3468 57/57 58/58
f 1002/1002 743/743 687/687
f 1192/1192 688/688 2253/2253
f 688/688 1192/1192 3012/3012
f 427/427 1062/1062 2476/2476
f 3715/3715 590/590 3765/3765
f 691/691 690/690 2652/2652
f 3114/3114 691/691 2625/2625
f 3039/3039 691/691 2652/2652
f 692/692 1011/1011 2969/2969
f 4096/4096 498/498 854/854
f 3345/3345 174/174 2351/2351
f 950/950 693/693 1143/1143
f 68/68 69/69 3746/3746
f 583/583 942/942 855/855
f 732/732 1130/1130 3693/3693
f 930/930 647/647 1144/1144
f 2337/2337 2677/2677 696/696
f 394/394 981/981 3794/3794
f 2314/2314 2867/2867 967/967
f 397/397 4022/4022 697/697
f 125/125 5/5 870/870
f 3954/3954 1030/1030 2426/2426
f 492/492 983/983 2864/2864
f 569/569 2212/2212 2204/2204
f 652/652 929/929 3298/3298
f 515/515 1157/1157 1082/1082
f 2113/2113 491/491 2209/2209
f 2752/2752 818/818 2373/2373
f 363/363 662/662 702/702
f 702/702 555/555 674/674
f 474/474 3162/3162 969/969
f 518/518 2666/2666 2611/2611
f 925/925 522/522 1150/1150
f 3635/3635 3121/3121 993/993
f 683/683 920/920 4075/4075
f 974/974 970/970 2712/2712
f 3312/3312 426/426 2123/2123
f 461/461 2527/2527 2123/2123
f 3609/3609 3658/3658 708/708
f 357/357 4062/4062 2631/2631
f 2873/2873 807/807 361/361
f 3393/3393 1178/1178 2958/2958
f 2488/2488 414/414 710/710
f 822/822 1080/1080 506/506
f 2929/2929 3094/3094 4133/4133
f 1134/1134 580/580 2300/2300
f 548/548 4064/4064 3437/3437
f 2822/2822 2743/2743 713/713
f 735/735 1159/1159 500/500
f 3819/3819 3734/3734 566/566
f 789/789 1174/1174 954/954
f 3979/3979 1151/1151 2655/2655
f 1129/1129 1107/1107 3000/3000
f 2804/2804 3578/3578 2745/2745
f 2749/2749 718/718 2976/2976
f 3947/3947 3438/3438 494/494
f 2481/2481 948/948 2528/2528
f 829/829 1090/1090 668/668
f 720/720 1152/1152 2257/2257
f 3295/3295 2218/2218 721/721
f 723/723 1110/1110 1154/1154
f 949/949 2438/2438 552/552
f 3748/3748 3589/3589 1109/1109
f 3351/3351 3720/3720 724/724
f 649/649 3842/3842 1155/1155
f 904/904 1048/1048 3684/3684
f 1113/1113 2959/2959 2139/2139
f 568/568 2246/2246 2365/2365
f 2470/2470 2390/2390 3270/3270
f 2966/2966 484/484 3448/3448
f 2706/2706 900/900 729/729
f 462/462 2897/2897 2507/2507
f 410/410 1082/1082 1157/1157
f 581/581 941/941 3424/3424
f 695/695 966/966 489/489
f 2859/2859 3012/3012 2854/2854
f 2896/2896 2991/2991 4124/4124
f 500/500 713/713 3378/3378
f 2445/2445 2348/2348 1087/1087
f 851/851 1068/1068 1158/1158
f 713/713 500/500 1159/1159
f 452/452 631/631 736/736
f 2768/2768 380/380 3189/3189
f 2531/2531 717/717 1160/1160
f 2606/2606 737/737 2688/2688
f 1061/1061 2265/2265 670/670
f 2324/2324 739/739 917/917
f 854/854 498/498 3591/3591
f 2401/2401 733/733 2916/2916
f 552/552 2438/2438 3763/3763
f 742/742 438/438 575/575
f 509/509 809/809 2468/2468
f 2713/2713 360/360 3056/3056
f 3527/3527 1000/1000 3394/3394
f 2853/2853 1161/1161 588/588
f 168/168 989/989 524/524
f 453/453 1054/1054 744/744
f 745/745 599/599 576/576
f 3200/3200 745/745 576/576
f 2726/2726 973/973 1162/1162
f 747/747 528/528 393/393
f 940/940 831/831 3758/3758
f 912/912 457/457 1163/1163
f 3603/3603 1021/1021 1164/1164
f 759/759 1127/1127 1165/1165
f 3681/3681 3866/3866 3543/3543
f 3280/3280 839/839 2945/2945
f 616/616 1020/1020 3844/3844
f 907/907 4076/4076 548/548
f 378/378 1041/1041 1166/1166
f 465/465 1116/1116 755/755
f 584/584 764/764 4120/4120
f 706/706 970/970 974/974
f 3428/3428 1167/1167 775/775
f 3387/3387 757/757 597/597
f 732/732 1060/1060 975/975
f 507/507 604/604 3936/3936
f 533/533 1117/1117 1168/1168
f 589/589 1060/1060 1169/1169
f 750/750 1127/1127 639/639
f 677/677 1140/1140 577/577
f 368/368 665/665 761/761
f 832/832 1095/1095 3863/3863
f 784/784 3287/3287 2701/2701
f 642/642 372/372 4014/4014
f 654/654 528/528 1170/1170
f 530/530 2543/2543 2213/2213
f 755/755 764/764 3664/3664
f 609/609 1181/1181 976/976
f 3284/3284 426/426 511/511
f 2705/2705 621/621 2691/2691
f 680/680 661/661 3639/3639
f 3727/3727 49/49 388/388
f 4128/4128 2405/2405 3727/3727
f 61/61 1001/1001 2965/2965
f 466/466 3913/3913 3912/3912
f 769/769 622/622 390/390
f 390/390 930/930 769/769
f 530/530 844/844 2224/2224
f 2334/2334 3744/3744 82/82
f 2798/2798 771/771 3833/3833
f 139/139 879/879 3070/3070
f 740/740 3398/3398 978/978
f 179/179 180/180 3148/3148
f 851/851 1075/1075 1173/1173
f 1070/1070 756/756 775/775
f 468/468 1091/1091 3267/3267
f 4100/4100 3630/3630 3098/3098
f 633/633 921/921 358/358
f 3076/3076 3642/3642 2433/2433
f 495/495 852/852 3576/3576
f 592/592 778/778 402/402
f 2968/2968 2554/2554 828/828
f 488/488 1057/1057 506/506
f 3808/3808 2524/2524 780/780
f 687/687 2591/2591 979/979
f 782/782 2666/2666 4063/4063
f 3528/3528 782/782 4063/4063
f 398/398 3479/3479 783/783
f 643/643 485/485 2589/2589
f 3221/3221 1047/1047 2531/2531
f 2840/2840 973/973 2726/2726
f 706/706 974/974 3289/3289
f 814/814 787/787 2289/2289
f 356/356 1168/1168 3605/3605
f 2393/2393 2345/2345 4144/4144
f 739/739 788/788 534/534
f 715/715 954/954 1174/1174
f 355/355 4020/4020 789/789
f 4020/4020 3812/3812 408/408
f 355/355 3569/3569 3832/3832
f 1080/1080 792/792 4040/4040
f 702/702 674/674 3869/3869
f 542/542 415/415 3809/3809
f 543/543 1007/1007 980/980
f 793/793 435/435 797/797
f 394/394 822/822 981/981
f 3261/3261 3958/3958 2944/2944
f 3958/3958 1013/1013 794/794
f 2932/2932 551/551 795/795
f 746/746 973/973 982/982
f 843/843 3237/3237 2840/2840
f 405/405 1093/1093 796/796
f 531/531 2735/2735 2278/2278
f 435/435 564/564 2976/2976
f 2368/2368 556/556 1175/1175
f 798/798 3526/3526 578/578
f 2146/2146 2464/2464 409/409
f 961/961 936/936 4035/4035
f 730/730 3860/3860 2507/2507
f 3035/3035 800/800 3505/3505
f 517/517 1092/1092 2251/2251
f 913/913 3042/3042 2411/2411
f 655/655 1132/1132 564/564
f 726/726 3115/3115 1176/1176
f 4113/4113 575/575 3589/3589
f 804/804 3906/3906 596/596
f 596/596 2458/2458 2881/2881
f 400/400 3820/3820 1177/1177
f 4082/4082 640/640 806/806
f 353/353 1132/1132 806/806
f 3997/3997 807/807 559/559
f 413/413 509/509 2958/2958
f 3897/3897 817/817 808/808
f 2209/2209 491/491 2202/2202
f 4159/4159 360/360 1179/1179
f 819/819 2330/2330 2217/2217
f 2659/2659 3825/3825 2217/2217
f 2695/2695 664/664 2520/2520
f 969/969 810/810 474/474
f 1066/1066 811/811 2236/2236
f 480/480 1069/1069 812/812
f 374/374 637/637 812/812
f 18/18 19/19 1180/1180
f 815/815 1013/1013 3157/3157
f 710/710 414/414 1182/1182
f 2310/2310 3207/3207 2424/2424
f 579/579 816/816 3010/3010
f 808/808 817/817 2209/2209
f 3612/3612 818/818 381/381
f 968/968 2373/2373 1183/1183
f 3739/3739 4082/4082 460/460
f 367/367 4012/4012 664/664
f 367/367 1084/1084 4012/4012
f 3523/3523 819/819 3188/3188
f 4096/4096 854/854 820/820
f 3975/3975 3430/3430 3722/3722
f 394/394 792/792 822/822
f 4047/4047 3913/3913 2637/2637
f 517/517 995/995 3299/3299
f 3966/3966 648/648 2477/2477
f 2664/2664 521/521 2585/2585
f 1184/1184 562/562 3226/3226
f 600/600 1186/1186 682/682
f 2533/2533 857/857 3509/3509
f 827/827 3291/3291 2951/2951
f 2744/2744 549/549 2448/2448
f 779/779 3700/3700 3355/3355
f 533/533 3532/3532 2554/2554
f 3429/3429 829/829 668/668
f 529/529 1152/1152 829/829
f 601/601 2816/2816 531/531
f 531/531 796/796 830/830
f 3981/3981 940/940 3758/3758
f 535/535 1110/1110 831/831
f 3327/3327 3863/3863 652/652
f 850/850 1190/1190 536/536
f 558/558 3526/3526 3038/3038
f 573/573 1112/1112 3112/3112
f 833/833 4153/4153 727/727
f 3495/3495 2697/2697 834/834
f 834/834 429/429 2891/2891
f 835/835 675/675 2502/2502
f 898/898 836/836 560/560
f 800/800 836/836 444/444
f 441/441 2859/2859 3264/3264
f 503/503 565/565 1187/1187
f 565/565 719/719 838/838
f 351/351 1040/1040 840/840
f 419/419 2218/2218 2747/2747
f 612/612 1121/1121 1024/1024
f 926/926 1198/1198 404/404
f 2655/2655 3392/3392 3979/3979
f 682/682 1185/1185 2347/2347
f 3237/3237 843/843 2816/2816
f 2459/2459 712/712 2735/2735
f 530/530 1083/1083 844/844
f 401/401 2121/2121 2903/2903
f 2385/2385 986/986 2480/2480
f 613/613 608/608 4050/4050
f 845/845 1188/1188 641/641
f 719/719 846/846 3033/3033
f 565/565 1021/1021 3566/3566
f 3856/3856 765/765 847/847
f 1059/1059 466/466 2807/2807
f 623/623 1034/1034 849/849
f 631/631 3350/3350 2151/2151
f 378/378 1166/1166 2771/2771
f 832/832 536/536 1190/1190
f 536/536 3312/3312 850/850
f 851/851 1173/1173 959/959
f 638/638 1068/1068 851/851
f 2520/2520 777/777 852/852
f 852/852 495/495 474/474
f 437/437 1100/1100 676/676
f 1111/1111 3300/3300 3978/3978
f 451/451 159/159 853/853
f 3302/3302 2887/2887 3899/3899
f 2632/2632 855/855 3218/3218
f 978/978 856/856 2916/2916
f 3774/3774 1139/1139 856/856
f 826/826 1186/1186 3509/3509
f 3888/3888 857/857 2533/2533
f 775/775 1167/1167 1191/1191
f 152/152 3388/3388 859/859
f 859/859 379/379 2592/2592
f 67/67 68/68 3914/3914
f 4163/4163 508/508 621/621
f 3060/3060 2877/2877 465/465
f 463/463 2441/2441 2146/2146
f 861/861 1003/1003 979/979
f 3560/3560 514/514 3082/3082
f 72/72 73/73 2838/2838
f 3032/3032 894/894 2263/2263
f 86/86 87/87 3149/3149
f 863/863 3149/3149 467/467
f 469/469 864/864 3462/3462
f 391/391 2838/2838 2279/2279
f 424/424 1163/1163 865/865
f 945/945 866/866 1192/1192
f 2719/2719 2988/2988 3266/3266
f 519/519 1064/1064 2233/2233
f 2253/2253 2159/2159 3076/3076
f 3523/3523 3645/3645 3995/3995
f 2492/2492 626/626 868/868
f 625/625 956/956 2361/2361
f 869/869 2721/2721 4160/4160
f 126/126 127/127 870/870
f 870/870 373/373 2410/2410
f 4141/4141 630/630 2722/2722
f 374/374 1069/1069 3805/3805
f 21/21 22/22 871/871
f 481/481 1173/1173 871/871
f 88/88 89/89 872/872
f 872/872 381/381 818/818
f 873/873 3534/3534 447/447
f 3163/3163 2417/2417 1193/1193
f 606/606 3146/3146 2321/2321
f 532/532 385/385 3927/3927
f 633/633 3254/3254 874/874
f 921/921 875/875 3098/3098
f 510/510 3544/3544 3326/3326
f 2988/2988 2719/2719 365/365
f 100/100 101/101 2774/2774
f 634/634 876/876 3776/3776
f 3077/3077 2666/2666 2456/2456
f 627/627 880/880 878/878
f 497/497 666/666 878/878
f 139/139 140/140 879/879
f 476/476 772/772 2895/2895
f 497/497 878/878 1194/1194
f 3769/3769 1124/1124 627/627
f 3378/3378 881/881 2307/2307
f 375/375 3846/3846 3365/3365
f 508/508 942/942 882/882
f 882/882 463/463 3061/3061
f 513/513 2650/2650 3101/3101
f 449/449 962/962 883/883
f 4122/4122 509/509 2468/2468
f 3709/3709 3782/3782 2644/2644
f 884/884 2644/2644 709/709
f 517/517 2251/2251 2509/2509
f 2275/2275 3824/3824 3007/3007
f 365/365 867/867 885/885
f 398/398 782/782 3528/3528
f 2733/2733 886/886 3528/3528
f 1086/1086 887/887 1149/1149
f 888/888 3263/3263 2171/2171
f 692/692 2969/2969 4033/4033
f 2973/2973 3769/3769 2129/2129
f 4144/4144 2345/2345 2643/2643
f 2697/2697 892/892 3041/3041
f 727/727 1115/1115 3256/3256
f 391/391 864/864 3032/3032
f 894/894 540/540 2164/2164
f 921/921 1126/1126 510/510
f 1063/1063 366/366 3332/3332
f 4028/4028 3684/3684 896/896
f 896/896 455/455 760/760
f 2427/2427 897/897 523/523
f 1155/1155 898/898 649/649
f 444/444 836/836 898/898
f 3949/3949 3643/3643 3646/3646
f 606/606 646/646 899/899
f 899/899 501/501 847/847
f 795/795 3824/3824 2275/2275
f 729/729 900/900 439/439
f 715/715 1151/1151 3979/3979
f 582/582 827/827 3392/3392
f 2213/2213 2543/2543 3902/3902
f 530/530 770/770 2543/2543
f 3005/3005 3080/3080 2980/2980
f 3892/3892 2526/2526 901/901
f 2642/2642 2873/2873 4094/4094
f 559/559 807/807 2873/2873
f 902/902 716/716 2728/2728
f 902/902 2728/2728 433/433
f 1067/1067 1139/1139 2800/2800
f 904/904 563/563 725/725
f 2983/2983 718/718 913/913
f 3799/3799 494/494 2675/2675
f 3486/3486 3748/3748 972/972
f 3734/3734 2992/2992 445/445
f 598/598 604/604 3945/3945
f 548/548 2345/2345 907/907
f 907/907 571/571 753/753
f 441/441 837/837 3910/3910
f 354/354 803/803 908/908
f 436/436 3559/3559 909/909
f 910/910 656/656 585/585
f 585/585 442/442 910/910
f 456/456 3786/3786 2577/2577
f 1163/1163 457/457 2471/2471
f 146/146 147/147 1196/1196
f 3711/3711 3516/3516 2204/2204
f 572/572 427/427 913/913
f 478/478 773/773 914/914
f 3766/3766 2610/2610 915/915
f 422/422 3615/3615 3453/3453
f 454/454 2592/2592 3073/3073
f 2941/2941 916/916 3250/3250
f 3799/3799 971/971 494/494
f 2476/2476 917/917 3947/3947
f 918/918 666/666 2410/2410
f 3165/3165 2293/2293 4098/4098
f 380/380 2768/2768 987/987
f 970/970 483/483 3428/3428
f 1126/1126 633/633 3504/3504
f 875/875 921/921 510/510
f 574/574 2765/2765 2409/2409
f 807/807 3997/3997 1197/1197
f 923/923 824/824 3593/3593
f 543/543 980/980 923/923
f 520/520 2627/2627 2144/2144
f 365/365 885/885 2232/2232
f 1029/1029 1150/1150 522/522
f 2455/2455 3077/3077 2456/2456
f 1198/1198 4083/4083 404/404
f 404/404 569/569 2188/2188
f 2190/2190 927/927 3195/3195
f 3387/3387 928/928 581/581
f 597/597 459/459 2478/2478
f 3969/3969 3863/3863 386/386
f 3682/3682 3326/3326 389/389
f 388/388 769/769 930/930
f 390/390 2624/2624 3095/3095
f 545/545 544/544 1199/1199
f 1039/1039 544/544 3725/3725
f 618/618 919/919 3165/3165
f 420/420 2961/2961 2638/2638
f 550/550 825/825 3568/3568
f 609/609 2606/2606 934/934
f 934/934 484/484 3318/3318
f 611/611 731/731 3416/3416
f 935/935 2809/2809 557/557
f 431/431 620/620 936/936
f 936/936 462/462 799/799
f 560/560 836/836 937/937
f 422/422 915/915 2610/2610
f 3734/3734 3819/3819 3970/3970
f 445/445 803/803 3589/3589
f 750/750 1021/1021 3603/3603
f 568/568 801/801 2758/2758
f 753/753 958/958 939/939
f 1032/1032 940/940 450/450
f 535/535 831/831 940/940
f 581/581 672/672 941/941
f 3643/3643 3949/3949 651/651
f 583/583 3142/3142 2836/2836
f 882/882 942/942 2441/2441
f 686/686 1142/1142 943/943
f 587/587 841/841 4056/4056
f 3160/3160 556/556 944/944
f 585/585 656/656 3046/3046
f 891/891 3430/3430 2439/2439
f 597/597 757/757 3975/3975
f 590/590 866/866 945/945
f 4070/4070 471/471 2433/2433
f 592/592 2829/2829 3270/3270
f 580/580 1070/1070 3116/3116
f 2333/2333 3116/3116 594/594
f 1079/1079 946/946 2702/2702
f 505/505 1147/1147 946/946
f 947/947 459/459 597/597
f 599/599 2472/2472 2414/2414
f 552/552 964/964 949/949
f 949/949 605/605 722/722
f 646/646 606/606 1200/1200
f 606/606 3150/3150 950/950
f 2414/2414 2481/2481 2903/2903
f 986/986 951/951 607/607
f 952/952 403/403 2647/2647
f 618/618 458/458 3052/3052
f 805/805 4032/4032 3804/3804
f 539/539 2400/2400 2729/2729
f 789/789 954/954 2628/2628
f 455/455 350/350 3013/3013
f 499/499 889/889 2823/2823
f 623/623 1045/1045 955/955
f 625/625 1009/1009 956/956
f 107/107 108/108 956/956
f 625/625 626/626 3781/3781
f 628/628 773/773 957/957
f 925/925 1016/1016 478/478
f 2825/2825 2351/2351 2431/2431
f 939/939 958/958 440/440
f 638/638 851/851 959/959
f 644/644 671/671 960/960
f 889/889 3225/3225 3828/3828
f 527/527 3578/3578 2804/2804
f 550/550 681/681 3531/3531
f 594/594 1125/1125 4034/4034
f 511/511 832/832 3327/3327
f 3807/3807 659/659 3814/3814
f 2464/2464 2146/2146 3142/3142
f 763/763 2213/2213 961/961
f 431/431 936/936 961/961
f 680/680 1133/1133 449/449
f 656/656 1114/1114 1201/1201
f 963/963 3003/3003 2363/2363
f 2670/2670 3779/3779 885/885
f 1099/1099 964/964 2933/2933
f 552/552 758/758 2915/2915
f 682/682 2347/2347 965/965
f 965/965 2352/2352 614/614
f 695/695 1056/1056 966/966
f 632/632 1060/1060 966/966
f 967/967 397/397 697/697
f 697/697 2122/2122 967/967
f 3782/3782 3709/3709 968/968
f 3772/3772 3118/3118 2752/2752
f 2349/2349 969/969 2314/2314
f 706/706 920/920 970/970
f 2983/2983 971/971 3799/3799
f 913/913 427/427 971/971
f 566/566 938/938 3748/3748
f 723/723 1154/1154 972/972
f 746/746 1162/1162 973/973
f 591/591 2660/2660 974/974
f 975/975 581/581 732/732
f 976/976 765/765 3856/3856
f 616/616 3844/3844 3040/3040
f 977/977 3639/3639 3707/3707
f 434/434 856/856 978/978
f 861/861 979/979 3560/3560
f 2869/2869 792/792 394/394
f 980/980 2924/2924 2756/2756
f 923/923 980/980 2756/2756
f 981/981 2542/2542 406/406
f 406/406 3435/3435 3794/3794
f 982/982 3237/3237 582/582
f 582/582 842/842 982/982
f 3851/3851 699/699 3612/3612
f 492/492 1183/1183 983/983
f 984/984 3851/3851 381/381
f 381/381 1012/1012 984/984
f 3396/3396 4030/4030 903/903
f 831/831 1050/1050 985/985
f 573/573 3940/3940 985/985
f 3459/3459 951/951 986/986
f 607/607 685/685 2480/2480
f 987/987 920/920 683/683
f 683/683 3026/3026 2711/2711
f 988/988 683/683 4075/4075
f 168/168 169/169 989/989
f 989/989 453/453 744/744
f 3656/3656 405/405 991/991
f 2902/2902 4064/4064 548/548
f 992/992 617/617 2320/2320
f 615/615 685/685 3121/3121
f 2967/2967 671/671 932/932
f 383/383 2120/2120 994/994
f 619/619 1006/1006 994/994
f 551/551 3775/3775 995/995
f 620/620 431/431 996/996
f 3943/3943 1105/1105 996/996
f 448/448 1112/1112 997/997
f 573/573 1050/1050 997/997
f 464/464 2845/2845 4127/4127
f 386/386 1073/1073 387/387
f 998/998 4163/4163 621/621
f 621/621 2705/2705 998/998
f 45/45 46/46 3349/3349
f 358/358 3630/3630 2845/2845
f 466/466 1001/1001 999/999
f 3084/3084 743/743 3394/3394
f 61/61 62/62 1001/1001
f 1001/1001 466/466 3912/3912
f 58/58 59/59 3205/3205
f 743/743 1002/1002 3205/3205
f 57/57 3468/3468 1003/1003
f 687/687 979/979 1003/1003
f 71/71 862/862 1004/1004
f 412/412 1131/1131 1004/1004
f 3943/3943 2280/2280 1005/1005
f 1005/1005 770/770 2815/2815
f 77/77 2/2 2444/2444
f 3383/3383 4156/4156 776/776
f 688/688 3012/3012 2859/2859
f 441/441 994/994 1006/1006
f 1007/1007 689/689 3482/3482
f 366/366 3382/3382 3482/3482
f 4135/4135 1064/1064 1008/1008
f 690/690 691/691 3114/3114
f 1009/1009 625/625 369/369
f 369/369 2960/2960 1009/1009
f 110/110 4/4 1010/1010
f 142/142 869/869 1011/1011
f 4160/4160 3875/3875 2969/2969
f 170/170 171/171 3453/3453
f 165/165 166/166 2860/2860
f 378/378 2771/2771 2165/2165
f 383/383 984/984 1012/1012
f 381/381 872/872 1012/1012
f 815/815 794/794 1013/1013
f 1013/1013 459/459 947/947
f 490/490 762/762 1014/1014
f 540/540 894/894 4136/4136
f 696/696 2677/2677 1015/1015
f 2124/2124 3435/3435 2675/2675
f 3732/3732 3438/3438 534/534
f 3342/3342 117/117 3657/3657
f 957/957 478/478 1016/1016
f 476/476 879/879 1017/1017
f 130/130 131/131 1018/1018
f 3899/3899 3316/3316 3302/3302
f 880/880 1124/1124 3417/3417
f 3728/3728 628/628 2646/2646
f 1020/1020 616/616 456/456
f 456/456 3074/3074 1020/1020
f 1021/1021 565/565 503/503
f 503/503 1164/1164 1021/1021
f 504/504 1053/1053 1022/1022
f 451/451 853/853 3026/3026
f 700/700 1148/1148 1023/1023
f 1023/1023 604/604 507/507
f 3992/3992 3084/3084 512/512
f 1025/1025 883/883 357/357
f 357/357 2631/2631 701/701
f 1027/1027 3779/3779 3454/3454
f 3454/3454 2546/2546 1027/1027
f 704/704 1150/1150 1029/1029
f 522/522 2839/2839 1029/1029
f 4071/4071 1146/1146 1030/1030
f 528/528 2797/2797 2552/2552
f 2730/2730 2312/2312 3915/3915
f 595/595 2312/2312 2730/2730
f 535/535 940/940 1032/1032
f 450/450 3242/3242 3053/3053
f 408/408 1094/1094 1033/1033
f 410/410 1189/1189 1034/1034
f 709/709 1081/1081 1035/1035
f 392/392 863/863 4002/4002
f 674/674 1102/1102 1036/1036
f 352/352 3314/3314 2647/2647
f 2333/2333 1038/1038 711/711
f 594/594 4034/4034 3531/3531
f 433/433 1096/1096 1039/1039
f 547/547 2121/2121 2814/2814
f 545/545 840/840 1040/1040
f 650/650 1166/1166 1041/1041
f 524/524 744/744 3065/3065
f 1042/1042 3954/3954 2426/2426
f 655/655 2677/2677 2337/2337
f 1043/1043 900/900 437/437
f 3976/3976 2205/2205 2835/2835
f 586/586 1142/1142 1044/1044
f 4041/4041 955/955 1045/1045
f 1045/1045 623/623 849/849
f 421/421 527/527 1046/1046
f 3842/3842 3853/3853 1155/1155
f 717/717 2531/2531 1047/1047
f 593/593 2722/2722 3221/3221
f 1048/1048 904/904 725/725
f 719/719 948/948 1049/1049
f 720/720 602/602 2523/2523
f 605/605 997/997 1050/1050
f 573/573 985/985 1050/1050
f 3986/3986 2834/2834 909/909
f 1052/1052 446/446 3182/3182
f 726/726 1176/1176 1052/1052
f 157/157 2168/2168 1053/1053
f 451/451 1022/1022 1053/1053
f 3820/3820 400/400 1143/1143
f 632/632 966/966 1056/1056
f 695/695 1072/1072 1056/1056
f 488/488 3661/3661 1057/1057
f 1057/1057 385/385 3932/3932
f 611/611 1058/1058 2368/2368
f 893/893 1115/1115 1058/1058
f 686/686 3913/3913 1059/1059
f 732/732 3693/3693 1060/1060
f 632/632 1169/1169 1060/1060
f 670/670 864/864 1061/1061
f 427/427 572/572 1062/1062
f 1062/1062 3328/3328 3765/3765
f 895/895 366/366 1063/1063
f 1063/1063 590/590 945/945
f 367/367 664/664 2695/2695
f 3533/3533 2504/2504 1066/1066
f 784/784 371/371 2129/2129
f 663/663 1139/1139 1067/1067
f 734/734 1158/1158 1068/1068
f 638/638 1019/1019 1068/1068
f 374/374 812/812 1069/1069
f 1069/1069 480/480 4109/4109
f 580/580 756/756 1070/1070
f 775/775 1191/1191 1070/1070
f 489/489 1130/1130 1071/1071
f 1072/1072 4168/4168 468/468
f 386/386 1095/1095 1073/1073
f 1074/1074 493/493 396/396
f 396/396 520/520 1074/1074
f 1075/1075 377/377 4039/4039
f 1173/1173 1075/1075 4039/4039
f 376/376 1180/1180 1076/1076
f 155/155 156/156 1077/1077
f 1077/1077 3883/3883 741/741
f 3840/3840 613/613 1079/1079
f 613/613 1188/1188 1079/1079
f 822/822 792/792 1080/1080
f 710/710 1182/1182 1080/1080
f 509/509 4122/4122 3393/3393
f 1035/1035 1081/1081 4002/4002
f 3609/3609 708/708 2568/2568
f 3233/3233 1136/1136 2657/2657
f 410/410 1034/1034 3410/3410
f 3797/3797 2130/2130 2113/2113
f 530/530 1171/1171 1083/1083
f 516/516 1031/1031 1083/1083
f 1084/1084 473/473 2311/2311
f 519/519 4012/4012 1084/1084
f 396/396 788/788 1085/1085
f 704/704 1029/1029 1086/1086
f 2348/2348 2445/2445 3398/3398
f 4092/4092 1158/1158 1087/1087
f 524/524 3065/3065 3239/3239
f 378/378 2165/2165 2860/2860
f 1089/1089 745/745 613/613
f 613/613 3840/3840 1089/1089
f 829/829 1152/1152 1090/1090
f 720/720 3262/3262 1090/1090
f 748/748 3519/3519 1091/1091
f 468/468 579/579 1091/1091
f 517/517 823/823 1092/1092
f 830/830 796/796 1093/1093
f 405/405 3656/3656 1093/1093
f 3406/3406 1190/1190 1094/1094
f 832/832 1190/1190 1095/1095
f 762/762 4130/4130 3406/3406
f 931/931 1039/1039 1096/1096
f 3670/3670 1097/1097 351/351
f 1039/1039 546/546 1202/1202
f 546/546 3353/3353 3701/3701
f 1108/1108 1098/1098 3343/3343
f 1099/1099 673/673 3876/3876
f 448/448 997/997 1099/1099
f 437/437 1156/1156 1100/1100
f 3300/3300 2340/2340 567/567
f 3646/3646 3643/3643 3008/3008
f 1102/1102 554/554 3314/3314
f 1103/1103 403/403 952/952
f 3836/3836 4053/4053 1104/1104
f 1105/1105 3943/3943 675/675
f 836/836 800/800 3035/3035
f 1107/1107 3178/3178 3193/3193
f 1108/1108 563/563 3555/3555
f 417/417 1098/1098 1108/1108
f 3589/3589 3748/3748 938/938
f 575/575 3432/3432 1109/1109
f 723/723 3432/3432 3384/3384
f 722/722 831/831 1110/1110
f 1111/1111 3978/3978 3602/3602
f 573/573 997/997 1112/1112
f 428/428 4049/4049 1113/1113
f 677/677 737/737 2518/2518
f 656/656 910/910 1114/1114
f 1114/1114 678/678 3618/3618
f 442/442 3930/3930 1115/1115
f 450/450 3080/3080 3005/3005
f 584/584 4120/4120 1116/1116
f 2877/2877 3060/3060 860/860
f 4171/4171 1168/1168 1117/1117
f 4141/4141 593/593 485/485
f 485/485 3805/3805 4141/4141
f 1200/1200 2863/2863 2730/2730
f 400/400 1177/1177 1118/1118
f 1181/1181 3211/3211 4021/4021
f 1119/1119 409/409 3617/3617
f 659/659 2525/2525 3617/3617
f 1120/1120 952/952 2267/2267
f 749/749 2272/2272 1120/1120
f 1121/1121 612/612 411/411
f 411/411 2489/2489 1121/1121
f 525/525 3888/3888 1122/1122
f 1122/1122 671/671 2851/2851
f 2147/2147 1123/1123 2799/2799
f 3848/3848 838/838 1123/1123
f 3769/3769 2973/2973 1124/1124
f 3417/3417 1124/1124 3993/3993
f 754/754 4034/4034 1125/1125
f 921/921 633/633 1126/1126
f 4022/4022 3885/3885 697/697
f 876/876 397/397 3186/3186
f 750/750 1165/1165 1127/1127
f 1127/1127 759/759 857/857
f 642/642 3507/3507 2614/2614
f 399/399 2466/2466 1128/1128
f 1129/1129 3000/3000 3275/3275
f 716/716 902/902 1129/1129
f 649/649 3297/3297 903/903
f 651/651 1071/1071 1130/1130
f 489/489 966/966 3693/3693
f 412/412 2457/2457 2556/2556
f 653/653 3260/3260 2720/2720
f 655/655 806/806 1132/1132
f 1132/1132 353/353 2868/2868
f 655/655 564/564 2677/2677
f 680/680 3166/3166 3046/3046
f 656/656 1201/1201 1133/1133
f 487/487 1135/1135 1134/1134
f 3916/3916 2947/2947 756/756
f 1134/1134 1135/1135 657/657
f 2629/2629 1135/1135 487/487
f 658/658 3870/3870 1136/1136
f 660/660 3364/3364 2281/2281
f 663/663 1138/1138 1139/1139
f 777/777 2520/2520 2149/2149
f 677/677 839/839 1140/1140
f 682/682 965/965 1141/1141
f 458/458 2810/2810 1141/1141
f 943/943 1142/1142 586/586
f 3820/3820 3363/3363 1177/1177
f 400/400 1200/1200 1143/1143
f 1144/1144 4128/4128 930/930
f 696/696 1015/1015 3808/3808
f 385/385 891/891 2723/2723
f 699/699 1030/1030 1146/1146
f 700/700 726/726 3182/3182
f 446/446 3030/3030 1147/1147
f 604/604 1023/1023 1148/1148
f 700/700 505/505 3711/3711
f 704/704 1086/1086 1149/1149
f 1150/1150 704/704 3077/3077
f 1151/1151 715/715 2527/2527
f 461/461 3195/3195 1151/1151
f 720/720 1090/1090 1152/1152
f 1152/1152 529/529 3004/3004
f 2393/2393 1153/1153 4086/4086
f 1153/1153 351/351 840/840
f 535/535 1032/1032 1154/1154
f 3457/3457 3486/3486 3984/3984
f 3853/3853 3842/3842 3720/3720
f 444/444 898/898 1155/1155
f 725/725 2855/2855 3935/3935
f 444/444 1155/1155 3853/3853
f 437/437 900/900 2706/2706
f 729/729 3262/3262 3288/3288
f 515/515 3860/3860 1157/1157
f 730/730 1189/1189 1157/1157
f 734/734 1087/1087 1158/1158
f 4092/4092 3366/3366 1158/1158
f 4089/4089 2753/2753 1076/1076
f 3339/3339 3574/3574 774/774
f 735/735 3339/3339 1159/1159
f 377/377 2822/2822 1159/1159
f 717/717 3423/3423 1160/1160
f 1160/1160 2704/2704 785/785
f 743/743 3084/3084 1161/1161
f 746/746 926/926 1162/1162
f 1162/1162 4000/4000 786/786
f 424/424 1196/1196 1163/1163
f 503/503 3920/3920 1164/1164
f 1164/1164 568/568 2758/2758
f 750/750 2776/2776 1165/1165
f 650/650 4034/4034 1166/1166
f 483/483 2768/2768 3675/3675
f 4072/4072 1191/1191 1167/1167
f 632/632 3168/3168 3641/3641
f 4171/4171 1117/1117 3878/3878
f 763/763 2770/2770 3572/3572
f 763/763 3572/3572 1171/1171
f 516/516 1083/1083 1171/1171
f 766/766 2595/2595 1172/1172
f 4097/4097 3327/3327 3687/3687
f 774/774 871/871 1173/1173
f 481/481 959/959 1173/1173
f 1174/1174 789/789 3219/3219
f 1174/1174 707/707 2527/2527
f 794/794 3872/3872 3958/3958
f 1175/1175 3976/3976 584/584
f 1175/1175 584/584 3269/3269
f 1176/1176 575/575 4113/4113
f 803/803 1052/1052 1176/1176
f 1177/1177 3363/3363 805/805
f 1118/1118 1177/1177 805/805
f 709/709 361/361 3431/3431
f 3431/3431 3702/3702 1178/1178
f 1179/1179 809/809 515/515
f 515/515 1082/1082 1179/1179
f 813/813 1076/1076 1180/1180
f 376/376 181/181 2582/2582
f 1181/1181 609/609 814/814
f 814/814 3211/3211 1181/1181
f 488/488 1080/1080 1182/1182
f 492/492 393/393 1183/1183
f 1183/1183 3782/3782 968/968
f 825/825 2521/2521 1184/1184
f 744/744 1054/1054 1184/1184
f 1185/1185 826/826 602/602
f 2257/2257 1185/1185 602/602
f 826/826 1185/1185 1186/1186
f 600/600 960/960 2533/2533
f 601/601 830/830 384/384
f 838/838 3848/3848 1187/1187
f 4000/4000 641/641 1188/1188
f 845/845 1079/1079 1188/1188
f 849/849 1034/1034 1189/1189
f 410/410 1157/1157 1189/1189
f 850/850 1094/1094 1190/1190
f 4072/4072 2538/2538 1191/1191
f 858/858 1070/1070 1191/1191
f 1192/1192 471/471 945/945
f 447/447 916/916 1193/1193
f 1194/1194 880/880 477/477
f 3014/3014 3368/3368 122/122
f 1195/1195 3257/3257 364/364
f 912/912 1163/1163 1196/1196
f 424/424 470/470 1196/1196
f 3425/3425 3834/3834 3860/3860
f 413/413 3702/3702 3425/3425
f 1198/1198 926/926 746/746
f 746/746 982/982 1198/1198
f 1199/1199 931/931 419/419
f 419/419 2747/2747 1199/1199
f 950/950 1143/1143 1200/1200
f 400/400 2863/2863 1200/1200
f 1201/1201 3167/3167 3882/3882
f 962/962 1133/1133 1201/1201
f 1202/1202 3701/3701 561/561
f 561/561 902/902 1202/1202
f 2113/2113 1082/1082 3410/3410
f 893/893 4074/4074 2116/2116
f 2116/2116 3416/3416 2386/2386
f 3835/3835 3392/3392 2118/2118
f 827/827 2118/2118 3392/3392
f 1012/1012 2452/2452 2120/2120
f 2153/2153 2452/2452 90/90
f 576/576 599/599 2121/2121
f 2221/2221 703/703 2122/2122
f 536/536 426/426 3312/3312
f 2123/2123 426/426 2833/2833
f 2675/2675 2285/2285 2124/2124
f 2163/2163 2285/2285 3241/3241
f 3769/3769 3507/3507 2129/2129
f 4136/4136 670/670 2130/2130
f 670/670 2265/2265 2130/2130
f 2598/2598 371/371 2145/2145
f 2134/2134 703/703 2221/2221
f 2315/2315 3099/3099 2139/2139
f 1113/1113 2139/2139 3099/3099
f 490/490 2270/2270 2141/2141
f 2144/2144 924/924 3155/3155
f 409/409 860/860 2146/2146
f 2146/2146 860/860 3060/3060
f 3151/3151 2458/2458 2147/2147
f 2458/2458 3151/3151 2881/2881
f 2605/2605 637/637 4131/4131
f 959/959 4131/4131 2496/2496
f 2163/2163 3241/3241 2148/2148
f 2148/2148 3241/3241 2546/2546
f 2149/2149 4070/4070 777/777
f 716/716 2745/2745 2150/2150
f 2150/2150 549/549 2615/2615
f 2151/2151 2771/2771 2862/2862
f 631/631 2151/2151 2286/2286
f 619/619 994/994 2153/2153
f 2120/2120 2153/2153 994/994
f 2853/2853 791/791 3798/3798
f 3798/3798 791/791 2179/2179
f 93/93 3642/3642 2159/2159
f 2159/2159 3642/3642 3076/3076
f 363/363 1145/1145 2163/2163
f 2124/2124 2163/2163 1145/1145
f 2164/2164 3049/3049 2457/2457
f 2316/2316 537/537 2116/2116
f 7/7 158/158 2168/2168
f 2326/2326 415/415 2171/2171
f 888/888 2171/2171 2229/2229
f 2427/2427 523/523 2172/2172
f 2172/2172 523/523 3059/3059
f 3437/3437 712/712 2345/2345
f 2310/2310 2621/2621 2175/2175
f 2473/2473 3441/3441 4033/4033
f 692/692 4033/4033 3441/3441
f 2758/2758 801/801 2177/2177
f 3602/3602 3978/3978 2177/2177
f 953/953 647/647 2179/2179
f 136/136 137/137 4014/4014
f 4014/4014 137/137 2463/2463
f 963/963 2363/2363 2182/2182
f 3454/3454 3779/3779 2182/2182
f 3516/3516 2188/2188 2204/2204
f 2397/2397 4065/4065 2189/2189
f 3160/3160 944/944 2189/2189
f 2212/2212 569/569 2190/2190
f 2190/2190 569/569 927/927
f 3264/3264 2854/2854 2191/2191
f 2854/2854 3264/3264 2859/2859
f 3990/3990 844/844 2534/2534
f 2534/2534 844/844 2196/2196
f 1083/1083 2196/2196 844/844
f 570/570 911/911 2200/2200
f 2200/2200 911/911 2271/2271
f 1061/1061 738/738 2265/2265
f 2188/2188 569/569 2204/2204
f 1175/1175 556/556 2205/2205
f 556/556 3160/3160 2205/2205
f 2755/2755 2289/2289 2206/2206
f 787/787 2206/2206 2289/2289
f 365/365 924/924 2210/2210
f 2144/2144 2210/2210 924/924
f 3990/3990 2211/2211 3267/3267
f 2190/2190 906/906 2212/2212
f 2212/2212 906/906 3945/3945
f 419/419 1047/1047 2218/2218
f 2218/2218 1047/1047 3221/3221
f 2134/2134 2221/2221 2217/2217
f 3990/3990 2224/2224 844/844
f 2226/2226 2405/2405 874/874
f 2310/2310 3751/3751 714/714
f 1027/1027 2232/2232 3779/3779
f 365/365 2232/2232 924/924
f 2229/2229 415/415 2233/2233
f 2233/2233 415/415 2984/2984
f 2463/2463 137/137 3871/3871
f 138/138 3871/3871 137/137
f 3533/3533 1066/1066 2236/2236
f 2229/2229 3498/3498 4133/4133
f 4133/4133 3498/3498 2539/2539
f 798/798 2244/2244 2315/2315
f 2553/2553 2365/2365 2246/2246
f 2628/2628 617/617 2247/2247
f 36/36 2247/2247 992/992
f 560/560 937/937 2248/2248
f 2883/2883 2248/2248 2610/2610
f 2644/2644 3782/3782 4094/4094
f 654/654 4094/4094 3782/3782
f 1092/1092 802/802 2251/2251
f 2200/2200 2251/2251 802/802
f 2159/2159 2253/2253 624/624
f 1101/1101 2254/2254 3008/3008
f 404/404 2188/2188 926/926
f 3510/3510 3681/3681 2258/2258
f 2254/2254 2258/2258 3646/3646
f 2149/2149 2520/2520 664/664
f 498/498 918/918 2260/2260
f 2262/2262 3148/3148 2307/2307
f 412/412 862/862 2263/2263
f 2263/2263 862/862 2838/2838
f 2934/2934 4086/4086 2264/2264
f 4086/4086 3295/3295 2264/2264
f 2202/2202 491/491 2265/2265
f 2130/2130 2265/2265 491/491
f 154/154 2837/2837 2266/2266
f 554/554 2861/2861 2267/2267
f 1120/1120 2267/2267 749/749
f 42/42 43/43 2270/2270
f 2141/2141 2270/2270 43/43
f 2290/2290 2271/2271 2577/2577
f 2200/2200 2271/2271 2251/2251
f 2417/2417 3163/3163 2272/2272
f 439/439 900/900 2275/2275
f 795/795 2275/2275 900/900
f 92/92 2159/2159 624/624
f 712/712 3437/3437 2278/2278
f 2279/2279 3462/3462 864/864
f 391/391 2279/2279 864/864
f 3902/3902 2543/2543 2280/2280
f 64/64 65/65 2281/2281
f 660/660 2281/2281 65/65
f 2124/2124 2285/2285 2163/2163
f 2151/2151 2862/2862 2286/2286
f 2286/2286 2862/2862 2538/2538
f 2254/2254 1101/1101 2288/2288
f 2288/2288 1101/1101 3624/3624
f 2289/2289 2755/2755 3373/3373
f 2289/2289 3373/3373 3211/3211
f 3013/3013 3057/3057 2293/2293
f 3057/3057 4098/4098 2293/2293
f 3024/3024 119/119 2296/2296
f 2296/2296 119/119 2504/2504
f 3847/3847 487/487 2300/2300
f 1134/1134 2300/2300 487/487
f 2825/2825 663/663 2305/2305
f 1067/1067 2305/2305 663/663
f 2262/2262 2307/2307 881/881
f 2310/2310 3108/3108 3207/3207
f 1064/1064 519/519 2311/2311
f 1084/1084 2311/2311 519/519
f 2312/2312 2347/2347 3004/3004
f 2122/2122 703/703 2314/2314
f 2139/2139 2316/2316 2315/2315
f 452/452 736/736 2318/2318
f 2841/2841 2319/2319 2431/2431
f 2118/2118 827/827 2320/2320
f 610/610 3551/3551 2321/2321
f 606/606 2321/2321 3150/3150
f 3593/3593 2850/2850 2324/2324
f 739/739 2324/2324 2850/2850
f 2326/2326 2924/2924 3809/3809
f 2893/2893 2330/2330 819/819
f 2300/2300 3116/3116 2333/2333
f 2334/2334 2713/2713 3056/3056
f 2426/2426 2460/2460 2337/2337
f 1100/1100 1156/1156 2340/2340
f 2145/2145 371/371 2343/2343
f 784/784 2343/2343 371/371
f 3214/3214 4092/4092 2348/2348
f 1087/1087 2348/2348 4092/4092
f 1065/1065 810/810 2349/2349
f 2349/2349 810/810 969/969
f 2351/2351 3153/3153 2431/2431
f 2312/2312 595/595 2352/2352
f 2352/2352 595/595 2913/2913
f 161/161 162/162 3189/3189
f 2318/2318 3189/3189 162/162
f 104/104 2960/2960 4129/4129
f 362/362 4125/4125 2354/2354
f 808/808 2354/2354 4125/4125
f 2579/2579 1036/1036 2360/2360
f 868/868 626/626 2361/2361
f 625/625 2361/2361 626/626
f 451/451 1053/1053 2168/2168
f 1051/1051 568/568 2365/2365
f 1175/1175 3269/3269 2368/2368
f 3612/3612 983/983 2373/2373
f 1183/1183 2373/2373 983/983
f 2360/2360 2375/2375 648/648
f 2372/2372 2829/2829 592/592
f 2271/2271 2290/2290 423/423
f 1030/1030 2383/2383 2426/2426
f 615/615 3178/3178 2385/2385
f 2385/2385 3604/3604 3701/3701
f 2525/2525 659/659 2386/2386
f 557/557 2386/2386 659/659
f 778/778 592/592 2390/2390
f 3494/3494 3512/3512 2395/2395
f 1142/1142 2395/2395 3512/3512
f 2554/2554 3532/3532 2396/2396
f 2396/2396 3532/3532 2797/2797
f 2113/2113 2209/2209 4159/4159
f 2189/2189 977/977 2397/2397
f 539/539 2654/2654 2400/2400
f 874/874 2400/2400 3504/3504
f 2212/2212 1148/1148 2204/2204
f 856/856 1138/1138 2401/2401
f 2401/2401 1138/1138 2319/2319
f 2405/2405 2226/2226 3727/3727
f 1144/1144 2405/2405 4128/4128
f 359/359 922/922 2409/2409
f 2409/2409 922/922 574/574
f 918/918 2410/2410 2260/2260
f 2572/2572 572/572 2411/2411
f 913/913 2411/2411 572/572
f 2266/2266 684/684 2412/2412
f 153/153 2412/2412 3388/3388
f 2414/2414 948/948 2481/2481
f 457/457 873/873 2417/2417
f 1193/1193 2417/2417 873/873
f 3698/3698 848/848 2422/2422
f 2422/2422 848/848 2807/2807
f 3388/3388 684/684 2423/2423
f 778/778 2423/2423 684/684
f 2310/2310 2424/2424 2621/2621
f 897/897 2427/2427 2615/2615
f 34/34 35/35 2428/2428
f 957/957 636/636 2430/2430
f 2236/2236 2430/2430 636/636
f 2319/2319 663/663 2431/2431
f 3576/3576 777/777 2433/2433
f 4070/4070 2433/2433 777/777
f 3700/3700 3957/3957 2439/2439
f 3957/3957 3700/3700 779/779
f 2836/2836 3142/3142 2441/2441
f 2146/2146 2441/2441 3142/3142
f 77/77 2444/2444 3383/3383
f 1087/1087 523/523 2445/2445
f 897/897 2445/2445 523/523
f 2196/2196 3605/3605 2446/2446
f 3973/3973 2448/2448 3963/3963
f 3061/3061 2987/2987 2449/2449
f 89/89 90/90 2452/2452
f 2120/2120 2452/2452 2153/2153
f 877/877 3668/3668 2455/2455
f 925/925 2455/2455 1016/1016
f 782/782 877/877 2456/2456
f 2455/2455 2456/2456 877/877
f 2314/2314 967/967 2122/2122
f 2164/2164 2457/2457 894/894
f 3848/3848 1123/1123 2458/2458
f 2147/2147 2458/2458 1123/1123
f 2840/2840 526/526 2459/2459
f 2459/2459 526/526 3474/3474
f 2383/2383 460/460 2460/2460
f 806/806 2460/2460 4082/4082
f 3079/3079 3814/3814 2464/2464
f 409/409 2464/2464 3814/3814
f 3978/3978 3300/3300 2465/2465
f 666/666 918/918 2466/2466
f 1128/1128 2466/2466 918/918
f 873/873 457/457 2467/2467
f 912/912 2467/2467 457/457
f 2713/2713 3124/3124 2468/2468
f 2468/2468 3124/3124 4122/4122
f 2149/2149 664/664 2469/2469
f 4012/4012 2469/2469 664/664
f 2390/2390 2470/2470 379/379
f 2272/2272 749/749 2471/2471
f 1163/1163 2471/2471 3402/3402
f 1089/1089 3253/3253 2472/2472
f 2414/2414 2472/2472 3253/3253
f 2473/2473 522/522 3895/3895
f 404/404 4083/4083 927/927
f 927/927 569/569 404/404
f 1062/1062 472/472 2476/2476
f 2476/2476 472/472 917/917
f 3991/3991 823/823 2477/2477
f 2477/2477 823/823 3159/3159
f 672/672 928/928 2478/2478
f 826/826 669/669 2479/2479
f 3951/3951 2479/2479 567/567
f 2480/2480 986/986 607/607
f 607/607 951/951 2481/2481
f 884/884 2740/2740 3709/3709
f 624/624 2501/2501 619/619
f 648/648 3966/3966 2488/2488
f 2489/2489 2179/2179 791/791
f 868/868 2625/2625 2492/2492
f 2492/2492 691/691 3039/3039
f 2349/2349 703/703 2134/2134
f 374/374 1019/1019 2496/2496
f 638/638 2496/2496 1019/1019
f 688/688 2501/2501 2253/2253
f 443/443 3526/3526 2502/2502
f 4149/4149 835/835 2502/2502
f 120/120 1066/1066 2504/2504
f 2296/2296 2504/2504 3533/3533
f 2372/2372 3289/3289 2829/2829
f 2829/2829 3289/3289 2660/2660
f 686/686 2395/2395 1142/1142
f 799/799 462/462 2507/2507
f 730/730 2507/2507 2897/2897
f 2290/2290 3007/3007 423/423
f 517/517 2509/2509 995/995
f 476/476 3441/3441 2511/2511
f 914/914 2511/2511 2473/2473
f 3103/3103 3022/3022 2518/2518
f 3632/3632 2518/2518 3022/3022
f 852/852 810/810 2520/2520
f 810/810 2695/2695 2520/2520
f 650/650 1041/1041 2521/2521
f 2521/2521 1041/1041 3065/3065
f 3288/3288 3262/3262 2523/2523
f 720/720 2523/2523 3262/3262
f 506/506 2524/2524 3243/3243
f 2386/2386 3416/3416 2525/2525
f 2464/2464 3142/3142 2526/2526
f 2123/2123 2527/2527 707/707
f 2528/2528 3274/3274 2689/2689
f 1160/1160 785/785 2531/2531
f 2531/2531 785/785 2589/2589
f 2258/2258 676/676 2532/2532
f 1100/1100 2532/2532 676/676
f 600/600 2533/2533 1186/1186
f 3990/3990 2534/2534 2211/2211
f 3354/3354 2668/2668 2537/2537
f 2537/2537 708/708 2631/2631
f 858/858 1191/1191 2538/2538
f 2286/2286 2538/2538 4072/4072
f 4135/4135 3342/3342 2539/2539
f 2442/2442 2539/2539 3657/3657
f 3243/3243 793/793 2542/2542
f 2542/2542 793/793 797/797
f 770/770 1005/1005 2543/2543
f 2280/2280 2543/2543 1005/1005
f 2148/2148 2546/2546 3454/3454
f 3854/3854 2621/2621 2424/2424
f 1007/1007 543/543 2548/2548
f 2324/2324 2548/2548 543/543
f 356/356 1031/1031 2552/2552
f 2553/2553 3906/3906 804/804
f 908/908 2553/2553 804/804
f 2396/2396 828/828 2554/2554
f 533/533 2554/2554 2968/2968
f 2720/2720 3260/3260 1131/1131
f 412/412 2556/2556 1131/1131
f 496/496 3347/3347 3885/3885
f 2122/2122 2561/2561 2221/2221
f 3725/3725 544/544 2564/2564
f 545/545 2564/2564 544/544
f 1/1 2567/2567 53/53
f 3609/3609 2568/2568 3870/3870
f 2191/2191 2572/2572 3264/3264
f 2271/2271 911/911 2577/2577
f 456/456 2577/2577 3074/3074
f 2360/2360 2488/2488 2579/2579
f 792/792 2579/2579 4040/4040
f 3218/3218 855/855 2581/2581
f 942/942 2581/2581 855/855
f 8/8 2582/2582 181/181
f 3593/3593 824/824 2585/2585
f 2585/2585 824/824 3334/3334
f 3128/3128 369/369 2586/2586
f 3781/3781 2586/2586 369/369
f 2589/2589 785/785 2172/2172
f 3798/3798 2624/2624 2591/2591
f 979/979 2591/2591 2624/2624
f 859/859 2592/2592 454/454
f 2305/2305 629/629 2593/2593
f 479/479 2593/2593 2883/2883
f 3405/3405 2833/2833 2595/2595
f 3284/3284 2833/2833 426/426
f 1074/1074 1027/1027 2546/2546
f 2145/2145 3728/3728 2598/2598
f 3993/3993 2973/2973 2598/2598
f 2272/2272 2471/2471 2417/2417
f 145/145 146/146 2602/2602
f 2518/2518 737/737 2606/2606
f 2248/2248 937/937 2610/2610
f 704/704 1149/1149 2611/2611
f 518/518 2611/2611 2664/2664
f 399/399 1128/1128 2614/2614
f 642/642 2614/2614 1128/1128
f 2615/2615 2427/2427 2704/2704
f 2150/2150 2615/2615 2704/2704
f 2202/2202 808/808 2209/2209
f 489/489 1071/1071 2621/2621
f 2175/2175 2621/2621 1071/1071
f 390/390 514/514 2624/2624
f 979/979 2624/2624 3560/3560
f 868/868 370/370 2625/2625
f 4078/4078 2625/2625 370/370
f 1007/1007 2548/2548 472/472
f 701/701 2631/2631 708/708
f 2144/2144 2627/2627 3257/3257
f 409/409 3814/3814 3617/3617
f 2118/2118 617/617 2628/2628
f 3150/3150 3551/3551 2629/2629
f 2270/2270 1014/1014 42/42
f 2537/2537 2631/2631 4062/4062
f 430/430 3683/3683 2632/2632
f 1131/1131 3260/3260 2632/2632
f 669/669 759/759 2635/2635
f 1165/1165 2635/2635 759/759
f 4005/4005 4148/4148 2637/2637
f 1000/1000 2637/2637 512/512
f 3200/3200 3736/3736 2638/2638
f 420/420 2638/2638 3736/3736
f 1067/1067 2800/2800 2784/2784
f 654/654 1170/1170 2642/2642
f 3572/3572 2770/2770 2642/2642
f 2345/2345 712/712 2643/2643
f 2459/2459 2643/2643 712/712
f 3072/3072 3417/3417 2646/2646
f 403/403 1037/1037 2647/2647
f 2244/2244 3099/3099 2315/2315
f 2409/2409 3101/3101 2650/2650
f 690/690 368/368 2652/2652
f 761/761 2652/2652 368/368
f 142/142 1011/1011 2653/2653
f 692/692 2653/2653 1011/1011
f 539/539 922/922 2654/2654
f 359/359 2654/2654 922/922
f 2655/2655 4083/4083 842/842
f 582/582 2655/2655 842/842
f 2657/2657 3886/3886 3333/3333
f 2330/2330 473/473 2659/2659
f 1084/1084 2659/2659 473/473
f 591/591 890/890 2660/2660
f 2330/2330 2659/2659 2217/2217
f 2585/2585 518/518 2664/2664
f 2456/2456 2666/2666 782/782
f 2592/2592 379/379 2470/2470
f 3198/3198 3886/3886 2668/2668
f 2568/2568 2668/2668 3886/3886
f 470/470 963/963 2670/2670
f 2182/2182 2670/2670 963/963
f 3250/3250 916/916 2673/2673
f 3073/3073 2592/2592 2673/2673
f 4096/4096 820/820 2679/2679
f 2611/2611 2666/2666 3077/3077
f 2465/2465 669/669 2635/2635
f 3448/3448 484/484 2688/2688
f 934/934 2688/2688 484/484
f 4048/4048 685/685 2689/2689
f 607/607 2689/2689 685/685
f 2449/2449 2905/2905 2691/2691
f 3364/3364 2705/2705 2691/2691
f 2695/2695 810/810 1065/1065
f 367/367 2695/2695 1065/1065
f 2697/2697 3495/3495 790/790
f 530/530 2213/2213 1171/1171
f 3871/3871 3281/3281 2701/2701
f 784/784 2701/2701 3281/3281
f 2147/2147 3506/3506 2702/2702
f 1079/1079 2702/2702 3840/3840
f 1160/1160 3423/3423 2704/2704
f 2150/2150 2704/2704 3423/3423
f 2705/2705 3364/3364 660/660
f 729/729 1156/1156 2706/2706
f 437/437 2706/2706 1156/1156
f 3797/3797 1034/1034 2707/2707
f 623/623 2707/2707 1034/1034
f 150/150 990/990 3534/3534
f 447/447 3534/3534 990/990
f 380/380 2711/2711 853/853
f 2247/2247 617/617 992/992
f 775/775 756/756 2712/2712
f 974/974 2712/2712 2947/2947
f 2468/2468 809/809 2713/2713
f 360/360 2713/2713 809/809
f 2233/2233 2984/2984 519/519
f 145/145 867/867 2719/2719
f 365/365 2719/2719 867/867
f 2556/2556 3049/3049 2720/2720
f 3587/3587 2720/2720 3049/3049
f 3208/3208 2721/2721 2988/2988
f 630/630 721/721 2722/2722
f 2218/2218 2722/2722 721/721
f 385/385 2723/2723 3932/3932
f 406/406 797/797 2725/2725
f 2725/2725 797/797 2976/2976
f 1162/1162 786/786 2726/2726
f 2726/2726 786/786 2961/2961
f 3991/3991 648/648 2375/2375
f 2150/2150 3423/3423 2728/2728
f 647/647 953/953 2729/2729
f 539/539 2729/2729 953/953
f 3915/3915 646/646 2730/2730
f 1200/1200 2730/2730 646/646
f 2733/2733 2756/2756 3263/3263
f 531/531 843/843 2735/2735
f 2459/2459 2735/2735 843/843
f 109/109 475/475 108/108
f 1010/1010 2739/2739 110/110
f 2740/2740 2752/2752 968/968
f 821/821 1117/1117 2741/2741
f 533/533 2741/2741 1117/1117
f 3930/3930 442/442 2742/2742
f 585/585 2742/2742 442/442
f 2743/2743 733/733 3491/3491
f 2448/2448 3973/3973 2744/2744
f 897/897 2744/2744 3973/3973
f 2742/2742 585/585 944/944
f 2448/2448 549/549 2745/2745
f 1153/1153 840/840 2747/2747
f 1132/1132 2868/2868 2749/2749
f 2749/2749 2868/2868 3042/3042
f 2373/2373 968/968 2752/2752
f 376/376 1076/1076 2753/2753
f 735/735 2753/2753 4089/4089
f 2755/2755 890/890 591/591
f 657/657 2755/2755 591/591
f 2360/2360 648/648 2488/2488
f 821/821 2741/2741 2762/2762
f 2762/2762 2741/2741 2439/2439
f 1085/1085 887/887 4023/4023
f 4140/4140 449/449 2763/2763
f 883/883 2763/2763 449/449
f 2531/2531 2589/2589 593/593
f 2501/2501 624/624 2253/2253
f 2763/2763 3101/3101 2765/2765
f 987/987 2768/2768 483/483
f 2642/2642 2770/2770 2873/2873
f 2165/2165 2771/2771 2151/2151
f 2537/2537 2668/2668 708/708
f 3350/3350 164/164 2772/2772
f 165/165 2772/2772 164/164
f 100/100 2774/2774 3186/3186
f 2177/2177 2635/2635 2776/2776
f 1165/1165 2776/2776 2635/2635
f 2781/2781 2867/2867 2314/2314
f 969/969 2781/2781 2314/2314
f 3991/3991 1037/1037 2782/2782
f 403/403 2782/2782 1037/1037
f 922/922 3452/3452 574/574
f 411/411 4081/4081 574/574
f 560/560 2248/2248 2784/2784
f 1067/1067 2784/2784 629/629
f 3950/3950 781/781 2787/2787
f 528/528 747/747 2797/2797
f 2396/2396 2797/2797 747/747
f 3833/3833 3995/3995 2798/2798
f 115/115 2798/2798 3822/3822
f 1049/1049 3253/3253 2799/2799
f 575/575 438/438 3432/3432
f 3275/3275 3000/3000 2804/2804
f 2804/2804 3000/3000 3225/3225
f 783/783 3479/3479 395/395
f 3318/3318 3792/3792 2805/2805
f 2805/2805 3792/3792 3270/3270
f 466/466 999/999 2807/2807
f 2422/2422 2807/2807 999/999
f 2116/2116 2386/2386 2809/2809
f 2810/2810 618/618 932/932
f 2312/2312 2352/2352 2347/2347
f 2150/2150 2745/2745 549/549
f 545/545 1040/1040 2814/2814
f 547/547 2814/2814 1040/1040
f 748/748 603/603 2815/2815
f 1005/1005 2815/2815 603/603
f 2816/2816 601/601 3291/3291
f 127/127 128/128 2820/2820
f 377/377 3366/3366 2822/2822
f 2823/2823 3013/3013 499/499
f 2351/2351 2825/2825 3345/3345
f 2805/2805 2829/2829 890/890
f 974/974 2660/2660 3289/3289
f 655/655 2460/2460 806/806
f 2552/2552 2797/2797 3532/3532
f 2595/2595 2833/2833 3284/3284
f 175/175 3153/3153 2351/2351
f 1051/1051 2365/2365 2834/2834
f 2834/2834 2365/2365 2992/2992
f 3976/3976 2835/2835 1044/1044
f 2441/2441 942/942 2836/2836
f 583/583 2836/2836 942/942
f 642/642 4014/4014 3287/3287
f 793/793 2524/2524 1015/1015
f 154/154 155/155 2837/2837
f 1077/1077 2837/2837 155/155
f 72/72 2838/2838 862/862
f 4033/4033 3875/3875 2839/2839
f 2839/2839 3875/3875 1029/1029
f 4124/4124 2991/2991 2841/2841
f 2319/2319 2841/2841 2991/2991
f 464/464 4052/4052 2845/2845
f 116/116 771/771 2798/2798
f 531/531 2278/2278 796/796
f 2433/2433 471/471 3076/3076
f 2762/2762 2439/2439 3430/3430
f 2585/2585 521/521 2850/2850
f 3121/3121 4048/4048 2851/2851
f 4048/4048 3121/3121 685/685
f 3119/3119 876/876 2774/2774
f 1161/1161 2853/2853 2591/2591
f 3715/3715 3328/3328 2854/2854
f 2191/2191 2854/2854 3328/3328
f 2855/2855 800/800 3451/3451
f 800/800 2855/2855 3505/3505
f 63/63 64/64 2856/2856
f 2856/2856 64/64 2281/2281
f 441/441 1006/1006 2859/2859
f 688/688 2859/2859 1006/1006
f 166/166 1088/1088 2860/2860
f 378/378 2860/2860 1088/1088
f 3402/3402 749/749 2861/2861
f 2267/2267 2861/2861 749/749
f 2771/2771 754/754 2862/2862
f 754/754 2771/2771 1166/1166
f 1118/1118 595/595 2863/2863
f 2730/2730 2863/2863 595/595
f 2864/2864 983/983 3612/3612
f 97/97 98/98 2867/2867
f 2867/2867 98/98 3338/3338
f 353/353 837/837 2868/2868
f 2411/2411 2868/2868 2572/2572
f 674/674 1036/1036 2869/2869
f 2869/2869 1036/1036 2579/2579
f 1119/1119 2877/2877 860/860
f 3029/3029 402/402 2878/2878
f 778/778 2878/2878 402/402
f 446/446 354/354 2881/2881
f 804/804 2881/2881 354/354
f 2593/2593 629/629 2883/2883
f 2248/2248 2883/2883 629/629
f 85/85 392/392 2886/2886
f 134/134 820/820 2887/2887
f 854/854 2887/2887 820/820
f 2897/2897 462/462 2888/2888
f 620/620 2888/2888 462/462
f 2891/2891 3487/3487 2888/2888
f 1008/1008 473/473 2893/2893
f 2330/2330 2893/2893 473/473
f 84/84 2894/2894 83/83
f 2895/2895 3281/3281 3070/3070
f 2896/2896 3365/3365 3491/3491
f 3052/3052 760/760 919/919
f 455/455 919/919 760/760
f 2897/2897 2888/2888 3487/3487
f 730/730 2897/2897 3487/3487
f 2182/2182 2363/2363 662/662
f 2729/2729 2400/2400 2405/2405
f 548/548 4076/4076 2902/2902
f 2121/2121 599/599 2903/2903
f 2414/2414 2903/2903 599/599
f 2449/2449 2987/2987 2905/2905
f 2352/2352 2913/2913 614/614
f 407/407 2933/2933 2915/2915
f 2915/2915 964/964 552/552
f 2401/2401 2916/2916 856/856
f 2629/2629 693/693 3150/3150
f 950/950 3150/3150 693/693
f 2202/2202 738/738 2921/2921
f 776/776 2921/2921 738/738
f 3382/3382 366/366 2924/2924
f 895/895 2924/2924 366/366
f 2442/2442 395/395 2929/2929
f 1101/1101 1078/1078 3624/3624
f 2932/2932 1078/1078 2944/2944
f 2915/2915 2933/2933 964/964
f 2264/2264 630/630 2934/2934
f 958/958 2934/2934 630/630
f 2205/2205 3976/3976 1175/1175
f 129/129 130/130 2939/2939
f 1018/1018 2939/2939 130/130
f 2941/2941 3163/3163 1193/1193
f 2511/2511 3441/3441 2473/2473
f 3775/3775 551/551 2944/2944
f 2932/2932 2944/2944 551/551
f 3632/3632 752/752 2945/2945
f 570/570 2945/2945 752/752
f 657/657 591/591 2947/2947
f 974/974 2947/2947 591/591
f 3072/3072 1066/1066 2950/2950
f 120/120 2950/2950 1066/1066
f 2337/2337 1042/1042 2426/2426
f 384/384 425/425 2951/2951
f 827/827 2951/2951 2320/2320
f 675/675 3309/3309 2957/2957
f 2957/2957 603/603 679/679
f 1081/1081 1178/1178 3393/3393
f 413/413 2958/2958 3702/3702
f 2139/2139 2959/2959 537/537
f 2960/2960 104/104 105/105
f 1009/1009 2960/2960 106/106
f 2961/2961 3474/3474 526/526
f 2726/2726 2961/2961 526/526
f 768/768 60/60 2965/2965
f 61/61 2965/2965 60/60
f 2470/2470 3792/3792 2966/2966
f 705/705 993/993 2967/2967
f 671/671 2967/2967 993/993
f 2439/2439 2741/2741 2968/2968
f 533/533 2968/2968 2741/2741
f 4033/4033 2969/2969 3875/3875
f 2409/2409 2765/2765 3101/3101
f 2129/2129 371/371 2973/2973
f 2973/2973 371/371 2598/2598
f 2749/2749 2976/2976 564/564
f 3393/3393 4122/4122 2886/2886
f 2236/2236 636/636 2977/2977
f 2977/2977 636/636 4114/4114
f 2347/2347 1185/1185 2257/2257
f 2390/2390 379/379 2423/2423
f 2244/2244 798/798 2980/2980
f 578/578 2980/2980 798/798
f 2973/2973 3993/3993 1124/1124
f 2725/2725 718/718 2983/2983
f 1125/1125 858/858 2538/2538
f 4012/4012 519/519 2984/2984
f 3664/3664 3536/3536 2987/2987
f 2905/2905 2987/2987 3536/3536
f 2210/2210 3208/3208 2988/2988
f 2542/2542 797/797 406/406
f 2896/2896 733/733 2991/2991
f 2401/2401 2991/2991 733/733
f 2992/2992 3734/3734 3970/3970
f 2834/2834 2992/2992 3970/3970
f 2538/2538 2862/2862 754/754
f 1107/1107 645/645 3000/3000
f 3000/3000 645/645 3828/3828
f 3445/3445 555/555 3003/3003
f 2363/2363 3003/3003 555/555
f 529/529 3915/3915 3004/3004
f 2312/2312 3004/3004 3915/3915
f 578/578 4045/4045 3005/3005
f 450/450 3005/3005 3242/3242
f 3155/3155 924/924 2232/2232
f 2290/2290 439/439 3007/3007
f 2275/2275 3007/3007 439/439
f 1126/1126 2654/2654 359/359
f 672/672 1101/1101 3008/3008
f 4152/4152 3053/3053 3010/3010
f 2148/2148 363/363 2163/2163
f 3013/3013 2823/2823 3057/3057
f 123/123 1194/1194 3014/3014
f 477/477 3014/3014 1194/1194
f 1144/1144 647/647 2729/2729
f 2567/2567 54/54 3021/3021
f 1020/1020 752/752 3022/3022
f 3632/3632 3022/3022 752/752
f 3024/3024 3031/3031 395/395
f 683/683 1022/1022 3026/3026
f 451/451 3026/3026 1022/1022
f 2878/2878 741/741 3029/3029
f 988/988 3029/3029 741/741
f 2881/2881 3151/3151 3030/3030
f 1147/1147 3030/3030 946/946
f 1164/1164 2758/2758 3603/3603
f 2937/2937 626/626 2492/2492
f 2296/2296 2977/2977 3031/3031
f 783/783 3031/3031 2977/2977
f 4136/4136 894/894 3032/3032
f 525/525 3852/3852 3033/3033
f 3033/3033 3852/3852 3274/3274
f 3726/3726 1106/1106 3035/3035
f 836/836 3035/3035 1106/1106
f 687/687 743/743 1161/1161
f 2315/2315 3346/3346 3038/3038
f 558/558 3038/3038 3346/3346
f 761/761 1028/1028 3039/3039
f 2492/2492 3039/3039 1028/1028
f 609/609 976/976 3040/3040
f 616/616 3040/3040 976/976
f 4041/4041 3304/3304 3041/3041
f 2697/2697 3041/3041 429/429
f 913/913 718/718 3042/3042
f 2749/2749 3042/3042 718/718
f 2349/2349 2314/2314 703/703
f 656/656 1133/1133 3046/3046
f 680/680 3046/3046 1133/1133
f 4133/4133 888/888 2229/2229
f 530/530 2224/2224 770/770
f 3602/3602 801/801 3047/3047
f 2164/2164 955/955 3049/3049
f 3587/3587 3049/3049 955/955
f 2646/2646 628/628 811/811
f 618/618 3052/3052 919/919
f 4152/4152 3457/3457 3053/3053
f 3053/3053 3457/3457 3984/3984
f 2334/2334 3056/3056 3744/3744
f 2823/2823 645/645 3057/3057
f 667/667 3057/3057 645/645
f 734/734 3059/3059 523/523
f 465/465 463/463 3060/3060
f 2146/2146 3060/3060 463/463
f 3061/3061 465/465 2987/2987
f 542/542 3998/3998 2469/2469
f 936/936 799/799 4035/4035
f 138/138 139/139 3070/3070
f 2895/2895 3070/3070 879/879
f 2646/2646 811/811 3072/3072
f 1066/1066 3072/3072 811/811
f 2673/2673 916/916 3073/3073
f 2577/2577 911/911 3074/3074
f 376/376 2582/2582 1180/1180
f 2455/2455 925/925 3077/3077
f 1150/1150 3077/3077 925/925
f 1055/1055 417/417 3078/3078
f 2835/2835 2205/2205 4065/4065
f 450/450 940/940 3080/3080
f 3981/3981 3080/3080 940/940
f 622/622 3348/3348 3082/3082
f 1026/1026 3082/3082 3021/3021
f 2151/2151 2772/2772 2165/2165
f 658/658 1136/1136 3083/3083
f 598/598 3083/3083 3233/3233
f 1000/1000 512/512 3084/3084
f 448/448 3087/3087 3169/3169
f 859/859 454/454 3831/3831
f 990/990 3089/3089 3073/3073
f 464/464 44/44 3091/3091
f 45/45 3091/3091 44/44
f 2770/2770 559/559 2873/2873
f 398/398 886/886 3479/3479
f 647/647 930/930 3095/3095
f 390/390 3095/3095 930/930
f 2820/2820 2939/2939 2260/2260
f 1008/1008 1064/1064 2311/2311
f 3981/3981 428/428 3099/3099
f 1113/1113 3099/3099 428/428
f 2763/2763 883/883 3101/3101
f 3101/3101 883/883 513/513
f 578/578 443/443 3102/3102
f 2957/2957 3102/3102 443/443
f 3040/3040 3103/3103 609/609
f 2310/2310 714/714 3108/3108
f 3108/3108 714/714 3697/3697
f 2881/2881 804/804 596/596
f 3110/3110 679/679 3712/3712
f 3412/3412 833/833 3112/3112
f 3112/3112 833/833 4049/4049
f 395/395 3031/3031 783/783
f 2625/2625 4078/4078 3114/3114
f 3763/3763 742/742 3115/3115
f 1176/1176 3115/3115 742/742
f 858/858 1125/1125 3116/3116
f 594/594 3116/3116 1125/1125
f 3118/3118 3772/3772 3755/3755
f 2774/2774 635/635 3119/3119
f 3781/3781 3119/3119 635/635
f 2851/2851 993/993 3121/3121
f 615/615 3121/3121 3635/3635
f 2334/2334 83/83 3124/3124
f 2894/2894 3124/3124 83/83
f 4156/4156 362/362 2921/2921
f 2300/2300 580/580 3116/3116
f 3128/3128 635/635 102/102
f 103/103 3128/3128 102/102
f 914/914 773/773 3133/3133
f 2145/2145 3133/3133 773/773
f 2324/2324 917/917 472/472
f 44/44 464/464 2141/2141
f 91/91 619/619 2153/2153
f 867/867 470/470 885/885
f 2670/2670 885/885 470/470
f 899/899 3229/3229 3146/3146
f 2321/2321 3146/3146 4021/4021
f 179/179 3148/3148 2262/2262
f 3010/3010 3053/3053 3242/3242
f 87/87 3772/3772 3149/3149
f 2321/2321 3551/3551 3150/3150
f 3151/3151 2702/2702 946/946
f 3030/3030 3151/3151 946/946
f 175/175 176/176 3153/3153
f 1149/1149 887/887 3154/3154
f 1085/1085 3154/3154 887/887
f 2144/2144 3155/3155 520/520
f 3128/3128 4129/4129 369/369
f 2957/2957 443/443 2502/2502
f 1013/1013 947/947 3157/3157
f 532/532 3157/3157 947/947
f 794/794 414/414 3159/3159
f 2477/2477 3159/3159 3966/3966
f 2189/2189 4065/4065 3160/3160
f 2205/2205 3160/3160 4065/4065
f 95/95 96/96 3162/3162
f 2941/2941 1140/1140 3163/3163
f 4031/4031 3163/3163 1140/1140
f 2719/2719 3266/3266 144/144
f 2747/2747 2218/2218 3295/3295
f 3165/3165 2967/2967 932/932
f 618/618 3165/3165 932/932
f 2189/2189 944/944 3166/3166
f 3087/3087 3167/3167 3618/3618
f 632/632 1056/1056 3168/3168
f 678/678 1112/1112 3169/3169
f 3169/3169 1112/1112 448/448
f 2726/2726 526/526 2840/2840
f 2278/2278 2735/2735 712/712
f 3635/3635 418/418 3178/3178
f 446/446 1147/1147 3182/3182
f 700/700 3182/3182 1147/1147
f 610/610 4021/4021 3211/3211
f 3659/3659 3347/3347 3188/3188
f 3645/3645 3188/3188 665/665
f 2318/2318 736/736 3189/3189
f 2768/2768 3189/3189 736/736
f 2360/2360 1036/1036 352/352
f 1102/1102 352/352 1036/1036
f 2337/2337 2460/2460 655/655
f 667/667 645/645 3193/3193
f 1107/1107 3193/3193 645/645
f 2869/2869 2579/2579 792/792
f 2833/2833 3405/3405 3195/3195
f 2113/2113 2130/2130 491/491
f 2679/2679 4014/4014 372/372
f 2526/2526 3142/3142 901/901
f 2668/2668 3354/3354 3198/3198
f 3198/3198 3354/3354 3876/3876
f 55/55 1026/1026 3021/3021
f 2638/2638 608/608 3200/3200
f 745/745 3200/3200 608/608
f 2511/2511 3133/3133 3704/3704
f 58/58 3205/3205 1002/1002
f 2144/2144 3257/3257 3208/3208
f 1195/1195 3208/3208 3257/3257
f 2289/2289 3211/3211 814/814
f 3357/3357 751/751 3212/3212
f 3559/3559 3212/3212 3813/3813
f 1005/1005 3309/3309 675/675
f 1105/1105 675/675 835/835
f 2781/2781 969/969 3162/3162
f 2247/2247 355/355 2628/2628
f 2459/2459 843/843 2840/2840
f 4156/4156 2921/2921 776/776
f 2271/2271 423/423 2251/2251
f 2348/2348 740/740 3214/3214
f 3798/3798 3095/3095 2624/2624
f 694/694 3746/3746 3218/3218
f 2632/2632 3218/3218 430/430
f 850/850 707/707 3219/3219
f 3383/3383 776/776 4118/4118
f 469/469 4118/4118 3631/3631
f 992/992 425/425 2428/2428
f 2531/2531 593/593 3221/3221
f 2218/2218 3221/3221 2722/2722
f 2221/2221 3659/3659 2217/2217
f 2804/2804 3225/3225 527/527
f 3568/3568 825/825 3226/3226
f 1184/1184 3226/3226 825/825
f 765/765 976/976 3229/3229
f 1181/1181 3229/3229 976/976
f 628/628 957/957 2430/2430
f 815/815 3157/3157 3661/3661
f 2123/2123 2833/2833 461/461
f 2657/2657 407/407 3233/3233
f 3233/3233 407/407 3240/3240
f 982/982 973/973 3237/3237
f 2840/2840 3237/3237 973/973
f 1041/1041 1088/1088 3239/3239
f 524/524 3239/3239 1088/1088
f 3233/3233 3240/3240 598/598
f 3242/3242 3005/3005 4045/4045
f 3010/3010 3242/3242 4045/4045
f 2542/2542 822/822 3243/3243
f 506/506 3243/3243 822/822
f 3250/3250 3448/3448 486/486
f 790/790 892/892 2697/2697
f 3026/3026 853/853 2711/2711
f 2414/2414 3253/3253 948/948
f 358/358 781/781 3254/3254
f 3254/3254 781/781 3950/3950
f 32/32 33/33 3255/3255
f 893/893 537/537 3256/3256
f 3256/3256 537/537 2959/2959
f 887/887 1086/1086 3257/3257
f 364/364 3257/3257 1086/1086
f 2688/2688 934/934 2606/2606
f 583/583 855/855 3260/3260
f 2632/2632 3260/3260 855/855
f 2944/2944 1078/1078 3261/3261
f 729/729 382/382 3262/3262
f 1090/1090 3262/3262 382/382
f 3004/3004 2347/2347 2257/2257
f 753/753 571/571 2934/2934
f 888/888 3094/3094 3263/3263
f 2733/2733 3263/3263 886/886
f 3264/3264 2572/2572 837/837
f 441/441 3264/3264 837/837
f 2263/2263 2457/2457 412/412
f 3266/3266 869/869 143/143
f 144/144 3266/3266 143/143
f 1056/1056 1072/1072 3267/3267
f 468/468 3267/3267 1072/1072
f 2390/2390 592/592 3270/3270
f 2805/2805 3270/3270 2829/2829
f 2257/2257 602/602 720/720
f 2200/2200 802/802 2782/2782
f 2878/2878 2266/2266 2837/2837
f 3534/3534 873/873 3272/3272
f 2467/2467 3272/3272 873/873
f 3274/3274 948/948 719/719
f 3033/3033 3274/3274 719/719
f 3275/3275 2745/2745 716/716
f 1129/1129 3275/3275 716/716
f 2742/2742 556/556 2368/2368
f 1103/1103 839/839 3280/3280
f 3186/3186 2774/2774 876/876
f 2921/2921 362/362 2354/2354
f 3281/3281 2895/2895 772/772
f 784/784 3281/3281 772/772
f 3282/3282 3957/3957 779/779
f 1042/1042 3282/3282 779/779
f 2799/2799 3253/3253 3506/3506
f 3284/3284 4097/4097 1172/1172
f 2595/2595 3284/3284 1172/1172
f 3257/3257 2627/2627 887/887
f 642/642 3287/3287 3507/3507
f 3288/3288 1156/1156 729/729
f 2372/2372 502/502 3289/3289
f 706/706 3289/3289 502/502
f 2816/2816 3291/3291 3237/3237
f 3256/3256 2959/2959 727/727
f 3295/3295 4086/4086 1153/1153
f 2747/2747 3295/3295 1153/1153
f 2784/2784 2800/2800 3297/3297
f 3872/3872 794/794 3299/3299
f 3159/3159 3299/3299 794/794
f 1111/1111 2532/2532 3300/3300
f 1100/1100 3300/3300 2532/2532
f 133/133 134/134 3302/3302
f 2887/2887 3302/3302 134/134
f 1045/1045 849/849 3304/3304
f 2891/2891 3304/3304 849/849
f 2564/2564 545/545 2814/2814
f 2521/2521 3065/3065 1184/1184
f 2765/2765 574/574 3308/3308
f 4081/4081 3800/3800 3308/3308
f 2123/2123 707/707 3312/3312
f 850/850 3312/3312 707/707
f 1038/1038 3343/3343 3313/3313
f 1098/1098 3313/3313 3343/3343
f 2652/2652 761/761 3039/3039
f 1141/1141 965/965 458/458
f 2267/2267 952/952 3314/3314
f 2647/2647 3314/3314 952/952
f 2743/2743 2822/2822 3214/3214
f 131/131 132/132 3316/3316
f 3705/3705 3302/3302 3316/3316
f 991/991 4076/4076 2754/2754
f 3318/3318 2805/2805 787/787
f 412/412 1004/1004 862/862
f 567/567 2479/2479 669/669
f 2465/2465 567/567 669/669
f 538/538 875/875 3326/3326
f 510/510 3326/3326 875/875
f 2856/2856 2281/2281 1137/1137
f 511/511 3327/3327 4097/4097
f 572/572 2191/2191 3328/3328
f 3765/3765 590/590 3332/3332
f 590/590 1063/1063 3332/3332
f 2933/2933 3333/3333 673/673
f 824/824 416/416 3334/3334
f 4063/4063 518/518 3334/3334
f 594/594 1038/1038 2333/2333
f 2752/2752 3118/3118 818/818
f 2410/2410 373/373 2260/2260
f 150/150 151/151 3089/3089
f 3205/3205 3527/3527 3394/3394
f 99/99 3338/3338 98/98
f 4039/4039 377/377 3339/3339
f 1159/1159 3339/3339 377/377
f 2673/2673 2592/2592 2966/2966
f 771/771 116/116 3342/3342
f 117/117 3342/3342 116/116
f 3313/3313 1098/1098 3524/3524
f 4098/4098 3057/3057 667/667
f 2809/2809 935/935 3346/3346
f 588/588 791/791 2853/2853
f 3041/3041 892/892 3079/3079
f 2561/2561 3347/3347 3659/3659
f 3865/3865 52/52 3348/3348
f 53/53 3348/3348 52/52
f 3954/3954 1042/1042 779/779
f 781/781 4052/4052 3349/3349
f 45/45 3349/3349 3091/3091
f 452/452 163/163 3350/3350
f 164/164 3350/3350 163/163
f 499/499 4166/4166 724/724
f 1048/1048 3351/3351 3684/3684
f 2385/2385 3353/3353 986/986
f 2537/2537 3167/3167 3354/3354
f 3087/3087 3354/3354 3167/3167
f 2279/2279 2838/2838 73/73
f 504/504 156/156 3359/3359
f 157/157 3359/3359 156/156
f 2867/2867 3338/3338 967/967
f 3363/3363 3078/3078 3716/3716
f 3004/3004 2257/2257 1152/1152
f 2691/2691 3752/3752 3364/3364
f 1137/1137 3364/3364 3752/3752
f 177/177 3846/3846 375/375
f 3366/3366 377/377 1075/1075
f 1158/1158 3366/3366 1075/1075
f 2190/2190 3405/3405 906/906
f 3368/3368 3014/3014 477/477
f 453/453 169/169 3369/3369
f 170/170 3369/3369 169/169
f 934/934 3318/3318 787/787
f 657/657 1135/1135 3373/3373
f 610/610 3373/3373 1135/1135
f 3308/3308 661/661 2765/2765
f 3378/3378 3491/3491 3365/3365
f 881/881 3378/3378 3365/3365
f 2924/2924 980/980 3382/3382
f 1007/1007 3382/3382 980/980
f 3992/3992 512/512 4148/4148
f 2637/2637 4148/4148 512/512
f 4118/4118 76/76 3383/3383
f 77/77 3383/3383 76/76
f 1174/1174 3219/3219 707/707
f 949/949 3384/3384 2438/2438
f 433/433 2728/2728 3423/3423
f 1052/1052 3182/3182 726/726
f 581/581 975/975 3387/3387
f 757/757 3387/3387 975/975
f 3388/3388 2412/2412 684/684
f 3574/3574 4089/4089 1076/1076
f 3392/3392 3835/3835 3979/3979
f 582/582 3392/3392 2655/2655
f 2886/2886 1081/1081 3393/3393
f 2383/2383 2460/2460 2426/2426
f 3205/3205 3394/3394 743/743
f 3963/3963 3614/3614 3396/3396
f 421/421 3396/3396 3614/3614
f 517/517 3299/3299 823/823
f 897/897 3973/3973 3398/3398
f 978/978 3398/3398 3973/3973
f 1102/1102 3314/3314 352/352
f 4151/4151 3255/3255 33/33
f 1023/1023 507/507 3115/3115
f 2147/2147 2799/2799 3506/3506
f 899/899 847/847 765/765
f 2861/2861 865/865 3402/3402
f 1163/1163 3402/3402 865/865
f 435/435 2976/2976 797/797
f 4160/4160 2969/2969 1011/1011
f 2595/2595 766/766 3405/3405
f 906/906 3405/3405 766/766
f 2787/2787 3349/3349 46/46
f 2713/2713 2334/2334 3124/3124
f 1073/1073 1095/1095 4130/4130
f 1190/1190 3406/3406 1095/1095
f 878/878 666/666 2466/2466
f 1034/1034 3797/3797 3410/3410
f 2113/2113 3410/3410 3797/3797
f 3412/3412 1112/1112 678/678
f 731/731 1119/1119 3416/3416
f 2525/2525 3416/3416 1119/1119
f 3368/3368 477/477 3417/3417
f 880/880 3417/3417 477/477
f 439/439 2290/2290 3903/3903
f 668/668 728/728 3786/3786
f 717/717 1096/1096 3423/3423
f 433/433 3423/3423 1096/1096
f 651/651 1130/1130 3424/3424
f 732/732 3424/3424 1130/1130
f 515/515 413/413 3425/3425
f 1197/1197 3425/3425 3702/3702
f 920/920 483/483 970/970
f 1167/1167 3428/3428 483/483
f 847/847 501/501 3429/3429
f 3429/3429 501/501 829/829
f 532/532 3722/3722 3430/3430
f 2762/2762 3430/3430 3975/3975
f 709/709 3431/3431 1178/1178
f 2534/2534 3168/3168 2211/2211
f 3435/3435 2725/2725 3799/3799
f 2675/2675 3435/3435 3799/3799
f 450/450 3053/3053 1032/1032
f 2345/2345 548/548 3437/3437
f 2278/2278 3437/3437 4064/4064
f 2581/2581 694/694 3218/3218
f 3438/3438 3947/3947 917/917
f 739/739 3438/3438 917/917
f 2492/2492 2625/2625 691/691
f 476/476 1017/1017 3441/3441
f 692/692 3441/3441 1017/1017
f 1164/1164 3920/3920 2246/2246
f 2977/2977 4114/4114 783/783
f 984/984 383/383 3444/3444
f 3444/3444 383/383 3841/3841
f 3003/3003 865/865 3445/3445
f 3445/3445 865/865 2861/2861
f 2478/2478 459/459 3261/3261
f 2688/2688 486/486 3448/3448
f 585/585 3046/3046 944/944
f 3451/3451 3853/3853 3935/3935
f 2855/2855 3451/3451 3935/3935
f 2171/2171 415/415 2229/2229
f 574/574 3452/3452 411/411
f 170/170 3453/3453 3369/3369
f 2182/2182 662/662 3454/3454
f 2148/2148 3454/3454 662/662
f 2524/2524 793/793 3243/3243
f 4152/4152 3108/3108 3457/3457
f 905/905 3457/3457 3108/3108
f 165/165 2860/2860 2165/2165
f 2564/2564 401/401 3459/3459
f 74/74 3462/3462 2279/2279
f 518/518 4063/4063 2666/2666
f 129/129 2939/2939 2820/2820
f 58/58 1002/1002 3468/3468
f 801/801 568/568 1051/1051
f 3047/3047 801/801 1051/1051
f 3041/3041 3304/3304 429/429
f 3474/3474 3670/3670 2643/2643
f 2459/2459 3474/3474 2643/2643
f 62/62 63/63 3475/3475
f 3094/3094 2929/2929 3479/3479
f 395/395 3479/3479 2929/2929
f 3193/3193 3178/3178 418/418
f 1031/1031 516/516 1170/1170
f 3332/3332 366/366 3482/3482
f 1007/1007 3482/3482 3382/3382
f 410/410 3410/3410 1082/1082
f 3457/3457 905/905 3486/3486
f 566/566 3486/3486 905/905
f 2891/2891 849/849 3487/3487
f 1189/1189 3487/3487 849/849
f 3491/3491 3378/3378 713/713
f 2743/2743 3491/3491 713/713
f 2845/2845 3630/3630 4100/4100
f 163/163 2318/2318 162/162
f 3494/3494 848/848 3698/3698
f 3492/3492 3494/3494 3698/3698
f 834/834 3111/3111 3495/3495
f 2229/2229 2233/2233 3498/3498
f 4135/4135 3498/3498 1064/1064
f 465/465 2877/2877 1116/1116
f 2400/2400 2654/2654 3504/3504
f 3936/3936 598/598 3240/3240
f 2855/2855 3662/3662 3505/3505
f 3505/3505 3662/3662 3226/3226
f 1085/1085 788/788 521/521
f 2850/2850 521/521 788/788
f 3253/3253 1089/1089 3506/3506
f 1089/1089 3840/3840 3506/3506
f 3287/3287 784/784 3507/3507
f 2129/2129 3507/3507 784/784
f 1105/1105 835/835 3508/3508
f 3508/3508 835/835 4053/4053
f 857/857 759/759 3509/3509
f 826/826 3509/3509 759/759
f 394/394 3869/3869 2869/2869
f 764/764 1044/1044 3789/3789
f 1142/1142 3512/3512 1044/1044
f 845/845 3516/3516 505/505
f 3990/3990 3267/3267 3519/3519
f 1091/1091 3519/3519 3267/3267
f 3995/3995 3833/3833 3523/3523
f 819/819 3523/3523 2893/2893
f 3524/3524 3820/3820 3680/3680
f 3313/3313 3524/3524 3680/3680
f 2502/2502 3526/3526 558/558
f 59/59 60/60 3527/3527
f 768/768 3527/3527 60/60
f 398/398 3528/3528 886/886
f 3531/3531 3343/3343 1038/1038
f 594/594 3531/3531 1038/1038
f 2807/2807 848/848 1059/1059
f 533/533 1168/1168 3532/3532
f 356/356 3532/3532 1168/1168
f 2236/2236 2977/2977 3533/3533
f 2296/2296 3533/3533 2977/2977
f 3272/3272 149/149 3534/3534
f 3492/3492 3752/3752 3536/3536
f 2905/2905 3536/3536 3752/3752
f 3328/3328 1062/1062 572/572
f 578/578 3526/3526 443/443
f 735/735 2307/2307 2753/2753
f 3047/3047 3813/3813 3543/3543
f 3326/3326 3544/3544 389/389
f 2845/2845 4100/4100 4127/4127
f 3038/3038 3526/3526 798/798
f 610/610 1135/1135 3551/3551
f 2629/2629 3551/3551 1135/1135
f 422/422 3453/3453 915/915
f 2253/2253 471/471 1192/1192
f 3035/3035 3505/3505 562/562
f 3555/3555 4028/4028 417/417
f 1108/1108 3555/3555 417/417
f 2753/2753 3148/3148 376/376
f 436/436 714/714 3559/3559
f 3559/3559 714/714 3751/3751
f 2465/2465 3300/3300 567/567
f 2528/2528 607/607 2481/2481
f 3495/3495 3508/3508 3836/3836
f 2624/2624 514/514 3560/3560
f 447/447 990/990 3073/3073
f 1025/1025 389/389 3544/3544
f 2615/2615 549/549 2744/2744
f 2315/2315 2316/2316 3346/3346
f 3682/3682 389/389 3565/3565
f 1025/1025 3565/3565 389/389
f 639/639 846/846 3566/3566
f 565/565 3566/3566 846/846
f 3226/3226 3662/3662 3568/3568
f 933/933 3568/3568 3662/3662
f 2247/2247 37/37 3569/3569
f 38/38 3569/3569 37/37
f 140/140 141/141 3571/3571
f 3571/3571 141/141 2653/2653
f 2642/2642 1170/1170 3572/3572
f 3572/3572 1170/1170 516/516
f 3574/3574 813/813 482/482
f 774/774 3574/3574 482/482
f 2433/2433 3642/3642 3576/3576
f 527/527 421/421 3578/3578
f 3614/3614 3578/3578 421/421
f 2951/2951 3291/3291 601/601
f 992/992 2320/2320 425/425
f 3314/3314 554/554 2267/2267
f 723/723 3384/3384 1110/1110
f 953/953 3452/3452 539/539
f 901/901 3587/3587 3892/3892
f 445/445 3589/3589 938/938
f 469/469 3631/3631 1061/1061
f 864/864 469/469 1061/1061
f 2957/2957 3309/3309 603/603
f 2171/2171 3263/3263 2756/2756
f 2260/2260 2939/2939 3591/3591
f 2324/2324 543/543 3593/3593
f 107/107 1009/1009 106/106
f 3154/3154 521/521 2664/2664
f 360/360 3918/3918 3056/3056
f 3897/3897 3918/3918 817/817
f 2679/2679 372/372 4096/4096
f 642/642 4096/4096 372/372
f 2164/2164 540/540 2707/2707
f 2804/2804 2745/2745 3275/3275
f 1111/1111 3602/3602 3866/3866
f 1196/1196 2602/2602 146/146
f 3603/3603 2758/2758 2776/2776
f 750/750 3603/3603 2776/2776
f 1197/1197 3431/3431 807/807
f 3178/3178 1107/1107 3604/3604
f 561/561 3604/3604 1107/1107
f 3082/3082 1026/1026 3560/3560
f 861/861 3560/3560 1026/1026
f 1083/1083 1031/1031 3605/3605
f 356/356 3605/3605 1031/1031
f 717/717 3606/3606 1096/1096
f 3298/3298 3609/3609 3687/3687
f 2373/2373 818/818 3612/3612
f 80/80 3613/3613 4125/4125
f 3188/3188 3645/3645 3523/3523
f 2448/2448 3578/3578 3614/3614
f 3726/3726 1054/1054 3615/3615
f 453/453 3615/3615 1054/1054
f 1119/1119 3617/3617 2525/2525
f 2509/2509 3824/3824 995/995
f 2285/2285 493/493 3241/3241
f 687/687 1003/1003 3468/3468
f 4131/4131 637/637 2496/2496
f 2263/2263 2838/2838 391/391
f 3167/3167 1201/1201 3618/3618
f 1114/1114 3618/3618 1201/1201
f 2293/2293 3165/3165 919/919
f 1108/1108 3343/3343 681/681
f 3624/3624 2932/2932 553/553
f 2288/2288 3624/3624 553/553
f 550/550 3568/3568 933/933
f 3089/3089 454/454 3073/3073
f 2787/2787 3629/3629 3950/3950
f 358/358 921/921 3630/3630
f 3098/3098 3630/3630 921/921
f 776/776 738/738 3631/3631
f 1061/1061 3631/3631 738/738
f 2945/2945 839/839 3632/3632
f 677/677 3632/3632 839/839
f 3102/3102 679/679 3110/3110
f 582/582 3291/3291 827/827
f 2423/2423 859/859 3388/3388
f 705/705 418/418 3635/3635
f 745/745 1089/1089 2472/2472
f 680/680 3639/3639 977/977
f 2489/2489 411/411 3452/3452
f 1102/1102 555/555 3445/3445
f 4171/4171 1169/1169 3641/3641
f 632/632 3641/3641 1169/1169
f 93/93 94/94 3642/3642
f 495/495 3642/3642 94/94
f 3643/3643 3424/3424 941/941
f 3008/3008 3643/3643 941/941
f 665/665 368/368 3645/3645
f 4055/4055 3645/3645 368/368
f 3357/3357 3646/3646 3681/3681
f 3133/3133 2145/2145 3704/3704
f 978/978 2916/2916 740/740
f 1111/1111 3866/3866 3510/3510
f 581/581 3424/3424 732/732
f 2172/2172 3059/3059 643/643
f 991/991 31/31 3656/3656
f 118/118 2442/2442 3657/3657
f 2290/2290 2577/2577 728/728
f 708/708 3658/3658 701/701
f 3188/3188 819/819 3659/3659
f 2217/2217 3659/3659 819/819
f 2211/2211 3168/3168 1056/1056
f 3267/3267 2211/2211 1056/1056
f 730/730 3487/3487 1189/1189
f 488/488 1182/1182 3661/3661
f 815/815 3661/3661 1182/1182
f 725/725 563/563 3662/3662
f 933/933 3662/3662 563/563
f 3492/3492 3536/3536 3664/3664
f 2916/2916 2743/2743 740/740
f 4114/4114 3668/3668 877/877
f 2721/2721 3266/3266 2988/2988
f 3576/3576 3642/3642 495/495
f 3505/3505 3226/3226 562/562
f 4144/4144 2643/2643 3670/3670
f 2449/2449 882/882 3061/3061
f 3087/3087 3618/3618 3169/3169
f 2471/2471 749/749 3402/3402
f 3675/3675 4072/4072 1167/1167
f 483/483 3675/3675 1167/1167
f 1070/1070 858/858 3116/3116
f 899/899 765/765 3229/3229
f 2945/2945 570/570 3280/3280
f 597/597 2478/2478 928/928
f 693/693 3847/3847 3680/3680
f 3313/3313 3680/3680 711/711
f 3255/3255 1093/1093 32/32
f 3543/3543 751/751 3681/3681
f 3357/3357 3681/3681 751/751
f 3041/3041 3079/3079 3892/3892
f 3565/3565 929/929 3682/3682
f 538/538 3682/3682 3969/3969
f 1004/1004 1131/1131 3683/3683
f 2632/2632 3683/3683 1131/1131
f 1059/1059 848/848 2395/2395
f 3684/3684 3351/3351 350/350
f 896/896 3684/3684 350/350
f 2864/2864 3612/3612 699/699
f 3327/3327 652/652 3687/3687
f 3298/3298 3687/3687 652/652
f 576/576 3736/3736 3200/3200
f 908/908 445/445 2553/2553
f 2992/2992 2553/2553 445/445
f 1060/1060 3693/3693 966/966
f 4156/4156 3383/3383 2444/2444
f 2177/2177 801/801 3602/3602
f 3571/3571 2653/2653 692/692
f 3108/3108 3697/3697 905/905
f 1137/1137 3698/3698 2422/2422
f 3700/3700 2968/2968 828/828
f 3355/3355 3700/3700 828/828
f 1202/1202 546/546 3701/3701
f 2385/2385 3701/3701 3353/3353
f 2958/2958 1178/1178 3702/3702
f 1197/1197 3702/3702 3431/3431
f 3024/3024 395/395 2442/2442
f 739/739 534/534 3438/3438
f 3704/3704 2343/2343 772/772
f 476/476 3704/3704 772/772
f 882/882 2441/2441 463/463
f 3316/3316 132/132 3705/3705
f 6/6 3705/3705 132/132
f 2561/2561 3659/3659 2221/2221
f 841/841 587/587 3707/3707
f 977/977 3707/3707 2397/2397
f 3565/3565 701/701 3658/3658
f 2888/2888 541/541 834/834
f 2891/2891 2888/2888 834/834
f 611/611 2368/2368 3269/3269
f 2644/2644 884/884 3709/3709
f 968/968 3709/3709 2740/2740
f 677/677 2518/2518 3632/3632
f 2204/2204 1148/1148 3711/3711
f 700/700 3711/3711 1148/1148
f 637/637 2605/2605 812/812
f 1091/1091 579/579 3712/3712
f 3110/3110 3712/3712 4045/4045
f 3715/3715 3012/3012 866/866
f 590/590 3715/3715 866/866
f 896/896 760/760 3716/3716
f 3716/3716 760/760 4032/4032
f 3786/3786 456/456 3718/3718
f 616/616 3718/3718 456/456
f 502/502 3029/3029 988/988
f 598/598 766/766 3083/3083
f 432/432 724/724 3842/3842
f 3935/3935 3720/3720 3351/3351
f 532/532 947/947 3722/3722
f 597/597 3722/3722 947/947
f 2410/2410 666/666 698/698
f 870/870 2410/2410 698/698
f 1105/1105 3111/3111 996/996
f 3725/3725 3353/3353 546/546
f 1039/1039 3725/3725 546/546
f 3297/3297 560/560 2784/2784
f 2206/2206 787/787 2805/2805
f 3035/3035 562/562 3726/3726
f 3726/3726 562/562 1054/1054
f 2226/2226 3629/3629 3727/3727
f 48/48 49/49 3727/3727
f 2145/2145 773/773 3728/3728
f 628/628 3728/3728 773/773
f 1018/1018 3316/3316 3899/3899
f 474/474 495/495 3731/3731
f 94/94 3731/3731 495/495
f 892/892 3814/3814 3079/3079
f 2375/2375 352/352 2647/2647
f 2411/2411 3042/3042 2868/2868
f 2854/2854 3012/3012 3715/3715
f 3732/3732 2285/2285 2675/2675
f 494/494 3732/3732 2675/2675
f 445/445 938/938 3734/3734
f 566/566 3734/3734 938/938
f 547/547 1097/1097 3736/3736
f 420/420 3736/3736 1097/1097
f 547/547 576/576 2121/2121
f 3851/3851 984/984 3739/3739
f 640/640 3739/3739 3444/3444
f 2673/2673 2966/2966 3448/3448
f 172/172 479/479 3766/3766
f 405/405 2902/2902 991/991
f 3613/3613 81/81 3744/3744
f 82/82 3744/3744 81/81
f 791/791 1121/1121 2489/2489
f 2337/2337 696/696 1042/1042
f 3083/3083 1136/1136 3233/3233
f 610/610 3211/3211 3373/3373
f 69/69 430/430 3746/3746
f 3218/3218 3746/3746 430/430
f 2347/2347 2352/2352 965/965
f 1109/1109 972/972 3748/3748
f 566/566 3748/3748 3486/3486
f 641/641 4000/4000 3749/3749
f 1162/1162 3749/3749 4000/4000
f 3559/3559 3751/3751 3212/3212
f 3492/3492 3698/3698 3752/3752
f 1137/1137 3752/3752 3698/3698
f 2896/2896 3491/3491 733/733
f 3707/3707 3639/3639 767/767
f 87/87 88/88 3755/3755
f 3118/3118 3755/3755 872/872
f 2951/2951 425/425 2320/2320
f 2417/2417 2471/2471 457/457
f 831/831 985/985 3758/3758
f 3981/3981 3758/3758 985/985
f 611/611 3416/3416 4074/4074
f 1109/1109 3589/3589 575/575
f 2611/2611 1149/1149 2664/2664
f 32/32 1093/1093 3656/3656
f 2254/2254 3646/3646 3008/3008
f 3115/3115 507/507 3763/3763
f 438/438 3384/3384 3432/3432
f 1062/1062 3765/3765 689/689
f 171/171 3766/3766 915/915
f 627/627 399/399 3769/3769
f 2614/2614 3769/3769 399/399
f 2190/2190 3195/3195 3405/3405
f 1170/1170 528/528 2552/2552
f 510/510 359/359 2650/2650
f 2752/2752 467/467 3772/3772
f 3149/3149 3772/3772 467/467
f 2784/2784 2248/2248 629/629
f 856/856 434/434 3774/3774
f 2944/2944 3958/3958 3775/3775
f 2937/2937 1028/1028 3776/3776
f 634/634 3776/3776 1028/1028
f 2232/2232 885/885 3779/3779
f 2182/2182 3779/3779 2670/2670
f 2937/2937 3119/3119 3781/3781
f 3119/3119 2937/2937 3776/3776
f 1183/1183 393/393 3782/3782
f 654/654 3782/3782 393/393
f 2446/2446 3168/3168 2534/2534
f 1014/1014 762/762 3785/3785
f 1094/1094 3785/3785 762/762
f 2393/2393 907/907 2345/2345
f 1199/1199 2747/2747 840/840
f 566/566 3697/3697 3819/3819
f 3664/3664 764/764 3789/3789
f 3512/3512 3789/3789 1044/1044
f 3318/3318 484/484 3792/3792
f 2966/2966 3792/3792 484/484
f 3239/3239 3065/3065 1041/1041
f 406/406 3794/3794 981/981
f 3353/3353 3459/3459 986/986
f 2707/2707 540/540 3797/3797
f 2896/2896 4124/4124 375/375
f 3378/3378 2307/2307 500/500
f 174/174 3345/3345 173/173
f 147/147 2467/2467 912/912
f 2179/2179 647/647 3798/3798
f 3095/3095 3798/3798 647/647
f 2589/2589 2172/2172 643/643
f 1024/1024 841/841 3800/3800
f 767/767 3800/3800 841/841
f 2502/2502 558/558 4149/4149
f 422/422 2610/2610 937/937
f 2825/2825 2431/2431 663/663
f 2712/2712 756/756 2947/2947
f 492/492 2864/2864 1146/1146
f 458/458 614/614 3804/3804
f 805/805 3804/3804 2913/2913
f 1099/1099 2933/2933 673/673
f 643/643 1019/1019 3805/3805
f 374/374 3805/3805 1019/1019
f 432/432 527/527 3225/3225
f 892/892 790/790 3807/3807
f 1104/1104 790/790 3836/3836
f 780/780 3932/3932 3808/3808
f 696/696 3808/3808 3282/3282
f 3809/3809 3998/3998 542/542
f 2326/2326 3809/3809 415/415
f 3428/3428 2712/2712 970/970
f 2479/2479 2523/2523 602/602
f 3727/3727 3629/3629 48/48
f 752/752 1020/1020 3074/3074
f 2372/2372 402/402 3029/3029
f 3812/3812 3832/3832 39/39
f 40/40 3812/3812 39/39
f 909/909 3813/3813 3986/3986
f 892/892 3807/3807 3814/3814
f 3188/3188 3347/3347 665/665
f 597/597 928/928 3387/3387
f 2642/2642 4094/4094 654/654
f 1154/1154 3486/3486 972/972
f 3363/3363 3716/3716 805/805
f 2577/2577 3786/3786 728/728
f 2657/2657 3333/3333 407/407
f 4100/4100 3098/3098 387/387
f 2585/2585 2850/2850 3593/3593
f 3817/3817 3949/3949 3357/3357
f 2755/2755 657/657 3373/3373
f 3697/3697 436/436 3819/3819
f 1143/1143 3680/3680 3820/3820
f 1055/1055 3820/3820 3524/3524
f 913/913 971/971 2983/2983
f 3645/3645 3822/3822 3995/3995
f 795/795 551/551 3824/3824
f 995/995 3824/3824 551/551
f 2293/2293 455/455 3013/3013
f 2307/2307 3148/3148 2753/2753
f 394/394 3794/3794 1145/1145
f 3718/3718 668/668 3786/3786
f 2539/2539 3342/3342 3657/3657
f 4148/4148 4005/4005 4056/4056
f 3495/3495 3111/3111 3508/3508
f 2756/2756 2924/2924 2326/2326
f 476/476 2895/2895 879/879
f 1084/1084 367/367 3825/3825
f 1065/1065 3825/3825 367/367
f 611/611 3269/3269 731/731
f 550/550 3531/3531 4034/4034
f 2823/2823 889/889 3828/3828
f 3000/3000 3828/3828 3225/3225
f 3032/3032 864/864 670/670
f 2841/2841 2431/2431 3153/3153
f 3089/3089 151/151 3831/3831
f 152/152 3831/3831 151/151
f 3832/3832 3812/3812 4020/4020
f 355/355 3832/3832 4020/4020
f 3833/3833 771/771 2893/2893
f 3523/3523 3833/3833 2893/2893
f 3834/3834 3997/3997 799/799
f 2507/2507 3834/3834 799/799
f 3835/3835 2628/2628 954/954
f 715/715 3835/3835 954/954
f 795/795 553/553 2932/2932
f 4133/4133 3094/3094 888/888
f 3807/3807 790/790 1104/1104
f 3495/3495 3836/3836 790/790
f 2585/2585 3334/3334 518/518
f 3840/3840 2702/2702 3506/3506
f 3445/3445 2861/2861 554/554
f 441/441 3910/3910 3841/3841
f 1046/1046 432/432 3842/3842
f 3720/3720 3842/3842 724/724
f 1020/1020 3022/3022 3844/3844
f 3040/3040 3844/3844 3103/3103
f 178/178 881/881 3846/3846
f 3365/3365 3846/3846 881/881
f 2629/2629 487/487 3847/3847
f 2556/2556 2457/2457 3049/3049
f 2458/2458 596/596 3848/3848
f 1187/1187 3848/3848 596/596
f 939/939 3849/3849 4111/4111
f 2610/2610 3766/3766 479/479
f 3739/3739 460/460 3851/3851
f 699/699 3851/3851 460/460
f 4031/4031 1120/1120 3163/3163
f 2272/2272 3163/3163 1120/1120
f 2689/2689 3852/3852 4048/4048
f 3720/3720 3935/3935 3853/3853
f 444/444 3853/3853 3451/3451
f 2224/2224 748/748 2815/2815
f 3854/3854 1072/1072 695/695
f 489/489 3854/3854 695/695
f 847/847 3718/3718 3856/3856
f 976/976 3856/3856 616/616
f 1063/1063 945/945 3859/3859
f 471/471 3859/3859 945/945
f 2896/2896 375/375 3365/3365
f 3814/3814 659/659 3617/3617
f 3212/3212 2175/2175 3817/3817
f 3863/3863 3969/3969 652/652
f 832/832 3863/3863 3327/3327
f 3865/3865 4132/4132 51/51
f 52/52 3865/3865 51/51
f 3543/3543 3866/3866 3047/3047
f 2903/2903 2481/2481 951/951
f 4157/4157 690/690 3114/3114
f 2689/2689 607/607 2528/2528
f 3868/3868 3812/3812 40/40
f 41/41 3868/3868 40/40
f 394/394 1145/1145 3869/3869
f 363/363 3869/3869 1145/1145
f 658/658 3687/3687 3870/3870
f 3609/3609 3870/3870 3687/3687
f 2701/2701 2463/2463 3871/3871
f 2463/2463 2701/2701 3287/3287
f 3299/3299 995/995 3872/3872
f 3872/3872 995/995 3775/3775
f 2579/2579 2488/2488 4040/4040
f 2809/2809 3346/3346 2316/2316
f 1151/1151 2527/2527 461/461
f 4160/4160 1195/1195 3875/3875
f 364/364 3875/3875 1195/1195
f 3198/3198 3876/3876 673/673
f 3635/3635 3178/3178 615/615
f 589/589 1169/1169 3878/3878
f 4171/4171 3878/3878 1169/1169
f 357/357 962/962 3882/3882
f 1201/1201 3882/3882 962/962
f 4131/4131 24/24 2605/2605
f 504/504 1022/1022 3883/3883
f 988/988 3883/3883 1022/1022
f 2561/2561 697/697 3885/3885
f 634/634 3885/3885 4022/4022
f 2657/2657 3870/3870 3886/3886
f 2568/2568 3886/3886 3870/3870
f 2244/2244 3981/3981 3099/3099
f 639/639 857/857 3888/3888
f 3253/3253 1049/1049 948/948
f 3587/3587 4041/4041 3892/3892
f 3041/3041 3892/3892 4041/4041
f 730/730 1157/1157 3860/3860
f 3872/3872 3775/3775 3958/3958
f 3084/3084 3394/3394 1000/1000
f 2473/2473 3895/3895 914/914
f 3509/3509 1186/1186 2533/2533
f 808/808 4125/4125 3897/3897
f 3056/3056 3897/3897 3744/3744
f 2887/2887 854/854 3899/3899
f 1018/1018 3899/3899 3591/3591
f 2800/2800 1139/1139 3774/3774
f 2401/2401 2319/2319 2991/2991
f 2660/2660 890/890 2829/2829
f 2288/2288 1043/1043 676/676
f 437/437 676/676 1043/1043
f 422/422 1106/1106 3726/3726
f 1126/1126 3504/3504 2654/2654
f 2280/2280 431/431 3902/3902
f 961/961 3902/3902 431/431
f 3591/3591 3899/3899 854/854
f 728/728 3903/3903 2290/2290
f 27/27 28/28 3921/3921
f 2246/2246 3920/3920 3906/3906
f 596/596 3906/3906 3920/3920
f 2868/2868 837/837 2572/2572
f 478/478 3895/3895 925/925
f 837/837 353/353 3910/3910
f 3910/3910 353/353 640/640
f 1122/1122 3888/3888 960/960
f 4047/4047 768/768 3912/3912
f 1001/1001 3912/3912 2965/2965
f 2637/2637 3913/3913 4005/4005
f 3417/3417 3072/3072 3368/3368
f 529/529 501/501 3915/3915
f 646/646 3915/3915 501/501
f 2253/2253 3076/3076 471/471
f 580/580 1134/1134 3916/3916
f 657/657 3916/3916 1134/1134
f 489/489 3693/3693 1130/1130
f 4159/4159 817/817 3918/3918
f 3056/3056 3918/3918 3897/3897
f 1094/1094 762/762 3406/3406
f 503/503 1187/1187 3920/3920
f 596/596 3920/3920 1187/1187
f 3856/3856 3718/3718 616/616
f 440/440 480/480 3921/3921
f 3921/3921 480/480 4105/4105
f 2725/2725 2976/2976 718/718
f 3083/3083 1172/1172 658/658
f 895/895 1063/1063 3924/3924
f 3924/3924 1063/1063 3859/3859
f 577/577 2941/2941 3250/3250
f 3348/3348 622/622 3865/3865
f 3658/3658 3609/3609 3298/3298
f 3368/3368 2950/2950 121/121
f 1057/1057 3661/3661 3927/3927
f 2319/2319 1138/1138 663/663
f 3866/3866 3681/3681 3510/3510
f 3930/3930 2368/2368 1058/1058
f 1115/1115 3930/3930 1058/1058
f 2446/2446 3641/3641 3168/3168
f 1057/1057 3932/3932 780/780
f 3935/3935 3351/3351 1048/1048
f 725/725 3935/3935 1048/1048
f 805/805 2913/2913 1118/1118
f 3240/3240 758/758 3936/3936
f 507/507 3936/3936 758/758
f 2638/2638 2961/2961 786/786
f 3683/3683 3938/3938 1004/1004
f 689/689 3332/3332 3482/3482
f 3444/3444 3841/3841 3910/3910
f 2523/2523 3951/3951 3288/3288
f 4049/4049 428/428 3940/3940
f 985/985 3940/3940 428/428
f 996/996 431/431 3943/3943
f 2280/2280 3943/3943 431/431
f 723/723 1109/1109 3432/3432
f 3668/3668 4114/4114 636/636
f 957/957 3668/3668 636/636
f 2442/2442 118/118 3024/3024
f 604/604 1148/1148 3945/3945
f 2212/2212 3945/3945 1148/1148
f 971/971 427/427 3947/3947
f 2476/2476 3947/3947 427/427
f 651/651 3949/3949 3817/3817
f 3950/3950 2226/2226 874/874
f 3254/3254 3950/3950 874/874
f 2340/2340 1156/1156 3951/3951
f 3288/3288 3951/3951 1156/1156
f 4141/4141 3805/3805 1069/1069
f 2958/2958 509/509 3393/3393
f 3924/3924 3859/3859 4070/4070
f 4141/4141 2722/2722 593/593
f 3355/3355 3954/3954 779/779
f 904/904 3684/3684 4028/4028
f 588/588 1161/1161 3084/3084
f 557/557 2809/2809 2386/2386
f 2723/2723 891/891 3957/3957
f 2439/2439 3957/3957 891/891
f 3498/3498 2233/2233 1064/1064
f 2593/2593 3345/3345 2825/2825
f 3261/3261 459/459 3958/3958
f 1013/1013 3958/3958 459/459
f 3396/3396 434/434 3963/3963
f 2628/2628 355/355 789/789
f 758/758 552/552 3763/3763
f 3876/3876 3354/3354 3087/3087
f 3159/3159 414/414 3966/3966
f 2488/2488 3966/3966 414/414
f 480/480 812/812 4105/4105
f 25/25 3967/3967 2605/2605
f 2526/2526 3892/3892 3079/3079
f 598/598 3945/3945 906/906
f 2300/2300 711/711 3847/3847
f 3969/3969 3682/3682 929/929
f 652/652 3969/3969 929/929
f 3297/3297 2800/2800 903/903
f 3516/3516 3711/3711 505/505
f 2987/2987 755/755 3664/3664
f 2834/2834 3970/3970 909/909
f 381/381 3851/3851 3612/3612
f 3963/3963 434/434 3973/3973
f 978/978 3973/3973 434/434
f 401/401 2903/2903 951/951
f 3162/3162 3731/3731 95/95
f 597/597 3975/3975 3722/3722
f 727/727 1113/1113 4049/4049
f 1044/1044 764/764 3976/3976
f 584/584 3976/3976 764/764
f 2465/2465 2635/2635 3978/3978
f 2177/2177 3978/3978 2635/2635
f 2733/2733 3528/3528 416/416
f 2244/2244 3080/3080 3981/3981
f 2814/2814 2121/2121 401/401
f 3198/3198 3333/3333 3886/3886
f 1154/1154 1032/1032 3984/3984
f 3053/3053 3984/3984 1032/1032
f 3819/3819 436/436 3970/3970
f 2533/2533 960/960 3888/3888
f 3680/3680 3847/3847 711/711
f 2691/2691 2905/2905 3752/3752
f 3849/3849 3921/3921 28/28
f 3986/3986 3813/3813 3047/3047
f 1051/1051 3986/3986 3047/3047
f 4149/4149 4053/4053 835/835
f 3212/3212 751/751 3813/3813
f 3902/3902 961/961 2213/2213
f 3832/3832 3569/3569 38/38
f 3572/3572 516/516 1171/1171
f 1174/1174 2527/2527 715/715
f 3519/3519 748/748 3990/3990
f 2224/2224 3990/3990 748/748
f 802/802 3991/3991 2782/2782
f 1092/1092 3991/3991 802/802
f 4148/4148 1024/1024 3992/3992
f 588/588 3992/3992 1024/1024
f 2606/2606 609/609 3103/3103
f 2598/2598 3728/3728 3993/3993
f 3993/3993 3728/3728 2646/2646
f 3822/3822 2798/2798 3995/3995
f 557/557 3807/3807 1104/1104
f 3808/3808 3932/3932 3282/3282
f 415/415 542/542 2984/2984
f 3997/3997 4035/4035 799/799
f 1197/1197 3997/3997 3834/3834
f 895/895 3924/3924 3998/3998
f 2469/2469 3998/3998 3924/3924
f 3950/3950 3629/3629 2226/2226
f 4050/4050 608/608 4000/4000
f 786/786 4000/4000 608/608
f 2886/2886 392/392 4002/4002
f 3429/3429 3718/3718 847/847
f 3082/3082 3348/3348 3021/3021
f 3794/3794 3435/3435 2124/2124
f 923/923 3593/3593 543/543
f 3913/3913 686/686 4005/4005
f 943/943 4005/4005 686/686
f 3993/3993 2646/2646 3417/3417
f 931/931 3606/3606 419/419
f 3046/3046 3166/3166 944/944
f 2188/2188 641/641 3749/3749
f 3645/3645 4055/4055 3822/3822
f 2984/2984 542/542 4012/4012
f 2469/2469 4012/4012 542/542
f 785/785 2704/2704 2427/2427
f 2134/2134 2217/2217 3825/3825
f 1074/1074 3155/3155 1027/1027
f 4014/4014 2463/2463 3287/3287
f 2424/2424 3207/3207 4168/4168
f 2232/2232 1027/1027 3155/3155
f 660/660 998/998 2705/2705
f 2509/2509 3007/3007 3824/3824
f 2733/2733 923/923 2756/2756
f 2385/2385 2480/2480 615/615
f 408/408 1033/1033 4020/4020
f 789/789 4020/4020 3219/3219
f 4021/4021 3146/3146 3229/3229
f 1181/1181 4021/4021 3229/3229
f 4022/4022 397/397 876/876
f 634/634 4022/4022 876/876
f 662/662 2363/2363 702/702
f 3765/3765 3328/3328 3715/3715
f 3384/3384 438/438 2438/2438
f 396/396 1085/1085 4023/4023
f 2627/2627 4023/4023 887/887
f 3707/3707 587/587 2397/2397
f 2263/2263 391/391 3032/3032
f 3078/3078 417/417 4028/4028
f 904/904 4028/4028 3555/3555
f 3157/3157 532/532 3927/3927
f 1098/1098 1055/1055 3524/3524
f 4030/4030 649/649 903/903
f 2385/2385 3178/3178 3604/3604
f 1140/1140 839/839 4031/4031
f 1103/1103 4031/4031 839/839
f 760/760 3052/3052 4032/4032
f 3804/3804 4032/4032 3052/3052
f 2839/2839 2473/2473 4033/4033
f 2473/2473 2839/2839 522/522
f 3396/3396 903/903 3774/3774
f 4035/4035 3997/3997 559/559
f 4035/4035 559/559 4150/4150
f 424/424 3003/3003 963/963
f 2470/2470 3270/3270 3792/3792
f 3339/3339 774/774 4039/4039
f 4040/4040 2488/2488 710/710
f 1080/1080 4040/4040 710/710
f 2509/2509 2251/2251 423/423
f 955/955 4041/4041 3587/3587
f 4045/4045 3712/3712 579/579
f 3010/3010 4045/4045 579/579
f 71/71 1004/1004 3938/3938
f 2564/2564 3459/3459 3725/3725
f 2637/2637 1000/1000 4047/4047
f 768/768 4047/4047 1000/1000
f 3800/3800 4081/4081 612/612
f 3005/3005 2980/2980 578/578
f 3675/3675 2768/2768 736/736
f 4048/4048 3852/3852 1122/1122
f 2851/2851 4048/4048 1122/1122
f 3940/3940 3112/3112 4049/4049
f 3112/3112 3940/3940 573/573
f 694/694 4163/4163 3914/3914
f 2610/2610 479/479 2883/2883
f 4000/4000 1188/1188 4050/4050
f 613/613 4050/4050 1188/1188
f 2448/2448 3614/3614 3963/3963
f 781/781 358/358 4052/4052
f 2845/2845 4052/4052 358/358
f 68/68 3746/3746 3914/3914
f 852/852 777/777 3576/3576
f 935/935 1104/1104 4053/4053
f 3508/3508 4053/4053 3836/3836
f 368/368 690/690 4055/4055
f 113/113 4055/4055 690/690
f 1141/1141 2810/2810 644/644
f 2258/2258 3681/3681 3646/3646
f 3240/3240 407/407 2915/2915
f 709/709 2644/2644 361/361
f 2762/2762 3975/3975 821/821
f 1173/1173 4039/4039 774/774
f 3912/3912 3913/3913 4047/4047
f 586/586 1044/1044 2835/2835
f 3355/3355 4071/4071 3954/3954
f 1030/1030 3954/3954 4071/4071
f 3763/3763 2438/2438 742/742
f 3882/3882 3167/3167 4062/4062
f 2537/2537 4062/4062 3167/3167
f 3334/3334 416/416 4063/4063
f 3528/3528 4063/4063 416/416
f 863/863 1035/1035 4002/4002
f 405/405 796/796 4064/4064
f 2278/2278 4064/4064 796/796
f 2397/2397 586/586 4065/4065
f 2835/2835 4065/4065 586/586
f 3835/3835 715/715 3979/3979
f 420/420 1097/1097 3670/3670
f 3492/3492 3789/3789 3494/3494
f 2149/2149 3924/3924 4070/4070
f 2396/2396 747/747 4071/4071
f 1146/1146 4071/4071 747/747
f 4072/4072 3675/3675 631/631
f 2286/2286 4072/4072 631/631
f 3615/3615 422/422 3726/3726
f 3910/3910 640/640 3444/3444
f 821/821 3878/3878 1117/1117
f 2856/2856 3475/3475 63/63
f 436/436 909/909 3970/3970
f 2116/2116 4074/4074 3416/3416
f 920/920 502/502 4075/4075
f 988/988 4075/4075 502/502
f 1099/1099 3876/3876 448/448
f 2650/2650 513/513 3544/3544
f 587/587 4056/4056 943/943
f 494/494 971/971 3947/3947
f 753/753 939/939 4076/4076
f 2754/2754 4076/4076 939/939
f 370/370 1010/1010 4078/4078
f 111/111 4078/4078 1010/1010
f 3308/3308 574/574 4081/4081
f 939/939 440/440 3849/3849
f 2455/2455 3668/3668 1016/1016
f 3716/3716 4032/4032 805/805
f 2460/2460 460/460 4082/4082
f 640/640 4082/4082 3739/3739
f 561/561 3701/3701 3604/3604
f 4083/4083 1198/1198 842/842
f 1151/1151 4083/4083 2655/2655
f 4086/4086 2934/2934 571/571
f 2393/2393 4086/4086 571/571
f 3263/3263 3094/3094 886/886
f 3543/3543 3813/3813 751/751
f 3903/3903 729/729 439/439
f 4089/4089 3574/3574 3339/3339
f 735/735 4089/4089 3339/3339
f 3214/3214 2822/2822 4092/4092
f 1015/1015 2677/2677 435/435
f 932/932 644/644 2810/2810
f 2873/2873 361/361 4094/4094
f 2644/2644 4094/4094 361/361
f 2315/2315 3038/3038 798/798
f 86/86 3149/3149 863/863
f 754/754 1166/1166 4034/4034
f 1151/1151 3195/3195 4083/4083
f 642/642 1128/1128 4096/4096
f 498/498 4096/4096 1128/1128
f 658/658 1172/1172 4097/4097
f 511/511 4097/4097 3284/3284
f 667/667 705/705 4098/4098
f 3165/3165 4098/4098 705/705
f 387/387 1073/1073 4100/4100
f 357/357 701/701 1025/1025
f 3967/3967 26/26 4105/4105
f 3921/3921 4105/4105 27/27
f 910/910 4153/4153 3412/3412
f 683/683 2711/2711 987/987
f 958/958 630/630 4109/4109
f 4141/4141 4109/4109 630/630
f 28/28 29/29 4111/4111
f 2782/2782 403/403 3280/3280
f 3589/3589 803/803 4113/4113
f 1176/1176 4113/4113 803/803
f 877/877 398/398 4114/4114
f 783/783 4114/4114 398/398
f 2754/2754 4111/4111 29/29
f 469/469 75/75 4118/4118
f 76/76 4118/4118 75/75
f 764/764 755/755 4120/4120
f 1116/1116 4120/4120 755/755
f 2894/2894 84/84 4122/4122
f 2886/2886 4122/4122 84/84
f 3153/3153 176/176 4124/4124
f 375/375 4124/4124 176/176
f 3613/3613 3744/3744 4125/4125
f 3897/3897 4125/4125 3744/3744
f 50/50 4132/4132 388/388
f 4100/4100 1073/1073 4127/4127
f 490/490 4127/4127 1073/1073
f 3727/3727 388/388 4128/4128
f 930/930 4128/4128 388/388
f 103/103 3/3 4129/4129
f 104/104 4129/4129 3/3
f 490/490 1073/1073 4130/4130
f 3406/3406 4130/4130 1095/1095
f 959/959 481/481 4131/4131
f 23/23 4131/4131 481/481
f 4132/4132 3865/3865 769/769
f 2539/2539 2442/2442 4133/4133
f 2929/2929 4133/4133 2442/2442
f 1008/1008 771/771 4135/4135
f 3342/3342 4135/4135 771/771
f 2130/2130 3797/3797 4136/4136
f 540/540 4136/4136 3797/3797
f 115/115 3822/3822 114/114
f 4140/4140 2765/2765 661/661
f 680/680 4140/4140 661/661
f 1069/1069 4109/4109 4141/4141
f 1015/1015 435/435 793/793
f 351/351 1153/1153 4144/4144
f 2393/2393 4144/4144 1153/1153
f 4074/4074 893/893 1058/1058
f 4056/4056 841/841 4148/4148
f 1024/1024 4148/4148 841/841
f 558/558 3346/3346 4149/4149
f 935/935 4149/4149 3346/3346
f 763/763 961/961 4150/4150
f 4035/4035 4150/4150 961/961
f 33/33 34/34 4151/4151
f 384/384 4151/4151 34/34
f 3010/3010 816/816 4152/4152
f 3207/3207 4152/4152 816/816
f 442/442 1115/1115 4153/4153
f 727/727 4153/4153 1115/1115
f 78/78 79/79 4156/4156
f 362/362 4156/4156 79/79
f 4157/4157 4078/4078 112/112
f 113/113 4157/4157 112/112
f 1179/1179 1082/1082 4159/4159
f 2113/2113 4159/4159 1082/1082
f 2721/2721 3208/3208 4160/4160
f 1195/1195 4160/4160 3208/3208
f 998/998 67/67 4163/4163
f 3914/3914 4163/4163 67/67
f 3013/3013 350/350 4166/4166
f 3351/3351 4166/4166 350/350
f 750/750 639/639 3566/3566
f 2782/2782 570/570 2200/2200
f 4168/4168 3207/3207 816/816
f 468/468 4168/4168 816/816
f 2921/2921 808/808 2202/2202
f 2446/2446 3605/3605 4171/4171
f 1168/1168 4171/4171 3605/3605
g panel2
f 314/314 1736/1736 16/16
f 312/312 313/313 1895/1895
f 1736/1736 314/314 1896/1896
f 2780/2780 1340/1340 2243/2243
f 1203/1203 1737/1737 2203/2203
f 312/312 1895/1895 1566/1566
f 2203/2203 316/316 317/317
f 3703/3703 2000/2000 1977/1977
f 3161/3161 309/309 310/310
f 319/319 3703/3703 318/318
f 3086/3086 1500/1500 3161/3161
f 322/322 1659/1659 321/321
f 1342/1342 320/320 321/321
f 1644/1644 305/305 3238/3238
f 1897/1897 306/306 307/307
f 326/326 1533/1533 325/325
f 1343/1343 1644/1644 3238/3238
f 2235/2235 1643/1643 1898/1898
f 2938/2938 1899/1899 1644/1644
f 328/328 3549/3549 3944/3944
f 3974/3974 1545/1545 2536/2536
f 326/326 327/327 2634/2634
f 1503/1503 2031/2031 1738/1738
f 329/329 330/330 1900/1900
f 1437/1437 2078/2078 299/299
f 1739/1739 1900/1900 330/330
f 2328/2328 2135/2135 1298/1298
f 3620/3620 1572/1572 2633/2633
f 1277/1277 1920/1920 286/286
f 297/297 2389/2389 296/296
f 2295/2295 1740/1740 1622/1622
f 1347/1347 2812/2812 2416/2416
f 1238/1238 3980/3980 2811/2811
f 2562/2562 279/279 280/280
f 250/250 2084/2084 249/249
f 3344/3344 250/250 251/251
f 253/253 2847/2847 3515/3515
f 2870/2870 2978/2978 2402/2402
f 1660/1660 276/276 1902/1902
f 1350/1350 2045/2045 1800/1800
f 3473/3473 1381/1381 257/257
f 3861/3861 258/258 2547/2547
f 2291/2291 274/274 275/275
f 1546/1546 1351/1351 1903/1903
f 1891/1891 1743/1743 3723/3723
f 1241/1241 259/259 3713/3713
f 1354/1354 1662/1662 3337/3337
f 3760/3760 271/271 272/272
f 264/264 3293/3293 263/263
f 1661/1661 1354/1354 3337/3337
f 3293/3293 3850/3850 2493/2493
f 2493/2493 261/261 13/13
f 3880/3880 270/270 271/271
f 1213/1213 1891/1891 2687/2687
f 14/14 269/269 3132/3132
f 288/288 1623/1623 287/287
f 1243/1243 1414/1414 2303/2303
f 1244/1244 1623/1623 3397/3397
f 4093/4093 292/292 293/293
f 3125/3125 4093/4093 293/293
f 292/292 4093/4093 1904/1904
f 3249/3249 2703/2703 2057/2057
f 2928/2928 1904/1904 1215/1215
f 290/290 291/291 2421/2421
f 290/290 1567/1567 3249/3249
f 3999/3999 332/332 333/333
f 3738/3738 334/334 335/335
f 1325/1325 1958/1958 2399/2399
f 1634/1634 1942/1942 1496/1496
f 1258/1258 1673/1673 198/198
f 3279/3279 1905/1905 1339/1339
f 3126/3126 1228/1228 2530/2530
f 2407/2407 1360/1360 1906/1906
f 3126/3126 200/200 201/201
f 1837/1837 1361/1361 1907/1907
f 2180/2180 203/203 1229/1229
f 3955/3955 1924/1924 1908/1908
f 2601/2601 1307/1307 215/215
f 1364/1364 1620/1620 1652/1652
f 4090/4090 3637/3637 3477/3477
f 1507/1507 247/247 3855/3855
f 246/246 1746/1746 245/245
f 1319/1319 245/245 1746/1746
f 2982/2982 218/218 219/219
f 1365/1365 1963/1963 1224/1224
f 2513/2513 1508/1508 3190/3190
f 3874/3874 1366/1366 2956/2956
f 2238/2238 3055/3055 220/220
f 2734/2734 240/240 241/241
f 2369/2369 1747/1747 238/238
f 2608/2608 3874/3874 2956/2956
f 222/222 223/223 4170/4170
f 1366/1366 1747/1747 2369/2369
f 3830/3830 231/231 1748/1748
f 1227/1227 235/235 4079/4079
f 2656/2656 236/236 237/237
f 1367/1367 3830/3830 1748/1748
f 1910/1910 1575/1575 225/225
f 3745/3745 3496/3496 1749/1749
f 3496/3496 1226/1226 228/228
f 1749/1749 230/230 3830/3830
f 228/228 1226/1226 227/227
f 227/227 2699/2699 10/10
f 1610/1610 3538/3538 1911/1911
f 235/235 1227/1227 234/234
f 11/11 234/234 2237/2237
f 3216/3216 212/212 1361/1361
f 204/204 1229/1229 203/203
f 1581/1581 2064/2064 3517/3517
f 3640/3640 209/209 210/210
f 3640/3640 2169/2169 209/209
f 1705/1705 2085/2085 1912/1912
f 2131/2131 207/207 2268/2268
f 2131/2131 206/206 207/207
f 2551/2551 206/206 2131/2131
f 2971/2971 3988/3988 1690/1690
f 3837/3837 3939/3939 1913/1913
f 2388/2388 340/340 341/341
f 3456/3456 2096/2096 1752/1752
f 4080/4080 343/343 1372/1372
f 1914/1914 1373/1373 2367/2367
f 342/342 343/343 4080/4080
f 344/344 1263/1263 1372/1372
f 1411/1411 191/191 2367/2367
f 1725/1725 1412/1412 1915/1915
f 3942/3942 4103/4103 3403/3403
f 2133/2133 188/188 189/189
f 347/347 1916/1916 346/346
f 187/187 188/188 2239/2239
f 1629/1629 184/184 1917/1917
f 184/184 1629/1629 3232/3232
f 1918/1918 182/182 1570/1570
f 183/183 1570/1570 182/182
f 182/182 1918/1918 17/17
f 3816/3816 1501/1501 2952/2952
f 3585/3585 1571/1571 2453/2453
f 323/323 1975/1975 322/322
f 2440/2440 1317/1317 3564/3564
f 1466/1466 2026/2026 3069/3069
f 3933/3933 1739/1739 331/331
f 1577/1577 1978/1978 1206/1206
f 3170/3170 1919/1919 1437/1437
f 1277/1277 1678/1678 1920/1920
f 3691/3691 2086/2086 1272/1272
f 2259/2259 282/282 283/283
f 3036/3036 4099/4099 1474/1474
f 1209/1209 2935/2935 4091/4091
f 2594/2594 1351/1351 4167/4167
f 2793/2793 3535/3535 1420/1420
f 3773/3773 2978/2978 2870/2870
f 1525/1525 1864/1864 2359/2359
f 2594/2594 1921/1921 3064/3064
f 260/260 2808/2808 3713/3713
f 258/258 259/259 1241/1241
f 1354/1354 1661/1661 3729/3729
f 3723/3723 1764/1764 2715/2715
f 1572/1572 1876/1876 3458/3458
f 295/295 1572/1572 3458/3458
f 2220/2220 1573/1573 1214/1214
f 334/334 3738/3738 4038/4038
f 3787/3787 3738/3738 1382/1382
f 199/199 1258/1258 198/198
f 3320/3320 3803/3803 1517/1517
f 1557/1557 1295/1295 3426/3426
f 1556/1556 2052/2052 1923/1923
f 3955/3955 2007/2007 1924/1924
f 2927/2927 3131/3131 2731/2731
f 3336/3336 3449/3449 1468/1468
f 3862/3862 1907/1907 214/214
f 2309/2309 215/215 1307/1307
f 3321/3321 1757/1757 1639/1639
f 3767/3767 1286/1286 1253/1253
f 1652/1652 218/218 2982/2982
f 3055/3055 219/219 220/220
f 2919/2919 1665/1665 221/221
f 3140/3140 1665/1665 2919/2919
f 1575/1575 1655/1655 224/224
f 238/238 1747/1747 1698/1698
f 1610/1610 1883/1883 1368/1368
f 224/224 225/225 1575/1575
f 1910/1910 226/226 2699/2699
f 232/232 233/233 2237/2237
f 1758/1758 1539/1539 3692/3692
f 2530/2530 1258/1258 199/199
f 4142/4142 1805/1805 205/205
f 1320/1320 1838/1838 1759/1759
f 2169/2169 208/208 209/209
f 1582/1582 1522/1522 2522/2522
f 2769/2769 337/337 338/338
f 2737/2737 338/338 339/339
f 193/193 194/194 2682/2682
f 3537/3537 4080/4080 1657/1657
f 345/345 1263/1263 344/344
f 1822/1822 190/190 1411/1411
f 3791/3791 1316/1316 1683/1683
f 1925/1925 1604/1604 1329/1329
f 3750/3750 1262/1262 2828/2828
f 346/346 1997/1997 345/345
f 3490/3490 1916/1916 347/347
f 1899/1899 305/305 1644/1644
f 1643/1643 2235/2235 1342/1342
f 2667/2667 4042/4042 1576/1576
f 1245/1245 1761/1761 1484/1484
f 3197/3197 1577/1577 1206/1206
f 1270/1270 1645/1645 2898/2898
f 2474/2474 2303/2303 2370/2370
f 2827/2827 3292/3292 1732/1732
f 1668/1668 1404/1404 3959/3959
f 281/281 2086/2086 280/280
f 1240/1240 1399/1399 1763/1763
f 3535/3535 2926/2926 1420/1420
f 1662/1662 1354/1354 1764/1764
f 257/257 258/258 3861/3861
f 1400/1400 3466/3466 1651/1651
f 1667/1667 1927/1927 2667/2667
f 286/286 287/287 1277/1277
f 1929/1929 1219/1219 3164/3164
f 1605/1605 1296/1296 1930/1930
f 3547/3547 3522/3522 1294/1294
f 1247/1247 1932/1932 3563/3563
f 3450/3450 4146/4146 1260/1260
f 1279/1279 1767/1767 1679/1679
f 1765/1765 3761/3761 1932/1932
f 3839/3839 2803/2803 1726/1726
f 2779/2779 1669/1669 1439/1439
f 4115/4115 3252/3252 2284/2284
f 4145/4145 1768/1768 3653/3653
f 3968/3968 3305/3305 1563/1563
f 3596/3596 2852/2852 1542/1542
f 3647/3647 3953/3953 1224/1224
f 2832/2832 1390/1390 3434/3434
f 1527/1527 1255/1255 1771/1771
f 3898/3898 1432/1432 1936/1936
f 3179/3179 3679/3679 3147/3147
f 1673/1673 3421/3421 4169/4169
f 202/202 203/203 2180/2180
f 1912/1912 3088/3088 1705/1705
f 2613/2613 340/340 2388/2388
f 190/190 191/191 1411/1411
f 2329/2329 1260/1260 4146/4146
f 3400/3400 3768/3768 1583/1583
f 1412/1412 1725/1725 1937/1937
f 1234/1234 1982/1982 3977/3977
f 2350/2350 1621/1621 2155/2155
f 3152/3152 1265/1265 3043/3043
f 1593/1593 1344/1344 1266/1266
f 1398/1398 1423/1423 1267/1267
f 1271/1271 1204/1204 3411/3411
f 4102/4102 1579/1579 1279/1279
f 1294/1294 2783/2783 1848/1848
f 1781/1781 2099/2099 1300/1300
f 2597/2597 3762/3762 1679/1679
f 1504/1504 301/301 302/302
f 1204/1204 2062/2062 1585/1585
f 4051/4051 3546/3546 1939/1939
f 281/281 282/282 2671/2671
f 1404/1404 2102/2102 1274/1274
f 2824/2824 1421/1421 3934/3934
f 1546/1546 1903/1903 1940/1940
f 3307/3307 2068/2068 1779/1779
f 1402/1402 1939/1939 3592/3592
f 2717/2717 1941/1941 1244/1244
f 3184/3184 3097/3097 1920/1920
f 1338/1338 2187/2187 2475/2475
f 3063/3063 3996/3996 1781/1781
f 2379/2379 1942/1942 1634/1634
f 1313/1313 325/325 1533/1533
f 1247/1247 3563/3563 1943/1943
f 2208/2208 3139/3139 1760/1760
f 1777/1777 1418/1418 1809/1809
f 1426/1426 2003/2003 1776/1776
f 1268/1268 1579/1579 3006/3006
f 1844/1844 1216/1216 1944/1944
f 1769/1769 1935/1935 4046/4046
f 1284/1284 1589/1589 1945/1945
f 3843/3843 3784/3784 1783/1783
f 1363/1363 1653/1653 3477/3477
f 1223/1223 2033/2033 1946/1946
f 3209/3209 1253/1253 2607/2607
f 247/247 1507/1507 246/246
f 4158/4158 1252/1252 2696/2696
f 1258/1258 2530/2530 4024/4024
f 1232/1232 1680/1680 2137/2137
f 3400/3400 1880/1880 1537/1537
f 1262/1262 1878/1878 2590/2590
f 1325/1325 2399/2399 1784/1784
f 3488/3488 1433/1433 1324/1324
f 2380/2380 1333/1333 1458/1458
f 2491/2491 1583/1583 2791/2791
f 325/325 1313/1313 2574/2574
f 3048/3048 1681/1681 1205/1205
f 3158/3158 3187/3187 2432/2432
f 1236/1236 1985/1985 1948/1948
f 3001/3001 3319/3319 2557/2557
f 1358/1358 1949/1949 1802/1802
f 3644/3644 3867/3867 1950/1950
f 1734/1734 2083/2083 2447/2447
f 1786/1786 1476/1476 1426/1426
f 3174/3174 3310/3310 2495/2495
f 3170/3170 2328/2328 1919/1919
f 1788/1788 2183/2183 3268/3268
f 3546/3546 2381/2381 2425/2425
f 2949/2949 1855/1855 2234/2234
f 1299/1299 1421/1421 3980/3980
f 1429/1429 1783/1783 3784/3784
f 1553/1553 1934/1934 1952/1952
f 1953/1953 1613/1613 1315/1315
f 4162/4162 1944/1944 3104/3104
f 1261/1261 2791/2791 1954/1954
f 3251/3251 3788/3788 2392/2392
f 2604/2604 1283/1283 1448/1448
f 2669/2669 1563/1563 3929/3929
f 3588/3588 1471/1471 3501/3501
f 3286/3286 1553/1553 1952/1952
f 3908/3908 1442/1442 1327/1327
f 3625/3625 1286/1286 2674/2674
f 214/214 215/215 2309/2309
f 3413/3413 1287/1287 3276/3276
f 3688/3688 1443/1443 1789/1789
f 1759/1759 2095/2095 1320/1320
f 2482/2482 1322/1322 1750/1750
f 2663/2663 1249/1249 3179/3179
f 1790/1790 1443/1443 3688/3688
f 2884/2884 1539/1539 3493/3493
f 2143/2143 1410/1410 1957/1957
f 4164/4164 2108/2108 1917/1917
f 2630/2630 1584/1584 4029/4029
f 4112/4112 1958/1958 1382/1382
f 1571/1571 3585/3585 1959/1959
f 323/323 324/324 2995/2995
f 3956/3956 3793/3793 1269/1269
f 1415/1415 2001/2001 1960/1960
f 1538/1538 1554/1554 1205/1205
f 1760/1760 3139/3139 1961/1961
f 1219/1219 1929/1929 1962/1962
f 3790/3790 1509/1509 1963/1963
f 2964/2964 1964/1964 1759/1759
f 2276/2276 3623/3623 1700/1700
f 2738/2738 1965/1965 2110/2110
f 1611/1611 2036/2036 1966/1966
f 1369/1369 2069/2069 1794/1794
f 3818/3818 2080/2080 1688/1688
f 1674/1674 1937/1937 1725/1725
f 1433/1433 3488/3488 1967/1967
f 1811/1811 1795/1795 1331/1331
f 2035/2035 1968/1968 2882/2882
f 1316/1316 1961/1961 1796/1796
f 2535/2535 1449/1449 3922/3922
f 2626/2626 2920/2920 2338/2338
f 1669/1669 1318/1318 2573/2573
f 1819/1819 2104/2104 2617/2617
f 1784/1784 1795/1795 1325/1325
f 2971/2971 1370/1370 2292/2292
f 1329/1329 1797/1797 3381/3381
f 1316/1316 1329/1329 1604/1604
f 3107/3107 3381/3381 1797/1797
f 1382/1382 1958/1958 3390/3390
f 3352/3352 1463/1463 3138/3138
f 3138/3138 2076/2076 2830/2830
f 1332/1332 1970/1970 1971/1971
f 2101/2101 1427/1427 2789/2789
f 2676/2676 2020/2020 3085/3085
f 1333/1333 1972/1972 1336/1336
f 1543/1543 1974/1974 3376/3376
f 1799/1799 1326/1326 1632/1632
f 3672/3672 2979/2979 1692/1692
f 2355/2355 1799/1799 1632/1632
f 1330/1330 1744/1744 1696/1696
f 2618/2618 2240/2240 2578/2578
f 2187/2187 1561/1561 3374/3374
f 1736/1736 1895/1895 313/313
f 1737/1737 315/315 316/316
f 310/310 311/311 2374/2374
f 1659/1659 322/322 1975/1975
f 2890/2890 1976/1976 1728/1728
f 1897/1897 307/307 2952/2952
f 2255/2255 1434/1434 3017/3017
f 317/317 318/318 1977/1977
f 3753/3753 2541/2541 1930/1930
f 328/328 329/329 3549/3549
f 1281/1281 1834/1834 3608/3608
f 3674/3674 2406/2406 1377/1377
f 3105/3105 3201/3201 2389/2389
f 1753/1753 1206/1206 1978/1978
f 3097/3097 1347/1347 2416/2416
f 283/283 284/284 1348/1348
f 3783/3783 1210/1210 1979/1979
f 3773/3773 277/277 278/278
f 3796/3796 1211/1211 3554/3554
f 1648/1648 1901/1901 2302/2302
f 1381/1381 1921/1921 256/256
f 3362/3362 2580/2580 2256/2256
f 1399/1399 2061/2061 1763/1763
f 274/274 2291/2291 1801/1801
f 4126/4126 2544/2544 3222/3222
f 4121/4121 1651/1651 3466/3466
f 266/266 1661/1661 265/265
f 2370/2370 2207/2207 1237/1237
f 1904/1904 291/291 292/292
f 1526/1526 3370/3370 1780/1780
f 3891/3891 333/333 334/334
f 3937/3937 1949/1949 2676/2676
f 1789/1789 1599/1599 1980/1980
f 3685/3685 2109/2109 2693/2693
f 211/211 212/212 2994/2994
f 212/212 213/213 1361/1361
f 1362/1362 1519/1519 2112/2112
f 2738/2738 3075/3075 1965/1965
f 1457/1457 1223/1223 4087/4087
f 1598/1598 1994/1994 2599/2599
f 1865/1865 2037/2037 1981/1981
f 1430/1430 1652/1652 1620/1620
f 2796/2796 242/242 1509/1509
f 3663/3663 239/239 240/240
f 3271/3271 1366/1366 3874/3874
f 1656/1656 1911/1911 3695/3695
f 3496/3496 3745/3745 1226/1226
f 237/237 238/238 1698/1698
f 1520/1520 1883/1883 1391/1391
f 2806/2806 2152/2152 1966/1966
f 3380/3380 1229/1229 1805/1805
f 1495/1495 2082/2082 1806/1806
f 3650/3650 1913/1913 3414/3414
f 3421/3421 1218/1218 2282/2282
f 3011/3011 2137/2137 2692/2692
f 2308/2308 3622/3622 2761/2761
f 343/343 344/344 1372/1372
f 3815/3815 1773/1773 3372/3372
f 192/192 1914/1914 2367/2367
f 2709/2709 3488/3488 1324/1324
f 1893/1893 1289/1289 2828/2828
f 3590/3590 3741/3741 1688/1688
f 186/186 187/187 2353/2353
f 3340/3340 1982/1982 1234/1234
f 3177/3177 1375/1375 3340/3340
f 1475/1475 1969/1969 1983/1983
f 2332/2332 1808/1808 1465/1465
f 3665/3665 1293/1293 1984/1984
f 1235/1235 1782/1782 2274/2274
f 1282/1282 1684/1684 3050/3050
f 1809/1809 3245/3245 3259/3259
f 1810/1810 1588/1588 2362/2362
f 2731/2731 1274/1274 2793/2793
f 256/256 257/257 1381/1381
f 336/336 1958/1958 4112/4112
f 3390/3390 1325/1325 1811/1811
f 1605/1605 1734/1734 1296/1296
f 3971/3971 1985/1985 3180/3180
f 3325/3325 1755/1755 2927/2927
f 4099/4099 3036/3036 2785/2785
f 3422/3422 3043/3043 1761/1761
f 1314/1314 2041/2041 1792/1792
f 1385/1385 3623/3623 2276/2276
f 1518/1518 1884/1884 3518/3518
f 1633/1633 1986/1986 1464/1464
f 3235/3235 1534/1534 1405/1405
f 2708/2708 3747/3747 2506/2506
f 1482/1482 1820/1820 1812/1812
f 1614/1614 2529/2529 2138/2138
f 2658/2658 2583/2583 2115/2115
f 1363/1363 1598/1598 3719/3719
f 1520/1520 1770/1770 1368/1368
f 1528/1528 1863/1863 1988/1988
f 1220/1220 1450/1450 1392/1392
f 2339/2339 1601/1601 2885/2885
f 3054/3054 1631/1631 2245/2245
f 1644/1644 1343/1343 1813/1813
f 3210/3210 3570/3570 3582/3582
f 2748/2748 1982/1982 2119/2119
f 1403/1403 1817/1817 4084/4084
f 1384/1384 1851/1851 3793/3793
f 1682/1682 1396/1396 1989/1989
f 3120/3120 1815/1815 2609/2609
f 3303/3303 1530/1530 2940/2940
f 3771/3771 3395/3395 2356/2356
f 2926/2926 1239/1239 1420/1420
f 2818/2818 1423/1423 1398/1398
f 1267/1267 2039/2039 1398/1398
f 3742/3742 1399/1399 1240/1240
f 3356/3356 3881/3881 2061/2061
f 1400/1400 1651/1651 3541/3541
f 1213/1213 271/271 3760/3760
f 1608/1608 1242/1242 1353/1353
f 4001/4001 3258/3258 1990/1990
f 1401/1401 2474/2474 3599/3599
f 1243/1243 1401/1401 1991/1991
f 1618/1618 1991/1991 1401/1401
f 3621/3621 2486/2486 1285/1285
f 2831/2831 1992/1992 1685/1685
f 1730/1730 1288/1288 2346/2346
f 3783/3783 2302/2302 1210/1210
f 1816/1816 2102/2102 1979/1979
f 3002/3002 1251/1251 2678/2678
f 1441/1441 1879/1879 1406/1406
f 3610/3610 2011/2011 2603/2603
f 1253/1253 1670/1670 1407/1407
f 1252/1252 3767/3767 1407/1407
f 1697/1697 2037/2037 1364/1364
f 3202/3202 1993/1993 1654/1654
f 2429/2429 2909/2909 1946/1946
f 1994/1994 1598/1598 1408/1408
f 3306/3306 1995/1995 1819/1819
f 1256/1256 1528/1528 3322/3322
f 1556/1556 1923/1923 1410/1410
f 1453/1453 1231/1231 3227/3227
f 189/189 190/190 1822/1822
f 1997/1997 346/346 1916/1916
f 3317/3317 4019/4019 3686/3686
f 1693/1693 1976/1976 2890/2890
f 1550/1550 1984/1984 1293/1293
f 3476/3476 1823/1823 1557/1557
f 4009/4009 1436/1436 1824/1824
f 1413/1413 3180/3180 2569/2569
f 2986/2986 3972/3972 2420/2420
f 1203/1203 1977/1977 2000/2000
f 2912/2912 1243/1243 1402/1402
f 1314/1314 1960/1960 3497/3497
f 4104/4104 1817/1817 1415/1415
f 3228/3228 3019/3019 1596/1596
f 1278/1278 1300/1300 1416/1416
f 3470/3470 3556/3556 1379/1379
f 1707/1707 1551/1551 2327/2327
f 2648/2648 1418/1418 2434/2434
f 3600/3600 1273/1273 2381/2381
f 2176/2176 3248/3248 1779/1779
f 2571/2571 1417/1417 2685/2685
f 1272/1272 3109/3109 3691/3691
f 1238/1238 1870/1870 3980/3980
f 1422/1422 1212/1212 2560/2560
f 1623/1623 1941/1941 2002/2002
f 1277/1277 287/287 1623/1623
f 3996/3996 3063/3063 3246/3246
f 1823/1823 1245/1245 1484/1484
f 1217/1217 1846/1846 1386/1386
f 3905/3905 3539/3539 1335/1335
f 3426/3426 4069/4069 1624/1624
f 1793/1793 2789/2789 3191/3191
f 2570/2570 1829/1829 1335/1335
f 3469/3469 3335/3335 4073/4073
f 1594/1594 2357/2357 2005/2005
f 1248/1248 1485/1485 2006/2006
f 2601/2601 4090/4090 1653/1653
f 1518/1518 1924/1924 2007/2007
f 1635/1635 3580/3580 1222/1222
f 1696/1696 2109/2109 1548/1548
f 2908/2908 1710/1710 1540/1540
f 1308/1308 2107/2107 1790/1790
f 3450/3450 4155/4155 2622/2622
f 1433/1433 4155/4155 1446/1446
f 3791/3791 1961/1961 1316/1316
f 3044/3044 1926/1926 2227/2227
f 1681/1681 3048/3048 3203/3203
f 2746/2746 2783/2783 1294/1294
f 1682/1682 1989/1989 1919/1919
f 1646/1646 2078/2078 1814/1814
f 1596/1596 1835/1835 1278/1278
f 1461/1461 2043/2043 1831/1831
f 2819/2819 3778/3778 2462/2462
f 2269/2269 3164/3164 3252/3252
f 2831/2831 3948/3948 2462/2462
f 3025/3025 3577/3577 1628/1628
f 1387/1387 1955/1955 2392/2392
f 4018/4018 1638/1638 2077/2077
f 2154/2154 4067/4067 1635/1635
f 1635/1635 1222/1222 1837/1837
f 3419/3419 1964/1964 2964/2964
f 1839/1839 2075/2075 2012/2012
f 2826/2826 1451/1451 2110/2110
f 2505/2505 3689/3689 2198/2198
f 1443/1443 1881/1881 1789/1789
f 2693/2693 2407/2407 1599/1599
f 1512/1512 1658/1658 1841/1841
f 185/185 1917/1917 184/184
f 1324/1324 1433/1433 3573/3573
f 3066/3066 2329/2329 2208/2208
f 2842/2842 1533/1533 2917/2917
f 1659/1659 1890/1890 1693/1693
f 2979/2979 3611/3611 1692/1692
f 3062/3062 1335/1335 2918/2918
f 1555/1555 1409/1409 1842/1842
f 1838/1838 1839/1839 2012/2012
f 1451/1451 2826/2826 2403/2403
f 1321/1321 1392/1392 3231/3231
f 1450/1450 1714/1714 3231/3231
f 1611/1611 2069/2069 1750/1750
f 3626/3626 1393/1393 2245/2245
f 2323/2323 3655/3655 3051/3051
f 3741/3741 3590/3590 3051/3051
f 1821/1821 1453/1453 2981/2981
f 2757/2757 1626/1626 3290/3290
f 1494/1494 1548/1548 2186/2186
f 1630/1630 2075/2075 2014/2014
f 1475/1475 1492/1492 1560/1560
f 1699/1699 1442/1442 2955/2955
f 2662/2662 3904/3904 1457/1457
f 3381/3381 3107/3107 2404/2404
f 3710/3710 3352/3352 2016/2016
f 1690/1690 2082/2082 1798/1798
f 3067/3067 2484/2484 2714/2714
f 1280/1280 1950/1950 3867/3867
f 3937/3937 1280/1280 1469/1469
f 3616/3616 2018/2018 1559/1559
f 2197/2197 1461/1461 2140/2140
f 1425/1425 1708/1708 2760/2760
f 3062/3062 1462/1462 1335/1335
f 3562/3562 3611/3611 2454/2454
f 1479/1479 1986/1986 1633/1633
f 2795/2795 1386/1386 1846/1846
f 1633/1633 1889/1889 2773/2773
f 3579/3579 2355/2355 1632/1632
f 1808/1808 2174/2174 2435/2435
f 3045/3045 1857/1857 2512/2512
f 1552/1552 2090/2090 3489/3489
f 1246/1246 1942/1942 2379/2379
f 3301/3301 2019/2019 2963/2963
f 1973/1973 1460/1460 2020/2020
f 3905/3905 3649/3649 1828/1828
f 1280/1280 2001/2001 1469/1469
f 1473/1473 1470/1470 3894/3894
f 3864/3864 1471/1471 1590/1590
f 2325/2325 3185/3185 3929/3929
f 1636/1636 1221/1221 3780/3780
f 3391/3391 3689/3689 1840/1840
f 1299/1299 1778/1778 1421/1421
f 1778/1778 1826/1826 1474/1474
f 1475/1475 1983/1983 1492/1492
f 1549/1549 2277/2277 1969/1969
f 1420/1420 1239/1239 1718/1718
f 2216/2216 2127/2127 3028/3028
f 3952/3952 2073/2073 1624/1624
f 2857/2857 2021/2021 3810/3810
f 3122/3122 2813/2813 1479/1479
f 1472/1472 1519/1519 2273/2273
f 3481/3481 2024/2024 3143/3143
f 3185/3185 1221/1221 2022/2022
f 4009/4009 2008/2008 4101/4101
f 3925/3925 1484/1484 2724/2724
f 1395/1395 1269/1269 1851/1851
f 1300/1300 1783/1783 2880/2880
f 1846/1846 1756/1756 3336/3336
f 1640/1640 1867/1867 2619/2619
f 1331/1331 1487/1487 1852/1852
f 2387/2387 1535/1535 2686/2686
f 2813/2813 1488/1488 2612/2612
f 3481/3481 1569/1569 2024/2024
f 2007/2007 2058/2058 1385/1385
f 1489/1489 1548/1548 1494/1494
f 1845/1845 2016/2016 3352/3352
f 1720/1720 1498/1498 3919/3919
f 3922/3922 3391/3391 3894/3894
f 4057/4057 2054/2054 4137/4137
f 1291/1291 3570/3570 2875/2875
f 3043/3043 1491/1491 3194/3194
f 1513/1513 2025/2025 1735/1735
f 1439/1439 1669/1669 2573/2573
f 1517/1517 1638/1638 2440/2440
f 2101/2101 1715/1715 3067/3067
f 3777/3777 1458/1458 2378/2378
f 4106/4106 3923/3923 2519/2519
f 1494/1494 1339/1339 1489/1489
f 1733/1733 2066/2066 1806/1806
f 1370/1370 1798/1798 2170/2170
f 1717/1717 2899/2899 2027/2027
f 1496/1496 2963/2963 4058/4058
f 3877/3877 4058/4058 1328/1328
f 1590/1590 1471/1471 1853/1853
f 3172/3172 1854/1854 2517/2517
f 1474/1474 4099/4099 2028/2028
f 1499/1499 1856/1856 1720/1720
f 1565/1565 3320/3320 1722/1722
f 3803/3803 2710/2710 1515/1515
f 1498/1498 1720/1720 1856/1856
f 1535/1535 2970/2970 3898/3898
f 1716/1716 2029/2029 3770/3770
f 1501/1501 3816/3816 2030/2030
f 2946/2946 4154/4154 2435/2435
f 1502/1502 1270/1270 1694/1694
f 1530/1530 2899/2899 1857/1857
f 3023/3023 303/303 304/304
f 2940/2940 2031/2031 3548/3548
f 302/302 303/303 3461/3461
f 3296/3296 2093/2093 3181/3181
f 1281/1281 3608/3608 3514/3514
f 1348/1348 284/284 2812/2812
f 1723/1723 1347/1347 1858/1858
f 2510/2510 1649/1649 1208/1208
f 1731/1731 1894/1894 1349/1349
f 1739/1739 3933/3933 4043/4043
f 1506/1506 2032/2032 1769/1769
f 3619/3619 1686/1686 3595/3595
f 12/12 1909/1909 247/247
f 3127/3127 1859/1859 1542/1542
f 241/241 242/242 2796/2796
f 242/242 243/243 3190/3190
f 2034/2034 1256/1256 3322/3322
f 1656/1656 2079/2079 3377/3377
f 4004/4004 1583/1583 3768/3768
f 2491/2491 1261/1261 2015/2015
f 3678/3678 1841/1841 1658/1658
f 2640/2640 2846/2846 2283/2283
f 3016/3016 2174/2174 2406/2406
f 4008/4008 3674/3674 1377/1377
f 1237/1237 2207/2207 1514/1514
f 1860/1860 2993/2993 1516/1516
f 1467/1467 1968/1968 2035/2035
f 1861/1861 2661/2661 2936/2936
f 4077/4077 4066/4066 2214/2214
f 1611/1611 1884/1884 2036/2036
f 1361/1361 1837/1837 1862/1862
f 2125/2125 1388/1388 2142/2142
f 1519/1519 1362/1362 2583/2583
f 1390/1390 2072/2072 1770/1770
f 1257/1257 1445/1445 1521/1521
f 1522/1522 1393/1393 3626/3626
f 1702/1702 1815/1815 3244/3244
f 2510/2510 2359/2359 1864/1864
f 3638/3638 4117/4117 2158/2158
f 3838/3838 3480/3480 1267/1267
f 2703/2703 1526/1526 2717/2717
f 2249/2249 1772/1772 2185/2185
f 1772/1772 4162/4162 3821/3821
f 1757/1757 1283/1283 3311/3311
f 1697/1697 1981/1981 2037/2037
f 1771/1771 1255/1255 3322/3322
f 1247/1247 1866/1866 3651/3651
f 3821/3821 1943/1943 3761/3761
f 2161/2161 1323/1323 3740/3740
f 3740/3740 3590/3590 1529/1529
f 1276/1276 1732/1732 1531/1531
f 4095/4095 1677/1677 2587/2587
f 3521/3521 1829/1829 2570/2570
f 2301/2301 3801/3801 1627/1627
f 3558/3558 3440/3440 1205/1205
f 2371/2371 1713/1713 1302/1302
f 3982/3982 1405/1405 1534/1534
f 2342/2342 1303/1303 2803/2803
f 3172/3172 2387/2387 2686/2686
f 1337/1337 2240/2240 2451/2451
f 2884/2884 4085/4085 1539/1539
f 1288/1288 1218/1218 3485/3485
f 1374/1374 3754/3754 1289/1289
f 1537/1537 3768/3768 3400/3400
f 1538/1538 2040/2040 1675/1675
f 2565/2565 1521/1521 3692/3692
f 3553/3553 1288/1288 1791/1791
f 1295/1295 1557/1557 1868/1868
f 1482/1482 1812/1812 3136/3136
f 3890/3890 1710/1710 2908/2908
f 1450/1450 3483/3483 1700/1700
f 3987/3987 1852/1852 1487/1487
f 2485/2485 1625/1625 2194/2194
f 3137/3137 1974/1974 3928/3928
f 1568/1568 1905/1905 3279/3279
f 3977/3977 3989/3989 3686/3686
f 3015/3015 4134/4134 2906/2906
f 3857/3857 3974/3974 2536/2536
f 2487/2487 2045/2045 2847/2847
f 1903/1903 1351/1351 3064/3064
f 3890/3890 2046/2046 1710/1710
f 2042/2042 1555/1555 1547/1547
f 3409/3409 1310/1310 2047/2047
f 1849/1849 1969/1969 2048/2048
f 1711/1711 2996/2996 3540/3540
f 1707/1707 2327/2327 2049/2049
f 1617/1617 2946/2946 2050/2050
f 3827/3827 4115/4115 2284/2284
f 1685/1685 1553/1553 3286/3286
f 1403/1403 4084/4084 3960/3960
f 1721/1721 2432/2432 2051/2051
f 1871/1871 1547/1547 1555/1555
f 2437/2437 1842/1842 3567/3567
f 1705/1705 1996/1996 1556/1556
f 1943/1943 1866/1866 1247/1247
f 2364/2364 2503/2503 2335/2335
f 1525/1525 1703/1703 1397/1397
f 1384/1384 1868/1868 1557/1557
f 2053/2053 1624/1624 1424/1424
f 2088/2088 2029/2029 1716/1716
f 3319/3319 3001/3001 1558/1558
f 2128/2128 1559/1559 2132/2132
f 2576/2576 1376/1376 2892/2892
f 3449/3449 1756/1756 2700/2700
f 1830/1830 3666/3666 1217/1217
f 1873/1873 2578/2578 1561/1561
f 1472/1472 2273/2273 2306/2306
f 1664/1664 3810/3810 1875/1875
f 1565/1565 1729/1729 1383/1383
f 3648/3648 1722/1722 3564/3564
f 1383/1383 1729/1729 3907/3907
f 311/311 312/312 1566/1566
f 2555/2555 3009/3009 2304/2304
f 2555/2555 3131/3131 2516/2516
f 3433/3433 3881/3881 3356/3356
f 1816/1816 2103/2103 3552/3552
f 267/267 268/268 3132/3132
f 270/270 3880/3880 3092/3092
f 2872/2872 3323/3323 1215/1215
f 2514/2514 3370/3370 2056/2056
f 289/289 15/15 3249/3249
f 3418/3418 2963/2963 2019/2019
f 1499/1499 1882/1882 1568/1568
f 1309/1309 1385/1385 2058/2058
f 197/197 3421/3421 3414/3414
f 3490/3490 3633/3633 3654/3654
f 1918/1918 2059/2059 349/349
f 2866/2866 2415/2415 2117/2117
f 295/295 296/296 3367/3367
f 3620/3620 1214/1214 1573/1573
f 2872/2872 1573/1573 2413/2413
f 219/219 3055/3055 1574/1574
f 1574/1574 2034/2034 1697/1697
f 1575/1575 1910/1910 1609/1609
f 1225/1225 1655/1655 1575/1575
f 2931/2931 1237/1237 2060/2060
f 2930/2930 1237/1237 1514/1514
f 2402/2402 1731/1731 1349/1349
f 2299/2299 1268/1268 3006/3006
f 1248/1248 1579/1579 4102/4102
f 1767/1767 1579/1579 2062/2062
f 2486/2486 3621/3621 1580/1580
f 2160/2160 1835/1835 2136/2136
f 3305/3305 3968/3968 3401/3401
f 1769/1769 3413/3413 1506/1506
f 201/201 202/202 3517/3517
f 1877/1877 1230/1230 2225/2225
f 1582/1582 1393/1393 1522/1522
f 2137/2137 1583/1583 4004/4004
f 1592/1592 2382/2382 2904/2904
f 3385/3385 2596/2596 2751/2751
f 1235/1235 1576/1576 2596/2596
f 1587/1587 4068/4068 1271/1271
f 1618/1618 3599/3599 2065/2065
f 1762/1762 2827/2827 2425/2425
f 3113/3113 1417/1417 2571/2571
f 1560/1560 1810/1810 2362/2362
f 3556/3556 3470/3470 1551/1551
f 1850/1850 1284/1284 1477/1477
f 2250/2250 3439/3439 3176/3176
f 1441/1441 2081/2081 1879/1879
f 1287/1287 1768/1768 1591/1591
f 2727/2727 1374/1374 3942/3942
f 1261/1261 1954/1954 2261/2261
f 1262/1262 3750/3750 1592/1592
f 1370/1370 2170/2170 1880/1880
f 1266/1266 1728/1728 1593/1593
f 1626/1626 2005/2005 2357/2357
f 2040/2040 1594/1594 2746/2746
f 3019/3019 3228/3228 2584/2584
f 1825/1825 2106/2106 1595/1595
f 1279/1279 2003/2003 4143/4143
f 1596/1596 1416/1416 3228/3228
f 1216/1216 1796/1796 1597/1597
f 1440/1440 1628/1628 2508/2508
f 1317/1317 2010/2010 2338/2338
f 1598/1598 2599/2599 1615/1615
f 1672/1672 1598/1598 1363/1363
f 1360/1360 2407/2407 2693/2693
f 1496/1496 4058/4058 1600/1600
f 1495/1495 1806/1806 2066/2066
f 1393/1393 1582/1582 1601/1601
f 1584/1584 3037/3037 4029/4029
f 2904/2904 2366/2366 3020/3020
f 1603/1603 2767/2767 3183/3183
f 1683/1683 1954/1954 3011/3011
f 1535/1535 1727/1727 3923/3923
f 2962/2962 3436/3436 2420/2420
f 1476/1476 1786/1786 1734/1734
f 3181/3181 1709/1709 4073/4073
f 1346/1346 3677/3677 2067/2067
f 2559/2559 1608/1608 1353/1353
f 1422/1422 1650/1650 4001/4001
f 1743/1743 1213/1213 3760/3760
f 1744/1744 1906/1906 1360/1360
f 1367/1367 2079/2079 2801/2801
f 1225/1225 1575/1575 1609/1609
f 3471/3471 2656/2656 1698/1698
f 1520/1520 1368/1368 1883/1883
f 1369/1369 1750/1750 2069/2069
f 1518/1518 2036/2036 1884/1884
f 3655/3655 2323/2323 3714/3714
f 2231/2231 1613/1613 2119/2119
f 1953/1953 1774/1774 2350/2350
f 1885/1885 2547/2547 2181/2181
f 1608/1608 1990/1990 3265/3265
f 3759/3759 3575/3575 3616/3616
f 3075/3075 1614/1614 2138/2138
f 2126/2126 3983/3983 2529/2529
f 1653/1653 1363/1363 2071/2071
f 1655/1655 1225/1225 2072/2072
f 2683/2683 1616/1616 1225/1225
f 1552/1552 2050/2050 3016/3016
f 1343/1343 1897/1897 1617/1617
f 3599/3599 1618/1618 1401/1401
f 4042/4042 2667/2667 1927/1927
f 3192/3192 1932/1932 3581/3581
f 3460/3460 1754/1754 3651/3651
f 1387/1387 1639/1639 2294/2294
f 3637/3637 2450/2450 3285/3285
f 2748/2748 2350/2350 2155/2155
f 2167/2167 2901/2901 2764/2764
f 2162/2162 3699/3699 3964/3964
f 1647/1647 1740/1740 2295/2295
f 1780/1780 1941/1941 2717/2717
f 1207/1207 2002/2002 1941/1941
f 1486/1486 1867/1867 2114/2114
f 3358/3358 1986/1986 2197/2197
f 3952/3952 2216/2216 2073/2073
f 1245/1245 1823/1823 3476/3476
f 1358/1358 2301/2301 2194/2194
f 2379/2379 2485/2485 3215/3215
f 1317/1317 2025/2025 1513/1513
f 3465/3465 2338/2338 2508/2508
f 1850/1850 2483/2483 3217/3217
f 2219/2219 2925/2925 2483/2483
f 1706/1706 1998/1998 1511/1511
f 1706/1706 1233/1233 2074/2074
f 3407/3407 2075/2075 1839/1839
f 1881/1881 1630/1630 3685/3685
f 1393/1393 1601/1601 3054/3054
f 2230/2230 1631/1631 2152/2152
f 1887/1887 1632/1632 2076/2076
f 1847/1847 3579/3579 3341/3341
f 1326/1326 2076/2076 1632/1632
f 1326/1326 1971/1971 1970/1970
f 1640/1640 1889/1889 1464/1464
f 1600/1600 2004/2004 1496/1496
f 1625/1625 2485/2485 3521/3521
f 1222/1222 1862/1862 1837/1837
f 1761/1761 1637/1637 2724/2724
f 1602/1602 3020/3020 2997/2997
f 1517/1517 1861/1861 1638/1638
f 4018/4018 2626/2626 2010/2010
f 1633/1633 1464/1464 1889/1889
f 2178/2178 1640/1640 1464/1464
f 1228/1228 2063/2063 1641/1641
f 1642/1642 2136/2136 2128/2128
f 3086/3086 3161/3161 2374/2374
f 1342/1342 1693/1693 2890/2890
f 1266/1266 1898/1898 1643/1643
f 1343/1343 2050/2050 1813/1813
f 1503/1503 1899/1899 2938/2938
f 1645/1645 1270/1270 1502/1502
f 2512/2512 1645/1645 1502/1502
f 1437/1437 1814/1814 2078/2078
f 1206/1206 1753/1753 1646/1646
f 1272/1272 2671/2671 2259/2259
f 1348/1348 1723/1723 1647/1647
f 251/251 252/252 3144/3144
f 252/252 253/253 3515/3515
f 3467/3467 1208/1208 1649/1649
f 3554/3554 3433/3433 1731/1731
f 1546/1546 2045/2045 2487/2487
f 1381/1381 1827/1827 3627/3627
f 261/261 1922/1922 260/260
f 274/274 1801/1801 3466/3466
f 1353/1353 1242/1242 1651/1651
f 1652/1652 1430/1430 3230/3230
f 217/217 218/218 1652/1652
f 2071/2071 1363/1363 3719/3719
f 1509/1509 1508/1508 1654/1654
f 2104/2104 1993/1993 3202/3202
f 223/223 224/224 1655/1655
f 1616/1616 2072/2072 1225/1225
f 1367/1367 1748/1748 3377/3377
f 1656/1656 1227/1227 4079/4079
f 1372/1372 4025/4025 1657/1657
f 3204/3204 1658/1658 1512/1512
f 3204/3204 1323/1323 2161/2161
f 1693/1693 1890/1890 3743/3743
f 1342/1342 321/321 1659/1659
f 1824/1824 3220/3220 2766/2766
f 277/277 1902/1902 276/276
f 2698/2698 1505/1505 1660/1660
f 266/266 3420/3420 1661/1661
f 3723/3723 2715/2715 1891/1891
f 3850/3850 3293/3293 1662/1662
f 2341/2341 1414/1414 2220/2220
f 4107/4107 1825/1825 1663/1663
f 3601/3601 1663/1663 1416/1416
f 1718/1718 1664/1664 2927/2927
f 2832/2832 3140/3140 1390/1390
f 3887/3887 3055/3055 2238/2238
f 204/204 1805/1805 1229/1229
f 4142/4142 1877/1877 1666/1666
f 1292/1292 1435/1435 3187/3187
f 2381/2381 4051/4051 3071/3071
f 1927/1927 1667/1667 1991/1991
f 2998/2998 3823/3823 1306/1306
f 1833/1833 2006/2006 1485/1485
f 1209/1209 1704/1704 1668/1668
f 2926/2926 3667/3667 1397/1397
f 1669/1669 2779/2779 2317/2317
f 1670/1670 2055/2055 1407/1407
f 4145/4145 3209/3209 1768/1768
f 3904/3904 1671/1671 1457/1457
f 1408/1408 1598/1598 1672/1672
f 1363/1363 3477/3477 1672/1672
f 2358/2358 3919/3919 2377/2377
f 2298/2298 3446/3446 3503/3503
f 1529/1529 1688/1688 2080/2080
f 3478/3478 1675/1675 3522/3522
f 4139/4139 1885/1885 2181/2181
f 1241/1241 3713/3713 2494/2494
f 1414/1414 1243/1243 2912/2912
f 1277/1277 2002/2002 1678/1678
f 4011/4011 1640/1640 2619/2619
f 2760/2760 2475/2475 2911/2911
f 1296/1296 1776/1776 2597/2597
f 1579/1579 1767/1767 1279/1279
f 3502/3502 1251/1251 3002/3002
f 1430/1430 1620/1620 3637/3637
f 2228/2228 3477/3477 3285/3285
f 1680/1680 3330/3330 1371/1371
f 1371/1371 3511/3511 1680/1680
f 1681/1681 3203/3203 3442/3442
f 1814/1814 1989/1989 3197/3197
f 3546/3546 4051/4051 2381/2381
f 2183/2183 2381/2381 3071/3071
f 1683/1683 1316/1316 1604/1604
f 1282/1282 3911/3911 2889/2889
f 1304/1304 1992/1992 2831/2831
f 1327/1327 3050/3050 2344/2344
f 1542/1542 1859/1859 2623/2623
f 1872/1872 1681/1681 3442/3442
f 1315/1315 1959/1959 3585/3585
f 2535/2535 3407/3407 1449/1449
f 2166/2166 4165/4165 3922/3922
f 1701/1701 1687/1687 3607/3607
f 1612/1612 3173/3173 3655/3655
f 1448/1448 1757/1757 1689/1689
f 3777/3777 1334/1334 1690/1690
f 1495/1495 1798/1798 2082/2082
f 2484/2484 1334/1334 2378/2378
f 1691/1691 1458/1458 1333/1333
f 1692/1692 1462/1462 3062/3062
f 1692/1692 3062/3062 2714/2714
f 1462/1462 1692/1692 3611/3611
f 1659/1659 1693/1693 1342/1342
f 3977/3977 1976/1976 1234/1234
f 1465/1465 4137/4137 3015/3015
f 2665/2665 1502/1502 1694/1694
f 3399/3399 3290/3290 3301/3301
f 1742/1742 3721/3721 1505/1505
f 3597/3597 4001/4001 1990/1990
f 1696/1696 1548/1548 1489/1489
f 1489/1489 1330/1330 1696/1696
f 1408/1408 1672/1672 2871/2871
f 1364/1364 1574/1574 1697/1697
f 1527/1527 1981/1981 1255/1255
f 3538/3538 1616/1616 2683/2683
f 3360/3360 1609/1609 2910/2910
f 3815/3815 3818/3818 1523/1523
f 2277/2277 1549/1549 3050/3050
f 1327/1327 1442/1442 1699/1699
f 1282/1282 1549/1549 2193/2193
f 1478/1478 2857/2857 2331/2331
f 3810/3810 2021/2021 1564/1564
f 1700/1700 3623/3623 1714/1714
f 1220/1220 3483/3483 1450/1450
f 3607/3607 2738/2738 1451/1451
f 3757/3757 1309/1309 2802/2802
f 2500/2500 1787/1787 2495/2495
f 1702/1702 1297/1297 1524/1524
f 2027/2027 1413/1413 2569/2569
f 1734/1734 1605/1605 2083/2083
f 2359/2359 1703/1703 1525/1525
f 4007/4007 1668/1668 1704/1704
f 250/250 3344/3344 2084/2084
f 1581/1581 1912/1912 2085/2085
f 2600/2600 1229/1229 3380/3380
f 1725/1725 1915/1915 3283/3283
f 1570/1570 2074/2074 3633/3633
f 3248/3248 2571/2571 2685/2685
f 4015/4015 1423/1423 2818/2818
f 1732/1732 3946/3946 2818/2818
f 3691/3691 3408/3408 2158/2158
f 281/281 2671/2671 2086/2086
f 1708/1708 1425/1425 3649/3649
f 1346/1346 2067/2067 1709/1709
f 3983/3983 1710/1710 4026/4026
f 1264/1264 1984/1984 1711/1711
f 1436/1436 1985/1985 3971/3971
f 1712/1712 3463/3463 3152/3152
f 1571/1571 2907/2907 2371/2371
f 2842/2842 1313/1313 1533/1533
f 2603/2603 2437/2437 3175/3175
f 3879/3879 1669/1669 2317/2317
f 1450/1450 1700/1700 1714/1714
f 1701/1701 3607/3607 2403/2403
f 1465/1465 1808/1808 3415/3415
f 1500/1500 2029/2029 2088/2088
f 3199/3199 1718/1718 2858/2858
f 1718/1718 1380/1380 1420/1420
f 2241/2241 1569/1569 3481/3481
f 1481/1481 3896/3896 1431/1431
f 1487/1487 2066/2066 3858/3858
f 3247/3247 1869/1869 1719/1719
f 1497/1497 1854/1854 3172/3172
f 1499/1499 1720/1720 4016/4016
f 3194/3194 1721/1721 3386/3386
f 1926/1926 3044/3044 3158/3158
f 1722/1722 2089/2089 1729/1729
f 1858/1858 1347/1347 3184/3184
f 3694/3694 3677/3677 3294/3294
f 1654/1654 1963/1963 1509/1509
f 3790/3790 1365/1365 3027/3027
f 1512/1512 4108/4108 3714/3714
f 2026/2026 1724/1724 3674/3674
f 1552/1552 3016/3016 2090/2090
f 4066/4066 1923/1923 2052/2052
f 1947/1947 3223/3223 3081/3081
f 4059/4059 1863/1863 3690/3690
f 1725/1725 2038/2038 1674/1674
f 1233/1233 1915/1915 3654/3654
f 3401/3401 1726/1726 3305/3305
f 3235/3235 1933/1933 3839/3839
f 2387/2387 1727/1727 1535/1535
f 2255/2255 1593/1593 1728/1728
f 1266/1266 1643/1643 1728/1728
f 2503/2503 2364/2364 3460/3460
f 1397/1397 1703/1703 2865/2865
f 1565/1565 1722/1722 1729/1729
f 2545/2545 2925/2925 2999/2999
f 1218/1218 1288/1288 1730/1730
f 2346/2346 3192/3192 3581/3581
f 3433/3433 3554/3554 3881/3881
f 4147/4147 1349/1349 1894/1894
f 3292/3292 3946/3946 1732/1732
f 1398/1398 1531/1531 1732/1732
f 1715/1715 1793/1793 1733/1733
f 3858/3858 3987/3987 1487/1487
f 2083/2083 1605/1605 3771/3771
f 2447/2447 1236/1236 2690/2690
f 3577/3577 1836/1836 1735/1735
f 3106/3106 1735/1735 1439/1439
f 313/313 16/16 1736/1736
f 315/315 1896/1896 314/314
f 1340/1340 1896/1896 1737/1737
f 1203/1203 2962/2962 2243/2243
f 3461/3461 1738/1738 3857/3857
f 1302/1302 1713/1713 2917/2917
f 330/330 331/331 1739/1739
f 1346/1346 1709/1709 2093/2093
f 3941/3941 3371/3371 2811/2811
f 1945/1945 1741/1741 3917/3917
f 279/279 2562/2562 3926/3926
f 1208/1208 3467/3467 3926/3926
f 1505/1505 2786/2786 1742/1742
f 1742/1742 1212/1212 3597/3597
f 3541/3541 3760/3760 1400/1400
f 1860/1860 1743/1743 3541/3541
f 1360/1360 1696/1696 1744/1744
f 3331/3331 4138/4138 1744/1744
f 3276/3276 1745/1745 1506/1506
f 246/246 1507/1507 1746/1746
f 1859/1859 1319/1319 1746/1746
f 1747/1747 1366/1366 3271/3271
f 4060/4060 1698/1698 1747/1747
f 1227/1227 1656/1656 3377/3377
f 229/229 230/230 1749/1749
f 1367/1367 2801/2801 1749/1749
f 3329/3329 1322/1322 2482/2482
f 1322/1322 1611/1611 1750/1750
f 339/339 340/340 2613/2613
f 2630/2630 3503/3503 1584/1584
f 341/341 342/342 3537/3537
f 1259/1259 3446/3446 2298/2298
f 1371/1371 2761/2761 2550/2550
f 1324/1324 3573/3573 1752/1752
f 309/309 3161/3161 3816/3816
f 1500/1500 2030/2030 3816/3816
f 1214/1214 2633/2633 2094/2094
f 3427/3427 3201/3201 1753/1753
f 1274/1274 1399/1399 3742/3742
f 1240/1240 2943/2943 3742/3742
f 2510/2510 3796/3796 1649/1649
f 1208/1208 4117/4117 2359/2359
f 1424/1424 1624/1624 4069/4069
f 2575/2575 1755/1755 3325/3325
f 1477/1477 3009/3009 2516/2516
f 1756/1756 3449/3449 3336/3336
f 1689/1689 1757/1757 3321/3321
f 1448/1448 1283/1283 1757/1757
f 1521/1521 3147/3147 1758/1758
f 1791/1791 1288/1288 3485/3485
f 1759/1759 1392/1392 1321/1321
f 1444/1444 1320/1320 2095/2095
f 3456/3456 2208/2208 2096/2096
f 3985/3985 3422/3422 2097/2097
f 3043/3043 1637/1637 1761/1761
f 2176/2176 1762/1762 2571/2571
f 1211/1211 1864/1864 1763/1763
f 1764/1764 3723/3723 1516/1516
f 1516/1516 1892/1892 1764/1764
f 1249/1249 2663/2663 2185/2185
f 1248/1248 2006/2006 1766/1766
f 2062/2062 1579/1579 1268/1268
f 3802/3802 1767/1767 1204/1204
f 1769/1769 4046/4046 2098/2098
f 2098/2098 4046/4046 3653/3653
f 1616/1616 1368/1368 1770/1770
f 1528/1528 1988/1988 1771/1771
f 3647/3647 1527/1527 1771/1771
f 3192/3192 2346/2346 3673/3673
f 2590/2590 1773/1773 1262/1262
f 1774/1774 2227/2227 2167/2167
f 1414/1414 2912/2912 2672/2672
f 2413/2413 1775/1775 4119/4119
f 1786/1786 1776/1776 1296/1296
f 3762/3762 1279/1279 1679/1679
f 1777/1777 1417/1417 3113/3113
f 1273/1273 3600/3600 1777/1777
f 1299/1299 1826/1826 1778/1778
f 2515/2515 2028/2028 2336/2336
f 1587/1587 2636/2636 4068/4068
f 1586/1586 3802/3802 4068/4068
f 3248/3248 1419/1419 1779/1779
f 3594/3594 1607/1607 1779/1779
f 1663/1663 3601/3601 2099/2099
f 1300/1300 2880/2880 1781/1781
f 1235/1235 2596/2596 1782/1782
f 1782/1782 3385/3385 3911/3911
f 2879/2879 3586/3586 2497/2497
f 1359/1359 1871/1871 2100/2100
f 1429/1429 1833/1833 1783/1783
f 1783/1783 1300/1300 1278/1278
f 3737/3737 2565/2565 3692/3692
f 1257/1257 1521/1521 2565/2565
f 1795/1795 1784/1784 3171/3171
f 1830/1830 4036/4036 2844/2844
f 2322/2322 1476/1476 1734/1734
f 1426/1426 1776/1776 1786/1786
f 1296/1296 1734/1734 1786/1786
f 2500/2500 2541/2541 1787/1787
f 1297/1297 1702/1702 3174/3174
f 1235/1235 2274/2274 1788/1788
f 1788/1788 3873/3873 2684/2684
f 2022/2022 1221/1221 1636/1636
f 2407/2407 1980/1980 1599/1599
f 1789/1789 1445/1445 1257/1257
f 1257/1257 2565/2565 3404/3404
f 1539/1539 1758/1758 1791/1791
f 1791/1791 1536/1536 2222/2222
f 3961/3961 1427/1427 2101/2101
f 1440/1440 2508/2508 2242/2242
f 1540/1540 1710/1710 3983/3983
f 1470/1470 1473/1473 4026/4026
f 1794/1794 2885/2885 2156/2156
f 1795/1795 4029/4029 1602/1602
f 1795/1795 1602/1602 1331/1331
f 1216/1216 1797/1797 1796/1796
f 1796/1796 1329/1329 1316/1316
f 1329/1329 1796/1796 1797/1797
f 1797/1797 1216/1216 3156/3156
f 1370/1370 1690/1690 1798/1798
f 1495/1495 3764/3764 1798/1798
f 1459/1459 1845/1845 3352/3352
f 3352/3352 3710/3710 1463/1463
f 1799/1799 2454/2454 2979/2979
f 2942/2942 1799/1799 2979/2979
f 3296/3296 3514/3514 3034/3034
f 1546/1546 1940/1940 1800/1800
f 1801/1801 1695/1695 1353/1353
f 1353/1353 1651/1651 4121/4121
f 3480/3480 3838/3838 1780/1780
f 1802/1802 1949/1949 1848/1848
f 1361/1361 1862/1862 1803/1803
f 1322/1322 3329/3329 1803/1803
f 1804/1804 3625/3625 2674/2674
f 204/204 205/205 1805/1805
f 1805/1805 4142/4142 1666/1666
f 1334/1334 2484/2484 2566/2566
f 1715/1715 1733/1733 1806/1806
f 2070/2070 1612/1612 4108/4108
f 1453/1453 1967/1967 1807/1807
f 1512/1512 2846/2846 2640/2640
f 2070/2070 1231/1231 1453/1453
f 1808/1808 2435/2435 4154/4154
f 3811/3811 1808/1808 4154/4154
f 1707/1707 3224/3224 3259/3259
f 1777/1777 1809/1809 1417/1417
f 1379/1379 1588/1588 1810/1810
f 1325/1325 1795/1795 1811/1811
f 1331/1331 1852/1852 1811/1811
f 1812/1812 3175/3175 3567/3567
f 2498/2498 3136/3136 1812/1812
f 1644/1644 1813/1813 2938/2938
f 1206/1206 1646/1646 1814/1814
f 1815/1815 1702/1702 1524/1524
f 2938/2938 1813/1813 3548/3548
f 1466/1466 3069/3069 3303/3303
f 2359/2359 4117/4117 3638/3638
f 1208/1208 3926/3926 2821/2821
f 1404/1404 1979/1979 2102/2102
f 1403/1403 1415/1415 1817/1817
f 1817/1817 1269/1269 1395/1395
f 3324/3324 1818/1818 2639/2639
f 195/195 1913/1913 3939/3939
f 1671/1671 3904/3904 2104/2104
f 2617/2617 1865/1865 1819/1819
f 1482/1482 3780/3780 1820/1820
f 2603/2603 2105/2105 3610/3610
f 1411/1411 1373/1373 1821/1821
f 1967/1967 1821/1821 2732/2732
f 1411/1411 1821/1821 2981/2981
f 1264/1264 1711/1711 3277/3277
f 1851/1851 1823/1823 1484/1484
f 1823/1823 1384/1384 1557/1557
f 2376/2376 1824/1824 3180/3180
f 2766/2766 4009/4009 1824/1824
f 1416/1416 1663/1663 1825/1825
f 3100/3100 3470/3470 1379/1379
f 1622/1622 1740/1740 2680/2680
f 1827/1827 1381/1381 3473/3473
f 1885/1885 1827/1827 3473/3473
f 3649/3649 3905/3905 1708/1708
f 1427/1427 3961/3961 1829/1829
f 2792/2792 3666/3666 1830/1830
f 1217/1217 1386/1386 3575/3575
f 1438/1438 2173/2173 3376/3376
f 1285/1285 1956/1956 1832/1832
f 1485/1485 1781/1781 2880/2880
f 1833/1833 1429/1429 2974/2974
f 1558/1558 2736/2736 3724/3724
f 2160/2160 1580/1580 1835/1835
f 1580/1580 3621/3621 1835/1835
f 3520/3520 2009/2009 3025/3025
f 1439/1439 1735/1735 1836/1836
f 1615/1615 2775/2775 2645/2645
f 213/213 1907/1907 1361/1361
f 1320/1320 1839/1839 1838/1838
f 1443/1443 1790/1790 2107/2107
f 1320/1320 1444/1444 2198/2198
f 1455/1455 2075/2075 3407/3407
f 3922/3922 1449/1449 3689/3689
f 186/186 2353/2353 2108/2108
f 1841/1841 2846/2846 1512/1512
f 2842/2842 2907/2907 2866/2866
f 1305/1305 2497/2497 1842/1842
f 1448/1448 2651/2651 2849/2849
f 1221/1221 3185/3185 2325/2325
f 1312/1312 3273/3273 3403/3403
f 1330/1330 1845/1845 3331/3331
f 3123/3123 2558/2558 1844/1844
f 1597/1597 1944/1944 1216/1216
f 1459/1459 3107/3107 3183/3183
f 1489/1489 2016/2016 1330/1330
f 1217/1217 1756/1756 1846/1846
f 1846/1846 1486/1486 2114/2114
f 2454/2454 2355/2355 1338/1338
f 1802/1802 1848/1848 2783/2783
f 3547/3547 3893/3893 1931/1931
f 1221/1221 2461/2461 3780/3780
f 3780/3780 1482/1482 1636/1636
f 2408/2408 3636/3636 2434/2434
f 2157/2157 1849/1849 1378/1378
f 1589/1589 1284/1284 1850/1850
f 1478/1478 2331/2331 2336/2336
f 2223/2223 2515/2515 2443/2443
f 2813/2813 3122/3122 1488/1488
f 1389/1389 1252/1252 4158/4158
f 4158/4158 3143/3143 3896/3896
f 1384/1384 1823/1823 1851/1851
f 1851/1851 1484/1484 3925/3925
f 1869/1869 1852/1852 3987/3987
f 3390/3390 1811/1811 2923/2923
f 1318/1318 3321/3321 2790/2790
f 4017/4017 1853/1853 1471/1471
f 1497/1497 1853/1853 4017/4017
f 1428/1428 3137/3137 2612/2612
f 1499/1499 1568/1568 3135/3135
f 2186/2186 1856/1856 3135/3135
f 3045/3045 1545/1545 1857/1857
f 1857/1857 3730/3730 1530/1530
f 1607/1607 3594/3594 1858/1858
f 1508/1508 2513/2513 2313/2313
f 1242/1242 1608/1608 2993/2993
f 1638/1638 1861/1861 2936/2936
f 2215/2215 1861/1861 1517/1517
f 1924/1924 1862/1862 1222/1222
f 1518/1518 3518/3518 1862/1862
f 1863/1863 4059/4059 1391/1391
f 1391/1391 3874/3874 1863/1863
f 1864/1864 1525/1525 2943/2943
f 1240/1240 1763/1763 1864/1864
f 1405/1405 3002/3002 2419/2419
f 1527/1527 1995/1995 3306/3306
f 2195/2195 1865/1865 2617/2617
f 1867/1867 1486/1486 2384/2384
f 1384/1384 3901/3901 1868/1868
f 2106/2106 1868/1868 3530/3530
f 2042/2042 2908/2908 2498/2498
f 1540/1540 2716/2716 3136/3136
f 1869/1869 4010/4010 2923/2923
f 1852/1852 1869/1869 2923/2923
f 2049/2049 1870/1870 1238/1238
f 1826/1826 1299/1299 2549/2549
f 3845/3845 1554/1554 1538/1538
f 1538/1538 1675/1675 3478/3478
f 1555/1555 2778/2778 1871/1871
f 1359/1359 1936/1936 1871/1871
f 1558/1558 3001/3001 3558/3558
f 1205/1205 1681/1681 1872/1872
f 1561/1561 2187/2187 3341/3341
f 4006/4006 1874/1874 3525/3525
f 2975/2975 3907/3907 2999/2999
f 1477/1477 1755/1755 2575/2575
f 1666/1666 1877/1877 3206/3206
f 1584/1584 3503/3503 3145/3145
f 1878/1878 1262/1262 1592/1592
f 1879/1879 4013/4013 2989/2989
f 1592/1592 1537/1537 1880/1880
f 1599/1599 1789/1789 1881/1881
f 3455/3455 1881/1881 1443/1443
f 1599/1599 1881/1881 3685/3685
f 1696/1696 1360/1360 2109/2109
f 1568/1568 1882/1882 4106/4106
f 2970/2970 4016/4016 1432/1432
f 1883/1883 1610/1610 4060/4060
f 1884/1884 1611/1611 1322/1322
f 1322/1322 3518/3518 1884/1884
f 4139/4139 2993/2993 3265/3265
f 1650/1650 1827/1827 3258/3258
f 1886/1886 1625/1625 3389/3389
f 2020/2020 1886/1886 3389/3389
f 1463/1463 3735/3735 1887/1887
f 1634/1634 2004/2004 1888/1888
f 1427/1427 1829/1829 3521/3521
f 1635/1635 4067/4067 2645/2645
f 3580/3580 1481/1481 1431/1431
f 1889/1889 1640/1640 4011/4011
f 1532/1532 1337/1337 1889/1889
f 1659/1659 1975/1975 1890/1890
f 3379/3379 2117/2117 3669/3669
f 1661/1661 3420/3420 3584/3584
f 1213/1213 1743/1743 1891/1891
f 1764/1764 1892/1892 1662/1662
f 1516/1516 1676/1676 2494/2494
f 1219/1219 1962/1962 3500/3500
f 1223/1223 1457/1457 3596/3596
f 3741/3741 1893/1893 1688/1688
f 1289/1289 1893/1893 1374/1374
f 1894/1894 1731/1731 3433/3433
f 1352/1352 2256/2256 1894/1894
f 1736/1736 1896/1896 1895/1895
f 1340/1340 1566/1566 1895/1895
f 315/315 1737/1737 1896/1896
f 1895/1895 1896/1896 1340/1340
f 1617/1617 1897/1897 1501/1501
f 1343/1343 3238/3238 1897/1897
f 1898/1898 1266/1266 1344/1344
f 1344/1344 3703/3703 1898/1898
f 1503/1503 3461/3461 3023/3023
f 304/304 305/305 1899/1899
f 1739/1739 2093/2093 1900/1900
f 1648/1648 3515/3515 2847/2847
f 1350/1350 2103/2103 1901/1901
f 2698/2698 2870/2870 1349/1349
f 1903/1903 1650/1650 1422/1422
f 1422/1422 1940/1940 1903/1903
f 1356/1356 2421/2421 1904/1904
f 1905/1905 1544/1544 2788/2788
f 3123/3123 2249/2249 2620/2620
f 213/213 214/214 1907/1907
f 1907/1907 3862/3862 1837/1837
f 1431/1431 2024/2024 1908/1908
f 1251/1251 3236/3236 1909/1909
f 3140/3140 2832/2832 1665/1665
f 225/225 226/226 1910/1910
f 1226/1226 3745/3745 1910/1910
f 1911/1911 1656/1656 4088/4088
f 4088/4088 3471/3471 1911/1911
f 1581/1581 3517/3517 2180/2180
f 1458/1458 3777/3777 3988/3988
f 195/195 196/196 1913/1913
f 192/192 193/193 2914/2914
f 1915/1915 1233/1233 1706/1706
f 1706/1706 1511/1511 1915/1915
f 3654/3654 3633/3633 1233/1233
f 186/186 2108/2108 4164/4164
f 3678/3678 1998/1998 1917/1917
f 1570/1570 2059/2059 1918/1918
f 349/349 17/17 1918/1918
f 300/300 301/301 2328/2328
f 1682/1682 1919/1919 1298/1298
f 3097/3097 3184/3184 1347/1347
f 285/285 286/286 1920/1920
f 4099/4099 2785/2785 4061/4061
f 255/255 256/256 1921/1921
f 1921/1921 1381/1381 3627/3627
f 1922/1922 3850/3850 2808/2808
f 1311/1311 1957/1957 1923/1923
f 1518/1518 1862/1862 1924/1924
f 1222/1222 3696/3696 1924/1924
f 1329/1329 3381/3381 1925/1925
f 1332/1332 3443/3443 3795/3795
f 1926/1926 1491/1491 1265/1265
f 1402/1402 1991/1991 1667/1667
f 1618/1618 4042/4042 1927/1927
f 1928/1928 1526/1526 1356/1356
f 1356/1356 1904/1904 2928/2928
f 2499/2499 1929/1929 3164/3164
f 1304/1304 3234/3234 1929/1929
f 1930/1930 1345/1345 3395/3395
f 3893/3893 3547/3547 1469/1469
f 1415/1415 1403/1403 1931/1931
f 1247/1247 1619/1619 1932/1932
f 1932/1932 3192/3192 1765/1765
f 3141/3141 1933/1933 3235/3235
f 1283/1283 2604/2604 2342/2342
f 1438/1438 1952/1952 1934/1934
f 1769/1769 2032/2032 1935/1935
f 1935/1935 1534/1534 3839/3839
f 1936/1936 2358/2358 3117/3117
f 1547/1547 1871/1871 1936/1936
f 1666/1666 3206/3206 3529/3529
f 1938/1938 1937/1937 1674/1674
f 1263/1263 1997/1997 1937/1937
f 1937/1937 1938/1938 3068/3068
f 1674/1674 2080/2080 1938/1938
f 1291/1291 3317/3317 3989/3989
f 1939/1939 1402/1402 1667/1667
f 1940/1940 1422/1422 2560/2560
f 2560/2560 2580/2580 1940/1940
f 1531/1531 2039/2039 2587/2587
f 1780/1780 3838/3838 1941/1941
f 1941/1941 1623/1623 1244/1244
f 1246/1246 2757/2757 3399/3399
f 1496/1496 1942/1942 2963/2963
f 1943/1943 3821/3821 3806/3806
f 1945/1945 2972/2972 2678/2678
f 12/12 1741/1741 1945/1945
f 2909/2909 1408/1408 1946/1946
f 1408/1408 2871/2871 1946/1946
f 1947/1947 1220/1220 1392/1392
f 1392/1392 1964/1964 1947/1947
f 1228/1228 1641/1641 2222/2222
f 3754/3754 1374/1374 2727/2727
f 3768/3768 3754/3754 2727/2727
f 4019/4019 1434/1434 2255/2255
f 1436/1436 1712/1712 1948/1948
f 3985/3985 2876/2876 2690/2690
f 1469/1469 1848/1848 1949/1949
f 1280/1280 3937/3937 3085/3085
f 1950/1950 1460/1460 2700/2700
f 1297/1297 1787/1787 1951/1951
f 1951/1951 2541/2541 3499/3499
f 1682/1682 1298/1298 2540/2540
f 1545/1545 3045/3045 3557/3557
f 1438/1438 1974/1974 1952/1952
f 1315/1315 3203/3203 1953/1953
f 1292/1292 1774/1774 1953/1953
f 1954/1954 1683/1683 1604/1604
f 1387/1387 2506/2506 1955/1955
f 3884/3884 2545/2545 2089/2089
f 2710/2710 3803/3803 1383/1383
f 1515/1515 2661/2661 2215/2215
f 1832/1832 1956/1956 3660/3660
f 1410/1410 1923/1923 1957/1957
f 1311/1311 4085/4085 1957/1957
f 1325/1325 3390/3390 1958/1958
f 1315/1315 1613/1613 2231/2231
f 2415/2415 1959/1959 1375/1375
f 1314/1314 1792/1792 3956/3956
f 1269/1269 1817/1817 4104/4104
f 1597/1597 1796/1796 1961/1961
f 1961/1961 3791/3791 1760/1760
f 2436/2436 1442/1442 1962/1962
f 1442/1442 3908/3908 1962/1962
f 3889/3889 1963/1963 1654/1654
f 1963/1963 1365/1365 3790/3790
f 3419/3419 3223/3223 1964/1964
f 1964/1964 1392/1392 1759/1759
f 3623/3623 1385/1385 1309/1309
f 1687/1687 1614/1614 3075/3075
f 2152/2152 2806/2806 1541/1541
f 1452/1452 2069/2069 1966/1966
f 1453/1453 1821/1821 1967/1967
f 1467/1467 3677/3677 3694/3694
f 3628/3628 1699/1699 2955/2955
f 1475/1475 2048/2048 1969/1969
f 1332/1332 1925/1925 3361/3361
f 1970/1970 3361/3361 2830/2830
f 1326/1326 1972/1972 1971/1971
f 1333/1333 2380/2380 3443/3443
f 1971/1971 1972/1972 1333/1333
f 1326/1326 1799/1799 2942/2942
f 3706/3706 1828/1828 1973/1973
f 1973/1973 1468/1468 1460/1460
f 3137/3137 1952/1952 1974/1974
f 1975/1975 323/323 2995/2995
f 3379/3379 3669/3669 2995/2995
f 1693/1693 1234/1234 1976/1976
f 1344/1344 2000/2000 3703/3703
f 1203/1203 2203/2203 1977/1977
f 1514/1514 2094/2094 1978/1978
f 1210/1210 1816/1816 1979/1979
f 1404/1404 1668/1668 4007/4007
f 1980/1980 1445/1445 1789/1789
f 1697/1697 1255/1255 1981/1981
f 1981/1981 1527/1527 3306/3306
f 1394/1394 3977/3977 1982/1982
f 1474/1474 1826/1826 3100/3100
f 1379/1379 1810/1810 2576/2576
f 1983/1983 3628/3628 1456/1456
f 1456/1456 2077/2077 1983/1983
f 1550/1550 1711/1711 1984/1984
f 1984/1984 1264/1264 3671/3671
f 1436/1436 1948/1948 1985/1985
f 1479/1479 2043/2043 1986/1986
f 1461/1461 2197/2197 1986/1986
f 3757/3757 1987/1987 1701/1701
f 2802/2802 1569/1569 2241/2241
f 1988/1988 3874/3874 2608/2608
f 3953/3953 1771/1771 1988/1988
f 1989/1989 1814/1814 1437/1437
f 1437/1437 1919/1919 1989/1989
f 1650/1650 3258/3258 4001/4001
f 1608/1608 2559/2559 1990/1990
f 1618/1618 1927/1927 1991/1991
f 1991/1991 1402/1402 1243/1243
f 1304/1304 1929/1929 2499/2499
f 1992/1992 1553/1553 1685/1685
f 3778/3778 2819/2819 3520/3520
f 1819/1819 1995/1995 1993/1993
f 1224/1224 1963/1963 3889/3889
f 1408/1408 2909/2909 1994/1994
f 1286/1286 3625/3625 1994/1994
f 1224/1224 1993/1993 1995/1995
f 1260/1260 3066/3066 4155/4155
f 1412/1412 1937/1937 1997/1997
f 1263/1263 345/345 1997/1997
f 1706/1706 2074/2074 1998/1998
f 1629/1629 1917/1917 1998/1998
f 1434/1434 2054/2054 1999/1999
f 1344/1344 1593/1593 2000/2000
f 2000/2000 3436/3436 2962/2962
f 1415/1415 1931/1931 3893/3893
f 1280/1280 3867/3867 2001/2001
f 1207/1207 3676/3676 2002/2002
f 2002/2002 1277/1277 1623/1623
f 1279/1279 3762/3762 2003/2003
f 2003/2003 1426/1426 3246/3246
f 1634/1634 1496/1496 2004/2004
f 2004/2004 1600/1600 3191/3191
f 1626/1626 3472/3472 2005/2005
f 2005/2005 4161/4161 2746/2746
f 2006/2006 1833/1833 2974/2974
f 4027/4027 3823/3823 2974/2974
f 216/216 217/217 3230/3230
f 3230/3230 1430/1430 4090/4090
f 3955/3955 2058/2058 2007/2007
f 2996/2996 1711/1711 1550/1550
f 1550/1550 2418/2418 4008/4008
f 1292/1292 1953/1953 3203/3203
f 2008/2008 4009/4009 1483/1483
f 1483/1483 2764/2764 2008/2008
f 1406/1406 2009/2009 3520/3520
f 1456/1456 2920/2920 2626/2626
f 2011/2011 3610/3610 2681/2681
f 2989/2989 2681/2681 1406/1406
f 1630/1630 1881/1881 3455/3455
f 2107/2107 2012/2012 3455/3455
f 3483/3483 2954/2954 2230/2230
f 1220/1220 1947/1947 2013/2013
f 1455/1455 2047/2047 2014/2014
f 1458/1458 3988/3988 2015/2015
f 2015/2015 1261/1261 2261/2261
f 1845/1845 1330/1330 2016/2016
f 2016/2016 1489/1489 1339/1339
f 2792/2792 2017/2017 3644/3644
f 1314/1314 3497/3497 3058/3058
f 1386/1386 2795/2795 2140/2140
f 1461/1461 1831/1831 2297/2297
f 2019/2019 1454/1454 1467/1467
f 1467/1467 2035/2035 2019/2019
f 2020/2020 3706/3706 1973/1973
f 2199/2199 1636/1636 2716/2716
f 1476/1476 2322/2322 2216/2216
f 1478/1478 2710/2710 2021/2021
f 1383/1383 1564/1564 2021/2021
f 1636/1636 2199/2199 2022/2022
f 2022/2022 1472/1472 2306/2306
f 1637/1637 3194/3194 2023/2023
f 1569/1569 2649/2649 2024/2024
f 1431/1431 3896/3896 2024/2024
f 1317/1317 2338/2338 3465/3465
f 3577/3577 3025/3025 1836/1836
f 1466/1466 1724/1724 2026/2026
f 2028/2028 1778/1778 1474/1474
f 2029/2029 1341/1341 2986/2986
f 1500/1500 2088/2088 2030/2030
f 3730/3730 1738/1738 2031/2031
f 2031/2031 1503/1503 2938/2938
f 1251/1251 3502/3502 1506/1506
f 1534/1534 1935/1935 2032/2032
f 1287/1287 1591/1591 2033/2033
f 1223/1223 1686/1686 3619/3619
f 3055/3055 3887/3887 2034/2034
f 1255/1255 1697/1697 2034/2034
f 3418/3418 4058/4058 2963/2963
f 1518/1518 2007/2007 3513/3513
f 3513/3513 2806/2806 2036/2036
f 1865/1865 2195/2195 2037/2037
f 1620/1620 1364/1364 2037/2037
f 1529/1529 1674/1674 2038/2038
f 2038/2038 1725/1725 3283/3283
f 1531/1531 1398/1398 2039/2039
f 3440/3440 2750/2750 2040/2040
f 1294/1294 1675/1675 2040/2040
f 3196/3196 3530/3530 2041/2041
f 2041/2041 1314/1314 3058/3058
f 1409/1409 1555/1555 2042/2042
f 1547/1547 3826/3826 2042/2042
f 1220/1220 2013/2013 2954/2954
f 1461/1461 1986/1986 2043/2043
f 4019/4019 2255/2255 2044/2044
f 1728/1728 1976/1976 2044/2044
f 1546/1546 1800/1800 2045/2045
f 1350/1350 1901/1901 2045/2045
f 2874/2874 2046/2046 3826/3826
f 2046/2046 1470/1470 1710/1710
f 1310/1310 2014/2014 2047/2047
f 1455/1455 4165/4165 2184/2184
f 1475/1475 1560/1560 2048/2048
f 2048/2048 3636/3636 2408/2408
f 2049/2049 1238/1238 3371/3371
f 1419/1419 3248/3248 2049/2049
f 1552/1552 1813/1813 2050/2050
f 2050/2050 1343/1343 1617/1617
f 3588/3588 3137/3137 1428/1428
f 3965/3965 3829/3829 3501/3501
f 3960/3960 2051/2051 3845/3845
f 3386/3386 4084/4084 2023/2023
f 1556/1556 1996/1996 2052/2052
f 2052/2052 3626/3626 2490/2490
f 1426/1426 1476/1476 2053/2053
f 1434/1434 4134/4134 2054/2054
f 2054/2054 4057/4057 1716/1716
f 1828/1828 1562/1562 1468/1468
f 1468/1468 1973/1973 1828/1828
f 4006/4006 2669/2669 1874/1874
f 1407/1407 2055/2055 3525/3525
f 3323/3323 2413/2413 2056/2056
f 2056/2056 3542/3542 2514/2514
f 2703/2703 3249/3249 1567/1567
f 1244/1244 3397/3397 2057/2057
f 1569/1569 2802/2802 2058/2058
f 348/348 349/349 2059/2059
f 2059/2059 1570/1570 3633/3633
f 2060/2060 1237/1237 2930/2930
f 1577/1577 1815/1815 2060/2060
f 1399/1399 2102/2102 2061/2061
f 1268/1268 2751/2751 2062/2062
f 2062/2062 1204/1204 1767/1767
f 1228/1228 2064/2064 2063/2063
f 1581/1581 2085/2085 2063/2063
f 1581/1581 2063/2063 2064/2064
f 1228/1228 3126/3126 2064/2064
f 1584/1584 3145/3145 3037/3037
f 2065/2065 1587/1587 1271/1271
f 1271/1271 3411/3411 2065/2065
f 1733/1733 2092/2092 2066/2066
f 1487/1487 2997/2997 3764/3764
f 2067/2067 1454/1454 1606/1606
f 1606/1606 3469/3469 2067/2067
f 1423/1423 4015/4015 1207/1207
f 1610/1610 1911/1911 3471/3471
f 1611/1611 1966/1966 2069/2069
f 1452/1452 2885/2885 2069/2069
f 2070/2070 1453/1453 1807/1807
f 2071/2071 1307/1307 1653/1653
f 1616/1616 1770/1770 2072/2072
f 1390/1390 4170/4170 2072/2072
f 1557/1557 3426/3426 3476/3476
f 3472/3472 1246/1246 1627/1627
f 1570/1570 183/183 3232/3232
f 1629/1629 1998/1998 2074/2074
f 1455/1455 2014/2014 2075/2075
f 1630/1630 2012/2012 2075/2075
f 1326/1326 1970/1970 2076/2076
f 2076/2076 3138/3138 1887/1887
f 1492/1492 1983/1983 2077/2077
f 2078/2078 1646/1646 3105/3105
f 298/298 299/299 2078/2078
f 2079/2079 1656/1656 3695/3695
f 3818/3818 2848/2848 2080/2080
f 2080/2080 1674/1674 1529/1529
f 3965/3965 3286/3286 3829/3829
f 1471/1471 3864/3864 3501/3501
f 2082/2082 1690/1690 1334/1334
f 2566/2566 2082/2082 1334/1334
f 1987/1987 2115/2115 1701/1701
f 2201/2201 1687/1687 2115/2115
f 2083/2083 3550/3550 1236/1236
f 2084/2084 1704/1704 1209/1209
f 1209/1209 4091/4091 2084/2084
f 2085/2085 1705/1705 1410/1410
f 1410/1410 2143/2143 2085/2085
f 1275/1275 280/280 2086/2086
f 1716/1716 3415/3415 2088/2088
f 4154/4154 2030/2030 3811/3811
f 1722/1722 3648/3648 3251/3251
f 2090/2090 1724/1724 1466/1466
f 1466/1466 3303/3303 2090/2090
f 1727/1727 2387/2387 2091/2091
f 2091/2091 1488/1488 3122/3122
f 1733/1733 1793/1793 3191/3191
f 2092/2092 1600/1600 3877/3877
f 3296/3296 1900/1900 2093/2093
f 2093/2093 1739/1739 1346/1346
f 1753/1753 1978/1978 2094/2094
f 1514/1514 2341/2341 2990/2990
f 2095/2095 1759/1759 1321/1321
f 1760/1760 3900/3900 2096/2096
f 2097/2097 1761/1761 1245/1245
f 1245/1245 2127/2127 2097/2097
f 2098/2098 1768/1768 1287/1287
f 1287/1287 3413/3413 2098/2098
f 2099/2099 1781/1781 3996/3996
f 1424/1424 4069/4069 2099/2099
f 2100/2100 3586/3586 2879/2879
f 2101/2101 1793/1793 1715/1715
f 1816/1816 2061/2061 2102/2102
f 1399/1399 1274/1274 2102/2102
f 2103/2103 1816/1816 1210/1210
f 1210/1210 2302/2302 2103/2103
f 1819/1819 1993/1993 2104/2104
f 2104/2104 3202/3202 2852/2852
f 2105/2105 1820/1820 3717/3717
f 2651/2651 2105/2105 3717/3717
f 2106/2106 1825/1825 4107/4107
f 1295/1295 1868/1868 2106/2106
f 2107/2107 1308/1308 2964/2964
f 1838/1838 2012/2012 2107/2107
f 2108/2108 1841/1841 3678/3678
f 3678/3678 1917/1917 2108/2108
f 1310/1310 1548/1548 2109/2109
f 2505/2505 1444/1444 2110/2110
f 2095/2095 2826/2826 2110/2110
f 2529/2529 1614/1614 2111/2111
f 2112/2112 2111/2111 2201/2201
f 2142/2142 1388/1388 2112/2112
f 2111/2111 2112/2112 1388/1388
f 2178/2178 2795/2795 2114/2114
f 2583/2583 1362/1362 2115/2115
f 2415/2415 1375/1375 2117/2117
f 2117/2117 1375/1375 3177/3177
f 1982/1982 3340/3340 2119/2119
f 1375/1375 2231/2231 2119/2119
f 1472/1472 2125/2125 2142/2142
f 2022/2022 2125/2125 1472/1472
f 2111/2111 1388/1388 2126/2126
f 2716/2716 3983/3983 2126/2126
f 2216/2216 1785/1785 2127/2127
f 2127/2127 1785/1785 2876/2876
f 1559/1559 2128/2128 1301/1301
f 1877/1877 2131/2131 1230/1230
f 1559/1559 2297/2297 2132/2132
f 2132/2132 1831/1831 3376/3376
f 189/189 1822/1822 2133/2133
f 2328/2328 301/301 2135/2135
f 2135/2135 301/301 1504/1504
f 1835/1835 1596/1596 2136/2136
f 2128/2128 2136/2136 3019/3019
f 4026/4026 1473/1473 2138/2138
f 1840/1840 3075/3075 2138/2138
f 1461/1461 2018/2018 2140/2140
f 2140/2140 2018/2018 3616/3616
f 2112/2112 1519/1519 2142/2142
f 2884/2884 1641/1641 2143/2143
f 2063/2063 2143/2143 1641/1641
f 1631/1631 1452/1452 2152/2152
f 1966/1966 2152/2152 1452/1452
f 2071/2071 2154/2154 1307/1307
f 1774/1774 1621/1621 2350/2350
f 2155/2155 1621/1621 3582/3582
f 2225/2225 1230/1230 2156/2156
f 1794/1794 2156/2156 2268/2268
f 1563/1563 1303/1303 3929/3929
f 3929/3929 1303/1303 2604/2604
f 2157/2157 2192/2192 2193/2193
f 2239/2239 188/188 2133/2133
f 2160/2160 1642/1642 2173/2173
f 2161/2161 3283/3283 1511/1511
f 2161/2161 1511/1511 2718/2718
f 2865/2865 3408/3408 2162/2162
f 3210/3210 1621/1621 2167/2167
f 1774/1774 2167/2167 1621/1621
f 1369/1369 1794/1794 2169/2169
f 2169/2169 1794/1794 2268/2268
f 1798/1798 2366/2366 2170/2170
f 2382/2382 2366/2366 2904/2904
f 1438/1438 1934/1934 2173/2173
f 2160/2160 2173/2173 3827/3827
f 2332/2332 2174/2174 1808/1808
f 2174/2174 1377/1377 2406/2406
f 2176/2176 3946/3946 3292/3292
f 2114/2114 1867/1867 2178/2178
f 1640/1640 2178/2178 1867/1867
f 2600/2600 1912/1912 2180/2180
f 4139/4139 2181/2181 1676/1676
f 2865/2865 3638/3638 2158/2158
f 2684/2684 3600/3600 2183/2183
f 2183/2183 3600/3600 2381/2381
f 1498/1498 3561/3561 2184/2184
f 2047/2047 2184/2184 3561/3561
f 1772/1772 1765/1765 2185/2185
f 1249/1249 2185/2185 1765/1765
f 3409/3409 3561/3561 2186/2186
f 1338/1338 1847/1847 2187/2187
f 1282/1282 2192/2192 3911/3911
f 1282/1282 2193/2193 2192/2192
f 1625/1625 1886/1886 2194/2194
f 1358/1358 2194/2194 1886/1886
f 2617/2617 1254/1254 2195/2195
f 2195/2195 1254/1254 2450/2450
f 1464/1464 3358/3358 2178/2178
f 3689/3689 1449/1449 2198/2198
f 1839/1839 2198/2198 3407/3407
f 2199/2199 1388/1388 2125/2125
f 2111/2111 1614/1614 2201/2201
f 1687/1687 2201/2201 1614/1614
f 1260/1260 2329/2329 3066/3066
f 4073/4073 3335/3335 2394/2394
f 3545/3545 3223/3223 2214/2214
f 1517/1517 3803/3803 2215/2215
f 1476/1476 2216/2216 3952/3952
f 1804/1804 3896/3896 1481/1481
f 2922/2922 1875/1875 2219/2219
f 2219/2219 1875/1875 2975/2975
f 2672/2672 1775/1775 2220/2220
f 1573/1573 2220/2220 1775/1775
f 2222/2222 1641/1641 3493/3493
f 4116/4116 1855/1855 2223/2223
f 2223/2223 1855/1855 2949/2949
f 2156/2156 1582/1582 2225/2225
f 2167/2167 2227/2227 2901/2901
f 2871/2871 1672/1672 2228/2228
f 2228/2228 1672/1672 3477/3477
f 2152/2152 1541/1541 2230/2230
f 2231/2231 1375/1375 1959/1959
f 1315/1315 2231/2231 1959/1959
f 3699/3699 2234/2234 3964/3964
f 1581/1581 2180/2180 1912/1912
f 1898/1898 319/319 2235/2235
f 320/320 2235/2235 319/319
f 234/234 1227/1227 2237/2237
f 1748/1748 2237/2237 1227/1227
f 221/221 1665/1665 2238/2238
f 4044/4044 3887/3887 2238/2238
f 2133/2133 2283/2283 2239/2239
f 187/187 2239/2239 2353/2353
f 2618/2618 2694/2694 2240/2240
f 2240/2240 2694/2694 2519/2519
f 2241/2241 1480/1480 2658/2658
f 2436/2436 3447/3447 2242/2242
f 2242/2242 3447/3447 3234/3234
f 1340/1340 1737/1737 2243/2243
f 1203/1203 2243/2243 1737/1737
f 2954/2954 2013/2013 2245/2245
f 2245/2245 2013/2013 3081/3081
f 2157/2157 2193/2193 1849/1849
f 2185/2185 2953/2953 2249/2249
f 2250/2250 2708/2708 2391/2391
f 2252/2252 3285/3285 1254/1254
f 2662/2662 2252/2252 1254/1254
f 2580/2580 2786/2786 2256/2256
f 2786/2786 2580/2580 2560/2560
f 1348/1348 1647/1647 2259/2259
f 2259/2259 1647/1647 2295/2295
f 3795/3795 3443/3443 2261/2261
f 2261/2261 3443/3443 2380/2380
f 2826/2826 2095/2095 1321/1321
f 207/207 208/208 2268/2268
f 2169/2169 2268/2268 208/208
f 1553/1553 2269/2269 4115/4115
f 1992/1992 2269/2269 1553/1553
f 2900/2900 2696/2696 2273/2273
f 1782/1782 2192/2192 2274/2274
f 2274/2274 2192/2192 2157/2157
f 1385/1385 2276/2276 2759/2759
f 1327/1327 1699/1699 2277/2277
f 2277/2277 1699/1699 3628/3628
f 1464/1464 1986/1986 3358/3358
f 1218/1218 1730/1730 2282/2282
f 1818/1818 2282/2282 2639/2639
f 2283/2283 2133/2133 1231/1231
f 1231/1231 2640/2640 2283/2283
f 2269/2269 3252/3252 4115/4115
f 1580/1580 2284/2284 2486/2486
f 1370/1370 1880/1880 2292/2292
f 3400/3400 2292/2292 1880/1880
f 2391/2391 2708/2708 2294/2294
f 2294/2294 2708/2708 2506/2506
f 3109/3109 1272/1272 2295/2295
f 1559/1559 2018/2018 2297/2297
f 1461/1461 2297/2297 2018/2018
f 1290/1290 3994/3994 2298/2298
f 2140/2140 2795/2795 2197/2197
f 1766/1766 2998/2998 2299/2299
f 2194/2194 2301/2301 3215/3215
f 2302/2302 3783/3783 3344/3344
f 1648/1648 2302/2302 3144/3144
f 2474/2474 1401/1401 2303/2303
f 1243/1243 2303/2303 1401/1401
f 1741/1741 2935/2935 2304/2304
f 1668/1668 2304/2304 1209/1209
f 2669/2669 3185/3185 2306/2306
f 2154/2154 3862/3862 2309/2309
f 214/214 2309/2309 3862/3862
f 1319/1319 1859/1859 2313/2313
f 2313/2313 1859/1859 3127/3127
f 2681/2681 3610/3610 2317/2317
f 3037/3037 3020/3020 1602/1602
f 1734/1734 2447/2447 2322/2322
f 2216/2216 2322/2322 1785/1785
f 3130/3130 1323/1323 2323/2323
f 3714/3714 2323/2323 3204/3204
f 2325/2325 1843/1843 2461/2461
f 2623/2623 2843/2843 3315/3315
f 2287/2287 3315/3315 2843/2843
f 2549/2549 1870/1870 2327/2327
f 2049/2049 2327/2327 1870/1870
f 300/300 2328/2328 3170/3170
f 3139/3139 2329/2329 2817/2817
f 2021/2021 2857/2857 1478/1478
f 2331/2331 3199/3199 2443/2443
f 1465/1465 2616/2616 2332/2332
f 2174/2174 2332/2332 1377/1377
f 2732/2732 2335/2335 2622/2622
f 2335/2335 1373/1373 1914/1914
f 2331/2331 2443/2443 2336/2336
f 1452/1452 1631/1631 2339/2339
f 2339/2339 1631/1631 3054/3054
f 2207/2207 1355/1355 2341/2341
f 2341/2341 1355/1355 1414/1414
f 2342/2342 1933/1933 3311/3311
f 3134/3134 3500/3500 2344/2344
f 2344/2344 3500/3500 3908/3908
f 1288/1288 3673/3673 2346/2346
f 2350/2350 2748/2748 1613/1613
f 1953/1953 2350/2350 1613/1613
f 2353/2353 2239/2239 2846/2846
f 2355/2355 3579/3579 1847/1847
f 2355/2355 1847/1847 1338/1338
f 3395/3395 3278/3278 2356/2356
f 3278/3278 3395/3395 1345/1345
f 2394/2394 3335/3335 2357/2357
f 1936/1936 1432/1432 2358/2358
f 2648/2648 3636/3636 2362/2362
f 2199/2199 2125/2125 2022/2022
f 2335/2335 1914/1914 2364/2364
f 2364/2364 1914/1914 2914/2914
f 1798/1798 3764/3764 2366/2366
f 192/192 2367/2367 191/191
f 2369/2369 239/239 3663/3663
f 2303/2303 1355/1355 2370/2370
f 2207/2207 2370/2370 1355/1355
f 1302/1302 3724/3724 2371/2371
f 1571/1571 2371/2371 1447/1447
f 311/311 1566/1566 2374/2374
f 2374/2374 1566/1566 2780/2780
f 3464/3464 3220/3220 2376/2376
f 2376/2376 3220/3220 1824/1824
f 2166/2166 3894/3894 2377/2377
f 2377/2377 3894/3894 2874/2874
f 1458/1458 1691/1691 2378/2378
f 1493/1493 2378/2378 1691/1691
f 1246/1246 2379/2379 3215/3215
f 2261/2261 2380/2380 2015/2015
f 1592/1592 1880/1880 2382/2382
f 2170/2170 2382/2382 1880/1880
f 1562/1562 1425/1425 2384/2384
f 2384/2384 1425/1425 2911/2911
f 1411/1411 2367/2367 1373/1373
f 341/341 3994/3994 2388/2388
f 1290/1290 2388/2388 3994/3994
f 3201/3201 3427/3427 2389/2389
f 296/296 2389/2389 3367/3367
f 3141/3141 3756/3756 2391/2391
f 2250/2250 2391/2391 3756/3756
f 2790/2790 1387/1387 2392/2392
f 1219/1219 1956/1956 2398/2398
f 1285/1285 2398/2398 1956/1956
f 336/336 337/337 2399/2399
f 2399/2399 337/337 2769/2769
f 2978/2978 1649/1649 2402/2402
f 2402/2402 1649/1649 3796/3796
f 2087/2087 2403/2403 1714/1714
f 1459/1459 3138/3138 2404/2404
f 2404/2404 3138/3138 2830/2830
f 2090/2090 2406/2406 1724/1724
f 2620/2620 2953/2953 2407/2407
f 1378/1378 1849/1849 2408/2408
f 2048/2048 2408/2408 1849/1849
f 2931/2931 1578/1578 1237/1237
f 1573/1573 1775/1775 2413/2413
f 2812/2812 284/284 2416/2416
f 285/285 2416/2416 284/284
f 2418/2418 3220/3220 2026/2026
f 1589/1589 3176/3176 2419/2419
f 3436/3436 1999/1999 2420/2420
f 3770/3770 2420/2420 1999/1999
f 1356/1356 1567/1567 2421/2421
f 290/290 2421/2421 1567/1567
f 2381/2381 1273/1273 2425/2425
f 1762/1762 2425/2425 3113/3113
f 1946/1946 2033/2033 2429/2429
f 2033/2033 1591/1591 2429/2429
f 3370/3370 3480/3480 1780/1780
f 3187/3187 1435/1435 2432/2432
f 2432/2432 1435/1435 2588/2588
f 2408/2408 2434/2434 1378/1378
f 2174/2174 3016/3016 2435/2435
f 2242/2242 2920/2920 2436/2436
f 2436/2436 2920/2920 2955/2955
f 2011/2011 1305/1305 2437/2437
f 1842/1842 2437/2437 1305/1305
f 1638/1638 4018/4018 2440/2440
f 1317/1317 2440/2440 2010/2010
f 2223/2223 2443/2443 1239/1239
f 2322/2322 2447/2447 1785/1785
f 1620/1620 2037/2037 2450/2450
f 2195/2195 2450/2450 2037/2037
f 1728/1728 2044/2044 2255/2255
f 2091/2091 2451/2451 1727/1727
f 1571/1571 1447/1447 2453/2453
f 2453/2453 1447/1447 2736/2736
f 2355/2355 2454/2454 1799/1799
f 2461/2461 2849/2849 3780/3780
f 1304/1304 2462/2462 3234/3234
f 2374/2374 3161/3161 310/310
f 1320/1320 2198/2198 1839/1839
f 1777/1777 3909/3909 1418/1418
f 3962/3962 3599/3599 2474/2474
f 2187/2187 3374/3374 2475/2475
f 2475/2475 3374/3374 2911/2911
f 2406/2406 3674/3674 1724/1724
f 1617/1617 4154/4154 2946/2946
f 2482/2482 3640/3640 210/210
f 210/210 3329/3329 2482/2482
f 2219/2219 2483/2483 2922/2922
f 2378/2378 1493/1493 2484/2484
f 1634/1634 1888/1888 2485/2485
f 2284/2284 3252/3252 2486/2486
f 2486/2486 3252/3252 2398/2398
f 2847/2847 4167/4167 2487/2487
f 1546/1546 2487/2487 1351/1351
f 3081/3081 3223/3223 2490/2490
f 2490/2490 3223/3223 3545/3545
f 2015/2015 1510/1510 2491/2491
f 1583/1583 2491/2491 1510/1510
f 265/265 3337/3337 264/264
f 3850/3850 1922/1922 2493/2493
f 261/261 2493/2493 1922/1922
f 2808/2808 1892/1892 2494/2494
f 1516/1516 2494/2494 1892/1892
f 3310/3310 1270/1270 2495/2495
f 2495/2495 1270/1270 2898/2898
f 2778/2778 2497/2497 3586/3586
f 2498/2498 3567/3567 1409/1409
f 2042/2042 2498/2498 1409/1409
f 2269/2269 1992/1992 2499/2499
f 2500/2500 2898/2898 1345/1345
f 1930/1930 2500/2500 1345/1345
f 3460/3460 1866/1866 2503/2503
f 3450/3450 2503/2503 1866/1866
f 2110/2110 1965/1965 2505/2505
f 1840/1840 2505/2505 1965/1965
f 2294/2294 2506/2506 1387/1387
f 2242/2242 2508/2508 2338/2338
f 1208/1208 2359/2359 2510/2510
f 1645/1645 2512/2512 1717/1717
f 243/243 244/244 2513/2513
f 2313/2313 2513/2513 244/244
f 3542/3542 4095/4095 2514/2514
f 1267/1267 2514/2514 2039/2039
f 3934/3934 2949/2949 2824/2824
f 3959/3959 3131/3131 2555/2555
f 1477/1477 2516/2516 1755/1755
f 1854/1854 1488/1488 2517/2517
f 2091/2091 2517/2517 1488/1488
f 3923/3923 1727/1727 2519/2519
f 2240/2240 2519/2519 2451/2451
f 2132/2132 1642/1642 2128/2128
f 1687/1687 1701/1701 2115/2115
f 2522/2522 3088/3088 3529/3529
f 2111/2111 2126/2126 2529/2529
f 2138/2138 2529/2529 4026/4026
f 199/199 200/200 2530/2530
f 3922/3922 4165/4165 2535/2535
f 1455/1455 2535/2535 4165/4165
f 2540/2540 1298/1298 2536/2536
f 2536/2536 1298/1298 2135/2135
f 2536/2536 1545/1545 2540/2540
f 2985/2985 2540/2540 3557/3557
f 1951/1951 1787/1787 2541/2541
f 1930/1930 2541/2541 2500/2500
f 1660/1660 1505/1505 2544/2544
f 1505/1505 3721/3721 2544/2544
f 1729/1729 2089/2089 2545/2545
f 3747/3747 2545/2545 3884/3884
f 1241/1241 1676/1676 2547/2547
f 2181/2181 2547/2547 1676/1676
f 2327/2327 1551/1551 2549/2549
f 2549/2549 1551/1551 3470/3470
f 1324/1324 1752/1752 2550/2550
f 2550/2550 1752/1752 3511/3511
f 2131/2131 1877/1877 2551/2551
f 4142/4142 2551/2551 1877/1877
f 2304/2304 1668/1668 2555/2555
f 2555/2555 1668/1668 3959/3959
f 2357/2357 1594/1594 2557/2557
f 2558/2558 4138/4138 2767/2767
f 1353/1353 1695/1695 2559/2559
f 280/280 1275/1275 2562/2562
f 2562/2562 1275/1275 2821/2821
f 2519/2519 2694/2694 4106/4106
f 1801/1801 2563/2563 1695/1695
f 1758/1758 3692/3692 1521/1521
f 2082/2082 2566/2566 1806/1806
f 2569/2569 3550/3550 2356/2356
f 3539/3539 3389/3389 2570/2570
f 1625/1625 2570/2570 3389/3389
f 2790/2790 3106/3106 2573/2573
f 1439/1439 2573/2573 3106/3106
f 2995/2995 324/324 2574/2574
f 1664/1664 1875/1875 3325/3325
f 2575/2575 1875/1875 2922/2922
f 1376/1376 2576/2576 3634/3634
f 2240/2240 1337/1337 2578/2578
f 2580/2580 3362/3362 1800/1800
f 1940/1940 2580/2580 1800/1800
f 2583/2583 2658/2658 1480/1480
f 1825/1825 1595/1595 2584/2584
f 2201/2201 1362/1362 2112/2112
f 3592/3592 2587/2587 3090/3090
f 2710/2710 1478/1478 4061/4061
f 3845/3845 2051/2051 2588/2588
f 2432/2432 2588/2588 2051/2051
f 3145/3145 3446/3446 2590/2590
f 254/254 255/255 2594/2594
f 1921/1921 2594/2594 255/255
f 1576/1576 3411/3411 2596/2596
f 3499/3499 3753/3753 2597/2597
f 3753/3753 3499/3499 2541/2541
f 1615/1615 2599/2599 2775/2775
f 3529/3529 3088/3088 2600/2600
f 2600/2600 3088/3088 1912/1912
f 215/215 216/216 2601/2601
f 3230/3230 2601/2601 216/216
f 2294/2294 1639/1639 2391/2391
f 2011/2011 2437/2437 2603/2603
f 2342/2342 2604/2604 1303/1303
f 1253/1253 1286/1286 2607/2607
f 1994/1994 2607/2607 1286/1286
f 1988/1988 2608/2608 3953/3953
f 1815/1815 1577/1577 2609/2609
f 2609/2609 1577/1577 3197/3197
f 1682/1682 2540/2540 2985/2985
f 1488/1488 1854/1854 2612/2612
f 1428/1428 2612/2612 1854/1854
f 1290/1290 1751/1751 2613/2613
f 339/339 2613/2613 1751/1751
f 2996/2996 1377/1377 2616/2616
f 2332/2332 2616/2616 1377/1377
f 1241/1241 2494/2494 1676/1676
f 1544/1544 2618/2618 1873/1873
f 2911/2911 3374/3374 2619/2619
f 2487/2487 4167/4167 1351/1351
f 2407/2407 1906/1906 2620/2620
f 2620/2620 1906/1906 2558/2558
f 2335/2335 2503/2503 2622/2622
f 3450/3450 2622/2622 2503/2503
f 2028/2028 4099/4099 2336/2336
f 3315/3315 1686/1686 2623/2623
f 1542/1542 2623/2623 3596/3596
f 2338/2338 2010/2010 2626/2626
f 1456/1456 2626/2626 4018/4018
f 2634/2634 327/327 3944/3944
f 328/328 3944/3944 327/327
f 4110/4110 2636/2636 3962/3962
f 4029/4029 3171/3171 2630/2630
f 1290/1290 2630/2630 1751/1751
f 3367/3367 3427/3427 2633/2633
f 2636/2636 4110/4110 2794/2794
f 2282/2282 1730/1730 2639/2639
f 1512/1512 2640/2640 4108/4108
f 2641/2641 2696/2696 2900/2900
f 1350/1350 1800/1800 4123/4123
f 4123/4123 1800/1800 3362/3362
f 1481/1481 3580/3580 2645/2645
f 1635/1635 2645/2645 3580/3580
f 2362/2362 1588/1588 2648/2648
f 2648/2648 1588/1588 3245/3245
f 3955/3955 1908/1908 2649/2649
f 2024/2024 2649/2649 1908/1908
f 1689/1689 3879/3879 2651/2651
f 2105/2105 2651/2651 3879/3879
f 237/237 1698/1698 2656/2656
f 11/11 2237/2237 233/233
f 2115/2115 1987/1987 2658/2658
f 2241/2241 1987/1987 2802/2802
f 2215/2215 2661/2661 1861/1861
f 2110/2110 1444/1444 2095/2095
f 1457/1457 4087/4087 2662/2662
f 2252/2252 2662/2662 4087/4087
f 1414/1414 1355/1355 2303/2303
f 2185/2185 2663/2663 2953/2953
f 1694/1694 2985/2985 2665/2665
f 2665/2665 2985/2985 3557/3557
f 1576/1576 3268/3268 2667/2667
f 1667/1667 2667/2667 3071/3071
f 2517/2517 2091/2091 2387/2387
f 2669/2669 2306/2306 1874/1874
f 1563/1563 2669/2669 4006/4006
f 2086/2086 2671/2671 1272/1272
f 2672/2672 4119/4119 1775/1775
f 1286/1286 3767/3767 2674/2674
f 1804/1804 2674/2674 1389/1389
f 1949/1949 1358/1358 2676/2676
f 1886/1886 2676/2676 1358/1358
f 2238/2238 1665/1665 4044/4044
f 4044/4044 1665/1665 2832/2832
f 1251/1251 1909/1909 2678/2678
f 2680/2680 3980/3980 3018/3018
f 2317/2317 2009/2009 2681/2681
f 2681/2681 2009/2009 1406/1406
f 2682/2682 3484/3484 2914/2914
f 3538/3538 2683/2683 3375/3375
f 3909/3909 3600/3600 2684/2684
f 3224/3224 1707/1707 2685/2685
f 2049/2049 2685/2685 1707/1707
f 2686/2686 3898/3898 1359/1359
f 2100/2100 2686/2686 1359/1359
f 2687/2687 3584/3584 3092/3092
f 1236/1236 1948/1948 2690/2690
f 3985/3985 2690/2690 1948/1948
f 2549/2549 1299/1299 1870/1870
f 1680/1680 4037/4037 2692/2692
f 1599/1599 3685/3685 2693/2693
f 2618/2618 1544/1544 2694/2694
f 1905/1905 2694/2694 1544/1544
f 3525/3525 1874/1874 2696/2696
f 2273/2273 2696/2696 1874/1874
f 1349/1349 4147/4147 2698/2698
f 227/227 1226/1226 2699/2699
f 1910/1910 2699/2699 1226/1226
f 2700/2700 3666/3666 3644/3644
f 1356/1356 2703/2703 1567/1567
f 2170/2170 2366/2366 2382/2382
f 2250/2250 1250/1250 2708/2708
f 3747/3747 2708/2708 1250/1250
f 1206/1206 1814/1814 3197/3197
f 2484/2484 1493/1493 2714/2714
f 1692/1692 2714/2714 1493/1493
f 1764/1764 1354/1354 2715/2715
f 2715/2715 1354/1354 3729/3729
f 2126/2126 1388/1388 2716/2716
f 1780/1780 2717/2717 1526/1526
f 3678/3678 1658/1658 2718/2718
f 2161/2161 2718/2718 3204/3204
f 2620/2620 2249/2249 2953/2953
f 317/317 1977/1977 2203/2203
f 1637/1637 2023/2023 2724/2724
f 2023/2023 3925/3925 2724/2724
f 1383/1383 2021/2021 2710/2710
f 3131/3131 3959/3959 2731/2731
f 2237/2237 1748/1748 232/232
f 1821/1821 1373/1373 2732/2732
f 2335/2335 2732/2732 1373/1373
f 241/241 3790/3790 2734/2734
f 2734/2734 3790/3790 3027/3027
f 339/339 1751/1751 2737/2737
f 2737/2737 1751/1751 3171/3171
f 2110/2110 1451/1451 2738/2738
f 1687/1687 2738/2738 3607/3607
f 2005/2005 2746/2746 1594/1594
f 2155/2155 1394/1394 2748/2748
f 1982/1982 2748/2748 1394/1394
f 2557/2557 1594/1594 2750/2750
f 2040/2040 2750/2750 1594/1594
f 2596/2596 1585/1585 2751/2751
f 2062/2062 2751/2751 1585/1585
f 13/13 262/262 2493/2493
f 1246/1246 3472/3472 2757/2757
f 1626/1626 2757/2757 3472/3472
f 2276/2276 1541/1541 2759/2759
f 2759/2759 1541/1541 2806/2806
f 3562/3562 1338/1338 2760/2760
f 2475/2475 2760/2760 1338/1338
f 3273/3273 1312/1312 2761/2761
f 2308/2308 2761/2761 1312/1312
f 2536/2536 2135/2135 3857/3857
f 3671/3671 1264/1264 2764/2764
f 2167/2167 2764/2764 1264/1264
f 2613/2613 2388/2388 1290/1290
f 2766/2766 1293/1293 3665/3665
f 3156/3156 2767/2767 1603/1603
f 2558/2558 2767/2767 1844/1844
f 2737/2737 1784/1784 2769/2769
f 2399/2399 2769/2769 1784/1784
f 1889/1889 1337/1337 2773/2773
f 2773/2773 1337/1337 2451/2451
f 2599/2599 1804/1804 2775/2775
f 1481/1481 2775/2775 1804/1804
f 3837/3837 1754/1754 2777/2777
f 3460/3460 2777/2777 1754/1754
f 1439/1439 1836/1836 2779/2779
f 2009/2009 2779/2779 3025/3025
f 2243/2243 3972/3972 2780/2780
f 2783/2783 2746/2746 4161/4161
f 1947/1947 3081/3081 2013/2013
f 2661/2661 1515/1515 2785/2785
f 2788/2788 3735/3735 1463/1463
f 1463/1463 3710/3710 2788/2788
f 1427/1427 1888/1888 2789/2789
f 2004/2004 2789/2789 1888/1888
f 2392/2392 3106/3106 2790/2790
f 2137/2137 3011/3011 2791/2791
f 1954/1954 2791/2791 3011/3011
f 2792/2792 3583/3583 3058/3058
f 2731/2731 2793/2793 1380/1380
f 1228/1228 4024/4024 2530/2530
f 1586/1586 4068/4068 2794/2794
f 2636/2636 2794/2794 4068/4068
f 2114/2114 2795/2795 1846/1846
f 1509/1509 3790/3790 2796/2796
f 241/241 2796/2796 3790/3790
f 3909/3909 2434/2434 1418/1418
f 220/220 221/221 2238/2238
f 2801/2801 3375/3375 3360/3360
f 2801/2801 3360/3360 2910/2910
f 1309/1309 2058/2058 2802/2802
f 3305/3305 1726/1726 2803/2803
f 2342/2342 2803/2803 3839/3839
f 2785/2785 2892/2892 2661/2661
f 3331/3331 3183/3183 2767/2767
f 1966/1966 2036/2036 2806/2806
f 2759/2759 2806/2806 3513/3513
f 1902/1902 2698/2698 1660/1660
f 2156/2156 1230/1230 2268/2268
f 2680/2680 1740/1740 2811/2811
f 3941/3941 2811/2811 1740/1740
f 2812/2812 1347/1347 1723/1723
f 1348/1348 2812/2812 1723/1723
f 2612/2612 3928/3928 2813/2813
f 2329/2329 3213/3213 2817/2817
f 1597/1597 2817/2817 3104/3104
f 2818/2818 3946/3946 2068/2068
f 2462/2462 3948/3948 2819/2819
f 2819/2819 3948/3948 1441/1441
f 2562/2562 2821/2821 3926/3926
f 2234/2234 3699/3699 2824/2824
f 2824/2824 3699/3699 3018/3018
f 1615/1615 2645/2645 4067/4067
f 2157/2157 3873/3873 1788/1788
f 2274/2274 2157/2157 1788/1788
f 2826/2826 1321/1321 3231/3231
f 1732/1732 1276/1276 2827/2827
f 2425/2425 2827/2827 3546/3546
f 1262/1262 1773/1773 2828/2828
f 1523/1523 2828/2828 1773/1773
f 2076/2076 1970/1970 2830/2830
f 2404/2404 2830/2830 3361/3361
f 1685/1685 3948/3948 2831/2831
f 1969/1969 1849/1849 1549/1549
f 2309/2309 1307/1307 2154/2154
f 2842/2842 1713/1713 2907/2907
f 1746/1746 1507/1507 2843/2843
f 2287/2287 2843/2843 1507/1507
f 1830/1830 2844/2844 2792/2792
f 1841/1841 2108/2108 2846/2846
f 2353/2353 2846/2846 2108/2108
f 1732/1732 2818/2818 1398/1398
f 2045/2045 1901/1901 2847/2847
f 1648/1648 2847/2847 1901/1901
f 2848/2848 3372/3372 4025/4025
f 2461/2461 1843/1843 2849/2849
f 1448/1448 2849/2849 1843/1843
f 2852/2852 3596/3596 1671/1671
f 2104/2104 2852/2852 1671/1671
f 3810/3810 3199/3199 2857/2857
f 2331/2331 2857/2857 3199/3199
f 1718/1718 1239/1239 2858/2858
f 2443/2443 2858/2858 1239/1239
f 2566/2566 2484/2484 1715/1715
f 2516/2516 3009/3009 2555/2555
f 1701/1701 2403/2403 2087/2087
f 2162/2162 3964/3964 2865/2865
f 2117/2117 3379/3379 2866/2866
f 2563/2563 2291/2291 3222/3222
f 2291/2291 2563/2563 1801/1801
f 1902/1902 2870/2870 2698/2698
f 2156/2156 1601/1601 1582/1582
f 3125/3125 1876/1876 2872/2872
f 1573/1573 2872/2872 1876/1876
f 1470/1470 2046/2046 2874/2874
f 2377/2377 2874/2874 3117/3117
f 3277/3277 1711/1711 2875/2875
f 2875/2875 1711/1711 3540/3540
f 3985/3985 2097/2097 2876/2876
f 2127/2127 2876/2876 2097/2097
f 1590/1590 1853/1853 2879/2879
f 1497/1497 2879/2879 1853/1853
f 1783/1783 1833/1833 2880/2880
f 3236/3236 1251/1251 1506/1506
f 2032/2032 1506/1506 3502/3502
f 2882/2882 4010/4010 1869/1869
f 3493/3493 1641/1641 2884/2884
f 2069/2069 2885/2885 1794/1794
f 1306/1306 1684/1684 2889/2889
f 1282/1282 2889/2889 1684/1684
f 1728/1728 1643/1643 2890/2890
f 2892/2892 3036/3036 4054/4054
f 2576/2576 2892/2892 4054/4054
f 1397/1397 2865/2865 3964/3964
f 1926/1926 2901/2901 2227/2227
f 1571/1571 1959/1959 2415/2415
f 1645/1645 3278/3278 2898/2898
f 2495/2495 2898/2898 2500/2500
f 3733/3733 3129/3129 2899/2899
f 2027/2027 2899/2899 3129/3129
f 1519/1519 2583/2583 2900/2900
f 2641/2641 2900/2900 1480/1480
f 1926/1926 1265/1265 2901/2901
f 2008/2008 2901/2901 1265/1265
f 3037/3037 1878/1878 2904/2904
f 1592/1592 2904/2904 1878/1878
f 3317/3317 1291/1291 2906/2906
f 1490/1490 2906/2906 2875/2875
f 1571/1571 2415/2415 2907/2907
f 2498/2498 2908/2908 3136/3136
f 2909/2909 2429/2429 1591/1591
f 2909/2909 1591/1591 2607/2607
f 2801/2801 2910/2910 1749/1749
f 1533/1533 2634/2634 2917/2917
f 1302/1302 2917/2917 3931/3931
f 2259/2259 2671/2671 282/282
f 1335/1335 1829/1829 2918/2918
f 1829/1829 3961/3961 2918/2918
f 221/221 222/222 2919/2919
f 4170/4170 2919/2919 222/222
f 2242/2242 2338/2338 2920/2920
f 1477/1477 2922/2922 1850/1850
f 3747/3747 1250/1250 2925/2925
f 2483/2483 2925/2925 1250/1250
f 1397/1397 1855/1855 2926/2926
f 2926/2926 1855/1855 4116/4116
f 1718/1718 2927/2927 1380/1380
f 1215/1215 3323/3323 2928/2928
f 2731/2731 1380/1380 2927/2927
f 1978/1978 1577/1577 2930/2930
f 2060/2060 2930/2930 1577/1577
f 2060/2060 1524/1524 2931/2931
f 1236/1236 2447/2447 2083/2083
f 1997/1997 1916/1916 1412/1412
f 2917/2917 1713/1713 2842/2842
f 2304/2304 2935/2935 1209/1209
f 1376/1376 3652/3652 2936/2936
f 2077/2077 2936/2936 1492/1492
f 2031/2031 2938/2938 3548/3548
f 1530/1530 3730/3730 2940/2940
f 2031/2031 2940/2940 3730/3730
f 2842/2842 2866/2866 1313/1313
f 1336/1336 1972/1972 2942/2942
f 1326/1326 2942/2942 1972/1972
f 3667/3667 3535/3535 2943/2943
f 3535/3535 3667/3667 2926/2926
f 2435/2435 3016/3016 2946/2946
f 2050/2050 2946/2946 3016/3016
f 3759/3759 1301/1301 2948/2948
f 1595/1595 2948/2948 2584/2584
f 2234/2234 2824/2824 2949/2949
f 2223/2223 2949/2949 2515/2515
f 1897/1897 2952/2952 1501/1501
f 2663/2663 1445/1445 2953/2953
f 1980/1980 2953/2953 1445/1445
f 2230/2230 2954/2954 1631/1631
f 1456/1456 2955/2955 2920/2920
f 2208/2208 2329/2329 3139/3139
f 1365/1365 2956/2956 3027/3027
f 1815/1815 1524/1524 2060/2060
f 2000/2000 2962/2962 1203/1203
f 2107/2107 2964/2964 1838/1838
f 2970/2970 3923/3923 1882/1882
f 1499/1499 2970/2970 1882/1882
f 2292/2292 1510/1510 2971/2971
f 1945/1945 1589/1589 2972/2972
f 2419/2419 2972/2972 1589/1589
f 1429/1429 4027/4027 2974/2974
f 2006/2006 2974/2974 3823/3823
f 263/263 2493/2493 262/262
f 3810/3810 1564/1564 2975/2975
f 2219/2219 2975/2975 2999/2999
f 3926/3926 3467/3467 2978/2978
f 2942/2942 2979/2979 1336/1336
f 2399/2399 1958/1958 336/336
f 1453/1453 3227/3227 2981/2981
f 1411/1411 2981/2981 1822/1822
f 1574/1574 1364/1364 2982/2982
f 1652/1652 2982/2982 1364/1364
f 3120/3120 1396/1396 2985/2985
f 1682/1682 2985/2985 1396/1396
f 2634/2634 1533/1533 326/326
f 2420/2420 3770/3770 2986/2986
f 4013/4013 1879/1879 3864/3864
f 1214/1214 2094/2094 2990/2990
f 1514/1514 2990/2990 2094/2094
f 2619/2619 1867/1867 2911/2911
f 1242/1242 2993/2993 1860/1860
f 248/248 4091/4091 2935/2935
f 212/212 3216/3216 2994/2994
f 1803/1803 3329/3329 2994/2994
f 2574/2574 3379/3379 2995/2995
f 1975/1975 2995/2995 3669/3669
f 2616/2616 1490/1490 2996/2996
f 1619/1619 2639/2639 3581/3581
f 1342/1342 2890/2890 1643/1643
f 1487/1487 1331/1331 2997/2997
f 1602/1602 2997/2997 1331/1331
f 1827/1827 1885/1885 3258/3258
f 1306/1306 2889/2889 2998/2998
f 2299/2299 2998/2998 3911/3911
f 3907/3907 1729/1729 2999/2999
f 2545/2545 2999/2999 1729/1729
f 219/219 1574/1574 2982/2982
f 2557/2557 2750/2750 3001/3001
f 1987/1987 2241/2241 2658/2658
f 2678/2678 2972/2972 3002/3002
f 1579/1579 1248/1248 3006/3006
f 1766/1766 3006/3006 1248/1248
f 1477/1477 1284/1284 3009/3009
f 1741/1741 3009/3009 3917/3917
f 1967/1967 2732/2732 3598/3598
f 2692/2692 3900/3900 3011/3011
f 1683/1683 3011/3011 3900/3900
f 2906/2906 1490/1490 3015/3015
f 3015/3015 1490/1490 2616/2616
f 2406/2406 2090/2090 3016/3016
f 3436/3436 2000/2000 3017/3017
f 1593/1593 3017/3017 2000/2000
f 2824/2824 3018/3018 1421/1421
f 3019/3019 2584/2584 1301/1301
f 2128/2128 3019/3019 1301/1301
f 2997/2997 3020/3020 3764/3764
f 304/304 1899/1899 3023/3023
f 1503/1503 3023/3023 1899/1899
f 2779/2779 1836/1836 3025/3025
f 2734/2734 3027/3027 3663/3663
f 2127/2127 1245/1245 3028/3028
f 3028/3028 1245/1245 3476/3476
f 1528/1528 1256/1256 3690/3690
f 4044/4044 3690/3690 1256/1256
f 2020/2020 2676/2676 1886/1886
f 3944/3944 3549/3549 3034/3034
f 4147/4147 1894/1894 2786/2786
f 2256/2256 2786/2786 1894/1894
f 3036/3036 3100/3100 4054/4054
f 2785/2785 3036/3036 2892/2892
f 3020/3020 3037/3037 2904/2904
f 3522/3522 1675/1675 1294/1294
f 2682/2682 2914/2914 193/193
f 2304/2304 3009/3009 1741/1741
f 1550/1550 1293/1293 2418/2418
f 1265/1265 1491/1491 3043/3043
f 2227/2227 1774/1774 3044/3044
f 1292/1292 3044/3044 1774/1774
f 2665/2665 3045/3045 1502/1502
f 2952/2952 307/307 308/308
f 2588/2588 1435/1435 3048/3048
f 2029/2029 2986/2986 3770/3770
f 1962/1962 3447/3447 2436/2436
f 1282/1282 3050/3050 1549/1549
f 4103/4103 3051/3051 1312/1312
f 2245/2245 1393/1393 3054/3054
f 2339/2339 3054/3054 1601/1601
f 2034/2034 1574/1574 3055/3055
f 2474/2474 1578/1578 3962/3962
f 3058/3058 3497/3497 2017/2017
f 2792/2792 3058/3058 2017/2017
f 2936/2936 2077/2077 1638/1638
f 1781/1781 1485/1485 3063/3063
f 3206/3206 1877/1877 2225/2225
f 3064/3064 3627/3627 1650/1650
f 1903/1903 3064/3064 1650/1650
f 3066/3066 3456/3456 1446/1446
f 4155/4155 3066/3066 1446/1446
f 2714/2714 2918/2918 3067/3067
f 2101/2101 3067/3067 3961/3961
f 4025/4025 1372/1372 3068/3068
f 1263/1263 3068/3068 1372/1372
f 3464/3464 3733/3733 3069/3069
f 3733/3733 3464/3464 3129/3129
f 2667/2667 3268/3268 3071/3071
f 3075/3075 1840/1840 1965/1965
f 1687/1687 3075/3075 2738/2738
f 2490/2490 3626/3626 3081/3081
f 2245/2245 3081/3081 3626/3626
f 1259/1259 1657/1657 3372/3372
f 4025/4025 3372/3372 1657/1657
f 2020/2020 1460/1460 3085/3085
f 1950/1950 3085/3085 1460/1460
f 1341/1341 2029/2029 3086/3086
f 1500/1500 3086/3086 2029/2029
f 2136/2136 1642/1642 2160/2160
f 1522/1522 1996/1996 3088/3088
f 1705/1705 3088/3088 1996/1996
f 2912/2912 1402/1402 3090/3090
f 3592/3592 3090/3090 1402/1402
f 269/269 270/270 3092/3092
f 2687/2687 3092/3092 3880/3880
f 1218/1218 1673/1673 3093/3093
f 1258/1258 3093/3093 1673/1673
f 1468/1468 1562/1562 3096/3096
f 2384/2384 3096/3096 1562/1562
f 2416/2416 285/285 3097/3097
f 1920/1920 3097/3097 285/285
f 2517/2517 2387/2387 3172/3172
f 1474/1474 3100/3100 3036/3036
f 2550/2550 2761/2761 3622/3622
f 3821/3821 3104/3104 3213/3213
f 297/297 298/298 3105/3105
f 2078/2078 3105/3105 298/298
f 2392/2392 3788/3788 3106/3106
f 1797/1797 1603/1603 3107/3107
f 2295/2295 1622/1622 3109/3109
f 2357/2357 2557/2557 2394/2394
f 2571/2571 1762/1762 3113/3113
f 3826/3826 1547/1547 3117/3117
f 1936/1936 3117/3117 1547/1547
f 2985/2985 1694/1694 3120/3120
f 1815/1815 3120/3120 3244/3244
f 1479/1479 1633/1633 3122/3122
f 3122/3122 1633/1633 2773/2773
f 4162/4162 1772/1772 3123/3123
f 2249/2249 3123/3123 1772/1772
f 293/293 294/294 3125/3125
f 3125/3125 294/294 3458/3458
f 2530/2530 200/200 3126/3126
f 2852/2852 3202/3202 3127/3127
f 2788/2788 3710/3710 1339/1339
f 1905/1905 2788/2788 1339/1339
f 2376/2376 1413/1413 3129/3129
f 2027/2027 3129/3129 1413/1413
f 3130/3130 3051/3051 3590/3590
f 3131/3131 2927/2927 1755/1755
f 2516/2516 3131/3131 1755/1755
f 269/269 3092/3092 3132/3132
f 3420/3420 3092/3092 3584/3584
f 2219/2219 2999/2999 2925/2925
f 2344/2344 1684/1684 3134/3134
f 1306/1306 3134/3134 1684/1684
f 1568/1568 3279/3279 3135/3135
f 2186/2186 3135/3135 1494/1494
f 2716/2716 1636/1636 3136/3136
f 1482/1482 3136/3136 1636/1636
f 2612/2612 3137/3137 3928/3928
f 1887/1887 3138/3138 1463/1463
f 2817/2817 1597/1597 3139/3139
f 1961/1961 3139/3139 1597/1597
f 2919/2919 4170/4170 3140/3140
f 1390/1390 3140/3140 4170/4170
f 3141/3141 1639/1639 3311/3311
f 2024/2024 3896/3896 3143/3143
f 2302/2302 3344/3344 3144/3144
f 251/251 3144/3144 3344/3344
f 2692/2692 2137/2137 1680/1680
f 2590/2590 1878/1878 3145/3145
f 3679/3679 3673/3673 3147/3147
f 1758/1758 3147/3147 3553/3553
f 3152/3152 3043/3043 3422/3422
f 2690/2690 1785/1785 2447/2447
f 3120/3120 2609/2609 1396/1396
f 1216/1216 1844/1844 3156/3156
f 2767/2767 3156/3156 1844/1844
f 2132/2132 2173/2173 1642/1642
f 2432/2432 1721/1721 3158/3158
f 1491/1491 3158/3158 1721/1721
f 1500/1500 3816/3816 3161/3161
f 2791/2791 1583/1583 2137/2137
f 2499/2499 3164/3164 2269/2269
f 2900/2900 2583/2583 1480/1480
f 1437/1437 299/299 3170/3170
f 300/300 3170/3170 299/299
f 3006/3006 1766/1766 2299/2299
f 2630/2630 3171/3171 1751/1751
f 2686/2686 2100/2100 3172/3172
f 1497/1497 3172/3172 2100/2100
f 2709/2709 3622/3622 3173/3173
f 2308/2308 3173/3173 3622/3622
f 2495/2495 1787/1787 3174/3174
f 1297/1297 3174/3174 1787/1787
f 2648/2648 2434/2434 3636/3636
f 1812/1812 1820/1820 3175/3175
f 2105/2105 3175/3175 1820/1820
f 3217/3217 1250/1250 3176/3176
f 2250/2250 3176/3176 1250/1250
f 3743/3743 1890/1890 3177/3177
f 2117/2117 3177/3177 3669/3669
f 1521/1521 1445/1445 3179/3179
f 2663/2663 3179/3179 1445/1445
f 2376/2376 3180/3180 1413/1413
f 3181/3181 1281/1281 3514/3514
f 3183/3183 3331/3331 1845/1845
f 1459/1459 3183/3183 1845/1845
f 3307/3307 1607/1607 3184/3184
f 1858/1858 3184/3184 1607/1607
f 3187/3187 3158/3158 3044/3044
f 1292/1292 3187/3187 3044/3044
f 2573/2573 1318/1318 2790/2790
f 2057/2057 2703/2703 1244/1244
f 1508/1508 1509/1509 3190/3190
f 242/242 3190/3190 1509/1509
f 1600/1600 2092/2092 3191/3191
f 1733/1733 3191/3191 2092/2092
f 3673/3673 3679/3679 3192/3192
f 1765/1765 3192/3192 1249/1249
f 2594/2594 4167/4167 254/254
f 1491/1491 1721/1721 3194/3194
f 2948/2948 1595/1595 3196/3196
f 2106/2106 3196/3196 1595/1595
f 1989/1989 1396/1396 3197/3197
f 2609/2609 3197/3197 1396/1396
f 3810/3810 1664/1664 3199/3199
f 1718/1718 3199/3199 1664/1664
f 3201/3201 3105/3105 1646/1646
f 1753/1753 3201/3201 1646/1646
f 1654/1654 1508/1508 3202/3202
f 3127/3127 3202/3202 1508/1508
f 2138/2138 1473/1473 1840/1840
f 3048/3048 1435/1435 3203/3203
f 1292/1292 3203/3203 1435/1435
f 2323/2323 1323/1323 3204/3204
f 2645/2645 2775/2775 1481/1481
f 2225/2225 1582/1582 3206/3206
f 2522/2522 3206/3206 1582/1582
f 1591/1591 1768/1768 3209/3209
f 1253/1253 3209/3209 4145/4145
f 2167/2167 1264/1264 3210/3210
f 3570/3570 3210/3210 3277/3277
f 2329/2329 4146/4146 3213/3213
f 3821/3821 3213/3213 3806/3806
f 1920/1920 1678/1678 3184/3184
f 2273/2273 1519/1519 2900/2900
f 2690/2690 2876/2876 1785/1785
f 3652/3652 3634/3634 1560/1560
f 3634/3634 3652/3652 1376/1376
f 2301/2301 1627/1627 3215/3215
f 1246/1246 3215/3215 1627/1627
f 1361/1361 1803/1803 3216/3216
f 2994/2994 3216/3216 1803/1803
f 3176/3176 1589/1589 3217/3217
f 1863/1863 1528/1528 3690/3690
f 1293/1293 3220/3220 2418/2418
f 2766/2766 3220/3220 1293/1293
f 2544/2544 4126/4126 1660/1660
f 1947/1947 1964/1964 3223/3223
f 2214/2214 3223/3223 3419/3419
f 2844/2844 3583/3583 2792/2792
f 2346/2346 2639/2639 1730/1730
f 2685/2685 1417/1417 3224/3224
f 1809/1809 3224/3224 1417/1417
f 2936/2936 2661/2661 1376/1376
f 2133/2133 1822/1822 3227/3227
f 2981/2981 3227/3227 1822/1822
f 1416/1416 1825/1825 3228/3228
f 2584/2584 3228/3228 1825/1825
f 1652/1652 3230/3230 217/217
f 1392/1392 1450/1450 3231/3231
f 2826/2826 3231/3231 1714/1714
f 1629/1629 2074/2074 3232/3232
f 1570/1570 3232/3232 2074/2074
f 2242/2242 3234/3234 1440/1440
f 3141/3141 3235/3235 3756/3756
f 1506/1506 1745/1745 3236/3236
f 3236/3236 1745/1745 2287/2287
f 305/305 306/306 3238/3238
f 4126/4126 3222/3222 275/275
f 3147/3147 1521/1521 3179/3179
f 3120/3120 1694/1694 3244/3244
f 1809/1809 1418/1418 3245/3245
f 2648/2648 3245/3245 1418/1418
f 1426/1426 2053/2053 3246/3246
f 1424/1424 3246/3246 2053/2053
f 2882/2882 3247/3247 2035/2035
f 3248/3248 2176/2176 2571/2571
f 290/290 3249/3249 15/15
f 3884/3884 2089/2089 3251/3251
f 3251/3251 2089/2089 1722/1722
f 3164/3164 2398/2398 3252/3252
f 2398/2398 3164/3164 1219/1219
f 3258/3258 1885/1885 3265/3265
f 2773/2773 2451/2451 2091/2091
f 3556/3556 1551/1551 3259/3259
f 3259/3259 1551/1551 1707/1707
f 4139/4139 3265/3265 1885/1885
f 2899/2899 1717/1717 2512/2512
f 1576/1576 1235/1235 3268/3268
f 1788/1788 3268/3268 1235/1235
f 1747/1747 3271/3271 4060/4060
f 1777/1777 3113/3113 1273/1273
f 2761/2761 1371/1371 3273/3273
f 3330/3330 3273/3273 1371/1371
f 3595/3595 3315/3315 3276/3276
f 3315/3315 3595/3595 1686/1686
f 2875/2875 3570/3570 3277/3277
f 1645/1645 4003/4003 3278/3278
f 2356/2356 3278/3278 4003/4003
f 3135/3135 3279/3279 1494/1494
f 2844/2844 2948/2948 3196/3196
f 1740/1740 1647/1647 3941/3941
f 2239/2239 2283/2283 2846/2846
f 2979/2979 2454/2454 3611/3611
f 1915/1915 1511/1511 3283/3283
f 2038/2038 3283/3283 2161/2161
f 1620/1620 2450/2450 3637/3637
f 2228/2228 3285/3285 2252/2252
f 2169/2169 3640/3640 1369/1369
f 1685/1685 3286/3286 3965/3965
f 1626/1626 1606/1606 3290/3290
f 1454/1454 3290/3290 1606/1606
f 2245/2245 1631/1631 2954/2954
f 3292/3292 2827/2827 1762/1762
f 2176/2176 3292/3292 1762/1762
f 2493/2493 263/263 3293/3293
f 3293/3293 264/264 3337/3337
f 3294/3294 3999/3999 1357/1357
f 1357/1357 3694/3694 3294/3294
f 2377/2377 3117/3117 2358/2358
f 3034/3034 3549/3549 3296/3296
f 2709/2709 3173/3173 1612/1612
f 2070/2070 2709/2709 1612/1612
f 3238/3238 306/306 1897/1897
f 3290/3290 1454/1454 3301/3301
f 2019/2019 3301/3301 1454/1454
f 3980/3980 1870/1870 1299/1299
f 1630/1630 2014/2014 3685/3685
f 1310/1310 3685/3685 2014/2014
f 2803/2803 1303/1303 3305/3305
f 1563/1563 3305/3305 1303/1303
f 1981/1981 3306/3306 1865/1865
f 3184/3184 1678/1678 3307/3307
f 3307/3307 1678/1678 3676/3676
f 1937/1937 3068/3068 1263/1263
f 3310/3310 3174/3174 1702/1702
f 3310/3310 1702/1702 3244/3244
f 3141/3141 3311/3311 1933/1933
f 4158/4158 2696/2696 2641/2641
f 2287/2287 1745/1745 3315/3315
f 3276/3276 3315/3315 1745/1745
f 2273/2273 1874/1874 2306/2306
f 1951/1951 1586/1586 2794/2794
f 3276/3276 1506/1506 3413/3413
f 1834/1834 1281/1281 3319/3319
f 2394/2394 3319/3319 1281/1281
f 1517/1517 2440/2440 3320/3320
f 1722/1722 3320/3320 3564/3564
f 2790/2790 3321/3321 1387/1387
f 2034/2034 3322/3322 1255/1255
f 2056/2056 1928/1928 3323/3323
f 2928/2928 3323/3323 1928/1928
f 1619/1619 1247/1247 3324/3324
f 3324/3324 1247/1247 3651/3651
f 2927/2927 1664/1664 3325/3325
f 2575/2575 3325/3325 1875/1875
f 2358/2358 4016/4016 1720/1720
f 3919/3919 2358/2358 1720/1720
f 3329/3329 210/210 211/211
f 2994/2994 3329/3329 211/211
f 9/9 206/206 2551/2551
f 1680/1680 1232/1232 3330/3330
f 2727/2727 3330/3330 1232/1232
f 2767/2767 4138/4138 3331/3331
f 1705/1705 1556/1556 1410/1410
f 1690/1690 1370/1370 2971/2971
f 2764/2764 2901/2901 2008/2008
f 3335/3335 3469/3469 1606/1606
f 1626/1626 3335/3335 1606/1606
f 3096/3096 1486/1486 3336/3336
f 1846/1846 3336/3336 1486/1486
f 1604/1604 1925/1925 3795/3795
f 1332/1332 3795/3795 1925/1925
f 3293/3293 3337/3337 1662/1662
f 3285/3285 2450/2450 1254/1254
f 2119/2119 3340/3340 1375/1375
f 3341/3341 3735/3735 1873/1873
f 1561/1561 3341/3341 1873/1873
f 2220/2220 1414/1414 2672/2672
f 1459/1459 3352/3352 3138/3138
f 3105/3105 2389/2389 297/297
f 3158/3158 1491/1491 1926/1926
f 2623/2623 1859/1859 2843/2843
f 3552/3552 4123/4123 3356/3356
f 1352/1352 3356/3356 4123/4123
f 2197/2197 2795/2795 3358/3358
f 2178/2178 3358/3358 2795/2795
f 2683/2683 1225/1225 3360/3360
f 3360/3360 1225/1225 1609/1609
f 2404/2404 3361/3361 3381/3381
f 2256/2256 1352/1352 3362/3362
f 4123/4123 3362/3362 1352/1352
f 2093/2093 1709/1709 3181/3181
f 1448/1448 1843/1843 2604/2604
f 1339/1339 1494/1494 3279/3279
f 3390/3390 2923/2923 4010/4010
f 2778/2778 1555/1555 1842/1842
f 2497/2497 2778/2778 1842/1842
f 2306/2306 3185/3185 2022/2022
f 1566/1566 1340/1340 2780/2780
f 2560/2560 1212/1212 1742/1742
f 2786/2786 2560/2560 1742/1742
f 2633/2633 1572/1572 3367/3367
f 3370/3370 1526/1526 1928/1928
f 2056/2056 3370/3370 1928/1928
f 3594/3594 1419/1419 3371/3371
f 2049/2049 3371/3371 1419/1419
f 1523/1523 1773/1773 3815/3815
f 1259/1259 3372/3372 1773/1773
f 2956/2956 1365/1365 2608/2608
f 2407/2407 2953/2953 1980/1980
f 1561/1561 1532/1532 3374/3374
f 2619/2619 3374/3374 4011/4011
f 2683/2683 3360/3360 3375/3375
f 2079/2079 3375/3375 2801/2801
f 1974/1974 1438/1438 3376/3376
f 2132/2132 3376/3376 2173/2173
f 1795/1795 3171/3171 4029/4029
f 1227/1227 3377/3377 1748/1748
f 1485/1485 2880/2880 1833/1833
f 2413/2413 3323/3323 2872/2872
f 2574/2574 1313/1313 3379/3379
f 2866/2866 3379/3379 1313/1313
f 1805/1805 1666/1666 3380/3380
f 2600/2600 3380/3380 3529/3529
f 3361/3361 1925/1925 3381/3381
f 2751/2751 1268/1268 3385/3385
f 2299/2299 3385/3385 1268/1268
f 1721/1721 2051/2051 3386/3386
f 3386/3386 2051/2051 3960/3960
f 3389/3389 3539/3539 3706/3706
f 3391/3391 1840/1840 1473/1473
f 3894/3894 3391/3391 1473/1473
f 4088/4088 2656/2656 3471/3471
f 3336/3336 1468/1468 3096/3096
f 3395/3395 3771/3771 1605/1605
f 1930/1930 3395/3395 1605/1605
f 10/10 2699/2699 226/226
f 1623/1623 288/288 3397/3397
f 3397/3397 288/288 289/289
f 2963/2963 1942/1942 3399/3399
f 1246/1246 3399/3399 1942/1942
f 1583/1583 1510/1510 3400/3400
f 2292/2292 3400/3400 1510/1510
f 1670/1670 3653/3653 3401/3401
f 1531/1531 2587/2587 3592/3592
f 2317/2317 2779/2779 2009/2009
f 2183/2183 1788/1788 2684/2684
f 2100/2100 2879/2879 1497/1497
f 1374/1374 4103/4103 3942/3942
f 3403/3403 4103/4103 1312/1312
f 4077/4077 1790/1790 3404/3404
f 3404/3404 1790/1790 3688/3688
f 1744/1744 1330/1330 3331/3331
f 1864/1864 1211/1211 2510/2510
f 1455/1455 3407/3407 2535/2535
f 3109/3109 2162/2162 3408/3408
f 2162/2162 3109/3109 1622/1622
f 2186/2186 1548/1548 3409/3409
f 1310/1310 3409/3409 1548/1548
f 1204/1204 1585/1585 3411/3411
f 4037/4037 1752/1752 2096/2096
f 2098/2098 3413/3413 1769/1769
f 1913/1913 196/196 3414/3414
f 197/197 3414/3414 196/196
f 1716/1716 4057/4057 3415/3415
f 2019/2019 2035/2035 3418/3418
f 3418/3418 2035/2035 3247/3247
f 2964/2964 1308/1308 3419/3419
f 2214/2214 3419/3419 1308/1308
f 3310/3310 3244/3244 1694/1694
f 3420/3420 266/266 267/267
f 3132/3132 3420/3420 267/267
f 3414/3414 3421/3421 3650/3650
f 3152/3152 3422/3422 1712/1712
f 2462/2462 1304/1304 2831/2831
f 1295/1295 4069/4069 3426/3426
f 1797/1797 3156/3156 1603/1603
f 1753/1753 2094/2094 3427/3427
f 2633/2633 3427/3427 2094/2094
f 1811/1811 1852/1852 2923/2923
f 3337/3337 265/265 1661/1661
f 3356/3356 1352/1352 3433/3433
f 1390/1390 1770/1770 3434/3434
f 1520/1520 3434/3434 1770/1770
f 2485/2485 2379/2379 1634/1634
f 2085/2085 2143/2143 2063/2063
f 2620/2620 2558/2558 3123/3123
f 2821/2821 4117/4117 1208/1208
f 3017/3017 1434/1434 3436/3436
f 1999/1999 3436/3436 1434/1434
f 2819/2819 1441/1441 3520/3520
f 325/325 2574/2574 324/324
f 2419/2419 3439/3439 1405/1405
f 2040/2040 1538/1538 3440/3440
f 1205/1205 3440/3440 1538/1538
f 3442/3442 3203/3203 1315/1315
f 1332/1332 1971/1971 3443/3443
f 1333/1333 3443/3443 1971/1971
f 2703/2703 1356/1356 1526/1526
f 1259/1259 1773/1773 3446/3446
f 2590/2590 3446/3446 1773/1773
f 1962/1962 1929/1929 3447/3447
f 3234/3234 3447/3447 1929/1929
f 2963/2963 3399/3399 3301/3301
f 2194/2194 3215/3215 2485/2485
f 1228/1228 2222/2222 4024/4024
f 2004/2004 3191/3191 2789/2789
f 2700/2700 1460/1460 3449/3449
f 1468/1468 3449/3449 1460/1460
f 1218/1218 3421/3421 1673/1673
f 1630/1630 3455/3455 2012/2012
f 3456/3456 3573/3573 1446/1446
f 2208/2208 3456/3456 3066/3066
f 2575/2575 2922/2922 1477/1477
f 295/295 3458/3458 294/294
f 3125/3125 3458/3458 1876/1876
f 2948/2948 1301/1301 2584/2584
f 2364/2364 3484/3484 3460/3460
f 2777/2777 3460/3460 3484/3484
f 3023/3023 3461/3461 303/303
f 2453/2453 2736/2736 1872/1872
f 3442/3442 2453/2453 1872/1872
f 2008/2008 1265/1265 3463/3463
f 3152/3152 3463/3463 1265/1265
f 316/316 2203/2203 1737/1737
f 2183/2183 3071/3071 3268/3268
f 3069/3069 2026/2026 3464/3464
f 3220/3220 3464/3464 2026/2026
f 3465/3465 3577/3577 2025/2025
f 1317/1317 3465/3465 2025/2025
f 3466/3466 1400/1400 273/273
f 274/274 3466/3466 273/273
f 1649/1649 2978/2978 3467/3467
f 1760/1760 2096/2096 2208/2208
f 4073/4073 1709/1709 3469/3469
f 2067/2067 3469/3469 1709/1709
f 2956/2956 3663/3663 3027/3027
f 3470/3470 3100/3100 1826/1826
f 2549/2549 3470/3470 1826/1826
f 1698/1698 4060/4060 3471/3471
f 1610/1610 3471/3471 4060/4060
f 3801/3801 4161/4161 3472/3472
f 2005/2005 3472/3472 4161/4161
f 3861/3861 2547/2547 3473/3473
f 2376/2376 3129/3129 3464/3464
f 3028/3028 3476/3476 2073/2073
f 2529/2529 3983/3983 4026/4026
f 1403/1403 3960/3960 3478/3478
f 1538/1538 3478/3478 3845/3845
f 3303/3303 3069/3069 1530/1530
f 238/238 239/239 2369/2369
f 3480/3480 3370/3370 2514/2514
f 1267/1267 3480/3480 2514/2514
f 2641/2641 1480/1480 3481/3481
f 2241/2241 3481/3481 1480/1480
f 2132/2132 2297/2297 1831/1831
f 3210/3210 1264/1264 3277/3277
f 2230/2230 1541/1541 3483/3483
f 3483/3483 1541/1541 2276/2276
f 2682/2682 2777/2777 3484/3484
f 2777/2777 2682/2682 3939/3939
f 2228/2228 2252/2252 2871/2871
f 1218/1218 3093/3093 3485/3485
f 1791/1791 3485/3485 1536/1536
f 2587/2587 1677/1677 3090/3090
f 3488/3488 2709/2709 1807/1807
f 1967/1967 3488/3488 1807/1807
f 3489/3489 2940/2940 3548/3548
f 347/347 348/348 3490/3490
f 2059/2059 3490/3490 348/348
f 1759/1759 1838/1838 2964/2964
f 2596/2596 3385/3385 1782/1782
f 2080/2080 2848/2848 1938/1938
f 3493/3493 1539/1539 1791/1791
f 2222/2222 3493/3493 1791/1791
f 2336/2336 2443/2443 2515/2515
f 228/228 229/229 3496/3496
f 1749/1749 3496/3496 229/229
f 1960/1960 2001/2001 3497/3497
f 3499/3499 1679/1679 1586/1586
f 1951/1951 3499/3499 1586/1586
f 3660/3660 1956/1956 3500/3500
f 1219/1219 3500/3500 1956/1956
f 2081/2081 3501/3501 3864/3864
f 3002/3002 3982/3982 3502/3502
f 3982/3982 3002/3002 1405/1405
f 3503/3503 2630/2630 1290/1290
f 2298/2298 3503/3503 1290/1290
f 1680/1680 3511/3511 4037/4037
f 1596/1596 1278/1278 1416/1416
f 3086/3086 2374/2374 1341/1341
f 2007/2007 1385/1385 3513/3513
f 2759/2759 3513/3513 1385/1385
f 3181/3181 3514/3514 3296/3296
f 252/252 3515/3515 3144/3144
f 2180/2180 3517/3517 202/202
f 3518/3518 1322/1322 1803/1803
f 1862/1862 3518/3518 1803/1803
f 3025/3025 3778/3778 3520/3520
f 3818/3818 3815/3815 2848/2848
f 1427/1427 3521/3521 1888/1888
f 3522/3522 3547/3547 1931/1931
f 1403/1403 3522/3522 1931/1931
f 2696/2696 1252/1252 3525/3525
f 4061/4061 2785/2785 1515/1515
f 3529/3529 3380/3380 1666/1666
f 2522/2522 3529/3529 3206/3206
f 1779/1779 1419/1419 3594/3594
f 3901/3901 1792/1792 3530/3530
f 2041/2041 3530/3530 1792/1792
f 2425/2425 1273/1273 3113/3113
f 1342/1342 2235/2235 320/320
f 3535/3535 2793/2793 3742/3742
f 2943/2943 3535/3535 3742/3742
f 3573/3573 1433/1433 1446/1446
f 341/341 3537/3537 3994/3994
f 1610/1610 1368/1368 3538/3538
f 1616/1616 3538/3538 1368/1368
f 201/201 3517/3517 2064/2064
f 2570/2570 1335/1335 3539/3539
f 1828/1828 3539/3539 3905/3905
f 2996/2996 1490/1490 3540/3540
f 2875/2875 3540/3540 1490/1490
f 3064/3064 1351/1351 2594/2594
f 2020/2020 3389/3389 3706/3706
f 1860/1860 3541/3541 1242/1242
f 3311/3311 1639/1639 1757/1757
f 2672/2672 1677/1677 3542/3542
f 1677/1677 4095/4095 3542/3542
f 3545/3545 2214/2214 4066/4066
f 2052/2052 3545/3545 4066/4066
f 1220/1220 2954/2954 3483/3483
f 3546/3546 2827/2827 1276/1276
f 1939/1939 3546/3546 1276/1276
f 1294/1294 1848/1848 3547/3547
f 1469/1469 3547/3547 1848/1848
f 3489/3489 3548/3548 1813/1813
f 329/329 1900/1900 3549/3549
f 3296/3296 3549/3549 1900/1900
f 2569/2569 1985/1985 3550/3550
f 1236/1236 3550/3550 1985/1985
f 2490/2490 3545/3545 2052/2052
f 2811/2811 3980/3980 2680/2680
f 3356/3356 2061/2061 3552/3552
f 1816/1816 3552/3552 2061/2061
f 1679/1679 1767/1767 3802/3802
f 3147/3147 3673/3673 3553/3553
f 1288/1288 3553/3553 3673/3673
f 3796/3796 2510/2510 1211/1211
f 2370/2370 1578/1578 2474/2474
f 3556/3556 3245/3245 1588/1588
f 1379/1379 3556/3556 1588/1588
f 2540/2540 1545/1545 3557/3557
f 2665/2665 3557/3557 3045/3045
f 1205/1205 1872/1872 3558/3558
f 3558/3558 1872/1872 2736/2736
f 201/201 2064/2064 3126/3126
f 295/295 3367/3367 1572/1572
f 2136/2136 1596/1596 3019/3019
f 1319/1319 2313/2313 244/244
f 1498/1498 1856/1856 3561/3561
f 2186/2186 3561/3561 1856/1856
f 2454/2454 1338/1338 3562/3562
f 14/14 3132/3132 268/268
f 1932/1932 3761/3761 3563/3563
f 1943/1943 3563/3563 3761/3761
f 3320/3320 2440/2440 3564/3564
f 3478/3478 3522/3522 1403/1403
f 1746/1746 2843/2843 1859/1859
f 1842/1842 1409/1409 3567/3567
f 1812/1812 3567/3567 2498/2498
f 1291/1291 3989/3989 3570/3570
f 1752/1752 3573/3573 3456/3456
f 2909/2909 2607/2607 1994/1994
f 1735/1735 2025/2025 3577/3577
f 1628/1628 3577/3577 3465/3465
f 2143/2143 1957/1957 2884/2884
f 1632/1632 1887/1887 3579/3579
f 3341/3341 3579/3579 1887/1887
f 1431/1431 3696/3696 3580/3580
f 1222/1222 3580/3580 3696/3696
f 1932/1932 1619/1619 3581/3581
f 2346/2346 3581/3581 2639/2639
f 3570/3570 1394/1394 3582/3582
f 2155/2155 3582/3582 1394/1394
f 2844/2844 3196/3196 3583/3583
f 2041/2041 3583/3583 3196/3196
f 2687/2687 1891/1891 3584/3584
f 3584/3584 1891/1891 3729/3729
f 2885/2885 1452/1452 2339/2339
f 2453/2453 3442/3442 3585/3585
f 2596/2596 3411/3411 1585/1585
f 2100/2100 1871/1871 3586/3586
f 2778/2778 3586/3586 1871/1871
f 1558/1558 1834/1834 3319/3319
f 3501/3501 3829/3829 3588/3588
f 3137/3137 3588/3588 3829/3829
f 3489/3489 1813/1813 1552/1552
f 1688/1688 1529/1529 3590/3590
f 3130/3130 3590/3590 3740/3740
f 3177/3177 3340/3340 3743/3743
f 1939/1939 1276/1276 3592/3592
f 1531/1531 3592/3592 1276/1276
f 3217/3217 2483/2483 1250/1250
f 2325/2325 2461/2461 1221/1221
f 3371/3371 3941/3941 3594/3594
f 1858/1858 3594/3594 3941/3941
f 283/283 1348/1348 2259/2259
f 2485/2485 1888/1888 3521/3521
f 3276/3276 1287/1287 3595/3595
f 2033/2033 3595/3595 1287/1287
f 1818/1818 3324/3324 3837/3837
f 3596/3596 2623/2623 1686/1686
f 1223/1223 3596/3596 1686/1686
f 2559/2559 1695/1695 3597/3597
f 3597/3597 1695/1695 2563/2563
f 1967/1967 3598/3598 1433/1433
f 302/302 3461/3461 1504/1504
f 3599/3599 3962/3962 1587/1587
f 2065/2065 3599/3599 1587/1587
f 3909/3909 1777/1777 3600/3600
f 1761/1761 2724/2724 1484/1484
f 1628/1628 3778/3778 3025/3025
f 1416/1416 1300/1300 3601/3601
f 2099/2099 3601/3601 1300/1300
f 2201/2201 2115/2115 1362/1362
f 1738/1738 3461/3461 1503/1503
f 3483/3483 2276/2276 1700/1700
f 2403/2403 3607/3607 1451/1451
f 1507/1507 3855/3855 2287/2287
f 3236/3236 3855/3855 1909/1909
f 2105/2105 3879/3879 3610/3610
f 2317/2317 3610/3610 3879/3879
f 1694/1694 1270/1270 3310/3310
f 3562/3562 1708/1708 3611/3611
f 1462/1462 3611/3611 1708/1708
f 2402/2402 1349/1349 2870/2870
f 2371/2371 2907/2907 1713/1713
f 2140/2140 3616/3616 1386/1386
f 3595/3595 2033/2033 3619/3619
f 1573/1573 1876/1876 3620/3620
f 3620/3620 1876/1876 1572/1572
f 1285/1285 3784/3784 3621/3621
f 3621/3621 3784/3784 3843/3843
f 2709/2709 1324/1324 3622/3622
f 2550/2550 3622/3622 1324/1324
f 1309/1309 2087/2087 3623/3623
f 1714/1714 3623/3623 2087/2087
f 3048/3048 1554/1554 2588/2588
f 2811/2811 3371/3371 1238/1238
f 3625/3625 1804/1804 2599/2599
f 2052/2052 1996/1996 3626/3626
f 1522/1522 3626/3626 1996/1996
f 1827/1827 1650/1650 3627/3627
f 1921/1921 3627/3627 3064/3064
f 1983/1983 1969/1969 3628/3628
f 2277/2277 3628/3628 1969/1969
f 1420/1420 1380/1380 2793/2793
f 2074/2074 1233/1233 3633/3633
f 2059/2059 3633/3633 3490/3490
f 2576/2576 1810/1810 3634/3634
f 1560/1560 3634/3634 1810/1810
f 2048/2048 1560/1560 3636/3636
f 2362/2362 3636/3636 1560/1560
f 3285/3285 3477/3477 3637/3637
f 1430/1430 3637/3637 4090/4090
f 3638/3638 2865/2865 1703/1703
f 2359/2359 3638/3638 1703/1703
f 4024/4024 3093/3093 1258/1258
f 2384/2384 1486/1486 3096/3096
f 3640/3640 2482/2482 1750/1750
f 1369/1369 3640/3640 1750/1750
f 2419/2419 3002/3002 2972/2972
f 2792/2792 3644/3644 3666/3666
f 1224/1224 1995/1995 3647/3647
f 1527/1527 3647/3647 1995/1995
f 3564/3564 1513/1513 3648/3648
f 3788/3788 3648/3648 1513/1513
f 1425/1425 1562/1562 3649/3649
f 1828/1828 3649/3649 1562/1562
f 1499/1499 3135/3135 1856/1856
f 2282/2282 3650/3650 3421/3421
f 2282/2282 1818/1818 3650/3650
f 1913/1913 3650/3650 1818/1818
f 1866/1866 3460/3460 3651/3651
f 3324/3324 3651/3651 1754/1754
f 2436/2436 2955/2955 1442/1442
f 1560/1560 1492/1492 3652/3652
f 2936/2936 3652/3652 1492/1492
f 3401/3401 3653/3653 4046/4046
f 1915/1915 1412/1412 3654/3654
f 1916/1916 3654/3654 1412/1412
f 2308/2308 1312/1312 3655/3655
f 3051/3051 3655/3655 1312/1312
f 3672/3672 1691/1691 1336/1336
f 1691/1691 1333/1333 1336/1336
f 3386/3386 2023/2023 3194/3194
f 3962/3962 1578/1578 4110/4110
f 2931/2931 4110/4110 1578/1578
f 1597/1597 3104/3104 1944/1944
f 3500/3500 3134/3134 3660/3660
f 2956/2956 1366/1366 3663/3663
f 2369/2369 3663/3663 1366/1366
f 1483/1483 4009/4009 3665/3665
f 2766/2766 3665/3665 4009/4009
f 2700/2700 1756/1756 3666/3666
f 1217/1217 3666/3666 1756/1756
f 2943/2943 1525/1525 3667/3667
f 1397/1397 3667/3667 1525/1525
f 3669/3669 3177/3177 1890/1890
f 1975/1975 3669/3669 1890/1890
f 2760/2760 1708/1708 3562/3562
f 2764/2764 1483/1483 3671/3671
f 1984/1984 3671/3671 1483/1483
f 1692/1692 1493/1493 3672/3672
f 1691/1691 3672/3672 1493/1493
f 3674/3674 4008/4008 2418/2418
f 2026/2026 3674/3674 2418/2418
f 2002/2002 3676/3676 1678/1678
f 1214/1214 2990/2990 2220/2220
f 4043/4043 3294/3294 3677/3677
f 3294/3294 4043/4043 3933/3933
f 2718/2718 1511/1511 3678/3678
f 1998/1998 3678/3678 1511/1511
f 2678/2678 1909/1909 12/12
f 1945/1945 2678/2678 12/12
f 3679/3679 3179/3179 1249/1249
f 3192/3192 3679/3679 1249/1249
f 2003/2003 3063/3063 4143/4143
f 1315/1315 3585/3585 3442/3442
f 1624/1624 2073/2073 3426/3426
f 1540/1540 3136/3136 2908/2908
f 2569/2569 4003/4003 2027/2027
f 2109/2109 3685/3685 1310/1310
f 4019/4019 2044/2044 3686/3686
f 3404/3404 3688/3688 1257/1257
f 3689/3689 2505/2505 1840/1840
f 3922/3922 3689/3689 3391/3391
f 3247/3247 1719/1719 1328/1328
f 3434/3434 4059/4059 3690/3690
f 2158/2158 1275/1275 3691/3691
f 2086/2086 3691/3691 1275/1275
f 4085/4085 3737/3737 3692/3692
f 3694/3694 1357/1357 1968/1968
f 1467/1467 3694/3694 1968/1968
f 1911/1911 3538/3538 3695/3695
f 2079/2079 3695/3695 3375/3375
f 3696/3696 1431/1431 1908/1908
f 1924/1924 3696/3696 1908/1908
f 2162/2162 1622/1622 3699/3699
f 2680/2680 3699/3699 1622/1622
f 3015/3015 2616/2616 1465/1465
f 1280/1280 3085/3085 1950/1950
f 2259/2259 2295/2295 1272/1272
f 1977/1977 318/318 3703/3703
f 1898/1898 3703/3703 319/319
f 1549/1549 1849/1849 2193/2193
f 1544/1544 1873/1873 3735/3735
f 3539/3539 1828/1828 3706/3706
f 4110/4110 3708/3708 2794/2794
f 2109/2109 1360/1360 2693/2693
f 2016/2016 1339/1339 3710/3710
f 1223/1223 3619/3619 2033/2033
f 3037/3037 3145/3145 1878/1878
f 2685/2685 2049/2049 3248/3248
f 2494/2494 3713/3713 2808/2808
f 4108/4108 1612/1612 3714/3714
f 1820/1820 3780/3780 3717/3717
f 2651/2651 3717/3717 2849/2849
f 1771/1771 3322/3322 1528/1528
f 1598/1598 1615/1615 3719/3719
f 2071/2071 3719/3719 4067/4067
f 2486/2486 2398/2398 1285/1285
f 2563/2563 3222/3222 3721/3721
f 2544/2544 3721/3721 3222/3222
f 1984/1984 1483/1483 3665/3665
f 1743/1743 1860/1860 3723/3723
f 3723/3723 1860/1860 1516/1516
f 1237/1237 1578/1578 2370/2370
f 1302/1302 1834/1834 3724/3724
f 1558/1558 3724/3724 1834/1834
f 2291/2291 275/275 3222/3222
f 2607/2607 1591/1591 3209/3209
f 3584/3584 3729/3729 1661/1661
f 2277/2277 3050/3050 1327/1327
f 1857/1857 1545/1545 3730/3730
f 3730/3730 1545/1545 3974/3974
f 2569/2569 3180/3180 1985/1985
f 2392/2392 1955/1955 3251/3251
f 2715/2715 3729/3729 1891/1891
f 2341/2341 1514/1514 2207/2207
f 2899/2899 1530/1530 3733/3733
f 3069/3069 3733/3733 1530/1530
f 3735/3735 2788/2788 1544/1544
f 2519/2519 1727/1727 2451/2451
f 3737/3737 4085/4085 1311/1311
f 4077/4077 3737/3737 1311/1311
f 335/335 1382/1382 3738/3738
f 4038/4038 3738/3738 3787/3787
f 1529/1529 2038/2038 3740/3740
f 2161/2161 3740/3740 2038/2038
f 3204/3204 2718/2718 1658/1658
f 3303/3303 2940/2940 3489/3489
f 2569/2569 2356/2356 4003/4003
f 1894/1894 3433/3433 1352/1352
f 3743/3743 3340/3340 1234/1234
f 1693/1693 3743/3743 1234/1234
f 2910/2910 1609/1609 3745/3745
f 1910/1910 3745/3745 1609/1609
f 2107/2107 3455/3455 1443/1443
f 2545/2545 3747/3747 2925/2925
f 1791/1791 1758/1758 3553/3553
f 2828/2828 1289/1289 3750/3750
f 3558/3558 3001/3001 3440/3440
f 2912/2912 3090/3090 1677/1677
f 2672/2672 2912/2912 1677/1677
f 3408/3408 3691/3691 3109/3109
f 3686/3686 3989/3989 3317/3317
f 4169/4169 3421/3421 197/197
f 1930/1930 1296/1296 3753/3753
f 2597/2597 3753/3753 1296/1296
f 1537/1537 3750/3750 3754/3754
f 2003/2003 3246/3246 3063/3063
f 2374/2374 2780/2780 1341/1341
f 2906/2906 1291/1291 2875/2875
f 1405/1405 3439/3439 3756/3756
f 2250/2250 3756/3756 3439/3439
f 2342/2342 3311/3311 1283/1283
f 1639/1639 1387/1387 3321/3321
f 1701/1701 2087/2087 3757/3757
f 1309/1309 3757/3757 2087/2087
f 3575/3575 3759/3759 4036/4036
f 272/272 1400/1400 3760/3760
f 1765/1765 1772/1772 3761/3761
f 3821/3821 3761/3761 1772/1772
f 3762/3762 2597/2597 1776/1776
f 2003/2003 3762/3762 1776/1776
f 3567/3567 3175/3175 2437/2437
f 2047/2047 3561/3561 3409/3409
f 1819/1819 1865/1865 3306/3306
f 3376/3376 1831/1831 1543/1543
f 1458/1458 2015/2015 2380/2380
f 3397/3397 289/289 2057/2057
f 3227/3227 1231/1231 2133/2133
f 1743/1743 3760/3760 3541/3541
f 2070/2070 1807/1807 2709/2709
f 1495/1495 2066/2066 3764/3764
f 1487/1487 3764/3764 2066/2066
f 3767/3767 1252/1252 1389/1389
f 2674/2674 3767/3767 1389/1389
f 3754/3754 3768/3768 1537/1537
f 2323/2323 3051/3051 3130/3130
f 3485/3485 3093/3093 1536/1536
f 3183/3183 3107/3107 1603/1603
f 1999/1999 2054/2054 3770/3770
f 1716/1716 3770/3770 2054/2054
f 2356/2356 3550/3550 3771/3771
f 2083/2083 3771/3771 3550/3550
f 2389/2389 3427/3427 3367/3367
f 2962/2962 2420/2420 3972/3972
f 3676/3676 4015/4015 2068/2068
f 3307/3307 3676/3676 2068/2068
f 2341/2341 2220/2220 2990/2990
f 3324/3324 2639/2639 1619/1619
f 258/258 1241/1241 2547/2547
f 2870/2870 1902/1902 3773/3773
f 277/277 3773/3773 1902/1902
f 3130/3130 3740/3740 1323/1323
f 3303/3303 3489/3489 2090/2090
f 2378/2378 1334/1334 3777/3777
f 273/273 1400/1400 272/272
f 1628/1628 1440/1440 3778/3778
f 2462/2462 3778/3778 1440/1440
f 3717/3717 3780/3780 2849/2849
f 3404/3404 3737/3737 4077/4077
f 2979/2979 3672/3672 1336/1336
f 3783/3783 4007/4007 1704/1704
f 3344/3344 3783/3783 1704/1704
f 1285/1285 1832/1832 3784/3784
f 1429/1429 3784/3784 1832/1832
f 2522/2522 1522/1522 3088/3088
f 3787/3787 4010/4010 2882/2882
f 2056/2056 2413/2413 4119/4119
f 1904/1904 2421/2421 291/291
f 1513/1513 1735/1735 3788/3788
f 3106/3106 3788/3788 1735/1735
f 1683/1683 3900/3900 3791/3791
f 1760/1760 3791/3791 3900/3900
f 3793/3793 3956/3956 1792/1792
f 3793/3793 1792/1792 3901/3901
f 3127/3127 1542/1542 2852/2852
f 2261/2261 1954/1954 3795/3795
f 1604/1604 3795/3795 1954/1954
f 3554/3554 1731/1731 3796/3796
f 2402/2402 3796/3796 1731/1731
f 3258/3258 3265/3265 1990/1990
f 1259/1259 3537/3537 1657/1657
f 3144/3144 3515/3515 1648/1648
f 1205/1205 1554/1554 3048/3048
f 2817/2817 3213/3213 3104/3104
f 3472/3472 1627/1627 3801/3801
f 1802/1802 3801/3801 2301/2301
f 2802/2802 1987/1987 3757/3757
f 2364/2364 2914/2914 3484/3484
f 1204/1204 4068/4068 3802/3802
f 1679/1679 3802/3802 1586/1586
f 3803/3803 3320/3320 1565/1565
f 1383/1383 3803/3803 1565/1565
f 3213/3213 4146/4146 3806/3806
f 1943/1943 3806/3806 4146/4146
f 1592/1592 3750/3750 1537/1537
f 2700/2700 3644/3644 1950/1950
f 2975/2975 1875/1875 3810/3810
f 3811/3811 2030/2030 2088/2088
f 2088/2088 3415/3415 3811/3811
f 3714/3714 1612/1612 3655/3655
f 2308/2308 3655/3655 3173/3173
f 2848/2848 3815/3815 3372/3372
f 3341/3341 2187/2187 1847/1847
f 2952/2952 308/308 3816/3816
f 309/309 3816/3816 308/308
f 3745/3745 1749/1749 2910/2910
f 2550/2550 3511/3511 1371/1371
f 1688/1688 1893/1893 3818/3818
f 1523/1523 3818/3818 1893/1893
f 1448/1448 1689/1689 2651/2651
f 1885/1885 3473/3473 2547/2547
f 3690/3690 2832/2832 3434/3434
f 1405/1405 3756/3756 3235/3235
f 3104/3104 3821/3821 4162/4162
f 3754/3754 3750/3750 1289/1289
f 2563/2563 3721/3721 1742/1742
f 3597/3597 2563/2563 1742/1742
f 3259/3259 3224/3224 1809/1809
f 2443/2443 3199/3199 2858/2858
f 3823/3823 2998/2998 1766/1766
f 2006/2006 3823/3823 1766/1766
f 3290/3290 3399/3399 2757/2757
f 2198/2198 1449/1449 3407/3407
f 2714/2714 3062/3062 2918/2918
f 2872/2872 1215/1215 3125/3125
f 3826/3826 2046/2046 3890/3890
f 2284/2284 1580/1580 3827/3827
f 2160/2160 3827/3827 1580/1580
f 3286/3286 1952/1952 3829/3829
f 3137/3137 3829/3829 1952/1952
f 1455/1455 2184/2184 2047/2047
f 3625/3625 2599/2599 1994/1994
f 230/230 231/231 3830/3830
f 3404/3404 2565/2565 3737/3737
f 2043/2043 1479/1479 2813/2813
f 1913/1913 1818/1818 3837/3837
f 1754/1754 3837/3837 3324/3324
f 1267/1267 1423/1423 3838/3838
f 1207/1207 3838/3838 1423/1423
f 3235/3235 3839/3839 1534/1534
f 3107/3107 1459/1459 2404/2404
f 1518/1518 3513/3513 2036/2036
f 1783/1783 1278/1278 3843/3843
f 1835/1835 3843/3843 1278/1278
f 192/192 2914/2914 1914/1914
f 2588/2588 1554/1554 3845/3845
f 3768/3768 2727/2727 4004/4004
f 3490/3490 3654/3654 1916/1916
f 2403/2403 2826/2826 1714/1714
f 3145/3145 3503/3503 3446/3446
f 1662/1662 1892/1892 3850/3850
f 2808/2808 3850/3850 1892/1892
f 3582/3582 1621/1621 3210/3210
f 3660/3660 3134/3134 1306/1306
f 1317/1317 1513/1513 3564/3564
f 3403/3403 3273/3273 3330/3330
f 247/247 1909/1909 3855/3855
f 2287/2287 3855/3855 3236/3236
f 3857/3857 2135/2135 1504/1504
f 3461/3461 3857/3857 1504/1504
f 2066/2066 2092/2092 3858/3858
f 1719/1719 3858/3858 3877/3877
f 2103/2103 2302/2302 1901/1901
f 2154/2154 1635/1635 3862/3862
f 1837/1837 3862/3862 1635/1635
f 1690/1690 3988/3988 3777/3777
f 2081/2081 3864/3864 1879/1879
f 3867/3867 3644/3644 2017/2017
f 2001/2001 3867/3867 3497/3497
f 2366/2366 3764/3764 3020/3020
f 1704/1704 2084/2084 3344/3344
f 2157/2157 1378/1378 3873/3873
f 2684/2684 3873/3873 1378/1378
f 1988/1988 1863/1863 3874/3874
f 3867/3867 2017/2017 3497/3497
f 1328/1328 1719/1719 3877/3877
f 2092/2092 3877/3877 3858/3858
f 2703/2703 2717/2717 1244/1244
f 3476/3476 3426/3426 2073/2073
f 1850/1850 3217/3217 1589/1589
f 1689/1689 1318/1318 3879/3879
f 1669/1669 3879/3879 1318/1318
f 271/271 1213/1213 3880/3880
f 2687/2687 3880/3880 1213/1213
f 3554/3554 1211/1211 3881/3881
f 1763/1763 3881/3881 1211/1211
f 3251/3251 1955/1955 3884/3884
f 3884/3884 1955/1955 2506/2506
f 2384/2384 2911/2911 1867/1867
f 3887/3887 4044/4044 1256/1256
f 2034/2034 3887/3887 1256/1256
f 1654/1654 1993/1993 3889/3889
f 1224/1224 3889/3889 1993/1993
f 3826/3826 3890/3890 2042/2042
f 334/334 4038/4038 3891/3891
f 1357/1357 3891/3891 4038/4038
f 2578/2578 1873/1873 2618/2618
f 3845/3845 3478/3478 3960/3960
f 1469/1469 2001/2001 3893/3893
f 1415/1415 3893/3893 2001/2001
f 2874/2874 3894/3894 1470/1470
f 3473/3473 257/257 3861/3861
f 1804/1804 1389/1389 3896/3896
f 4158/4158 3896/3896 1389/1389
f 1936/1936 1359/1359 3898/3898
f 1535/1535 3898/3898 2686/2686
f 2732/2732 2622/2622 3598/3598
f 2777/2777 3939/3939 3837/3837
f 2692/2692 4037/4037 3900/3900
f 2096/2096 3900/3900 4037/4037
f 2313/2313 3127/3127 1508/1508
f 3530/3530 1868/1868 3901/3901
f 3793/3793 3901/3901 1384/1384
f 1543/1543 2043/2043 3928/3928
f 2813/2813 3928/3928 2043/2043
f 3904/3904 2662/2662 2617/2617
f 2104/2104 3904/3904 2617/2617
f 1302/1302 3608/3608 1834/1834
f 3265/3265 2993/2993 1608/1608
f 1335/1335 1462/1462 3905/3905
f 1708/1708 3905/3905 1462/1462
f 2268/2268 1230/1230 2131/2131
f 260/260 3713/3713 259/259
f 4155/4155 3450/3450 1260/1260
f 3907/3907 2975/2975 1564/1564
f 1383/1383 3907/3907 1564/1564
f 1941/1941 3838/3838 1207/1207
f 1962/1962 3908/3908 3500/3500
f 2898/2898 3278/3278 1345/1345
f 3787/3787 2882/2882 1968/1968
f 2684/2684 1378/1378 3909/3909
f 2434/2434 3909/3909 1378/1378
f 1831/1831 2043/2043 1543/1543
f 2192/2192 1782/1782 3911/3911
f 2299/2299 3911/3911 3385/3385
f 2119/2119 1613/1613 2748/2748
f 2199/2199 2716/2716 1388/1388
f 3009/3009 1284/1284 3917/3917
f 1945/1945 3917/3917 1284/1284
f 3621/3621 3843/3843 1835/1835
f 2989/2989 1406/1406 1879/1879
f 2158/2158 3408/3408 2865/2865
f 2166/2166 3919/3919 4165/4165
f 1893/1893 2828/2828 1523/1523
f 2166/2166 3922/3922 3894/3894
f 3923/3923 4106/4106 1882/1882
f 1535/1535 3923/3923 2970/2970
f 2769/2769 338/338 2737/2737
f 2106/2106 3530/3530 3196/3196
f 2512/2512 1502/1502 3045/3045
f 3925/3925 2023/2023 1395/1395
f 1851/1851 3925/3925 1395/1395
f 2978/2978 278/278 3926/3926
f 279/279 3926/3926 278/278
f 1543/1543 3928/3928 1974/1974
f 2604/2604 1843/1843 3929/3929
f 2325/2325 3929/3929 1843/1843
f 3034/3034 3608/3608 3931/3931
f 1302/1302 3931/3931 3608/3608
f 2661/2661 2892/2892 1376/1376
f 331/331 332/332 3933/3933
f 3933/3933 332/332 3999/3999
f 1421/1421 1778/1778 3934/3934
f 2028/2028 3934/3934 1778/1778
f 3085/3085 3937/3937 2676/2676
f 3418/3418 3247/3247 1328/1328
f 2882/2882 1869/1869 3247/3247
f 2682/2682 194/194 3939/3939
f 195/195 3939/3939 194/194
f 1367/1367 3377/3377 2079/2079
f 3017/3017 1593/1593 2255/2255
f 1647/1647 1723/1723 3941/3941
f 1858/1858 3941/3941 1723/1723
f 3403/3403 3330/3330 3942/3942
f 2727/2727 3942/3942 3330/3330
f 2419/2419 3176/3176 3439/3439
f 3695/3695 3538/3538 3375/3375
f 3034/3034 3931/3931 3944/3944
f 2634/2634 3944/3944 3931/3931
f 2484/2484 3067/3067 1715/1715
f 2793/2793 1274/1274 3742/3742
f 2176/2176 1779/1779 3946/3946
f 2068/2068 3946/3946 1779/1779
f 1685/1685 2081/2081 3948/3948
f 1441/1441 3948/3948 2081/2081
f 2156/2156 2885/2885 1601/1601
f 3724/3724 2736/2736 1447/1447
f 1624/1624 2053/2053 3952/3952
f 1476/1476 3952/3952 2053/2053
f 3028/3028 2073/2073 2216/2216
f 1253/1253 1407/1407 3767/3767
f 2344/2344 3908/3908 1327/1327
f 2608/2608 1365/1365 3953/3953
f 1224/1224 3953/3953 1365/1365
f 2737/2737 3171/3171 1784/1784
f 2649/2649 1569/1569 3955/3955
f 2058/2058 3955/3955 1569/1569
f 4104/4104 1960/1960 3956/3956
f 1314/1314 3956/3956 1960/1960
f 1779/1779 1607/1607 3307/3307
f 1404/1404 1274/1274 3959/3959
f 2731/2731 3959/3959 1274/1274
f 3386/3386 3960/3960 4084/4084
f 3961/3961 3067/3067 2918/2918
f 1471/1471 3588/3588 1428/1428
f 1428/1428 4017/4017 1471/1471
f 2636/2636 1587/1587 3962/3962
f 2234/2234 1855/1855 3964/3964
f 1397/1397 3964/3964 1855/1855
f 3501/3501 2081/2081 3965/3965
f 1685/1685 3965/3965 2081/2081
f 3251/3251 3648/3648 3788/3788
f 1653/1653 1307/1307 2601/2601
f 3811/3811 3415/3415 1808/1808
f 2955/2955 1456/1456 3628/3628
f 1514/1514 1978/1978 2930/2930
f 1563/1563 2055/2055 3968/3968
f 1670/1670 3968/3968 2055/2055
f 3898/3898 2970/2970 1432/1432
f 1651/1651 1242/1242 3541/3541
f 3180/3180 1824/1824 3971/3971
f 1436/1436 3971/3971 1824/1824
f 2986/2986 1341/1341 3972/3972
f 2780/2780 3972/3972 1341/1341
f 1207/1207 4015/4015 3676/3676
f 3974/3974 3857/3857 1738/1738
f 3730/3730 3974/3974 1738/1738
f 2101/2101 2789/2789 1793/1793
f 2680/2680 3018/3018 3699/3699
f 2578/2578 1337/1337 1532/1532
f 1561/1561 2578/2578 1532/1532
f 3686/3686 2044/2044 3977/3977
f 1976/1976 3977/3977 2044/2044
f 1407/1407 3525/3525 1252/1252
f 3839/3839 1933/1933 2342/2342
f 3018/3018 3980/3980 1421/1421
f 1749/1749 3830/3830 1367/1367
f 2011/2011 2681/2681 2989/2989
f 1534/1534 2032/2032 3982/3982
f 3502/3502 3982/3982 2032/2032
f 2515/2515 3934/3934 2028/2028
f 1540/1540 3983/3983 2716/2716
f 3663/3663 240/240 2734/2734
f 3616/3616 1559/1559 3759/3759
f 1301/1301 3759/3759 1559/1559
f 3520/3520 1441/1441 1406/1406
f 1948/1948 1712/1712 3985/3985
f 3422/3422 3985/3985 1712/1712
f 3987/3987 3858/3858 1719/1719
f 1869/1869 3987/3987 1719/1719
f 2971/2971 1510/1510 3988/3988
f 2015/2015 3988/3988 1510/1510
f 1469/1469 1949/1949 3937/3937
f 3596/3596 1457/1457 1671/1671
f 2098/2098 3653/3653 1768/1768
f 3977/3977 1394/1394 3989/3989
f 3989/3989 1394/1394 3570/3570
f 3411/3411 1576/1576 4042/4042
f 1467/1467 1454/1454 3677/3677
f 2067/2067 3677/3677 1454/1454
f 3537/3537 1259/1259 3994/3994
f 2298/2298 3994/3994 1259/1259
f 3259/3259 3245/3245 3556/3556
f 260/260 1922/1922 2808/2808
f 3246/3246 1424/1424 3996/3996
f 2099/2099 3996/3996 1424/1424
f 2866/2866 2907/2907 2415/2415
f 2791/2791 1261/1261 2491/2491
f 3891/3891 1357/1357 3999/3999
f 3933/3933 3999/3999 3294/3294
f 2871/2871 2252/2252 4087/4087
f 3660/3660 4027/4027 1832/1832
f 1298/1298 1919/1919 2328/2328
f 1332/1332 3361/3361 1970/1970
f 4001/4001 3597/3597 1212/1212
f 1422/1422 4001/4001 1212/1212
f 1645/1645 1717/1717 4003/4003
f 2027/2027 4003/4003 1717/1717
f 4004/4004 2727/2727 1232/1232
f 2137/2137 4004/4004 1232/1232
f 3525/3525 2055/2055 4006/4006
f 1563/1563 4006/4006 2055/2055
f 4007/4007 3783/3783 1979/1979
f 1404/1404 4007/4007 1979/1979
f 1550/1550 4008/4008 2996/2996
f 2497/2497 4013/4013 1590/1590
f 2879/2879 2497/2497 1590/1590
f 4101/4101 2008/2008 3463/3463
f 1436/1436 4009/4009 4101/4101
f 1626/1626 2357/2357 3335/3335
f 1356/1356 2928/2928 1928/1928
f 3787/3787 1382/1382 4010/4010
f 3390/3390 4010/4010 1382/1382
f 4011/4011 3374/3374 1532/1532
f 1889/1889 4011/4011 1532/1532
f 2198/2198 1444/1444 2505/2505
f 2243/2243 2962/2962 3972/3972
f 2760/2760 2911/2911 1425/1425
f 3575/3575 4036/4036 1830/1830
f 1217/1217 3575/3575 1830/1830
f 2061/2061 3881/3881 1763/1763
f 2497/2497 1305/1305 4013/4013
f 2989/2989 4013/4013 1305/1305
f 2597/2597 1679/1679 3499/3499
f 2818/2818 2068/2068 4015/4015
f 2358/2358 1432/1432 4016/4016
f 1499/1499 4016/4016 2970/2970
f 4017/4017 1428/1428 1854/1854
f 1497/1497 4017/4017 1854/1854
f 2440/2440 4018/4018 2010/2010
f 3575/3575 1386/1386 3616/3616
f 2906/2906 4134/4134 3317/3317
f 2483/2483 1850/1850 2922/2922
f 1456/1456 4018/4018 2077/2077
f 1715/1715 1806/1806 2566/2566
f 232/232 1748/1748 231/231
f 1304/1304 2499/2499 1992/1992
f 1297/1297 1951/1951 3708/3708
f 3465/3465 2508/2508 1628/1628
f 3001/3001 2750/2750 3440/3440
f 2222/2222 1536/1536 4024/4024
f 3093/3093 4024/4024 1536/1536
f 2215/2215 3803/3803 1515/1515
f 3068/3068 1938/1938 4025/4025
f 2848/2848 4025/4025 1938/1938
f 4026/4026 1710/1710 1470/1470
f 1429/1429 1832/1832 4027/4027
f 1306/1306 4027/4027 3660/3660
f 3037/3037 1602/1602 4029/4029
f 3175/3175 2105/2105 2603/2603
f 2371/2371 3724/3724 1447/1447
f 1512/1512 3714/3714 3204/3204
f 1689/1689 3321/3321 1318/1318
f 3999/3999 333/333 3891/3891
f 2908/2908 2042/2042 3890/3890
f 3194/3194 1637/1637 3043/3043
f 1887/1887 3735/3735 3341/3341
f 4036/4036 3759/3759 2948/2948
f 2844/2844 4036/4036 2948/2948
f 3511/3511 1752/1752 4037/4037
f 3787/3787 1968/1968 4038/4038
f 1357/1357 4038/4038 1968/1968
f 2394/2394 2557/2557 3319/3319
f 3132/3132 3092/3092 3420/3420
f 3884/3884 2506/2506 3747/3747
f 4042/4042 1618/1618 2065/2065
f 3411/3411 4042/4042 2065/2065
f 3677/3677 1346/1346 4043/4043
f 1739/1739 4043/4043 1346/1346
f 3690/3690 4044/4044 2832/2832
f 1935/1935 1726/1726 4046/4046
f 3401/3401 4046/4046 1726/1726
f 3034/3034 3514/3514 3608/3608
f 2998/2998 2889/2889 3911/3911
f 2949/2949 3934/3934 2515/2515
f 1306/1306 3823/3823 4027/4027
f 1939/1939 1667/1667 4051/4051
f 3071/3071 4051/4051 1667/1667
f 3100/3100 1379/1379 4054/4054
f 2576/2576 4054/4054 1379/1379
f 3401/3401 3968/3968 1670/1670
f 3122/3122 2773/2773 2091/2091
f 2391/2391 1639/1639 3141/3141
f 2173/2173 1934/1934 3827/3827
f 4137/4137 1465/1465 4057/4057
f 3415/3415 4057/4057 1465/1465
f 4058/4058 3418/3418 1328/1328
f 1600/1600 4058/4058 3877/3877
f 2794/2794 3708/3708 1951/1951
f 4059/4059 3434/3434 1520/1520
f 1391/1391 4059/4059 1520/1520
f 3271/3271 1391/1391 4060/4060
f 1883/1883 4060/4060 1391/1391
f 3190/3190 243/243 2513/2513
f 1935/1935 3839/3839 1726/1726
f 2710/2710 4061/4061 1515/1515
f 1771/1771 3953/3953 3647/3647
f 2935/2935 1741/1741 248/248
f 12/12 248/248 1741/1741
f 3929/3929 3185/3185 2669/2669
f 1472/1472 2142/2142 1519/1519
f 2040/2040 2746/2746 1294/1294
f 4077/4077 1311/1311 4066/4066
f 1923/1923 4066/4066 1311/1311
f 184/184 3232/3232 183/183
f 2154/2154 2071/2071 4067/4067
f 1615/1615 4067/4067 3719/3719
f 1204/1204 1271/1271 4068/4068
f 1295/1295 1663/1663 4069/4069
f 2099/2099 4069/4069 1663/1663
f 2011/2011 2989/2989 1305/1305
f 1377/1377 2996/2996 4008/4008
f 2394/2394 1281/1281 4073/4073
f 3181/3181 4073/4073 1281/1281
f 2633/2633 1214/1214 3620/3620
f 1802/1802 2301/2301 1358/1358
f 2917/2917 2634/2634 3931/3931
f 1789/1789 1257/1257 3688/3688
f 2214/2214 1308/1308 4077/4077
f 1790/1790 4077/4077 1308/1308
f 2344/2344 3050/3050 1684/1684
f 1254/1254 2617/2617 2662/2662
f 235/235 4088/4088 4079/4079
f 1656/1656 4079/4079 4088/4088
f 1372/1372 1657/1657 4080/4080
f 342/342 4080/4080 3537/3537
f 3741/3741 3051/3051 4103/4103
f 1761/1761 2097/2097 3422/3422
f 1817/1817 1395/1395 4084/4084
f 2023/2023 4084/4084 1395/1395
f 3692/3692 1539/1539 4085/4085
f 1957/1957 4085/4085 2884/2884
f 1223/1223 1946/1946 4087/4087
f 2871/2871 4087/4087 1946/1946
f 235/235 236/236 4088/4088
f 2656/2656 4088/4088 236/236
f 2041/2041 3058/3058 3583/3583
f 278/278 2978/2978 3773/3773
f 3477/3477 1653/1653 4090/4090
f 3230/3230 4090/4090 2601/2601
f 4091/4091 248/248 249/249
f 2084/2084 4091/4091 249/249
f 4093/4093 3125/3125 1215/1215
f 1904/1904 4093/4093 1215/1215
f 2377/2377 3919/3919 2166/2166
f 3597/3597 1990/1990 2559/2559
f 244/244 245/245 1319/1319
f 2587/2587 2039/2039 4095/4095
f 2514/2514 4095/4095 2039/2039
f 4061/4061 1478/1478 4099/4099
f 2336/2336 4099/4099 1478/1478
f 3463/3463 1712/1712 4101/4101
f 1436/1436 4101/4101 1712/1712
f 1279/1279 4143/4143 4102/4102
f 1248/1248 4102/4102 4143/4143
f 1374/1374 1893/1893 4103/4103
f 3741/3741 4103/4103 1893/1893
f 1415/1415 1960/1960 4104/4104
f 1851/1851 1269/1269 3793/3793
f 2694/2694 1905/1905 4106/4106
f 1568/1568 4106/4106 1905/1905
f 1516/1516 2993/2993 4139/4139
f 1663/1663 1295/1295 4107/4107
f 2106/2106 4107/4107 1295/1295
f 2640/2640 1231/1231 4108/4108
f 2070/2070 4108/4108 1231/1231
f 2931/2931 1524/1524 4110/4110
f 1297/1297 4110/4110 1524/1524
f 1382/1382 335/335 4112/4112
f 336/336 4112/4112 335/335
f 1864/1864 2943/2943 1240/1240
f 3558/3558 2736/2736 1558/1558
f 4115/4115 3827/3827 1934/1934
f 1553/1553 4115/4115 1934/1934
f 2223/2223 1239/1239 4116/4116
f 2926/2926 4116/4116 1239/1239
f 2821/2821 1275/1275 4117/4117
f 2158/2158 4117/4117 1275/1275
f 4119/4119 2672/2672 3542/3542
f 2056/2056 4119/4119 3542/3542
f 2570/2570 1625/1625 3521/3521
f 289/289 3249/3249 2057/2057
f 3466/3466 1801/1801 4121/4121
f 1353/1353 4121/4121 1801/1801
f 3552/3552 2103/2103 4123/4123
f 1350/1350 4123/4123 2103/2103
f 275/275 276/276 4126/4126
f 1660/1660 4126/4126 276/276
f 4110/4110 1297/1297 3708/3708
f 1434/1434 4019/4019 4134/4134
f 3317/3317 4134/4134 4019/4019
f 4137/4137 2054/2054 4134/4134
f 3015/3015 4137/4137 4134/4134
f 2558/2558 1906/1906 4138/4138
f 1744/1744 4138/4138 1906/1906
f 1676/1676 1516/1516 4139/4139
f 2899/2899 2512/2512 1857/1857
f 205/205 9/9 4142/4142
f 2551/2551 4142/4142 9/9
f 3063/3063 1485/1485 4143/4143
f 1248/1248 4143/4143 1485/1485
f 3653/3653 1670/1670 4145/4145
f 1253/1253 4145/4145 1670/1670
f 3450/3450 1866/1866 4146/4146
f 1943/1943 4146/4146 1866/1866
f 2786/2786 1505/1505 4147/4147
f 2698/2698 4147/4147 1505/1505
f 2180/2180 1229/1229 2600/2600
f 2462/2462 1440/1440 3234/3234
f 1617/1617 1501/1501 4154/4154
f 2030/2030 4154/4154 1501/1501
f 1433/1433 3598/3598 4155/4155
f 2622/2622 4155/4155 3598/3598
f 3956/3956 1269/1269 4104/4104
f 2641/2641 3481/3481 4158/4158
f 3143/3143 4158/4158 3481/3481
f 4013/4013 3864/3864 1590/1590
f 3801/3801 1802/1802 4161/4161
f 2783/2783 4161/4161 1802/1802
f 3123/3123 1844/1844 4162/4162
f 1944/1944 4162/4162 1844/1844
f 1917/1917 185/185 4164/4164
f 186/186 4164/4164 185/185
f 3919/3919 1498/1498 4165/4165
f 2184/2184 4165/4165 1498/1498
f 2874/2874 3826/3826 3117/3117
f 3874/3874 1391/1391 3271/3271
f 2847/2847 253/253 4167/4167
f 254/254 4167/4167 253/253
f 197/197 198/198 4169/4169
f 1673/1673 4169/4169 198/198
f 223/223 1655/1655 4170/4170
f 2072/2072 4170/4170 1655/1655
