# File exported by Houdini 19.5.605 (www.sidefx.com)
# 6408 points
# 36447 vertices
# 12149 primitives
# Bounds: [0.381583363, 0.128604531, 0.29246819] to [0.617894888, 0.319416702, 0.66028595]
g 
v 0.38933295 0.222624823 0.293921113
v 0.395074904 0.217601746 0.517493367
v 0.405565083 0.257642061 0.643107533
v 0.457891732 0.258579791 0.652571321
v 0.542486548 0.259345293 0.65253222
v 0.595261574 0.258834243 0.64325428
v 0.604837894 0.219304919 0.516515613
v 0.610721111 0.224652037 0.292473435
v 0.604839563 0.219258249 0.516510725
v 0.59526211 0.258790076 0.643252015
v 0.542485058 0.259079158 0.652415633
v 0.50081259 0.162748173 0.563822389
v 0.457892358 0.258423358 0.652505517
v 0.405565619 0.257604271 0.643105149
v 0.39507395 0.217575759 0.517491341
v 0.38931784 0.222515777 0.29392314
v 0.610726237 0.224555075 0.29246819
v 0.609641552 0.232982337 0.293186665
v 0.60668087 0.240805969 0.293523014
v 0.603250146 0.248459309 0.293854296
v 0.600696385 0.256367147 0.294235468
v 0.596723795 0.263746291 0.294498801
v 0.59125036 0.270060182 0.294600427
v 0.586001396 0.27644673 0.294603586
v 0.580075145 0.282237798 0.294561028
v 0.573809028 0.287616134 0.294512868
v 0.567134142 0.292523593 0.294402242
v 0.560516715 0.297551692 0.294278502
v 0.553395927 0.301822692 0.294386446
v 0.545496643 0.304728299 0.293864965
v 0.537321866 0.306462407 0.293661058
v 0.528968513 0.307955682 0.293344378
v 0.520485818 0.30870229 0.293184519
v 0.51193887 0.308933139 0.293054879
v 0.503362417 0.308846653 0.293129861
v 0.494768649 0.308822542 0.293150783
v 0.486210585 0.308415353 0.293479919
v 0.477714598 0.308015347 0.293798923
v 0.469291866 0.307284713 0.294155955
v 0.46095264 0.305798501 0.294618309
v 0.452767074 0.30431065 0.295082748
v 0.445000321 0.301070869 0.295528293
v 0.43811667 0.296397209 0.295642853
v 0.431674302 0.29120189 0.295737028
v 0.425201446 0.286093146 0.295795381
v 0.419044226 0.280627191 0.29602325
v 0.413127065 0.274846673 0.29604435
v 0.408178061 0.26825425 0.296054363
v 0.403140455 0.261629611 0.295871377
v 0.399414986 0.254177541 0.295705616
v 0.396043867 0.246632427 0.295380652
v 0.392428279 0.239077181 0.295137048
v 0.390430123 0.230928048 0.294652343
v 0.389276356 0.221940011 0.303096414
v 0.389176309 0.221483573 0.312248588
v 0.389190078 0.221008509 0.321361005
v 0.389492899 0.220589161 0.330432355
v 0.389846593 0.220196173 0.339480877
v 0.390361279 0.219789326 0.348500192
v 0.391020626 0.219408393 0.357488751
v 0.391681194 0.219069704 0.366466224
v 0.392392069 0.218742073 0.375428021
v 0.39308551 0.21846123 0.384374201
v 0.393743843 0.218203068 0.393313587
v 0.394372672 0.217982844 0.402241886
v 0.395012259 0.217776299 0.411163867
v 0.395578057 0.217602044 0.420083165
v 0.396084994 0.217447788 0.428997099
v 0.396514714 0.217320248 0.437906563
v 0.396875769 0.217216015 0.446813524
v 0.397158742 0.217137188 0.455716968
v 0.397357106 0.21708627 0.464613318
v 0.39742589 0.217062637 0.473510504
v 0.397326708 0.217090219 0.482384682
v 0.396962911 0.217170939 0.491248727
v 0.396286547 0.217330694 0.500059247
v 0.395549685 0.217519403 0.508726835
v 0.395455122 0.22689262 0.518194675
v 0.395838171 0.236200795 0.518823266
v 0.396216244 0.245519698 0.519505978
v 0.396644503 0.254864216 0.520131111
v 0.397167921 0.264219999 0.520794511
v 0.398970902 0.273381054 0.521852136
v 0.403135955 0.281621099 0.523817539
v 0.409080625 0.288418174 0.526716828
v 0.415557325 0.294396639 0.530393004
v 0.422098994 0.300005764 0.534624934
v 0.428124279 0.305490255 0.539722681
v 0.4333556 0.310151458 0.546382189
v 0.435676515 0.31358248 0.555075645
v 0.436406434 0.315596431 0.564458966
v 0.435638815 0.316247255 0.573899388
v 0.43391338 0.316292793 0.583174944
v 0.431426436 0.315501451 0.592240572
v 0.42821151 0.314309984 0.601006031
v 0.424864322 0.312627912 0.609645844
v 0.421282053 0.309912413 0.6179564
v 0.417902559 0.306021422 0.62584424
v 0.41474551 0.300483525 0.63278687
v 0.41225791 0.293273777 0.63831079
v 0.41009292 0.285021871 0.642195582
v 0.408421218 0.275957823 0.643764019
v 0.406950504 0.266767681 0.643639445
v 0.412980795 0.257931083 0.643072367
v 0.420020908 0.258222699 0.643210649
v 0.426775128 0.258545756 0.643453121
v 0.433466196 0.258806318 0.644085884
v 0.439962864 0.259016395 0.645035386
v 0.446394652 0.259232074 0.646399021
v 0.452728391 0.259402484 0.648338556
v 0.458111167 0.267564148 0.65658164
v 0.458959043 0.276894033 0.659487724
v 0.462057799 0.28617844 0.65990746
v 0.467430145 0.294098198 0.657769442
v 0.47411111 0.300112516 0.653840542
v 0.481563658 0.303830981 0.648756504
v 0.489849299 0.305816948 0.644079924
v 0.499342859 0.30634588 0.642621398
v 0.508568287 0.305325806 0.645102859
v 0.516990244 0.303378761 0.649520755
v 0.524583876 0.299968868 0.654611707
v 0.531622231 0.294255465 0.658306479
v 0.537213922 0.286521494 0.66028595
v 0.540695727 0.27738905 0.659750938
v 0.541993618 0.268159628 0.656755447
v 0.547968864 0.259961545 0.648536563
v 0.554291844 0.25998795 0.64643991
v 0.560814738 0.259808898 0.645415068
v 0.567312241 0.259758472 0.644278049
v 0.574124515 0.2595658 0.643771052
v 0.580948114 0.259375155 0.643356442
v 0.58794564 0.259120256 0.643173695
v 0.593582273 0.268131614 0.643680811
v 0.591743231 0.277472734 0.643606186
v 0.589637041 0.286593199 0.641638279
v 0.586965442 0.294749081 0.637347817
v 0.584017098 0.301895499 0.631597042
v 0.580430925 0.307055295 0.624315023
v 0.576686144 0.310887188 0.616286755
v 0.572787285 0.313233137 0.607759714
v 0.569168985 0.315017045 0.598994613
v 0.565825224 0.316208243 0.590012431
v 0.563639164 0.316817284 0.580605984
v 0.562316179 0.316378683 0.57102108
v 0.56266886 0.315167725 0.561239958
v 0.565845728 0.312408596 0.552358747
v 0.571226656 0.308044195 0.545333505
v 0.577355266 0.302797079 0.539717078
v 0.583628953 0.296900451 0.535098672
v 0.589937031 0.290768951 0.530806065
v 0.596140802 0.284254909 0.527128458
v 0.600675702 0.276153088 0.524359226
v 0.602801442 0.266898245 0.522611737
v 0.603474855 0.257355124 0.521489024
v 0.603879988 0.247830451 0.520372987
v 0.604190409 0.238280222 0.519248486
v 0.604509115 0.228777379 0.51795876
v 0.604537606 0.219301298 0.507823586
v 0.603614151 0.219141275 0.499068737
v 0.602773666 0.219015941 0.490233123
v 0.602409422 0.218972832 0.481341958
v 0.602342784 0.218991786 0.472435057
v 0.602453113 0.219053358 0.463518679
v 0.602685452 0.219153941 0.454595804
v 0.603009939 0.219275266 0.445673823
v 0.603421926 0.219421625 0.436749697
v 0.603924751 0.219593734 0.427823067
v 0.604494929 0.219787151 0.418894947
v 0.605140686 0.220002681 0.409963965
v 0.605838418 0.220244318 0.401026607
v 0.606590331 0.220510364 0.392083466
v 0.607383847 0.220799044 0.383134186
v 0.608101964 0.221100911 0.374168932
v 0.608789504 0.221429288 0.365185916
v 0.60950011 0.221795201 0.356189251
v 0.610017836 0.222137034 0.347167253
v 0.61050123 0.222493678 0.338127255
v 0.610891998 0.222869769 0.329057693
v 0.611085057 0.223272368 0.31995368
v 0.611166775 0.223663032 0.310817361
v 0.610931575 0.224076807 0.301664829
v 0.610931516 0.224077985 0.301669657
v 0.611166894 0.22366339 0.310818076
v 0.611085117 0.223272234 0.319957912
v 0.610892057 0.222869843 0.329060316
v 0.61050117 0.222493634 0.338129163
v 0.610017717 0.222137123 0.34716922
v 0.60950017 0.221794963 0.356190085
v 0.608789384 0.221429303 0.365187824
v 0.608101964 0.221100673 0.374170303
v 0.607383907 0.220798835 0.383134902
v 0.606590271 0.220510066 0.392085075
v 0.605838418 0.22024405 0.401027381
v 0.605140686 0.220002428 0.409964681
v 0.604494989 0.219786704 0.4188959
v 0.603924751 0.219593242 0.427823722
v 0.603421926 0.219421104 0.436750233
v 0.603009999 0.219274402 0.445674479
v 0.60268569 0.219152004 0.454596758
v 0.602453232 0.219052404 0.463518977
v 0.602343321 0.218986869 0.47243464
v 0.60240972 0.218969792 0.48134172
v 0.602774262 0.219008341 0.490231633
v 0.603615522 0.219121769 0.499064684
v 0.604539692 0.219270408 0.507817507
v 0.604866207 0.211370051 0.521336675
v 0.6043576 0.203624606 0.526203394
v 0.603820384 0.196138233 0.531313062
v 0.606850564 0.188901573 0.535831451
v 0.613000989 0.182580918 0.533899903
v 0.617894888 0.175710693 0.537010312
v 0.611716628 0.176793754 0.543527365
v 0.605519474 0.178370491 0.549930692
v 0.60072726 0.17953217 0.557541966
v 0.596380889 0.181644693 0.565282226
v 0.592504382 0.185039103 0.572943091
v 0.589602709 0.189753532 0.580625772
v 0.587838411 0.195460871 0.588176727
v 0.587091744 0.201623976 0.595631123
v 0.587061703 0.207939535 0.603080511
v 0.587698817 0.214294881 0.610463381
v 0.58862865 0.220642969 0.617751479
v 0.589704633 0.22693336 0.625061989
v 0.590902388 0.233433515 0.632095456
v 0.592189252 0.240990967 0.637847304
v 0.59359771 0.249687403 0.641402245
v 0.587947726 0.259082049 0.643167734
v 0.58095324 0.259290427 0.643339276
v 0.574127555 0.259520113 0.643759012
v 0.567315459 0.259717852 0.644266605
v 0.560816884 0.259775609 0.6454041
v 0.554295123 0.259945035 0.646424055
v 0.547969759 0.259952605 0.648532629
v 0.540912807 0.250018537 0.649531484
v 0.539333045 0.241207883 0.64603436
v 0.53674823 0.233364284 0.641168356
v 0.53414768 0.225830361 0.635819674
v 0.531643867 0.218360081 0.630482674
v 0.529266655 0.210969597 0.625122905
v 0.526716113 0.204028487 0.61930728
v 0.523576558 0.198567793 0.612360001
v 0.520453215 0.193180457 0.605410695
v 0.517317414 0.18795608 0.598410964
v 0.514164567 0.182801723 0.591419458
v 0.510935903 0.17776075 0.584429502
v 0.507670879 0.17277059 0.57747066
v 0.504323184 0.16777122 0.570591092
v 0.497407585 0.167788312 0.570714593
v 0.49408406 0.17283465 0.577641845
v 0.49078989 0.177830115 0.58463347
v 0.487524748 0.182912901 0.591611028
v 0.484245211 0.187963918 0.598646641
v 0.480956286 0.193026125 0.605709791
v 0.47767508 0.198241055 0.612701774
v 0.474440306 0.203671649 0.619585752
v 0.471898586 0.210773826 0.625197649
v 0.469345003 0.218053743 0.630639911
v 0.466751754 0.225442454 0.635954142
v 0.463976949 0.232934982 0.641171217
v 0.461319029 0.240728885 0.645996928
v 0.459241003 0.24932164 0.649833798
v 0.452726036 0.259358227 0.648319364
v 0.446392953 0.259208679 0.646390319
v 0.439960301 0.258976787 0.645022511
v 0.433461756 0.258733422 0.644064665
v 0.426772177 0.258491158 0.643439054
v 0.420019448 0.258178264 0.643200636
v 0.412980527 0.257901251 0.643067837
v 0.40763244 0.248657361 0.641095638
v 0.409498125 0.240187824 0.637255311
v 0.411202729 0.232950389 0.631252646
v 0.412673861 0.226550728 0.624227047
v 0.41405043 0.220138744 0.617101312
v 0.415217578 0.213660911 0.60994637
v 0.415984631 0.20715566 0.602743506
v 0.415852159 0.200756058 0.59534514
v 0.414506227 0.194787368 0.587774873
v 0.41184634 0.189596698 0.580275655
v 0.40827316 0.185528964 0.572675228
v 0.404723167 0.183236554 0.564534783
v 0.401808083 0.182586595 0.555951953
v 0.398154855 0.182319716 0.54768455
v 0.391014487 0.179676414 0.542831063
v 0.382999033 0.175678208 0.541761041
v 0.381583363 0.180275589 0.534162998
v 0.386992306 0.187425181 0.533009291
v 0.392334104 0.19470048 0.53202045
v 0.395080268 0.202174902 0.527598023
v 0.395058811 0.209750921 0.52254355
v 0.395547569 0.217488244 0.50872314
v 0.396285713 0.217319801 0.500058055
v 0.396962047 0.217160568 0.491247952
v 0.397325724 0.217079282 0.482384861
v 0.397425711 0.21706064 0.473510742
v 0.397356808 0.217082903 0.464614391
v 0.397158682 0.217136145 0.455717504
v 0.396875709 0.217215359 0.44681406
v 0.396514654 0.217319548 0.437907219
v 0.396084964 0.217447251 0.428997755
v 0.395578027 0.21760124 0.420084357
v 0.395012259 0.21777606 0.411164284
v 0.394372702 0.217982218 0.402243495
v 0.393743813 0.21820268 0.393314362
v 0.393085599 0.218460962 0.38437587
v 0.392392099 0.218741834 0.375429153
v 0.391681194 0.219069451 0.366467178
v 0.391020805 0.219408512 0.357490897
v 0.39036122 0.219789267 0.348500967
v 0.389846474 0.220195875 0.339482665
v 0.389493018 0.220589414 0.330435038
v 0.389189869 0.221008807 0.321362495
v 0.38917619 0.221483737 0.312251806
v 0.389276177 0.221941426 0.303102791
v 0.389359951 0.214369074 0.294822037
v 0.389678359 0.206081644 0.295419335
v 0.391578853 0.198298022 0.29599452
v 0.393316984 0.18992275 0.295915663
v 0.397751868 0.183452129 0.296670616
v 0.40266794 0.176693618 0.295662999
v 0.409204453 0.17192027 0.295813262
v 0.416321874 0.167931408 0.295012712
v 0.423925638 0.164776534 0.294719398
v 0.431405455 0.161223918 0.294223547
v 0.439210325 0.15822728 0.293876827
v 0.447030455 0.155162826 0.293501377
v 0.455233097 0.153276116 0.293361723
v 0.463482052 0.151467934 0.293250203
v 0.471743405 0.149457589 0.292999029
v 0.480158865 0.148243666 0.293293417
v 0.488618374 0.147306874 0.292828321
v 0.497096181 0.147199392 0.29289031
v 0.505548418 0.147226691 0.292925954
v 0.514068604 0.147441804 0.292922795
v 0.522489846 0.148478866 0.293009639
v 0.530891061 0.149675548 0.293108523
v 0.539115191 0.151660264 0.293205619
v 0.547341108 0.153483123 0.293290079
v 0.5554865 0.155372694 0.293443978
v 0.563142836 0.158835769 0.293812692
v 0.570684493 0.162310228 0.29406637
v 0.578199565 0.165755093 0.294425011
v 0.585713804 0.169082925 0.294757426
v 0.592615247 0.17316398 0.295137048
v 0.5990237 0.178373307 0.295503318
v 0.60384047 0.184703842 0.295407772
v 0.607170999 0.192422137 0.295402348
v 0.609320819 0.200033426 0.2947402
v 0.609931886 0.208276078 0.294138193
v 0.611159801 0.216364354 0.29347533
v 0.58792448 0.280002922 0.406425446
v 0.465923518 0.316718906 0.545361638
v 0.494185865 0.312020004 0.390204579
v 0.479756802 0.308579713 0.304485351
v 0.452745229 0.312922299 0.48681435
v 0.419070154 0.283455342 0.312265903
v 0.415079087 0.28213641 0.336086541
v 0.402555496 0.264598668 0.502566218
v 0.423131645 0.29513368 0.50022918
v 0.526195288 0.316950709 0.539745271
v 0.537927508 0.319376588 0.590332806
v 0.478797644 0.318255872 0.591582775
v 0.456642509 0.31725347 0.617953837
v 0.45208621 0.294752836 0.649169505
v 0.421583027 0.272315115 0.645471871
v 0.447746009 0.270176768 0.650854945
v 0.555547476 0.307737201 0.63533026
v 0.576629519 0.293150395 0.641621172
v 0.556702435 0.268952757 0.649069965
v 0.581432402 0.283286422 0.310653657
v 0.607919812 0.228201196 0.341291755
v 0.600233495 0.256070405 0.320367754
v 0.60125488 0.231427252 0.439561307
v 0.593693435 0.277590275 0.508827984
v 0.601530135 0.228525043 0.485710323
v 0.442623973 0.312030941 0.534767807
v 0.449458957 0.31526652 0.548761487
v 0.490813673 0.315727025 0.505561292
v 0.440273315 0.300288379 0.324392378
v 0.432350248 0.293631822 0.322337419
v 0.428837478 0.291773945 0.337853402
v 0.39557901 0.245345265 0.311249614
v 0.398591489 0.227878273 0.47592175
v 0.413399309 0.291266024 0.52482152
v 0.439581215 0.309436917 0.506419718
v 0.504906178 0.310748249 0.630629182
v 0.426067352 0.302308083 0.63496232
v 0.512762785 0.315012813 0.617207587
v 0.555527031 0.292701036 0.647949338
v 0.581305861 0.29011026 0.438245177
v 0.548347473 0.309202224 0.366121739
v 0.59830606 0.259733707 0.501612902
v 0.547820807 0.314510256 0.503592253
v 0.494150966 0.310504109 0.344195455
v 0.535653532 0.30757603 0.304117918
v 0.503415823 0.31685093 0.539481163
v 0.456585675 0.309401929 0.365680218
v 0.462151468 0.306882232 0.305297524
v 0.407505691 0.264768362 0.426840425
v 0.406654954 0.263752282 0.480491847
v 0.403602511 0.262671411 0.34228158
v 0.39911744 0.231748328 0.45868507
v 0.411647588 0.278564543 0.49693206
v 0.48240748 0.31644839 0.613344789
v 0.505020618 0.316681951 0.602032185
v 0.590018034 0.273650885 0.423881441
v 0.571270287 0.297760069 0.389410973
v 0.59413588 0.269469142 0.369345486
v 0.60255605 0.23545818 0.394527435
v 0.539664567 0.314924717 0.479662478
v 0.5566082 0.313877344 0.54284656
v 0.505448163 0.309250206 0.30368951
v 0.465145469 0.308854878 0.331394196
v 0.487337083 0.317657769 0.56752485
v 0.433812767 0.301318944 0.40598914
v 0.410313606 0.270117879 0.455606937
v 0.397299677 0.221954986 0.444584042
v 0.424440593 0.296177357 0.464612901
v 0.572280586 0.294713438 0.359503746
v 0.596591651 0.263715059 0.354906738
v 0.487275749 0.316573113 0.532758534
v 0.489070505 0.313040853 0.422137916
v 0.471825927 0.311891764 0.392394364
v 0.434996963 0.303923309 0.436147302
v 0.59688133 0.256740004 0.392857224
v 0.495281518 0.311822832 0.383821964
v 0.440171957 0.303567499 0.379307657
v 0.452109039 0.310499847 0.420573533
v 0.601264715 0.227969497 0.463722825
v 0.603022516 0.229614183 0.40983814
v 0.591911018 0.284093976 0.518280149
v 0.568371713 0.306927204 0.532705367
v 0.566576838 0.302745104 0.419287235
v 0.502745271 0.315093219 0.483433604
v 0.457963169 0.315329671 0.530215025
v 0.477240235 0.309577197 0.331260175
v 0.418104976 0.286481708 0.471275508
v 0.40350914 0.254874825 0.41074127
v 0.395158529 0.231545955 0.371154457
v 0.458637506 0.312489033 0.441748351
v 0.39790526 0.227044031 0.491405815
v 0.554304063 0.315479547 0.552278578
v 0.492194563 0.317755908 0.577155411
v 0.465135545 0.313163102 0.631195724
v 0.437375367 0.315048575 0.608213902
v 0.438309163 0.268238068 0.647334099
v 0.536928236 0.299097359 0.650402367
v 0.53909874 0.316764653 0.620718122
v 0.569777966 0.291590989 0.30467689
v 0.596086979 0.265761673 0.303779215
v 0.578369975 0.287828594 0.327058196
v 0.578570604 0.29447332 0.501986742
v 0.589888096 0.271076649 0.456926703
v 0.506709456 0.316088229 0.514210224
v 0.478126466 0.313880235 0.449024022
v 0.44411993 0.301488906 0.306868881
v 0.40048027 0.245701268 0.490690261
v 0.445594817 0.312121421 0.513388813
v 0.519244313 0.317715287 0.563261926
v 0.502372563 0.317401886 0.558736205
v 0.439013124 0.316265762 0.601639211
v 0.441646427 0.297216266 0.64419347
v 0.588773489 0.278949857 0.392906189
v 0.604793906 0.241440982 0.32503888
v 0.598230779 0.25198704 0.490803719
v 0.521024227 0.312684357 0.399964005
v 0.603091538 0.239287615 0.51058495
v 0.49578625 0.311264396 0.366620928
v 0.5028795 0.316202015 0.518597841
v 0.473814726 0.311102629 0.372571349
v 0.398373604 0.233570799 0.424526036
v 0.419909328 0.286346525 0.329351693
v 0.458671123 0.308115095 0.333770245
v 0.397550613 0.244717345 0.353407353
v 0.419902682 0.287798047 0.344881624
v 0.441040665 0.309093803 0.482753962
v 0.514949799 0.31754595 0.597947299
v 0.529521406 0.318220019 0.570672691
v 0.591005385 0.274774075 0.335074455
v 0.54232347 0.311947167 0.399627566
v 0.52273953 0.310292155 0.333524138
v 0.591059744 0.275477916 0.377056092
v 0.445837796 0.311550975 0.498446614
v 0.563749194 0.306184828 0.449682117
v 0.495942652 0.315483153 0.497015089
v 0.46515137 0.314730883 0.490198106
v 0.455880642 0.310906708 0.407177836
v 0.459657013 0.307876438 0.327106088
v 0.431747586 0.293528229 0.327715605
v 0.405647218 0.268113762 0.330029696
v 0.401980311 0.246709719 0.472165823
v 0.417366296 0.285423517 0.459866315
v 0.472093493 0.317846805 0.610793889
v 0.495010316 0.317556262 0.589386761
v 0.55311805 0.306016237 0.348430395
v 0.562413096 0.301945686 0.363565356
v 0.53983295 0.30994612 0.351676196
v 0.542448163 0.307185352 0.313982606
v 0.587728679 0.280282617 0.356771559
v 0.52003926 0.315013021 0.475323766
v 0.518505931 0.314658046 0.464445174
v 0.546391487 0.315347373 0.524312258
v 0.426028281 0.29770118 0.433089793
v 0.424138904 0.296214223 0.487338305
v 0.59950304 0.248797044 0.385406077
v 0.575292468 0.293480694 0.370928168
v 0.593353689 0.264721155 0.417577207
v 0.534752667 0.313858479 0.437435329
v 0.512893438 0.312999219 0.413863719
v 0.488306284 0.310566276 0.349064916
v 0.555618107 0.312131613 0.494500488
v 0.553269327 0.304121256 0.320274919
v 0.477189064 0.317663252 0.56359452
v 0.439984322 0.304190069 0.394229233
v 0.407989025 0.271835476 0.346558034
v 0.476137668 0.31203869 0.396490932
v 0.534972131 0.31065765 0.355823547
v 0.57549274 0.298715979 0.505508363
v 0.439478397 0.306262881 0.436728418
v 0.453977853 0.311555088 0.439966589
v 0.593556821 0.260525465 0.460333318
v 0.490302354 0.314571798 0.469400853
v 0.401748031 0.246163294 0.437410027
v 0.406242162 0.264330745 0.397438973
v 0.404667884 0.262372226 0.376490384
v 0.404121548 0.26212576 0.366108924
v 0.398683369 0.249591604 0.345012367
v 0.479011029 0.314693362 0.474662095
v 0.468863517 0.318816602 0.583423018
v 0.59231025 0.26551047 0.479888886
v 0.594146132 0.268844157 0.497517407
v 0.574436307 0.290542781 0.330323547
v 0.594918072 0.256818086 0.443347901
v 0.573062062 0.299009234 0.435317993
v 0.509582818 0.312179923 0.389609098
v 0.497070879 0.315108627 0.485093176
v 0.536731839 0.310842991 0.362058729
v 0.514211059 0.30955562 0.311089218
v 0.54918921 0.31202504 0.437630922
v 0.477105647 0.31080538 0.362803429
v 0.549328864 0.309547812 0.381439179
v 0.577829659 0.295321792 0.483488142
v 0.584690154 0.283459932 0.467779726
v 0.411602467 0.276174217 0.407217771
v 0.402552873 0.259762168 0.348398626
v 0.519882083 0.311439663 0.363141984
v 0.570210576 0.300527155 0.423484027
v 0.560878754 0.304142743 0.383380145
v 0.567456543 0.305177212 0.477056444
v 0.569320798 0.300278425 0.410386503
v 0.445027053 0.317357361 0.565830588
v 0.418624818 0.287607253 0.465012372
v 0.398773104 0.236533195 0.418766081
v 0.405134767 0.257589757 0.466417134
v 0.44110319 0.317164391 0.571013272
v 0.428237528 0.272694767 0.646397531
v 0.431022704 0.278273642 0.647471905
v 0.551239371 0.296550751 0.646834195
v 0.535358131 0.312169015 0.633250356
v 0.602000773 0.241947651 0.374392182
v 0.564361155 0.297550857 0.323704511
v 0.600680947 0.23194696 0.459665567
v 0.468542099 0.314153105 0.463885784
v 0.415562809 0.280967414 0.317454904
v 0.522034645 0.312083334 0.63105309
v 0.58192265 0.282012016 0.304733396
v 0.588691354 0.275252461 0.31178987
v 0.460735053 0.316173911 0.541719019
v 0.505539596 0.31100741 0.355032533
v 0.580311477 0.29007718 0.386416346
v 0.574535549 0.298114598 0.4516159
v 0.401237816 0.257716447 0.320968211
v 0.532706618 0.315962225 0.50732255
v 0.596257806 0.26061666 0.382567763
v 0.490891099 0.313993692 0.451337487
v 0.401634008 0.245119035 0.44393158
v 0.436001748 0.307118148 0.496455759
v 0.470759243 0.316247135 0.530656815
v 0.41723299 0.28682065 0.374729723
v 0.59100914 0.26776734 0.468610883
v 0.455665976 0.308319002 0.347195387
v 0.411852062 0.275483459 0.428780913
v 0.395596594 0.223480925 0.405937493
v 0.409412265 0.27429691 0.35728547
v 0.534959853 0.317191362 0.547943175
v 0.456705481 0.318513542 0.610353351
v 0.552742779 0.281028181 0.652085781
v 0.576227129 0.294062465 0.39125362
v 0.537874043 0.313618839 0.431301832
v 0.399493873 0.23637335 0.484400481
v 0.50063771 0.314630568 0.469292015
v 0.446747303 0.306828409 0.371199548
v 0.530486941 0.31656307 0.527504683
v 0.428563297 0.300273985 0.448086679
v 0.518813789 0.314170748 0.448597014
v 0.429029644 0.296494454 0.382422894
v 0.442789048 0.308180481 0.442354739
v 0.412847251 0.280361384 0.366008639
v 0.594656348 0.259084046 0.429591864
v 0.601178467 0.235741004 0.49342829
v 0.599941194 0.266478151 0.51223886
v 0.3985084 0.244327322 0.372940779
v 0.455814272 0.318591267 0.571842492
v 0.481244266 0.318037391 0.578752398
v 0.45401606 0.285863966 0.653689623
v 0.4482117 0.283494979 0.652133644
v 0.586334229 0.280670792 0.449242145
v 0.397778481 0.229156464 0.429117233
v 0.473008603 0.313910723 0.453018248
v 0.481333107 0.316031665 0.516954243
v 0.432721764 0.304163218 0.635313451
v 0.453670442 0.314482212 0.524750948
v 0.485640228 0.311118096 0.366626173
v 0.433878541 0.29673624 0.34703958
v 0.533017337 0.316816926 0.538062155
v 0.440015405 0.312181056 0.625616431
v 0.597345591 0.252597004 0.484574169
v 0.471650034 0.308967471 0.322235942
v 0.438369423 0.300652295 0.350198716
v 0.518051326 0.316060632 0.51074779
v 0.59050113 0.270162135 0.445267409
v 0.532099187 0.309214264 0.321463197
v 0.603531718 0.243826374 0.331890613
v 0.480120152 0.313234419 0.428952992
v 0.482979715 0.309373438 0.320851803
v 0.581475794 0.287702829 0.364216298
v 0.572486997 0.293523788 0.347232908
v 0.536067188 0.3120462 0.389523923
v 0.564216912 0.298259079 0.331003904
v 0.456032753 0.310570091 0.396749467
v 0.465680987 0.311959535 0.403075576
v 0.591747522 0.272708893 0.391743094
v 0.484081149 0.311469674 0.377267689
v 0.422627598 0.293020427 0.398535371
v 0.412212759 0.275172234 0.477798551
v 0.408319116 0.26848644 0.41028744
v 0.485517174 0.314422369 0.465321451
v 0.591789722 0.273223013 0.328565598
v 0.604885399 0.24243103 0.317997843
v 0.600911498 0.230353355 0.469022483
v 0.575455666 0.298609763 0.498715848
v 0.39808026 0.235201791 0.499217242
v 0.50356251 0.317665815 0.571353376
v 0.599000037 0.257819057 0.340022027
v 0.601246774 0.250056267 0.505815387
v 0.474981815 0.311520815 0.383132845
v 0.39357084 0.231679991 0.344664991
v 0.602393925 0.230909839 0.416566789
v 0.504994392 0.310461253 0.338691443
v 0.450268656 0.312936187 0.502717435
v 0.446653575 0.310194194 0.456007183
v 0.559127033 0.31212464 0.5232476
v 0.530141473 0.313125193 0.412852913
v 0.500703871 0.313587517 0.436856508
v 0.561215758 0.309392631 0.48543793
v 0.554142773 0.303182483 0.313924938
v 0.598156214 0.245130375 0.443551958
v 0.487355739 0.314928234 0.48089096
v 0.467185616 0.310943156 0.372048885
v 0.539457738 0.313085765 0.419530988
v 0.581360817 0.289820671 0.411974788
v 0.446016371 0.293469936 0.647844017
v 0.44998607 0.304568827 0.307726622
v 0.431424916 0.303572953 0.479615241
v 0.40300715 0.256046295 0.391314059
v 0.57409656 0.299070448 0.46641168
v 0.466914177 0.309936613 0.349644035
v 0.406533122 0.268331081 0.35835278
v 0.393626213 0.228545934 0.3576352
v 0.437527329 0.306530982 0.460599959
v 0.54354018 0.314992487 0.624973834
v 0.596698165 0.250860065 0.467059582
v 0.397148073 0.228631377 0.501652479
v 0.450605065 0.318657607 0.599254847
v 0.474202871 0.315669596 0.508699179
v 0.493911415 0.316054791 0.515427589
v 0.417449743 0.281206161 0.306152046
v 0.51363939 0.316259533 0.609793067
v 0.509888291 0.312087029 0.62708813
v 0.581448674 0.286237299 0.338041842
v 0.519169629 0.310846061 0.346915245
v 0.516521335 0.317952156 0.575253427
v 0.477888405 0.308794409 0.310807943
v 0.412623763 0.276356608 0.442573518
v 0.399776697 0.253752917 0.336314678
v 0.518835545 0.316445917 0.523338377
v 0.497845531 0.316546202 0.530431628
v 0.521385312 0.314846933 0.469458967
v 0.530093729 0.308666587 0.308054239
v 0.498638749 0.316732198 0.536278963
v 0.418583006 0.287382811 0.478665441
v 0.597757936 0.2529414 0.397747219
v 0.512037635 0.313159257 0.419304758
v 0.542703927 0.314899832 0.493722379
v 0.498799026 0.312169313 0.393392563
v 0.466594607 0.316471934 0.539613366
v 0.42356056 0.295560539 0.494622648
v 0.399218887 0.246722773 0.501220167
v 0.405333728 0.270660907 0.502032638
v 0.444516331 0.316361934 0.609748244
v 0.53096211 0.309669375 0.63806951
v 0.582713246 0.287238359 0.480023086
v 0.513152957 0.315687746 0.499748349
v 0.459602803 0.312468618 0.435356647
v 0.400366604 0.253727198 0.500514627
v 0.483190984 0.314806551 0.477474511
v 0.508287072 0.316484302 0.52663517
v 0.530941844 0.315609723 0.494330049
v 0.504011512 0.317100644 0.597175717
v 0.498364717 0.309527487 0.313724756
v 0.464064151 0.314967543 0.501599312
v 0.453561872 0.306965053 0.329388022
v 0.42682448 0.295970649 0.395049542
v 0.414533198 0.279747277 0.460288882
v 0.421185315 0.29182905 0.441698879
v 0.465423048 0.317448854 0.557463348
v 0.525197327 0.312326968 0.388434976
v 0.402853459 0.259496927 0.360154241
v 0.495738238 0.310115814 0.331962526
v 0.518889189 0.309933335 0.322210789
v 0.501522124 0.311244756 0.364115924
v 0.537152648 0.312423944 0.399171501
v 0.571308494 0.301379025 0.463109463
v 0.397101462 0.23726961 0.382681131
v 0.445178717 0.317358792 0.603237569
v 0.577159405 0.277790785 0.645669758
v 0.399554819 0.236936718 0.437373996
v 0.596587718 0.250811279 0.454523921
v 0.406057179 0.261381775 0.420738578
v 0.397789776 0.22200568 0.460533917
v 0.552372038 0.314560175 0.534208119
v 0.464215904 0.318861485 0.579348028
v 0.556235015 0.316075057 0.55848968
v 0.550949454 0.266750813 0.64984858
v 0.432868034 0.307775974 0.537245393
v 0.411732346 0.274496138 0.310920358
v 0.428084522 0.290035129 0.324744642
v 0.424305111 0.297451228 0.63879925
v 0.518108606 0.316282839 0.614001513
v 0.543796718 0.29873684 0.647676528
v 0.607637823 0.231158614 0.330027968
v 0.400225908 0.242620721 0.418826699
v 0.420130819 0.288835198 0.354502171
v 0.424483806 0.297648489 0.512752533
v 0.549794197 0.316788584 0.556956947
v 0.491221577 0.314357996 0.618308961
v 0.588142335 0.28026396 0.386291772
v 0.485415965 0.315590262 0.502125025
v 0.409994274 0.269869983 0.443769068
v 0.41649279 0.285320818 0.408507437
v 0.400990158 0.241628945 0.467191488
v 0.597723603 0.254897445 0.38604176
v 0.57555908 0.297406852 0.461966157
v 0.531863928 0.314731538 0.462172747
v 0.403136402 0.250788301 0.440633208
v 0.576791227 0.292020917 0.364885449
v 0.591724813 0.270127624 0.413580537
v 0.474077791 0.312831819 0.419616103
v 0.477262467 0.310349941 0.350917697
v 0.548396587 0.305804461 0.317403167
v 0.494001031 0.312247068 0.397150308
v 0.568456411 0.308166921 0.539921105
v 0.484981418 0.317371249 0.557081878
v 0.545332015 0.316681862 0.619250357
v 0.603846729 0.23080118 0.390629202
v 0.58044368 0.293304086 0.515191436
v 0.497854114 0.317681134 0.574024677
v 0.559660971 0.281281888 0.649752557
v 0.57795769 0.293354422 0.407579154
v 0.425303727 0.288499653 0.319383681
v 0.407674521 0.2715424 0.334894359
v 0.499491632 0.316867381 0.599642754
v 0.540528774 0.318418175 0.569239378
v 0.501366258 0.310565621 0.343482703
v 0.487809539 0.310339183 0.343059838
v 0.496000648 0.314728737 0.473397493
v 0.438664645 0.300017923 0.337189794
v 0.40037483 0.255933613 0.311382622
v 0.564302504 0.299882233 0.352205366
v 0.566164255 0.30227989 0.40609622
v 0.421329319 0.292039186 0.473819166
v 0.481974244 0.312450826 0.406043798
v 0.447405159 0.308606476 0.411440015
v 0.496819943 0.314327657 0.460744441
v 0.40041399 0.241932303 0.428814679
v 0.401618451 0.254505932 0.37250331
v 0.410847902 0.276447475 0.378865808
v 0.503768027 0.311585188 0.373696625
v 0.496999532 0.315315694 0.491606504
v 0.457049638 0.310296118 0.386615485
v 0.582803786 0.287687719 0.449778795
v 0.548065662 0.309565246 0.372254282
v 0.552155435 0.313825488 0.51299876
v 0.402201414 0.259873062 0.326228857
v 0.482955456 0.309116542 0.314388841
v 0.559982538 0.299615175 0.313201189
v 0.592933893 0.269935548 0.30921483
v 0.555110216 0.308694243 0.409995407
v 0.424981833 0.296904266 0.475016177
v 0.564093351 0.304666102 0.425102353
v 0.475150496 0.314193726 0.459965825
v 0.432849944 0.306106776 0.513407588
v 0.433652341 0.312635362 0.617951393
v 0.598233759 0.247801378 0.480631918
v 0.470648468 0.312348276 0.408125788
v 0.509155691 0.310372651 0.333887786
v 0.483607382 0.314595938 0.47097069
v 0.574712515 0.2985425 0.471319139
v 0.408448517 0.271844506 0.368649691
v 0.393528521 0.235968918 0.326205701
v 0.510612667 0.316670239 0.532219648
v 0.442451835 0.311254054 0.517619669
v 0.449071944 0.314483702 0.542396426
v 0.553831458 0.307150483 0.369467884
v 0.600372732 0.247596368 0.499941081
v 0.603640079 0.225306496 0.415019304
v 0.585875452 0.2917476 0.524695873
v 0.541595399 0.306060165 0.299054503
v 0.498629481 0.309186906 0.302823454
v 0.56371212 0.303136587 0.394812196
v 0.420983493 0.291529834 0.460295647
v 0.44187811 0.305030078 0.386946619
v 0.395765841 0.22218591 0.412515849
v 0.393345118 0.222842589 0.375476331
v 0.394810289 0.23426722 0.354448527
v 0.393514633 0.22517775 0.369610518
v 0.392682314 0.22918129 0.339300364
v 0.392404139 0.230528161 0.328307778
v 0.39819169 0.226190954 0.45484674
v 0.435381711 0.305086434 0.454706818
v 0.488255352 0.317789882 0.586902022
v 0.471450865 0.311595917 0.633704007
v 0.453501731 0.265816629 0.651545346
v 0.561281979 0.317017108 0.59027642
v 0.43831712 0.311671078 0.545215845
v 0.507905245 0.315394461 0.49173975
v 0.44682321 0.302625984 0.301104128
v 0.488004029 0.316350043 0.525640428
v 0.529356658 0.317178726 0.617314994
v 0.564150989 0.314438999 0.610613286
v 0.577101529 0.265242159 0.644702137
v 0.584901989 0.28020829 0.314374477
v 0.56515342 0.306943864 0.481953681
v 0.523894608 0.312884837 0.40493539
v 0.601100504 0.241022959 0.49803102
v 0.480568886 0.311214924 0.371937245
v 0.42576474 0.290592581 0.3439475
v 0.390823573 0.22730346 0.315019399
v 0.535591781 0.317741305 0.559811294
v 0.541408837 0.319392979 0.596673548
v 0.460996985 0.315153092 0.517129779
v 0.446148217 0.311099619 0.48494342
v 0.452784032 0.310443938 0.413317472
v 0.464994162 0.307641625 0.310915738
v 0.405551672 0.26016289 0.4761509
v 0.420370281 0.293497622 0.516070068
v 0.532289028 0.316346854 0.521104753
v 0.542991579 0.315154344 0.503697932
v 0.593334675 0.262210935 0.439557016
v 0.547763884 0.308147162 0.344794124
v 0.475698143 0.315883458 0.514835954
v 0.523005545 0.314624786 0.461381346
v 0.403153211 0.257255167 0.385421365
v 0.405718356 0.258700818 0.460561633
v 0.593064964 0.270746112 0.380694807
v 0.570920348 0.293918371 0.340951264
v 0.592151523 0.269792646 0.407337815
v 0.527368546 0.312131077 0.382932991
v 0.445764452 0.307285607 0.392682582
v 0.506180465 0.312960774 0.41547069
v 0.488944829 0.31184718 0.386535525
v 0.603484809 0.232346535 0.508643329
v 0.601457953 0.236043647 0.412667543
v 0.588238716 0.277592838 0.428777128
v 0.413672268 0.280325592 0.404086411
v 0.396627963 0.237586975 0.372299224
v 0.398772091 0.232651144 0.488624573
v 0.466395587 0.319279611 0.595580339
v 0.476492196 0.313290745 0.628429949
v 0.449532896 0.315734446 0.61989969
v 0.600965858 0.246868446 0.365895271
v 0.573027372 0.28978315 0.31041792
v 0.595666707 0.254002869 0.46106723
v 0.48764655 0.313819468 0.446303815
v 0.467194706 0.313595086 0.447762102
v 0.529859722 0.317890882 0.563461661
v 0.598701358 0.261873066 0.316620767
v 0.607053995 0.238200858 0.306056976
v 0.602392673 0.246585429 0.510738969
v 0.510651827 0.311466575 0.366509587
v 0.405330181 0.262152284 0.486116201
v 0.447310269 0.311054915 0.473153025
v 0.464720637 0.315126836 0.625351846
v 0.52102226 0.318182111 0.579224944
v 0.531177044 0.319069266 0.591628015
v 0.595059633 0.26911214 0.33408615
v 0.602881253 0.224153563 0.432442427
v 0.52163595 0.311655223 0.368751287
v 0.449191689 0.31038928 0.444630563
v 0.536465526 0.315315783 0.490504056
v 0.529357672 0.30836603 0.301184237
v 0.461640596 0.307483226 0.31548354
v 0.569517016 0.296009004 0.352692336
v 0.537825286 0.309631884 0.340976387
v 0.590827644 0.270744741 0.430333167
v 0.507708788 0.314440638 0.461496472
v 0.557696879 0.311828226 0.508974791
v 0.414777547 0.28119427 0.437491715
v 0.601091921 0.240819663 0.397537142
v 0.573486328 0.295319617 0.377694845
v 0.592080891 0.267707497 0.424031615
v 0.472302854 0.312176138 0.402261198
v 0.45901221 0.311229914 0.402096957
v 0.517589211 0.313685715 0.433494091
v 0.437130749 0.301796436 0.384656698
v 0.428372443 0.297810555 0.406066775
v 0.425399959 0.293978602 0.378030509
v 0.416722178 0.286397725 0.402276993
v 0.404835701 0.259346306 0.407000721
v 0.470129281 0.314895749 0.486279577
v 0.578125238 0.294008791 0.433368564
v 0.562411666 0.310120732 0.518077493
v 0.400810301 0.255775928 0.342874557
v 0.552279472 0.309271634 0.398318499
v 0.517166376 0.312127471 0.384096295
v 0.548523307 0.301959634 0.643378913
v 0.596584558 0.251062572 0.447056651
v 0.416676491 0.282837391 0.32431969
v 0.536641836 0.313041091 0.413554698
v 0.579753041 0.289608181 0.370031923
v 0.485735774 0.314109892 0.455519736
v 0.418065935 0.287657022 0.368564874
v 0.591525793 0.266215503 0.461950392
v 0.454648554 0.308446109 0.353844196
v 0.396127701 0.231054842 0.390580505
v 0.601437449 0.246930987 0.355279177
v 0.600307405 0.249809667 0.361712337
v 0.567842722 0.305963337 0.507180274
v 0.561846495 0.30563727 0.418416709
v 0.584299505 0.285247445 0.443052471
v 0.402643532 0.261187822 0.315629423
v 0.519282341 0.316915095 0.538501322
v 0.451708287 0.313616276 0.513213754
v 0.496534377 0.311478257 0.37291342
v 0.524550378 0.318545014 0.59223038
v 0.530954957 0.318634033 0.605480194
v 0.558145523 0.308922678 0.447499633
v 0.595799267 0.26136449 0.388352096
v 0.535844028 0.314248145 0.449574381
v 0.603283286 0.245940223 0.322043449
v 0.579441905 0.288421005 0.342941165
v 0.396887392 0.244790554 0.34071368
v 0.532637537 0.313304096 0.418873399
v 0.599330842 0.241155878 0.437070131
v 0.459560186 0.314019054 0.485280305
v 0.470688283 0.31443882 0.470232069
v 0.437619567 0.307318896 0.477472603
v 0.46237722 0.309227765 0.344884962
v 0.477009267 0.309001684 0.317515045
v 0.407599956 0.268029928 0.393891513
v 0.582769752 0.288157851 0.431507289
v 0.418452471 0.289337695 0.505901814
v 0.578668654 0.293964654 0.472935945
v 0.511458337 0.315979153 0.509662688
v 0.439465165 0.309509188 0.512610853
v 0.552350104 0.310328722 0.42141524
v 0.517844141 0.312491983 0.395126253
v 0.511523008 0.311151236 0.35654217
v 0.453939766 0.306604803 0.322022289
v 0.597434044 0.247734293 0.461233735
v 0.457362026 0.3190566 0.579072297
v 0.575004756 0.300188452 0.520547628
v 0.541031241 0.293255359 0.652656555
v 0.544602156 0.319404572 0.590468705
v 0.418072402 0.286707759 0.49154523
v 0.498421192 0.310350716 0.338159978
v 0.557789505 0.303409696 0.345098943
v 0.580332041 0.291626871 0.444573641
v 0.426857948 0.294034392 0.368083417
v 0.56802398 0.298160434 0.364661634
v 0.392621607 0.1933624 0.307861805
v 0.413168728 0.149377689 0.455300301
v 0.454123586 0.146563053 0.345675409
v 0.395385236 0.196279183 0.442886174
v 0.394118041 0.179036126 0.517589867
v 0.484081686 0.170312643 0.573530853
v 0.437749028 0.179958984 0.578724205
v 0.444292039 0.207859159 0.610898614
v 0.396221817 0.205554694 0.485660851
v 0.590112567 0.155431971 0.40056321
v 0.466913819 0.132693633 0.465353578
v 0.602764726 0.160074517 0.497748792
v 0.541466057 0.130864382 0.514289558
v 0.594888985 0.161303028 0.541659832
v 0.545239627 0.194993824 0.599962592
v 0.583871603 0.253805071 0.642127573
v 0.603464067 0.207121104 0.467520565
v 0.603772461 0.212517962 0.495207608
v 0.605477154 0.197867051 0.516710997
v 0.608954966 0.208466455 0.357267857
v 0.592250884 0.161109239 0.353878647
v 0.607171655 0.205592901 0.311619192
v 0.417925477 0.162109211 0.320380241
v 0.412991703 0.151941329 0.397324443
v 0.396118581 0.180574507 0.450963736
v 0.40831396 0.153305247 0.531826675
v 0.44754082 0.155401349 0.55436188
v 0.445210189 0.171270803 0.571138084
v 0.430323929 0.224243283 0.624611437
v 0.397558272 0.172135651 0.472385138
v 0.39433977 0.200902715 0.514175296
v 0.438483685 0.142791465 0.392991722
v 0.505513787 0.142351687 0.343691021
v 0.605209887 0.188957617 0.411767781
v 0.601597011 0.176120535 0.432602197
v 0.512454033 0.160409883 0.560819149
v 0.552808881 0.153705716 0.552405
v 0.559168994 0.18046467 0.58019197
v 0.570368111 0.208230883 0.607154727
v 0.6038481 0.208887488 0.451321423
v 0.582874179 0.165040463 0.307262897
v 0.577759862 0.152417868 0.365396231
v 0.57904315 0.160125688 0.327751786
v 0.41439116 0.157067493 0.354551017
v 0.422379136 0.150882155 0.370822042
v 0.400888264 0.174686953 0.310043454
v 0.424022466 0.137844726 0.453959495
v 0.458914012 0.140997708 0.384325415
v 0.40091303 0.17613022 0.414771497
v 0.405830532 0.172980487 0.550690055
v 0.404823422 0.147509843 0.496346027
v 0.411362052 0.177172393 0.565701842
v 0.398686349 0.1589849 0.492597163
v 0.420741022 0.141323283 0.438292563
v 0.520840704 0.136937633 0.526167214
v 0.486332655 0.156842336 0.555873156
v 0.463027865 0.133674473 0.453059286
v 0.536574244 0.157538742 0.55787605
v 0.605034053 0.194221631 0.442162514
v 0.589779496 0.162076488 0.335825413
v 0.572344005 0.160970151 0.305805296
v 0.435000181 0.150222927 0.348761857
v 0.404461145 0.164005935 0.367158651
v 0.415289462 0.148384377 0.417528003
v 0.403483242 0.16908665 0.430997401
v 0.418360054 0.146394148 0.534511983
v 0.453986645 0.135997802 0.432121664
v 0.479664832 0.136435673 0.420868009
v 0.459507078 0.149521753 0.314944327
v 0.481817871 0.132600635 0.472774714
v 0.520387888 0.132006302 0.48333931
v 0.587967634 0.176112905 0.565617621
v 0.600169599 0.164048195 0.472905099
v 0.591903508 0.143983096 0.517923594
v 0.580426157 0.141561598 0.447808415
v 0.603601396 0.181275561 0.468639612
v 0.601835072 0.178093195 0.346654147
v 0.471800655 0.139255539 0.389487088
v 0.436355323 0.152100101 0.334303141
v 0.50725919 0.132847279 0.510356486
v 0.589632809 0.146582976 0.482488483
v 0.594059229 0.148500338 0.491547137
v 0.609269798 0.171187073 0.531198442
v 0.602239072 0.193555593 0.337236106
v 0.546430707 0.151370883 0.305972338
v 0.524003446 0.144342095 0.327375263
v 0.546500325 0.14869456 0.324222893
v 0.558281004 0.146567449 0.355808884
v 0.525343537 0.140461713 0.371587247
v 0.554180562 0.142411932 0.37951842
v 0.535707235 0.13613756 0.424163729
v 0.539240837 0.138949096 0.396769196
v 0.395027965 0.205720797 0.32217139
v 0.408197373 0.169422358 0.306165904
v 0.391000211 0.207547083 0.368249029
v 0.397048295 0.179109961 0.308018297
v 0.408530056 0.165550962 0.413117796
v 0.492034078 0.145363614 0.308485985
v 0.387941867 0.17071414 0.531539142
v 0.392454535 0.175334603 0.541226089
v 0.431096494 0.191458493 0.589531481
v 0.460786819 0.188039795 0.593273997
v 0.466775477 0.199486226 0.608983278
v 0.447630316 0.189515039 0.591666639
v 0.430745214 0.217314422 0.617276728
v 0.435897052 0.247421816 0.640972495
v 0.39666757 0.177884206 0.461260498
v 0.395237029 0.206834525 0.502546787
v 0.511960924 0.145705745 0.303934842
v 0.536537111 0.132918194 0.461783826
v 0.586889088 0.149658173 0.434004009
v 0.603245914 0.170687824 0.544675589
v 0.572098374 0.13143909 0.514442027
v 0.541426122 0.201263607 0.608474314
v 0.561560988 0.248958647 0.641689658
v 0.603847802 0.181545079 0.529376984
v 0.565319836 0.150186449 0.34674713
v 0.599593461 0.173504129 0.358557165
v 0.595108271 0.173034519 0.300338537
v 0.608510077 0.208892033 0.384007871
v 0.44032833 0.130181462 0.51763916
v 0.422973216 0.134172514 0.49349001
v 0.425238848 0.134068668 0.52074033
v 0.458007276 0.158258423 0.558603704
v 0.465546191 0.212726846 0.624357164
v 0.530727625 0.148508534 0.302587807
v 0.465980023 0.138539314 0.532004952
v 0.455965549 0.140150622 0.394407243
v 0.59908849 0.151816145 0.523119271
v 0.497059941 0.137488231 0.40782997
v 0.560722828 0.128606334 0.508565426
v 0.562292457 0.148299038 0.544560432
v 0.571119905 0.221341625 0.620950282
v 0.54973346 0.213055387 0.61870271
v 0.598171771 0.153768092 0.492614925
v 0.419484496 0.158592269 0.334834725
v 0.432265878 0.162608564 0.558714569
v 0.393219888 0.172082528 0.505318165
v 0.451686054 0.170837462 0.572133839
v 0.416975945 0.223989487 0.621891856
v 0.400198162 0.164562747 0.464771986
v 0.398071855 0.166204989 0.482892841
v 0.465102613 0.142202318 0.366574764
v 0.465682834 0.171741992 0.574429929
v 0.508991838 0.148625255 0.544829786
v 0.504155457 0.132354364 0.482486159
v 0.56111747 0.168221653 0.566426635
v 0.533837676 0.131394744 0.484538376
v 0.603948474 0.194509402 0.477704197
v 0.607842743 0.195271209 0.307088912
v 0.406008899 0.168000072 0.390196353
v 0.397059679 0.176655054 0.467691332
v 0.468895197 0.140643939 0.377707779
v 0.403411865 0.146768853 0.510244966
v 0.417017043 0.135841817 0.502594769
v 0.397212923 0.154169977 0.526814997
v 0.448245704 0.158702388 0.558151662
v 0.450855345 0.205191612 0.610002875
v 0.526419103 0.138731942 0.39191246
v 0.527450681 0.141972825 0.357331932
v 0.51097244 0.134021208 0.453970134
v 0.452739865 0.134613067 0.445676684
v 0.577920675 0.184663296 0.579585493
v 0.582764447 0.15339227 0.541843176
v 0.546202421 0.13294673 0.45920977
v 0.599888206 0.187634498 0.376477748
v 0.396118939 0.181885585 0.328209877
v 0.441812605 0.14825891 0.349778473
v 0.413127214 0.153713971 0.38265723
v 0.395014048 0.207890064 0.426068425
v 0.491083682 0.134611428 0.445939541
v 0.496318489 0.132406682 0.505780041
v 0.480983466 0.131900728 0.485937685
v 0.499273926 0.132607833 0.477123797
v 0.458386898 0.131028965 0.48223713
v 0.585952103 0.142404407 0.484320164
v 0.598484397 0.183643699 0.380958319
v 0.454547852 0.149371132 0.323964387
v 0.518966794 0.134895131 0.520851314
v 0.58101368 0.139211565 0.475599289
v 0.600377321 0.154861018 0.497651815
v 0.587844789 0.14003697 0.498268962
v 0.605358183 0.177127451 0.518273652
v 0.607376933 0.202178776 0.368146598
v 0.578449607 0.138954103 0.461292386
v 0.547368288 0.175170824 0.577104926
v 0.572086751 0.142836556 0.408511609
v 0.501479685 0.139176175 0.385362744
v 0.504875779 0.136008307 0.42705512
v 0.561372578 0.139557406 0.41134876
v 0.520353198 0.136302203 0.421524286
v 0.399375916 0.18447645 0.344213217
v 0.401716828 0.185465693 0.375779957
v 0.510701001 0.144242197 0.317661166
v 0.510268092 0.138730556 0.389714897
v 0.56108731 0.131168842 0.481048316
v 0.506703973 0.133405417 0.463483661
v 0.569853485 0.131784543 0.485941261
v 0.479782492 0.155131817 0.553826213
v 0.514180899 0.135358945 0.434789687
v 0.574802339 0.137619957 0.527780771
v 0.439026684 0.136458546 0.439547539
v 0.512592673 0.137906343 0.40030849
v 0.544953108 0.147859111 0.329109937
v 0.521403193 0.134677559 0.442839444
v 0.399209201 0.1749264 0.34571287
v 0.433330417 0.147645667 0.368163645
v 0.54976368 0.143343925 0.368166953
v 0.567820013 0.137810245 0.433995426
v 0.55167985 0.146833718 0.343726367
v 0.521585643 0.13340573 0.460148782
v 0.567017674 0.13474147 0.45771113
v 0.55193311 0.134045333 0.449676603
v 0.393155813 0.20678699 0.337987423
v 0.39056167 0.207085386 0.354674786
v 0.392207175 0.20653902 0.389901996
v 0.393756092 0.212091133 0.404085368
v 0.433021665 0.201565623 0.600848019
v 0.512369633 0.169113666 0.572428465
v 0.571876168 0.151899591 0.354843616
v 0.480579674 0.132761449 0.512280822
v 0.39602831 0.185315967 0.454117447
v 0.451598972 0.134086579 0.527153075
v 0.604715407 0.158790231 0.533218503
v 0.602526367 0.175661117 0.448609084
v 0.605469823 0.191278726 0.495294958
v 0.435113817 0.168994814 0.566313267
v 0.394280672 0.198522016 0.507383704
v 0.556712329 0.196065739 0.597844243
v 0.56038487 0.206690952 0.608444035
v 0.394897044 0.169889748 0.493516445
v 0.537267804 0.136667669 0.418766528
v 0.519531012 0.149658486 0.546773672
v 0.604175985 0.20264639 0.453410119
v 0.580735207 0.157706365 0.34386912
v 0.463909328 0.144189671 0.350415915
v 0.604193032 0.187371701 0.45874086
v 0.549806178 0.129701346 0.495598853
v 0.604112148 0.16117698 0.515543222
v 0.531559944 0.177870363 0.582793295
v 0.500966549 0.135137871 0.439231753
v 0.552161992 0.136812508 0.42444399
v 0.393467724 0.192319289 0.40392229
v 0.462008804 0.197708443 0.605102241
v 0.545122385 0.131672695 0.474172056
v 0.41434893 0.139630362 0.521724224
v 0.394241631 0.196073323 0.371037453
v 0.451869994 0.146355838 0.350335062
v 0.604255855 0.190135136 0.482175022
v 0.450433731 0.139745831 0.40300858
v 0.466919959 0.146260887 0.327756107
v 0.490534544 0.13626948 0.423652351
v 0.53869909 0.137284294 0.412918389
v 0.516684175 0.138850689 0.387842774
v 0.541979671 0.140134573 0.536249101
v 0.466088235 0.1424793 0.538430333
v 0.390332907 0.215757206 0.318588167
v 0.395256847 0.211661279 0.506439626
v 0.555313349 0.135312662 0.4398745
v 0.608750641 0.21382609 0.303735793
v 0.57685864 0.199062735 0.595551312
v 0.582003832 0.240104795 0.636415243
v 0.412823141 0.146822393 0.472083181
v 0.394725829 0.188981339 0.43682009
v 0.472457379 0.134344175 0.446344167
v 0.603350461 0.207640126 0.478535295
v 0.606470466 0.193078652 0.505085468
v 0.580152988 0.154412538 0.359870672
v 0.567438304 0.156620592 0.315885901
v 0.415996581 0.145291358 0.456134945
v 0.495368063 0.153404519 0.551216006
v 0.546271741 0.159499317 0.559675992
v 0.397492945 0.17721422 0.314259797
v 0.473295927 0.137190834 0.412147969
v 0.570874274 0.165441692 0.560853481
v 0.526636124 0.14371264 0.337778747
v 0.606653631 0.18395865 0.508039951
v 0.555824995 0.151216447 0.321262509
v 0.584139943 0.148225233 0.407962084
v 0.581069648 0.150496677 0.381674558
v 0.410220593 0.1563133 0.410951227
v 0.493009597 0.143880993 0.325689226
v 0.396683574 0.164267346 0.527820289
v 0.439732969 0.218942583 0.621562183
v 0.575802147 0.239256933 0.636490226
v 0.550551236 0.226699069 0.631261528
v 0.602564991 0.169861853 0.529701173
v 0.601694226 0.194661468 0.354370594
v 0.43058911 0.154309765 0.334312886
v 0.572847366 0.130999371 0.500498652
v 0.576974511 0.164295733 0.557482779
v 0.391417116 0.203757241 0.358739644
v 0.403864086 0.159367949 0.465882748
v 0.605949402 0.193705603 0.421738178
v 0.573229074 0.187097132 0.583636403
v 0.421256453 0.156115144 0.344231486
v 0.411941648 0.160306066 0.54628861
v 0.437838972 0.140542939 0.410757035
v 0.48983705 0.142833039 0.338205189
v 0.498139054 0.142032623 0.349248767
v 0.484893262 0.131853178 0.491803259
v 0.588802516 0.151563033 0.456805468
v 0.606697619 0.172734097 0.508531809
v 0.554068863 0.140351281 0.396196872
v 0.51897943 0.13573119 0.42909348
v 0.515742004 0.141935945 0.348550498
v 0.54458344 0.129951894 0.508300364
v 0.522244275 0.136819035 0.41462633
v 0.604034781 0.197078377 0.46303165
v 0.48364225 0.135457054 0.433646053
v 0.403935641 0.172251672 0.306471556
v 0.391468346 0.208988637 0.375003815
v 0.395645767 0.205705032 0.438872427
v 0.401420772 0.170520961 0.541334212
v 0.473536968 0.187889501 0.595773816
v 0.427224398 0.183724582 0.58027935
v 0.427351952 0.220907003 0.620248795
v 0.535491168 0.189545363 0.59647733
v 0.584857702 0.231970295 0.629906356
v 0.552057326 0.242563143 0.640078962
v 0.604928613 0.20467253 0.336311072
v 0.424186051 0.199420646 0.596430182
v 0.443233699 0.247407004 0.641594589
v 0.456786335 0.137272507 0.418931484
v 0.462254524 0.151394144 0.550417364
v 0.578776121 0.216329664 0.613490045
v 0.605364144 0.207066104 0.505577445
v 0.401603073 0.157752335 0.480698556
v 0.503450572 0.132266298 0.504184902
v 0.546016872 0.146707132 0.545315921
v 0.542511642 0.177518293 0.580739617
v 0.567148626 0.168444037 0.565143585
v 0.604064941 0.209608972 0.445769131
v 0.468372911 0.142950922 0.355292916
v 0.449008107 0.228417456 0.632154167
v 0.395824403 0.179021418 0.483862638
v 0.39659822 0.174185678 0.526668966
v 0.594389915 0.163096458 0.359270483
v 0.4509601 0.147842243 0.340280026
v 0.44355154 0.13228111 0.46937269
v 0.491322607 0.13316381 0.466774851
v 0.535399675 0.172296911 0.575542569
v 0.578210711 0.133522391 0.504139185
v 0.517159224 0.133480832 0.515500903
v 0.561153591 0.14809595 0.351528555
v 0.555853188 0.143670917 0.371905178
v 0.539761961 0.141467333 0.374206156
v 0.418541968 0.163951412 0.309644967
v 0.395869166 0.183400854 0.419311315
v 0.431177527 0.213557437 0.613303483
v 0.570393801 0.196848735 0.594891548
v 0.539330363 0.227523938 0.634656072
v 0.452834904 0.130504414 0.485332936
v 0.60055244 0.153909013 0.507468343
v 0.39773801 0.178105459 0.427735031
v 0.428870171 0.16730462 0.563004255
v 0.479957312 0.173966691 0.578172505
v 0.60641259 0.206913382 0.316506565
v 0.408658624 0.142514735 0.519382417
v 0.530878603 0.139258906 0.388437361
v 0.489241391 0.14461863 0.314536601
v 0.404078066 0.165057674 0.350819498
v 0.419091105 0.150437936 0.380735874
v 0.454055607 0.150786683 0.313686311
v 0.539821923 0.143753111 0.354798198
v 0.397489995 0.195100099 0.335836947
v 0.403392613 0.176361471 0.400230646
v 0.453284591 0.155807808 0.555614471
v 0.529000282 0.145526037 0.324482143
v 0.439743817 0.146422699 0.365678459
v 0.474681944 0.134833589 0.521629155
v 0.39125672 0.168205112 0.539355099
v 0.606498718 0.191691339 0.317015737
v 0.537135661 0.134738728 0.439856648
v 0.471801162 0.138372973 0.530389428
v 0.605482161 0.196270227 0.43492648
v 0.436330944 0.188002348 0.587061107
v 0.395715594 0.162727192 0.50144136
v 0.541091383 0.145137787 0.34507075
v 0.486806363 0.132073879 0.50405705
v 0.390463591 0.216438696 0.299986601
v 0.392246127 0.20269756 0.395335317
v 0.491035372 0.1458489 0.302970767
v 0.49192214 0.164855763 0.566508532
v 0.584739685 0.1470882 0.428752393
v 0.523002982 0.163513586 0.565006793
v 0.516027093 0.176024437 0.581715822
v 0.604833543 0.175981581 0.53239727
v 0.56230849 0.156353071 0.304880053
v 0.597882926 0.1801541 0.369694591
v 0.395842761 0.199627951 0.449397415
v 0.606857061 0.200436577 0.411858976
v 0.50014627 0.138448328 0.394965976
v 0.440017253 0.241347998 0.638817847
v 0.601328075 0.177487254 0.425495088
v 0.435685605 0.135096788 0.453196883
v 0.541846156 0.155368298 0.555309594
v 0.528484523 0.153940216 0.552973151
v 0.565395772 0.222047672 0.623775005
v 0.395734072 0.190880612 0.477756023
v 0.417345583 0.145591006 0.422152191
v 0.444823533 0.136903241 0.430831224
v 0.453507662 0.13536188 0.438440681
v 0.551710546 0.152797222 0.30307737
v 0.418919325 0.145218477 0.416220665
v 0.405630022 0.168003425 0.424883932
v 0.41831857 0.139449507 0.481512129
v 0.597279429 0.164794296 0.452592999
v 0.600231767 0.166981325 0.463306427
v 0.604438245 0.196207985 0.452918798
v 0.466588616 0.139252797 0.393579394
v 0.535940766 0.143880948 0.348562896
v 0.604573548 0.185419887 0.524694264
v 0.586045682 0.150397852 0.402172476
v 0.563005865 0.150303736 0.340418369
v 0.551521599 0.140588507 0.391590238
v 0.610373974 0.167602897 0.538449705
v 0.570150912 0.15312776 0.547716439
v 0.604566991 0.212853357 0.50216794
v 0.547499776 0.145664051 0.348178893
v 0.603448391 0.196044728 0.366674662
v 0.399106622 0.192369014 0.347186863
v 0.410739303 0.139459834 0.50995332
v 0.430861652 0.130544245 0.513263762
v 0.541400313 0.149208814 0.314515918
v 0.533403695 0.130948111 0.495776385
v 0.391753405 0.203160793 0.378785968
v 0.395030826 0.202237695 0.432770044
v 0.463924438 0.141324818 0.376108825
v 0.606010437 0.203513354 0.423018247
v 0.529296994 0.131211028 0.501465797
v 0.445030898 0.141756818 0.3932482
v 0.406603694 0.160717934 0.380852342
v 0.463292629 0.137001127 0.418316394
v 0.45950532 0.21324724 0.622403204
v 0.518491626 0.139390349 0.381237417
v 0.526926696 0.14119938 0.364208549
v 0.488448709 0.137896031 0.402172923
v 0.496899962 0.13555339 0.433641344
v 0.455978215 0.133852735 0.451824725
v 0.447881222 0.13538602 0.44091326
v 0.46609658 0.147160873 0.321810931
v 0.466602653 0.135256782 0.435444713
v 0.491568655 0.132070795 0.500694931
v 0.597883344 0.169168144 0.54810077
v 0.593753219 0.152994886 0.476412714
v 0.58752805 0.146713659 0.472990602
v 0.575977564 0.13447693 0.48720482
v 0.607362866 0.209093198 0.340164572
v 0.577164114 0.142990172 0.419557542
v 0.507206321 0.137787491 0.402862668
v 0.543684781 0.138697565 0.401717812
v 0.485061944 0.141093701 0.359915495
v 0.452643543 0.141658649 0.385588914
v 0.538699269 0.148111805 0.319241494
v 0.516759992 0.133257523 0.46378836
v 0.520630777 0.134289727 0.448242635
v 0.396587998 0.186177298 0.398193061
v 0.392076224 0.162194818 0.531728625
v 0.452299535 0.130409613 0.516536176
v 0.554570973 0.211239129 0.615151703
v 0.522818863 0.137734607 0.403155625
v 0.46054846 0.138803318 0.402507007
v 0.527094245 0.145874605 0.318008244
v 0.412186742 0.147235468 0.53063345
v 0.533752501 0.132528231 0.467783689
v 0.454902411 0.147857547 0.334749967
v 0.547449231 0.137005672 0.419683337
v 0.555283785 0.137451157 0.532636762
v 0.467959076 0.150533378 0.548802853
v 0.396498293 0.205581278 0.475071877
v 0.605694532 0.203188673 0.511879742
v 0.574045956 0.158186123 0.325774074
v 0.506866276 0.132618919 0.476503372
v 0.572790682 0.155599877 0.336899281
v 0.59129864 0.1566315 0.453489751
v 0.549957871 0.134613723 0.443285882
v 0.554433525 0.22236155 0.627063036
v 0.606439769 0.164689675 0.530314982
v 0.449298948 0.21986036 0.62556684
v 0.505060136 0.140667841 0.364952862
v 0.556552708 0.139311969 0.407169402
v 0.523219287 0.141811103 0.35407868
v 0.52938354 0.135944307 0.425790578
v 0.425169021 0.16165331 0.307243973
v 0.447422326 0.242473289 0.639937997
v 0.596730471 0.168197528 0.330791444
v 0.436509728 0.192032352 0.591463864
v 0.390567183 0.216911599 0.307283789
v 0.390693575 0.214991137 0.359337002
v 0.400843084 0.176637143 0.302695483
v 0.420423746 0.195609197 0.591242969
v 0.456543207 0.202836454 0.609355211
v 0.396293759 0.213148743 0.495604336
v 0.588833213 0.154018983 0.429525882
v 0.507110298 0.162892729 0.564054906
v 0.603744507 0.20457691 0.485078186
v 0.60482204 0.214465454 0.425129116
v 0.60767895 0.209878027 0.39409101
v 0.606457651 0.20182471 0.31525147
v 0.608626723 0.19767645 0.300422132
v 0.609620571 0.218737036 0.298937291
v 0.394484669 0.20639576 0.420671016
v 0.388387918 0.181078583 0.531572402
v 0.468824714 0.207223833 0.620438755
v 0.456201226 0.246607542 0.645059705
v 0.603942573 0.188679874 0.476086676
v 0.428907394 0.150392205 0.360009611
v 0.404295832 0.156992331 0.471869737
v 0.468177587 0.132170513 0.472405285
v 0.471151054 0.141367361 0.368079066
v 0.604991972 0.18749696 0.418863565
v 0.518839478 0.14300245 0.537144184
v 0.486527652 0.134199336 0.45093894
v 0.526641548 0.150415227 0.548261225
v 0.54199326 0.132712051 0.462832749
v 0.399978399 0.159658059 0.485697091
v 0.456079155 0.198749796 0.604450762
v 0.39417693 0.186283782 0.517556608
v 0.602712691 0.184593871 0.40808028
v 0.552282453 0.165530488 0.5655182
v 0.602424502 0.162431791 0.492513984
v 0.416463912 0.1508255 0.387126952
v 0.490971774 0.141046628 0.360500157
v 0.491379201 0.139332429 0.383333176
v 0.491883755 0.134090662 0.453320771
v 0.433266908 0.152021036 0.341335952
v 0.491118282 0.137087137 0.52543354
v 0.462271839 0.133043319 0.459973872
v 0.470596462 0.13994965 0.383259743
v 0.59306252 0.161006704 0.388757199
v 0.539271235 0.196494624 0.603658676
v 0.598964095 0.158585533 0.483030289
v 0.580781698 0.136785239 0.491907209
v 0.605472922 0.197126612 0.373222709
v 0.516307712 0.14524284 0.309250712
v 0.565937221 0.142998546 0.394744068
v 0.558775425 0.142568409 0.384555876
v 0.508737266 0.139478773 0.380031765
v 0.496752024 0.134797394 0.443935305
v 0.424113363 0.163438901 0.30051893
v 0.413042575 0.164666235 0.317459583
v 0.393394977 0.187956333 0.303481698
v 0.39557144 0.192841753 0.447930008
v 0.467511892 0.175961912 0.579653323
v 0.593747735 0.162918448 0.442800015
v 0.563155115 0.194694743 0.594572067
v 0.420824379 0.159852415 0.325717628
v 0.448540866 0.128955096 0.500624716
v 0.510164857 0.136089802 0.425354034
v 0.554243326 0.206642583 0.610137939
v 0.394469172 0.202006847 0.425793558
v 0.443436503 0.215214372 0.618734658
v 0.400816172 0.161968455 0.47054562
v 0.484165192 0.133030578 0.466926485
v 0.550948918 0.193380177 0.596360505
v 0.60473913 0.192494869 0.488901734
v 0.606932342 0.210884586 0.321356833
v 0.396050453 0.187744051 0.328215748
v 0.395772845 0.183221966 0.52316761
v 0.426274508 0.140080422 0.431123078
v 0.524395108 0.142892301 0.343854725
v 0.484338999 0.142464131 0.342445046
v 0.438959062 0.135560468 0.446582645
v 0.599607944 0.151514515 0.528569043
v 0.416517943 0.153409943 0.370671362
v 0.500129402 0.132046193 0.494111478
v 0.467197299 0.130880952 0.50342536
v 0.516714752 0.131862193 0.490039676
v 0.591176331 0.152980015 0.466544718
v 0.605234802 0.166526586 0.497578025
v 0.582486689 0.142842457 0.457652062
v 0.571677983 0.149935961 0.365271479
v 0.572219014 0.14059855 0.423495591
v 0.48311469 0.138891101 0.389237791
v 0.495808721 0.136468768 0.421448857
v 0.511949599 0.143767744 0.32374385
v 0.54846108 0.129980341 0.514525175
v 0.447856307 0.143645957 0.375763208
v 0.582459986 0.148549482 0.536197662
v 0.480736226 0.131992549 0.505197048
v 0.403887391 0.178939268 0.377357483
v 0.406469554 0.172494873 0.395178825
v 0.432422698 0.143466294 0.537877262
v 0.394781113 0.202509403 0.347756505
v 0.39212203 0.199491441 0.389585376
v 0.522078991 0.15335384 0.55183816
v 0.54281801 0.166668355 0.568209589
v 0.516496539 0.144167095 0.319858104
v 0.600806415 0.164117053 0.526988208
v 0.569858015 0.189489573 0.587114513
v 0.604784727 0.189108893 0.326876938
v 0.393702358 0.175613925 0.493733764
v 0.469655603 0.143487722 0.348755449
v 0.406715482 0.167188123 0.321837425
v 0.463167995 0.191454127 0.597815037
v 0.555479348 0.130758673 0.482233703
v 0.434816211 0.129930764 0.496910691
v 0.401611477 0.150637627 0.526226401
v 0.447500587 0.145979181 0.358782977
v 0.604130685 0.179892942 0.485477954
v 0.431911021 0.140278935 0.419866234
v 0.394695461 0.190313324 0.491040349
v 0.59225601 0.145218998 0.52461189
v 0.609850585 0.211800918 0.29795602
v 0.396035284 0.180848286 0.438330799
v 0.41914776 0.142477438 0.450623125
v 0.603556991 0.2042927 0.472917169
v 0.603064179 0.211140141 0.472684413
v 0.40714857 0.156527609 0.461194932
v 0.546854854 0.146881774 0.338445783
v 0.495183647 0.144514099 0.31877616
v 0.395205021 0.167543247 0.517378807
v 0.582650423 0.172205493 0.563794017
v 0.438192904 0.141206458 0.405234009
v 0.607396841 0.212051511 0.313932002
v 0.563918293 0.141684651 0.40001747
v 0.451598197 0.129120752 0.505876839
v 0.395917714 0.211578518 0.435873777
v 0.558760703 0.243163064 0.639680982
v 0.603316188 0.179210395 0.323107421
v 0.554089844 0.146257922 0.35094884
v 0.414148301 0.150524586 0.402947694
v 0.486035258 0.175719246 0.58107537
v 0.603761733 0.200970262 0.478477448
v 0.396773756 0.200826913 0.340557933
v 0.481046081 0.137930036 0.528180718
v 0.401409626 0.186766401 0.368653744
v 0.526517749 0.135166898 0.435620576
v 0.536168694 0.144718245 0.342255324
v 0.58982563 0.145077959 0.488160819
v 0.428785115 0.145509362 0.390247345
v 0.53483665 0.154461011 0.553990781
v 0.531150103 0.1330176 0.46222049
v 0.533469141 0.142864794 0.355019838
v 0.464165509 0.184507653 0.589698911
v 0.463156164 0.138136178 0.407148659
v 0.609949827 0.214641199 0.337816715
v 0.582045376 0.143614992 0.441807151
v 0.585876226 0.140570536 0.490910411
v 0.566388071 0.129657581 0.50368911
v 0.56649667 0.1300392 0.511231303
v 0.511855364 0.137441158 0.406840712
v 0.582123399 0.135654867 0.514779031
v 0.434972644 0.156713516 0.310991198
v 0.493016303 0.309456021 0.313472569
v 0.427126616 0.156837493 0.327989757
v 0.444899231 0.315151453 0.552910447
v 0.5413028 0.310045362 0.357910603
v 0.435292333 0.308483124 0.62973088
v 0.471377641 0.309250981 0.328633159
v 0.513074994 0.317197591 0.548704743
v 0.555144846 0.129181191 0.512015343
v 0.559530914 0.128928348 0.502149642
v 0.42896229 0.144479737 0.396692187
v 0.481295317 0.135957152 0.427017242
v 0.558076739 0.303939968 0.638233364
v 0.401108533 0.246286675 0.484526455
v 0.605151296 0.20335111 0.519325733
v 0.490430057 0.135497212 0.433822364
v 0.447341383 0.31322524 0.626470566
v 0.476939589 0.135639474 0.43109259
v 0.570185721 0.13068451 0.495359629
v 0.425391555 0.295644134 0.411774009
v 0.499880821 0.136777952 0.416979969
v 0.436711013 0.295772702 0.301911205
v 0.560778439 0.130009159 0.5151003
v 0.603865325 0.197951034 0.47296384
v 0.539882302 0.318858713 0.576091409
v 0.552127361 0.310340732 0.631978393
v 0.514077485 0.311899543 0.378653973
v 0.529795289 0.317287564 0.550515294
v 0.60063988 0.232818812 0.450058848
v 0.604320824 0.167375803 0.518212914
v 0.440759569 0.315045923 0.557221353
v 0.588255823 0.172133997 0.560497224
v 0.422017694 0.156859145 0.338754028
v 0.605767906 0.191804588 0.515112102
v 0.418434829 0.170397222 0.562478244
v 0.443474054 0.317898065 0.580243587
v 0.475355417 0.134809911 0.440930098
v 0.603483021 0.195016772 0.329770356
v 0.525320292 0.317191005 0.546615601
v 0.402330965 0.247724175 0.465265125
v 0.601508379 0.22895515 0.445145309
v 0.566235125 0.133113474 0.469531506
v 0.423460305 0.154247656 0.349843115
v 0.604586422 0.222561955 0.512272
v 0.604007959 0.188579395 0.530665815
v 0.488179684 0.315952629 0.611990631
v 0.584158003 0.282809287 0.333872348
v 0.481685907 0.134950131 0.44009909
v 0.399729282 0.189858824 0.357314259
v 0.398158401 0.156545833 0.513241649
v 0.522545695 0.313421339 0.422643155
v 0.516604662 0.137125075 0.410989642
v 0.400967211 0.256795496 0.331248462
v 0.603071153 0.212247014 0.483991951
v 0.452141166 0.224227682 0.629323542
v 0.541236162 0.316901982 0.548632085
v 0.411584526 0.143504813 0.488792628
v 0.573322773 0.136210933 0.458783835
v 0.59779489 0.171871826 0.429021686
v 0.539871812 0.137932897 0.407248706
v 0.498371929 0.310678065 0.348076195
v 0.408644766 0.271773219 0.37472716
v 0.482426018 0.310334593 0.347017199
v 0.471728176 0.317905515 0.565766692
v 0.426924169 0.134307683 0.474965513
v 0.431105673 0.132627949 0.480394065
v 0.506652296 0.141101345 0.359005392
v 0.560808659 0.185246825 0.58498472
v 0.452215612 0.312217474 0.471004695
v 0.506738484 0.13637957 0.421751231
v 0.582614005 0.140054986 0.480850607
v 0.550713718 0.12915349 0.507571638
v 0.549020052 0.313781887 0.494690537
v 0.572309017 0.131039023 0.50750941
v 0.39933759 0.241867736 0.495965987
v 0.392429322 0.193838999 0.301210552
v 0.48872304 0.310803145 0.35572511
v 0.40725264 0.268090129 0.384621769
v 0.588723183 0.274811983 0.484479785
v 0.396166772 0.18090941 0.456217885
v 0.595892727 0.174431697 0.385411173
v 0.400428653 0.249100983 0.495178342
v 0.545894623 0.318474472 0.572050691
v 0.458509535 0.312932789 0.458444804
v 0.483033597 0.310593545 0.353431076
v 0.432360679 0.304101795 0.473277271
v 0.454959244 0.132617295 0.521889687
v 0.428751945 0.143542886 0.403204083
v 0.478027523 0.14685218 0.542834818
v 0.603824615 0.203473955 0.461260647
v 0.438450694 0.150776014 0.547524452
v 0.443321854 0.309124231 0.461155772
v 0.606098294 0.195923746 0.510541737
v 0.408888966 0.270452768 0.307039738
v 0.425932109 0.152344167 0.355109423
v 0.56497246 0.175225452 0.573073328
v 0.4841564 0.314999074 0.618568957
v 0.605470955 0.166786417 0.511778772
v 0.433627069 0.154169336 0.328339577
v 0.540938854 0.317932218 0.563079834
v 0.477254719 0.315141529 0.621734858
v 0.405134141 0.172915757 0.301006764
v 0.52363956 0.309416741 0.637599826
v 0.5453462 0.255943447 0.648431778
v 0.581788599 0.212563589 0.608999908
v 0.609726548 0.217637599 0.3511208
v 0.540166795 0.135775447 0.429045826
v 0.58192271 0.140506282 0.525871217
v 0.43244037 0.301142305 0.417822093
v 0.508533418 0.312653005 0.404862285
v 0.48823452 0.30872336 0.298841774
v 0.601121008 0.243889466 0.380959421
v 0.594073713 0.16719608 0.425218344
v 0.499259353 0.145928815 0.54060477
v 0.558502138 0.175963059 0.575434446
v 0.447845042 0.318373352 0.577882171
v 0.39833796 0.175221711 0.320920438
v 0.446406722 0.194268435 0.596545815
v 0.555027127 0.309788257 0.437911153
v 0.512901902 0.314099431 0.448794246
v 0.398841739 0.176362544 0.543960154
v 0.575030208 0.150398985 0.370711863
v 0.609110236 0.228439897 0.323908865
v 0.560150325 0.300652981 0.326271445
v 0.399842083 0.24003242 0.488702267
v 0.601191103 0.259686857 0.512881219
v 0.552465498 0.31399408 0.520152032
v 0.604792833 0.19858852 0.52286613
v 0.480463743 0.133340895 0.461283326
v 0.441597819 0.299263835 0.300531954
v 0.565052152 0.308348149 0.522117257
v 0.556751966 0.133840233 0.526206553
v 0.531889915 0.314925402 0.469445407
v 0.601444304 0.155615136 0.513280511
v 0.447451741 0.130551055 0.485164374
v 0.530970454 0.30894354 0.314928979
v 0.397683889 0.221153051 0.482941091
v 0.428741664 0.300626874 0.462136894
v 0.395338386 0.224073961 0.399909407
v 0.609666705 0.212008506 0.352952719
v 0.476144016 0.134025246 0.451037824
v 0.516936481 0.3173742 0.55350256
v 0.599971652 0.236267984 0.455267131
v 0.517525733 0.166359529 0.568693221
v 0.51378864 0.314452589 0.459732294
v 0.587244391 0.277488142 0.478714406
v 0.54309535 0.314308673 0.473376065
v 0.572068155 0.15310587 0.348590165
v 0.579179406 0.291852117 0.401137829
v 0.500124335 0.139920115 0.530572414
v 0.405600131 0.169351414 0.545499802
v 0.511161625 0.307948023 0.638981462
v 0.493561864 0.135952383 0.428216517
v 0.577643871 0.162846625 0.309770048
v 0.429747522 0.135703593 0.457153589
v 0.495670348 0.141511694 0.355540365
v 0.473648101 0.181439102 0.587164402
v 0.4856157 0.166405767 0.568496287
v 0.551052272 0.132607594 0.523900032
v 0.60685724 0.2347482 0.325054407
v 0.599441171 0.185560688 0.354392797
v 0.593592167 0.176784083 0.561844647
v 0.470269173 0.314144999 0.627675295
v 0.566975892 0.303397298 0.438031405
v 0.434163749 0.311244369 0.623559594
v 0.42936784 0.299488068 0.4220213
v 0.422841668 0.294170409 0.417924821
v 0.508149743 0.132036999 0.499246806
v 0.601675153 0.224307299 0.468497187
v 0.603713334 0.239505231 0.355622321
v 0.501619458 0.309380382 0.308535933
v 0.582974136 0.286877871 0.461632282
v 0.422186017 0.145191476 0.404810995
v 0.601118922 0.190191075 0.343536884
v 0.497988105 0.317715347 0.579612076
v 0.538902044 0.132746547 0.520462275
v 0.482468188 0.316944361 0.607804894
v 0.410759091 0.144496739 0.5250175
v 0.394781977 0.211564198 0.41742292
v 0.596585095 0.177245229 0.389722973
v 0.459529757 0.310756654 0.634588838
v 0.447762877 0.145113036 0.542937517
v 0.400053233 0.187606692 0.350038737
v 0.592928588 0.262910396 0.44680348
v 0.399289876 0.268261373 0.517023861
v 0.443937272 0.143115476 0.540002108
v 0.475665241 0.316218764 0.526146233
v 0.46869278 0.131034926 0.49184522
v 0.606175005 0.178837016 0.512412071
v 0.531734109 0.314180881 0.444009751
v 0.558275938 0.309910089 0.630275607
v 0.450171441 0.131891534 0.472130239
v 0.537967503 0.308797956 0.324522406
v 0.605074883 0.189622343 0.432468772
v 0.597607315 0.263492256 0.337901205
v 0.426982462 0.154757112 0.339658946
v 0.568689644 0.30191505 0.430418581
v 0.610125005 0.217686281 0.343936801
v 0.547011912 0.139607012 0.396090478
v 0.408147693 0.163333118 0.403332412
v 0.482840925 0.142945692 0.336434096
v 0.551163673 0.132637084 0.462580681
v 0.531610608 0.316172898 0.513972759
v 0.434640586 0.273093522 0.647483468
v 0.427387416 0.131237209 0.508587599
v 0.542513669 0.316371739 0.541807532
v 0.503949344 0.312747598 0.409671247
v 0.560606062 0.150719389 0.334239244
v 0.607437611 0.216859668 0.38760981
v 0.411548018 0.276480228 0.398061693
v 0.53409034 0.21297963 0.624846816
v 0.397120416 0.176329657 0.454574496
v 0.455640376 0.149844125 0.318565696
v 0.436802536 0.308388889 0.519490004
v 0.539274216 0.315553337 0.508241177
v 0.509915709 0.141950473 0.347484112
v 0.568853676 0.147882715 0.370598853
v 0.404383451 0.150659651 0.49031353
v 0.566735327 0.152830794 0.335459262
v 0.518646061 0.138080359 0.398589104
v 0.561888814 0.303026408 0.376337588
v 0.533143997 0.133983076 0.449480861
v 0.573777437 0.162731916 0.29970482
v 0.396573186 0.21166338 0.450405359
v 0.503423393 0.142581642 0.535751998
v 0.491977841 0.13528201 0.519823372
v 0.549260199 0.305872381 0.324646711
v 0.481205493 0.143733621 0.33003068
v 0.398721129 0.243744627 0.379749477
v 0.457012385 0.314198822 0.500973463
v 0.405916661 0.266018838 0.371610403
v 0.468349814 0.13330406 0.458416522
v 0.545973837 0.152303398 0.299218357
v 0.406091034 0.268682986 0.323942393
v 0.601389408 0.248104215 0.348442703
v 0.429378301 0.187596902 0.584986567
v 0.588826895 0.139830172 0.505104125
v 0.573897004 0.14454861 0.402193308
v 0.405051291 0.266575158 0.311438203
v 0.427932769 0.131589308 0.49574849
v 0.556672037 0.275136352 0.650237143
v 0.478994042 0.317420959 0.557458878
v 0.601529896 0.264356941 0.517632306
v 0.395735055 0.195465401 0.482529104
v 0.438807517 0.154314846 0.315832436
v 0.385446697 0.173290655 0.536588907
v 0.568961263 0.306077123 0.526236713
v 0.403113008 0.174299181 0.368480057
v 0.501381516 0.15257287 0.550113916
v 0.394822687 0.191620827 0.32211706
v 0.395788938 0.212121904 0.501003861
v 0.395504653 0.230133802 0.383069098
v 0.597083151 0.272275865 0.511028707
v 0.4704808 0.313439876 0.441937387
v 0.401174545 0.153373539 0.495613366
v 0.587159872 0.279937953 0.342847228
v 0.509769797 0.309091836 0.298766017
v 0.547338426 0.163938582 0.564539969
v 0.528247356 0.311944366 0.632605433
v 0.605439186 0.232722089 0.358759075
v 0.441501856 0.146821171 0.360225737
v 0.450380653 0.318860084 0.591455638
v 0.398396432 0.195616245 0.356602758
v 0.464794278 0.131336063 0.48193121
v 0.523772717 0.131631732 0.489567786
v 0.463258088 0.311120301 0.385508597
v 0.477134436 0.31547454 0.500400603
v 0.466821045 0.132366464 0.515057623
v 0.401320994 0.245995313 0.424589574
v 0.500680745 0.309620112 0.633703172
v 0.44552958 0.149162367 0.547228694
v 0.395674765 0.221485123 0.511585057
v 0.593266845 0.271722645 0.340495467
v 0.458331108 0.313313693 0.46939227
v 0.418056011 0.14827399 0.400604635
v 0.399162173 0.239194334 0.41264835
v 0.567179918 0.186170474 0.584269226
v 0.535844266 0.135246158 0.43406713
v 0.439643264 0.313693911 0.551250458
v 0.547102034 0.140482754 0.388721883
v 0.524197221 0.316839218 0.614540339
v 0.520583451 0.317092359 0.608991563
v 0.400036931 0.236743122 0.462573886
v 0.51138097 0.312035024 0.384131879
v 0.528337777 0.309903055 0.331310719
v 0.534509838 0.131782889 0.514740348
v 0.486701548 0.132213399 0.482085824
v 0.575322211 0.302257538 0.634352148
v 0.530507565 0.313782901 0.43134582
v 0.573292613 0.304557592 0.536374271
v 0.405402631 0.274680853 0.507450879
v 0.462885708 0.318805397 0.607375979
v 0.56382364 0.309484512 0.528403342
v 0.527805328 0.311603934 0.370522231
v 0.546207488 0.318073452 0.609639168
v 0.399548918 0.167159155 0.45868364
v 0.53465718 0.138154238 0.402273804
v 0.492267996 0.317649752 0.571061432
v 0.531689167 0.315789193 0.500554204
v 0.499886632 0.314926773 0.478794038
v 0.542190075 0.31313917 0.436422944
v 0.557570279 0.305937946 0.378952384
v 0.541782081 0.31075564 0.374626696
v 0.610855401 0.17758356 0.532705128
v 0.483958781 0.148712099 0.545016766
v 0.513003528 0.141600192 0.352540344
v 0.469968408 0.133843243 0.452253997
v 0.525822103 0.316079974 0.510251582
v 0.402245164 0.259688735 0.336837411
v 0.603981435 0.174658224 0.487813175
v 0.574479103 0.152079061 0.359982491
v 0.453820318 0.252905637 0.646380186
v 0.451957941 0.233455345 0.63562876
v 0.537847877 0.130841985 0.489853829
v 0.478040278 0.132829681 0.467761546
v 0.407408893 0.16650255 0.418570668
v 0.448688149 0.318109989 0.570907891
v 0.514977098 0.306223124 0.643750608
v 0.581520379 0.138615459 0.485980272
v 0.493649781 0.139537975 0.530120909
v 0.415201575 0.281255752 0.479446143
v 0.479656875 0.131612942 0.492862582
v 0.534506142 0.315058112 0.479264021
v 0.431512743 0.180004865 0.577344298
v 0.550973237 0.316192418 0.617655158
v 0.39930594 0.18132101 0.40262112
v 0.52078867 0.185711637 0.594541013
v 0.435225576 0.147008955 0.542684674
v 0.475550115 0.160823077 0.561219513
v 0.526384175 0.134245694 0.447392762
v 0.573645949 0.300061226 0.492275387
v 0.541828513 0.135198951 0.435636461
v 0.450714588 0.318094283 0.606492758
v 0.599161446 0.243292287 0.426221758
v 0.605709195 0.195572495 0.499790937
v 0.545438468 0.312973022 0.443066955
v 0.495239556 0.31636858 0.525204659
v 0.411179811 0.274331272 0.42207706
v 0.405012697 0.256920189 0.437763095
v 0.477487117 0.309318811 0.324692488
v 0.543543518 0.310964674 0.381920636
v 0.564177096 0.129916877 0.496834069
v 0.603032768 0.213892385 0.460885853
v 0.51710844 0.313991278 0.443570316
v 0.578370988 0.138475224 0.468664944
v 0.393008709 0.201986745 0.407200307
v 0.435178697 0.298734367 0.36005795
v 0.59852016 0.243075848 0.455977291
v 0.393421799 0.198368624 0.412430495
v 0.503939033 0.316628367 0.532079279
v 0.427473664 0.202844307 0.600877166
v 0.482468277 0.141204521 0.533725739
v 0.529800653 0.317598701 0.556707442
v 0.458014995 0.223451734 0.630002737
v 0.493115336 0.317679524 0.583092272
v 0.416462988 0.142597124 0.527938545
v 0.598172665 0.178182155 0.363518894
v 0.605182409 0.209797025 0.515725613
v 0.461559564 0.31451714 0.496008545
v 0.479714632 0.163922176 0.565042317
v 0.400182873 0.237831816 0.45557341
v 0.477639318 0.143689752 0.334649175
v 0.590280414 0.157790869 0.422803551
v 0.436797827 0.215460032 0.616912127
v 0.44563669 0.202598035 0.605496824
v 0.439608574 0.305783808 0.635830104
v 0.409462422 0.181238487 0.568621397
v 0.552101314 0.306822866 0.355193138
v 0.602607965 0.175896049 0.454074323
v 0.547539234 0.144824401 0.354580224
v 0.389967322 0.226900309 0.299628526
v 0.443735152 0.30410096 0.35412541
v 0.407482326 0.161408335 0.391423553
v 0.520645201 0.140607148 0.367343158
v 0.401071161 0.150937036 0.513190567
v 0.472229689 0.317510277 0.559182584
v 0.500635207 0.133177027 0.511120796
v 0.439954817 0.157019645 0.298892319
v 0.473154187 0.152741954 0.551109195
v 0.434526384 0.131319836 0.518121123
v 0.554222345 0.311792403 0.474567533
v 0.541555882 0.136438161 0.42276153
v 0.527044594 0.31628105 0.517254293
v 0.449081004 0.19831568 0.601800382
v 0.399131209 0.236187473 0.430522144
v 0.609990716 0.229237631 0.2993927
v 0.571980596 0.13377063 0.521334767
v 0.473743707 0.136582538 0.419296622
v 0.511967361 0.317656726 0.592510283
v 0.418431103 0.276982456 0.644792795
v 0.395214587 0.174378574 0.488720506
v 0.447400093 0.146845102 0.352508634
v 0.579799712 0.287143022 0.332182288
v 0.578337014 0.160892561 0.32213065
v 0.591072917 0.28208375 0.512367785
v 0.60358423 0.23649548 0.371849269
v 0.469575793 0.202896029 0.615307629
v 0.469559729 0.309839755 0.343160331
v 0.414741099 0.149688065 0.427140772
v 0.550349474 0.308297038 0.636145234
v 0.571198165 0.160646275 0.555549145
v 0.604182005 0.204816625 0.492805362
v 0.521321177 0.1316351 0.494801909
v 0.527824819 0.136565194 0.526525497
v 0.583251715 0.279788554 0.298672646
v 0.57796061 0.295191497 0.489817142
v 0.547552705 0.204146519 0.609313846
v 0.394362539 0.189979315 0.430768788
v 0.603725314 0.233004242 0.384699613
v 0.521411479 0.318018287 0.598128617
v 0.511180222 0.134464771 0.447525829
v 0.569016874 0.160479799 0.299525887
v 0.563781977 0.295547783 0.643395185
v 0.400264323 0.180125117 0.349396378
v 0.546206892 0.136236995 0.426099092
v 0.526508093 0.137361348 0.408624679
v 0.591748059 0.16095823 0.428869367
v 0.476745456 0.31367752 0.443203062
v 0.605701983 0.194328383 0.389948219
v 0.52984482 0.173606619 0.577587783
v 0.447636396 0.276921719 0.651555061
v 0.464917988 0.130714417 0.497593045
v 0.532561243 0.318670124 0.577231467
v 0.587331533 0.27769956 0.455823898
v 0.56730932 0.157809511 0.309320807
v 0.433220804 0.296734452 0.353767455
v 0.398880482 0.232697874 0.442265749
v 0.396398395 0.205337763 0.460447431
v 0.459867805 0.151584715 0.298616648
v 0.528664351 0.313520133 0.423987687
v 0.405929178 0.161378011 0.449295014
v 0.526337564 0.310692519 0.34728235
v 0.60737747 0.206878319 0.350469917
v 0.432692319 0.304588616 0.491508633
v 0.533233106 0.309446812 0.328358293
v 0.424931914 0.297475606 0.505696118
v 0.583514452 0.161151215 0.550869167
v 0.536247194 0.308942735 0.6382339
v 0.545952201 0.314940244 0.509425879
v 0.421866357 0.133168072 0.507267833
v 0.586246073 0.147879109 0.532290161
v 0.417123139 0.284690082 0.340394616
v 0.521250844 0.132182062 0.510135949
v 0.450033754 0.289385647 0.65073365
v 0.563724756 0.316251487 0.596180081
v 0.496158004 0.309875131 0.3246589
v 0.540436685 0.231991291 0.637889206
v 0.452836543 0.308129936 0.359976232
v 0.459439337 0.313953042 0.628309369
v 0.594254076 0.262621999 0.485715985
v 0.55344224 0.177541211 0.578391492
v 0.598070502 0.170752898 0.435168713
v 0.396018773 0.185333878 0.413106054
v 0.517703712 0.31735006 0.603698671
v 0.408281296 0.151741743 0.473744571
v 0.440645397 0.302740455 0.360470116
v 0.544274688 0.136544764 0.530307233
v 0.547945678 0.316425085 0.55070287
v 0.402153224 0.178365067 0.550308406
v 0.5829916 0.289263368 0.510873377
v 0.564108312 0.152914584 0.54914546
v 0.511218607 0.31735754 0.554751277
v 0.496748418 0.140289381 0.371317178
v 0.482012779 0.316441059 0.529426455
v 0.505125344 0.159227088 0.559138238
v 0.58044219 0.288261235 0.642709553
v 0.41325745 0.155310839 0.541457772
v 0.606056631 0.215901852 0.40561375
v 0.416088313 0.140033633 0.486917198
v 0.404111922 0.147422239 0.516818821
v 0.533933282 0.133431405 0.455997199
v 0.41837135 0.241982028 0.637296796
v 0.578677177 0.294011056 0.495963275
v 0.548295617 0.30985406 0.386970162
v 0.41869387 0.148647398 0.393564224
v 0.397702396 0.23411642 0.407824218
v 0.592243969 0.160407484 0.365550667
v 0.588702559 0.15263018 0.443560719
v 0.54553175 0.135647148 0.431685209
v 0.450534463 0.317092627 0.613415062
v 0.564742208 0.140498698 0.535241902
v 0.411632091 0.273556292 0.449092388
v 0.42708376 0.195237026 0.592620194
v 0.590391934 0.253902286 0.642300546
v 0.496584475 0.138937771 0.388588995
v 0.569171309 0.305170923 0.632527709
v 0.510645509 0.311668158 0.372913629
v 0.394665569 0.205389127 0.508799553
v 0.39664492 0.228206545 0.409877479
v 0.533555388 0.314519703 0.455897748
v 0.49658531 0.142359763 0.535287023
v 0.454982579 0.137077868 0.531662345
v 0.601582229 0.231075987 0.490504682
v 0.595746219 0.254805923 0.472709268
v 0.539063394 0.142120346 0.367844313
v 0.432144642 0.242196143 0.638412893
v 0.553139925 0.129119843 0.501386881
v 0.394078076 0.194768876 0.511275709
v 0.604423165 0.202183768 0.33035773
v 0.400795221 0.241387561 0.44951269
v 0.553852439 0.318202466 0.580192745
v 0.569276094 0.294015557 0.327424586
v 0.485027134 0.315766901 0.507805645
v 0.443415552 0.143755287 0.380231529
v 0.516411901 0.310447663 0.335582972
v 0.589906156 0.159621075 0.349969596
v 0.578369856 0.290422171 0.358814567
v 0.572354555 0.299755186 0.442014039
v 0.459071159 0.161698952 0.562507868
v 0.607857108 0.20386368 0.382126689
v 0.49943924 0.31617251 0.60653156
v 0.525415957 0.309540093 0.319535285
v 0.456570655 0.148261383 0.329153538
v 0.557324469 0.155105397 0.299675077
v 0.58121103 0.13585408 0.498117745
v 0.44764325 0.264421493 0.648661792
v 0.428205609 0.301738679 0.516022682
v 0.41373834 0.281229347 0.389487028
v 0.585845411 0.282815963 0.363441378
v 0.480147421 0.142370865 0.347486526
v 0.55757463 0.302986652 0.338543743
v 0.425116628 0.156514406 0.334186405
v 0.470272213 0.144150838 0.341506571
v 0.420132488 0.141071931 0.457928717
v 0.431899637 0.305923134 0.524163008
v 0.606508791 0.238208652 0.313450903
v 0.589922071 0.271277159 0.479593903
v 0.497073889 0.142987967 0.336837262
v 0.518940747 0.313199967 0.417081416
v 0.53196305 0.138685793 0.395665586
v 0.599597275 0.179847687 0.356642872
v 0.480182827 0.315203786 0.491046995
v 0.416811913 0.155223653 0.359819263
v 0.41219756 0.27909106 0.352700859
v 0.40579921 0.161824375 0.374385059
v 0.551565826 0.153831705 0.297000021
v 0.429280162 0.302069902 0.48608911
v 0.601886809 0.225621283 0.451203853
v 0.524772406 0.135574147 0.430669099
v 0.41715163 0.288926005 0.641691327
v 0.577839673 0.160445571 0.552839279
v 0.525957525 0.313311011 0.417663038
v 0.606620371 0.206845447 0.411121815
v 0.530948341 0.13219437 0.473739088
v 0.498012841 0.132118568 0.499693841
v 0.394268066 0.207570478 0.316491097
v 0.482480824 0.141690239 0.353765905
v 0.600470066 0.246860772 0.376390427
v 0.445287466 0.133580536 0.526464224
v 0.442813873 0.198559925 0.600275278
v 0.559412003 0.137670681 0.423999965
v 0.528515875 0.142813355 0.349960864
v 0.498601586 0.134513408 0.517755032
v 0.584078491 0.154783905 0.365753204
v 0.484173059 0.138378471 0.39610371
v 0.454269111 0.16406627 0.56487304
v 0.50567621 0.136809021 0.415996313
v 0.526559353 0.195886567 0.607184231
v 0.451693058 0.312974006 0.496940076
v 0.474920154 0.303871632 0.648257136
v 0.521224916 0.311985552 0.379101634
v 0.565642476 0.243929207 0.639398456
v 0.530607343 0.142664835 0.537928581
v 0.588082254 0.280158281 0.373744309
v 0.601955771 0.16251485 0.521638572
v 0.396010637 0.233751059 0.377378076
v 0.453739733 0.242498457 0.641300261
v 0.418788075 0.288424671 0.42545262
v 0.565230489 0.303251982 0.413037986
v 0.387178004 0.171971574 0.540354967
v 0.511790514 0.134920269 0.441161275
v 0.545930028 0.309274405 0.354108542
v 0.440954655 0.307920724 0.455231607
v 0.513813555 0.309835553 0.318124175
v 0.594729722 0.170996979 0.397319496
v 0.492895573 0.132471979 0.479629815
v 0.562715828 0.265535533 0.64674449
v 0.600362599 0.25469619 0.327242762
v 0.584925532 0.284920007 0.389989048
v 0.4248721 0.152259663 0.544907451
v 0.604353368 0.234946713 0.365522802
v 0.59300822 0.145457521 0.497478783
v 0.397805721 0.158286244 0.498931378
v 0.588870883 0.162827507 0.329087645
v 0.594164431 0.266205132 0.491613746
v 0.568734229 0.143135905 0.399355292
v 0.487564534 0.132816061 0.471232712
v 0.571779191 0.216562837 0.615728974
v 0.471214533 0.309488207 0.335797876
v 0.498695344 0.312831253 0.413919091
v 0.404937536 0.262349278 0.382578492
v 0.401758164 0.246514961 0.43125692
v 0.601884902 0.252923995 0.511429667
v 0.398017764 0.222841129 0.472052366
v 0.545203626 0.318906188 0.603078425
v 0.517954111 0.310194552 0.328856379
v 0.605470061 0.233787566 0.353011221
v 0.45212847 0.15191327 0.308505952
v 0.482147217 0.137814924 0.403173506
v 0.42924431 0.289849222 0.30910328
v 0.609680772 0.212320402 0.347724527
v 0.473044276 0.19202818 0.601285517
v 0.600435436 0.174510226 0.318804592
v 0.527835667 0.132206425 0.51269716
v 0.558137655 0.306628138 0.396402985
v 0.537645221 0.179771304 0.584254086
v 0.397794962 0.248145804 0.335345179
v 0.466398984 0.318161219 0.569251716
v 0.595487177 0.259274334 0.406869382
v 0.394653082 0.224798679 0.387235254
v 0.454464495 0.143679082 0.541409969
v 0.449648649 0.152141035 0.551098466
v 0.602403998 0.225171983 0.439343452
v 0.599360824 0.239907414 0.449371308
v 0.576888502 0.29523477 0.43993628
v 0.448419988 0.313055843 0.519530833
v 0.422593057 0.166882947 0.560325146
v 0.440659493 0.154764563 0.309489727
v 0.423857689 0.307887256 0.624733746
v 0.475438327 0.317219406 0.552737832
v 0.424887121 0.191386446 0.587877154
v 0.559252322 0.172172859 0.571168542
v 0.396036178 0.201319322 0.480373502
v 0.427485973 0.300440788 0.492802918
v 0.557625651 0.131561279 0.476309896
v 0.403641254 0.166135088 0.344493657
v 0.424452543 0.146152526 0.393178254
v 0.405370265 0.26004678 0.413909078
v 0.600304365 0.256468445 0.506780803
v 0.522019327 0.132941872 0.466661751
v 0.448866576 0.136013851 0.434931934
v 0.504888058 0.312223405 0.392895937
v 0.520781934 0.145176336 0.315087765
v 0.603093803 0.236724257 0.37889868
v 0.604006529 0.191104308 0.463855803
v 0.605337739 0.182438806 0.518788874
v 0.583779752 0.275920093 0.644432902
v 0.411896169 0.166277617 0.311910927
v 0.411956191 0.273865998 0.460805565
v 0.438601434 0.132895663 0.523876369
v 0.463315278 0.307849169 0.640245438
v 0.40313229 0.278055996 0.518454075
v 0.567237258 0.311036587 0.622275054
v 0.414792925 0.279975891 0.472431898
v 0.404973656 0.17085804 0.41298309
v 0.403119534 0.17837213 0.393409252
v 0.567897975 0.135470048 0.526959658
v 0.42290011 0.152530745 0.360218138
v 0.541879892 0.306650251 0.306821793
v 0.54394871 0.310153097 0.369126201
v 0.398929983 0.239766777 0.405717224
v 0.400936991 0.170911431 0.34213379
v 0.44840911 0.152027369 0.313748449
v 0.548382759 0.130321637 0.489639461
v 0.552469432 0.161887869 0.561366558
v 0.57303369 0.244749069 0.639320076
v 0.528319418 0.13793996 0.401767462
v 0.396781653 0.175584778 0.478099704
v 0.574335515 0.297575206 0.42845574
v 0.606886685 0.214236692 0.399179727
v 0.460244089 0.31013754 0.37166962
v 0.599712849 0.254465073 0.345434487
v 0.458616406 0.150452211 0.309119821
v 0.53340435 0.141707495 0.365852952
v 0.583316565 0.219038814 0.616226315
v 0.462526828 0.130612835 0.492534757
v 0.478766352 0.15090102 0.548401713
v 0.535978615 0.148392141 0.312882811
v 0.442904472 0.157401353 0.555599332
v 0.395739108 0.203680605 0.49183026
v 0.497582108 0.312202364 0.625378251
v 0.399043769 0.171844587 0.444184035
v 0.515816092 0.314820409 0.470718443
v 0.453114927 0.308856934 0.372055441
v 0.558828056 0.300905049 0.319994897
v 0.490631521 0.168704093 0.571652472
v 0.428586006 0.283258975 0.646161318
v 0.57321167 0.301580697 0.514803052
v 0.552612603 0.141438037 0.386132389
v 0.441684127 0.168192551 0.566996515
v 0.51393348 0.314989388 0.476825535
v 0.395189047 0.199105099 0.359047681
v 0.593453407 0.261815012 0.473294348
v 0.484107584 0.136869207 0.415349543
v 0.431392848 0.151297405 0.546162426
v 0.525303662 0.303555697 0.648920536
v 0.507836044 0.309477806 0.309200853
v 0.390543818 0.213451937 0.354412079
v 0.60570085 0.166870981 0.504974782
v 0.542617381 0.205584407 0.613079548
v 0.435950577 0.304744333 0.442314088
v 0.412029952 0.281795025 0.503366351
v 0.422950596 0.293542236 0.405278057
v 0.421670139 0.262396902 0.643966913
v 0.522146344 0.3105461 0.340572864
v 0.392851949 0.224535003 0.363122195
v 0.58679539 0.282598704 0.503560305
v 0.568256676 0.300432175 0.399822325
v 0.468586892 0.315080673 0.497058183
v 0.553943574 0.318104118 0.595822811
v 0.545724034 0.133496121 0.453331351
v 0.567204952 0.149893746 0.353054196
v 0.499943346 0.156181067 0.554998755
v 0.552043736 0.304880381 0.63920176
v 0.445703179 0.134844899 0.446767956
v 0.472186178 0.14481625 0.540641665
v 0.488050759 0.316804141 0.539894044
v 0.547297299 0.141336799 0.381885529
v 0.43977052 0.305784583 0.424857527
v 0.608669519 0.208974779 0.371168613
v 0.581986785 0.19705987 0.591792464
v 0.492489547 0.317168742 0.551207006
v 0.474184364 0.316843659 0.616384566
v 0.394129694 0.189362913 0.417975396
v 0.395480484 0.199090153 0.324143946
v 0.551878572 0.31827572 0.573795676
v 0.509741306 0.132306159 0.481799901
v 0.604664326 0.237582788 0.348685712
v 0.493891597 0.312644869 0.409211576
v 0.44022876 0.225771919 0.629078865
v 0.613756299 0.171381652 0.537753105
v 0.551306725 0.149152458 0.327189505
v 0.435609579 0.134188563 0.460545063
v 0.477351427 0.142925873 0.537399948
v 0.467308104 0.145344749 0.334533155
v 0.505736113 0.155211881 0.5537799
v 0.546865284 0.315748036 0.537650526
v 0.562725961 0.306517988 0.443347424
v 0.429231077 0.13673602 0.450474918
v 0.536280453 0.31485346 0.474344879
v 0.502661705 0.314282835 0.457937539
v 0.589201808 0.1563728 0.368971139
v 0.461575061 0.318607211 0.573612154
v 0.585350454 0.284406662 0.396665901
v 0.398367256 0.176105186 0.339253694
v 0.398592114 0.194407299 0.361558914
v 0.39610824 0.181000441 0.31857577
v 0.418964684 0.153483853 0.543330431
v 0.474826425 0.136095136 0.425273478
v 0.558081627 0.150798455 0.328109682
v 0.390239954 0.226066008 0.307486355
v 0.569437981 0.303921878 0.487721473
v 0.392935932 0.213576138 0.390361011
v 0.505157351 0.308892608 0.635857344
v 0.536721051 0.202538565 0.611908138
v 0.434630543 0.142690569 0.399210215
v 0.599486947 0.253571928 0.500937402
v 0.499957502 0.311692923 0.378276527
v 0.510671318 0.310316324 0.632739425
v 0.399410248 0.233675987 0.474910915
v 0.539496243 0.311960429 0.394449621
v 0.473122895 0.147602022 0.304702371
v 0.599904537 0.244230717 0.403082103
v 0.434076458 0.136089891 0.52879113
v 0.428251415 0.298829734 0.427193969
v 0.444117218 0.28775236 0.649408817
v 0.481765687 0.317151695 0.550825894
v 0.434406996 0.146251425 0.375213563
v 0.431933463 0.150188521 0.354934275
v 0.395675123 0.186451569 0.405569911
v 0.50578016 0.313346148 0.427621692
v 0.447314829 0.147741541 0.345945835
v 0.401665211 0.244700104 0.454811782
v 0.444634169 0.131526321 0.475759059
v 0.602825105 0.180249155 0.340654165
v 0.576867223 0.294724822 0.414635867
v 0.456649512 0.311626405 0.42341873
v 0.606994331 0.17860125 0.505260468
v 0.582399607 0.205851421 0.601488411
v 0.400218457 0.262087792 0.508910179
v 0.477827847 0.13874124 0.392392159
v 0.587734878 0.278452724 0.330884486
v 0.403940231 0.255274177 0.417870849
v 0.40083161 0.245809346 0.413952321
v 0.53475827 0.141205743 0.371914983
v 0.462616056 0.203986913 0.612910211
v 0.602058351 0.23106119 0.423051953
v 0.597335935 0.180190966 0.385563523
v 0.537862241 0.142773986 0.361109138
v 0.601947188 0.178576827 0.305421621
v 0.402538985 0.182930514 0.381473988
v 0.573523164 0.309860617 0.62120223
v 0.407127172 0.151068717 0.479906976
v 0.528060079 0.306864172 0.643229783
v 0.588404357 0.288058966 0.520194113
v 0.558686972 0.310182869 0.479857922
v 0.575716257 0.133432701 0.494719207
v 0.447283179 0.318490297 0.584389687
v 0.526109517 0.317790836 0.609037936
v 0.40771088 0.264218628 0.439128935
v 0.442485631 0.306862414 0.41963768
v 0.391605437 0.232113287 0.310155421
v 0.460813761 0.309365779 0.351573497
v 0.395212233 0.238296792 0.344027698
v 0.493905723 0.139847741 0.376966238
v 0.393019855 0.208149672 0.331971258
v 0.604846299 0.197615713 0.493968397
v 0.396982342 0.172551781 0.48323673
v 0.4137851 0.246880978 0.640085757
v 0.604389369 0.20420292 0.446557194
v 0.498476475 0.313673824 0.619528234
v 0.398702383 0.251857817 0.320043266
v 0.514213264 0.138373181 0.394165456
v 0.384966791 0.175769404 0.532529354
v 0.429490775 0.290689439 0.319552392
v 0.430488914 0.299676567 0.411862791
v 0.427287132 0.136769608 0.526941121
v 0.415060937 0.28301841 0.346871018
v 0.574063957 0.299285382 0.48523894
v 0.594269693 0.169898108 0.403478295
v 0.396287233 0.211678103 0.442830384
v 0.493056357 0.133159652 0.512375176
v 0.578010798 0.145265922 0.408228815
v 0.411351889 0.164867043 0.551118493
v 0.444056869 0.308410197 0.435916394
v 0.431501895 0.298817605 0.392648309
v 0.403309882 0.147626087 0.503332794
v 0.453133255 0.279956549 0.653980255
v 0.477783501 0.311373174 0.377788067
v 0.549737573 0.13199164 0.469592929
v 0.432618737 0.306363672 0.53044802
v 0.423493505 0.285923034 0.644555569
v 0.559439361 0.305345118 0.389690459
v 0.520939827 0.1351991 0.435981154
v 0.592580914 0.163809985 0.419329524
v 0.40192008 0.273123831 0.513305068
v 0.602891147 0.213748023 0.467170328
v 0.526533782 0.180223495 0.586365283
v 0.414345771 0.272562385 0.644442558
v 0.405704916 0.17489624 0.388745308
v 0.602544844 0.186355993 0.338804156
v 0.469271362 0.161017403 0.561515212
v 0.410631448 0.252809852 0.641852796
v 0.549642384 0.315064937 0.623214364
v 0.449242681 0.132659227 0.464601636
v 0.560994089 0.135398597 0.443948448
v 0.544450223 0.1300136 0.497986615
v 0.501458347 0.134220123 0.452064276
v 0.566777468 0.140984833 0.409649968
v 0.595209777 0.172259629 0.391248554
v 0.577402711 0.22045584 0.618315816
v 0.573166907 0.145683885 0.53850323
v 0.480131119 0.186328366 0.595233738
v 0.572920799 0.158845514 0.319265127
v 0.579680562 0.292710423 0.461769193
v 0.603283226 0.179376334 0.442881614
v 0.609400272 0.228209481 0.317775071
v 0.421510577 0.297861964 0.528512776
v 0.584612727 0.284120202 0.455532014
v 0.507094741 0.311809808 0.379214019
v 0.423779696 0.14943257 0.376214743
v 0.607327104 0.227529302 0.353541642
v 0.535234511 0.318108678 0.566351712
v 0.588093221 0.153077751 0.407179058
v 0.501908422 0.315487981 0.496111751
v 0.43492955 0.148395136 0.361091822
v 0.525167942 0.315746844 0.498366803
v 0.408799499 0.271739781 0.380809695
v 0.390575975 0.211225331 0.335533768
v 0.430536956 0.313751101 0.609051883
v 0.431623012 0.296197325 0.364482492
v 0.461313337 0.313603222 0.464050293
v 0.434386253 0.299511284 0.380603224
v 0.39518708 0.212178215 0.42276147
v 0.556999266 0.153811753 0.307110161
v 0.528528333 0.133806407 0.45279327
v 0.600334227 0.189972445 0.357771456
v 0.401298583 0.173068821 0.42614764
v 0.527413547 0.131327048 0.495073348
v 0.497251064 0.149730891 0.546234548
v 0.428976387 0.159075081 0.31209296
v 0.569733441 0.298410863 0.382995248
v 0.601425588 0.174532697 0.438926607
v 0.406448513 0.16380477 0.385292679
v 0.490257859 0.31147477 0.375091851
v 0.581703603 0.146080464 0.414590091
v 0.418309212 0.29485327 0.638526022
v 0.438067317 0.148486629 0.354979903
v 0.453870207 0.302785844 0.643216491
v 0.601540208 0.22601454 0.474614054
v 0.523414254 0.188367993 0.597652853
v 0.530866861 0.143760741 0.343191326
v 0.604031622 0.182813048 0.430616796
v 0.574798465 0.294617057 0.384867102
v 0.438496351 0.145951152 0.37095502
v 0.482574642 0.309872419 0.334242404
v 0.475846946 0.137693986 0.405539066
v 0.394834995 0.19385995 0.436341971
v 0.443655252 0.304775476 0.366082519
v 0.452000409 0.148041174 0.546816349
v 0.528447688 0.310917586 0.353859514
v 0.395993143 0.205995932 0.446488798
v 0.440169603 0.149521977 0.344053507
v 0.469147921 0.313226998 0.435525894
v 0.546851933 0.318893969 0.578410387
v 0.548005462 0.155629441 0.555178106
v 0.414717227 0.158738598 0.345225692
v 0.584626794 0.28346628 0.475045234
v 0.490410179 0.313468248 0.434991211
v 0.599449992 0.257289916 0.333859593
v 0.502054989 0.141522989 0.354383111
v 0.60954237 0.171967953 0.541725636
v 0.49034214 0.150366277 0.547084987
v 0.398347348 0.23075895 0.435409337
v 0.471504897 0.308427066 0.311857194
v 0.404563248 0.168739974 0.377033889
v 0.569965005 0.29399845 0.334157079
v 0.426274151 0.207201049 0.605325699
v 0.602467895 0.169509262 0.483584762
v 0.407444298 0.142483294 0.513130486
v 0.588065922 0.280294985 0.380100995
v 0.597942591 0.249725252 0.414957136
v 0.467922717 0.136353806 0.423633128
v 0.577557385 0.295376003 0.467020363
v 0.587167203 0.185261369 0.576587558
v 0.596898854 0.15014483 0.497126907
v 0.609517515 0.218512028 0.312354356
v 0.460111529 0.309646696 0.358923256
v 0.475346118 0.1318717 0.481712043
v 0.51412636 0.146566778 0.542204916
v 0.516971946 0.162917525 0.564152896
v 0.391513139 0.213791311 0.369940609
v 0.601821661 0.230557814 0.429203302
v 0.46369192 0.310369045 0.36588946
v 0.519880891 0.317556441 0.557803988
v 0.452400655 0.310602278 0.42705372
v 0.502023101 0.316400379 0.525069118
v 0.396218836 0.181749538 0.424242795
v 0.415951431 0.136162892 0.509771168
v 0.434381634 0.139170483 0.424434245
v 0.522545993 0.144718349 0.321738154
v 0.398698539 0.153516084 0.522464395
v 0.394859582 0.211798921 0.513245523
v 0.578828394 0.294665009 0.509128511
v 0.485275716 0.136099651 0.522987485
v 0.47492072 0.133539513 0.456929415
v 0.527567863 0.311867386 0.376578003
v 0.414613366 0.279043347 0.311476678
v 0.523499131 0.308725357 0.298527837
v 0.418880582 0.289672464 0.405907512
v 0.541137636 0.319292903 0.583573163
v 0.449612528 0.215072736 0.620723784
v 0.412592113 0.139088452 0.515172899
v 0.400152773 0.238894761 0.443749219
v 0.50706017 0.314977229 0.478750914
v 0.466244489 0.31785661 0.563292205
v 0.55783689 0.317562997 0.574776232
v 0.456492364 0.312442243 0.452241391
v 0.410956591 0.14732331 0.478376418
v 0.590904653 0.274303764 0.49775669
v 0.544509828 0.215348363 0.62300837
v 0.578083217 0.300395459 0.533524156
v 0.600664198 0.175679445 0.352494985
v 0.542112947 0.311303139 0.388619035
v 0.584429979 0.284858972 0.370114863
v 0.407901436 0.167676121 0.407900065
v 0.561184227 0.136311218 0.43723768
v 0.571402252 0.308373034 0.626800299
v 0.484757721 0.315936953 0.513247371
v 0.605861127 0.197786584 0.318990499
v 0.464031756 0.309012592 0.338248432
v 0.568393171 0.179581955 0.576810896
v 0.492094457 0.133628175 0.459835708
v 0.570472956 0.300806969 0.637672603
v 0.542376637 0.313594908 0.448965162
v 0.596609116 0.257279158 0.488353312
v 0.497428477 0.143532187 0.330051452
v 0.396954268 0.158600822 0.505924225
v 0.446586728 0.252298325 0.643841803
v 0.505159318 0.145741999 0.304206938
v 0.557811856 0.302295864 0.331665099
v 0.597811699 0.255720556 0.379162431
v 0.525258124 0.315553039 0.491453946
v 0.52102226 0.313916564 0.438898325
v 0.507451653 0.14354606 0.328136235
v 0.587627351 0.270223975 0.644259155
v 0.398412973 0.188603684 0.380154073
v 0.407809913 0.264039963 0.458379745
v 0.556343973 0.192422211 0.593963444
v 0.40707618 0.269730806 0.352489829
v 0.433240622 0.303436995 0.448832035
v 0.516648889 0.13954328 0.530946016
v 0.465878993 0.308493882 0.32473734
v 0.590987027 0.269491643 0.437927127
v 0.58406502 0.264797091 0.644019961
v 0.401807755 0.169486895 0.33240056
v 0.585310578 0.282718271 0.491882265
v 0.469921201 0.133906305 0.519674957
v 0.509352386 0.135289267 0.520651817
v 0.564914644 0.204256371 0.604451537
v 0.395654291 0.1995603 0.486996412
v 0.606304288 0.199201852 0.41875571
v 0.46695137 0.154548451 0.553844213
v 0.452435583 0.307128787 0.335838825
v 0.471646249 0.318165213 0.571870089
v 0.613708019 0.17344223 0.534060597
v 0.582680106 0.146483675 0.421647042
v 0.474071175 0.318544596 0.587415516
v 0.449833363 0.307684392 0.365808725
v 0.509206712 0.317283034 0.597676754
v 0.486953139 0.143625066 0.326756865
v 0.507353067 0.138306364 0.39590922
v 0.421871215 0.304523528 0.630053997
v 0.602212787 0.250210494 0.311844885
v 0.424312145 0.159204349 0.32151252
v 0.486358643 0.307376981 0.640677094
v 0.592273772 0.26595816 0.43424508
v 0.60520494 0.23083514 0.369602561
v 0.423651248 0.295274705 0.428446054
v 0.443733722 0.302322447 0.640489638
v 0.420400858 0.282439798 0.300695002
v 0.60176146 0.225257337 0.457851708
v 0.590968132 0.274036229 0.397518277
v 0.570304334 0.141513288 0.41304642
v 0.559691787 0.304050565 0.369751781
v 0.43704313 0.300698459 0.366845131
v 0.467906415 0.315434009 0.507191777
v 0.449231863 0.185474962 0.587681115
v 0.498455703 0.313765615 0.442885756
v 0.603991628 0.233329937 0.514071763
v 0.571627796 0.144776091 0.395638794
v 0.45159471 0.191562533 0.595073521
v 0.396557778 0.229277641 0.403620571
v 0.60665077 0.233244449 0.336113125
v 0.396724492 0.211041495 0.457396418
v 0.530302942 0.299761236 0.652130008
v 0.604382634 0.224826604 0.404612184
v 0.533265412 0.137397483 0.409472108
v 0.562785327 0.238340706 0.637164176
v 0.49393943 0.135123938 0.439256966
v 0.554762959 0.248467207 0.642172396
v 0.605770707 0.237440929 0.330907941
v 0.437340885 0.156875551 0.304882616
v 0.604650617 0.207673997 0.498871922
v 0.483441293 0.317798972 0.5954656
v 0.462559849 0.311412752 0.39698422
v 0.424407929 0.137050003 0.460818589
v 0.449831277 0.144187108 0.369292706
v 0.489096075 0.314750761 0.475071579
v 0.600015223 0.271112204 0.517631054
v 0.51000905 0.140255541 0.369659096
v 0.535990536 0.149278447 0.305998236
v 0.572825611 0.133506104 0.480696857
v 0.494334549 0.30963558 0.318776488
v 0.410630643 0.282446235 0.509225309
v 0.39458552 0.234699413 0.348803371
v 0.40910095 0.161671877 0.409527808
v 0.595438302 0.265826404 0.365582377
v 0.596283674 0.26688832 0.342960894
v 0.509609818 0.142964423 0.334438026
v 0.578685701 0.155937985 0.348613679
v 0.538678348 0.147459865 0.545798063
v 0.558238983 0.312713921 0.530986428
v 0.601303637 0.171078727 0.458562344
v 0.476644605 0.310079992 0.344360769
v 0.45129934 0.305531919 0.314993501
v 0.583855927 0.142969787 0.471038848
v 0.575524867 0.138750166 0.448410898
v 0.413421094 0.148372129 0.460150778
v 0.427549869 0.296047002 0.388704479
v 0.530451834 0.157971442 0.558118403
v 0.604430914 0.214137912 0.430726767
v 0.398334503 0.193868697 0.342349499
v 0.411650836 0.275724411 0.416083783
v 0.538500547 0.303108752 0.645704627
v 0.518017709 0.143760666 0.326695234
v 0.600857854 0.163948089 0.479626924
v 0.604629159 0.210314751 0.43522945
v 0.428637922 0.146423355 0.384415567
v 0.577592671 0.290353984 0.347917646
v 0.491638422 0.314199179 0.457504451
v 0.414370388 0.281172067 0.491106749
v 0.444657981 0.14032349 0.404400796
v 0.396255344 0.205640122 0.453331143
v 0.597743213 0.247826904 0.473827899
v 0.562865138 0.307250321 0.460168958
v 0.485757023 0.315405875 0.496175557
v 0.419734418 0.290083945 0.498522967
v 0.469059736 0.311943144 0.397310287
v 0.44299531 0.187041804 0.587746084
v 0.537127376 0.308325201 0.317679018
v 0.503083169 0.317563176 0.564908803
v 0.50325489 0.14905481 0.5453403
v 0.465567619 0.144485384 0.345215827
v 0.555137932 0.317092538 0.60645479
v 0.448137224 0.149115756 0.334742069
v 0.572572768 0.148522511 0.375817358
v 0.454781711 0.315677822 0.544960022
v 0.546518505 0.315450907 0.531329393
v 0.584336758 0.286586225 0.50523597
v 0.503751755 0.138774306 0.39033854
v 0.604566276 0.191188037 0.393591315
v 0.595903575 0.258973926 0.399833977
v 0.404806703 0.265627742 0.33611691
v 0.604729116 0.225172848 0.398866892
v 0.535601079 0.317402869 0.553470671
v 0.592239439 0.155962393 0.460688591
v 0.597016633 0.17786321 0.380120009
v 0.467796117 0.312642545 0.419526815
v 0.396889389 0.210678339 0.471011132
v 0.607145429 0.199281067 0.405272752
v 0.419235379 0.151327193 0.374890506
v 0.477317721 0.131564856 0.498821527
v 0.421116441 0.22094214 0.61919415
v 0.420767665 0.182693988 0.57720232
v 0.489640981 0.14413707 0.321056575
v 0.420721889 0.137938067 0.524349868
v 0.494468272 0.142478481 0.343359172
v 0.460377276 0.218096867 0.626578093
v 0.394088179 0.224139467 0.38129136
v 0.441269606 0.141557395 0.398999125
v 0.57081002 0.176871508 0.573252082
v 0.46386674 0.14308551 0.360526055
v 0.503647506 0.312451333 0.624690115
v 0.39373225 0.185557216 0.500900149
v 0.573772311 0.14172031 0.533646762
v 0.481193632 0.318092048 0.585092485
v 0.606946051 0.209280521 0.40476048
v 0.604635537 0.198369578 0.447253108
v 0.469387561 0.312505603 0.414295346
v 0.412300915 0.27488932 0.471218348
v 0.601440787 0.191815317 0.371631354
v 0.395297706 0.193270117 0.376712739
v 0.609440386 0.204742804 0.298613101
v 0.604578137 0.239834115 0.33726427
v 0.399238318 0.243287757 0.393306732
v 0.604242921 0.193658233 0.458576322
v 0.398697913 0.242444009 0.386214972
v 0.41435197 0.27955696 0.448846847
v 0.577171206 0.254318148 0.642308593
v 0.477380663 0.139312282 0.385516107
v 0.41230455 0.15352869 0.432146311
v 0.455741644 0.132186577 0.46861887
v 0.501884162 0.133221865 0.466733515
v 0.572540402 0.159884229 0.312616587
v 0.412720144 0.277400821 0.32222259
v 0.597212791 0.253844321 0.40427807
v 0.517416298 0.311779469 0.373633295
v 0.566052675 0.299223483 0.64038533
v 0.417190284 0.285341173 0.448775321
v 0.546153963 0.311832458 0.420167834
v 0.514134526 0.31378004 0.438056886
v 0.598300755 0.170794532 0.365332723
v 0.400094032 0.248023435 0.383194119
v 0.599284232 0.157532901 0.526067078
v 0.475997627 0.146179706 0.310691059
v 0.478599101 0.189610571 0.599563777
v 0.496491075 0.311107069 0.361698747
v 0.602818906 0.214025512 0.477728069
v 0.607819498 0.163508803 0.536127508
v 0.450657308 0.311037302 0.451099038
v 0.496531844 0.132085592 0.489582926
v 0.520705402 0.141168445 0.360013753
v 0.469568193 0.14209716 0.362183481
v 0.58862114 0.275931597 0.434965819
v 0.553692281 0.141301155 0.538103461
v 0.506676078 0.316026092 0.608005285
v 0.605066955 0.201332897 0.498164505
v 0.466636837 0.138572276 0.400570691
v 0.595252693 0.256291777 0.436371297
v 0.456330955 0.313961565 0.495430917
v 0.517635167 0.307995141 0.639614344
v 0.582226634 0.296051413 0.529441714
v 0.399037451 0.241406947 0.399566561
v 0.583558321 0.166951939 0.30060032
v 0.560599089 0.233706638 0.634791672
v 0.519773781 0.140012205 0.374575078
v 0.42751199 0.228150874 0.628127992
v 0.505063891 0.313509613 0.432909727
v 0.603411734 0.175911903 0.481289625
v 0.401492208 0.155235633 0.489699811
v 0.475291371 0.141321152 0.364244193
v 0.585946977 0.281050384 0.461279482
v 0.454610497 0.183074892 0.586310923
v 0.604676902 0.187084407 0.444283605
v 0.439557046 0.183825642 0.583356142
v 0.591319501 0.2704117 0.41920352
v 0.418950647 0.13572368 0.516911507
v 0.39364633 0.191749096 0.410991341
v 0.460917771 0.146468818 0.336259693
v 0.490074933 0.313274175 0.429212749
v 0.571048796 0.136406884 0.45175308
v 0.537033796 0.139450252 0.390505522
v 0.602773368 0.18329449 0.413997918
v 0.474006504 0.132833794 0.515175104
v 0.434067845 0.296229124 0.340306401
v 0.532811821 0.312682331 0.402269363
v 0.596946955 0.252354532 0.420569569
v 0.482274055 0.308457881 0.298737943
v 0.56509614 0.315210402 0.6036672
v 0.435707837 0.306406796 0.485250682
v 0.603140533 0.248017415 0.305541098
v 0.492005706 0.137508959 0.407357782
v 0.484104186 0.1317918 0.498373628
v 0.550823927 0.139263526 0.402385026
v 0.585912764 0.158561349 0.545903802
v 0.605191886 0.188597918 0.425899982
v 0.417036712 0.158649296 0.340056479
v 0.477578014 0.13821514 0.398816168
v 0.421206355 0.247270137 0.64005661
v 0.445310861 0.15049766 0.329561651
v 0.528099358 0.132686317 0.467966169
v 0.403130025 0.250482649 0.446856707
v 0.505291581 0.133864254 0.456779748
v 0.481999844 0.31223464 0.399848282
v 0.603844523 0.181819484 0.334341049
v 0.396725714 0.169559211 0.487642556
v 0.501909912 0.317547768 0.588388681
v 0.395546317 0.158249304 0.529622555
v 0.535455346 0.165322155 0.567230046
v 0.437179744 0.210874349 0.612061083
v 0.604690969 0.193496674 0.384137869
v 0.403493613 0.16165559 0.459589243
v 0.409821957 0.14320761 0.494588256
v 0.45395568 0.136790648 0.425060004
v 0.515158892 0.313493758 0.428513318
v 0.523557603 0.313079685 0.41131565
v 0.584173262 0.136787832 0.503979921
v 0.470045686 0.146959424 0.315806985
v 0.516334534 0.131800771 0.495738029
v 0.396995902 0.249967575 0.516121805
v 0.593329966 0.27179274 0.36434406
v 0.603299558 0.23005493 0.402997285
v 0.495076984 0.137024015 0.413930088
v 0.409667462 0.270259172 0.427113831
v 0.430718303 0.296803564 0.376517028
v 0.538834274 0.169408739 0.571781039
v 0.396465003 0.20407334 0.467818677
v 0.466183215 0.134267241 0.44691202
v 0.599062979 0.150869191 0.5118559
v 0.51208955 0.314632684 0.466042489
v 0.567204475 0.156621858 0.552281976
v 0.462021381 0.208751902 0.618411541
v 0.449960947 0.129979223 0.49019444
v 0.428267539 0.289547831 0.315505654
v 0.397969812 0.230373457 0.495292366
v 0.566910803 0.306065291 0.493498623
v 0.607903957 0.209397286 0.307925463
v 0.436632574 0.129672423 0.512675524
v 0.56549716 0.301485807 0.388000935
v 0.574539304 0.180621013 0.576208413
v 0.423883468 0.17062746 0.565030396
v 0.40815565 0.271530062 0.362638295
v 0.464433789 0.314043015 0.469461888
v 0.443847001 0.317978799 0.589930654
v 0.496883243 0.31414035 0.454796702
v 0.489820063 0.138766304 0.390779793
v 0.460860968 0.298450559 0.649840713
v 0.507168829 0.314015806 0.448229074
v 0.480024219 0.134305865 0.518608212
v 0.523866296 0.139214069 0.385907292
v 0.605296791 0.20807533 0.428394794
v 0.442604542 0.129238725 0.511915982
v 0.608230174 0.203046888 0.305586696
v 0.534486592 0.307300627 0.298196822
v 0.492378175 0.307795137 0.639015019
v 0.43867588 0.300301641 0.343725175
v 0.446739942 0.307097107 0.636686325
v 0.452313721 0.133323908 0.457784951
v 0.503652215 0.315695614 0.502324402
v 0.596433818 0.254861921 0.415592462
v 0.400855333 0.247973442 0.398640543
v 0.408128142 0.159833536 0.368103862
v 0.494746536 0.1384895 0.394440502
v 0.438423067 0.164448604 0.562187672
v 0.525413632 0.315845132 0.621005118
v 0.431390673 0.15911904 0.306167156
v 0.411631376 0.15777944 0.359018922
v 0.54981792 0.14248468 0.374851257
v 0.604539871 0.184868157 0.437487066
v 0.402240038 0.179947272 0.365600079
v 0.599812388 0.236701474 0.468347371
v 0.395265311 0.173528895 0.520710349
v 0.502491415 0.145219669 0.309994787
v 0.606027424 0.208041549 0.331136346
v 0.602949142 0.179645181 0.436501026
v 0.504517198 0.31380108 0.442326754
v 0.433880448 0.295670599 0.333047301
v 0.398288608 0.228021652 0.447572321
v 0.589929998 0.275220424 0.410234332
v 0.449785888 0.306668848 0.342556596
v 0.598811805 0.165547505 0.457581311
v 0.578359604 0.136716366 0.480828375
v 0.565331161 0.213663891 0.614573061
v 0.409628898 0.170326918 0.555698097
v 0.603818655 0.181511432 0.456038684
v 0.481642485 0.31424126 0.460167348
v 0.509476662 0.145061553 0.31041792
v 0.555737138 0.236994371 0.636959553
v 0.481247276 0.313009173 0.422355205
v 0.397526264 0.237423882 0.389569551
v 0.421149313 0.156515256 0.548069537
v 0.473013908 0.315427363 0.502511144
v 0.415619999 0.283794701 0.497462779
v 0.396827757 0.182267532 0.301914364
v 0.555730224 0.314669818 0.621044695
v 0.590342462 0.263877451 0.643484712
v 0.513198555 0.139715284 0.376448631
v 0.40627569 0.267297477 0.365105033
v 0.406137973 0.164398342 0.435801655
v 0.428505659 0.301882982 0.509992659
v 0.566009581 0.139232174 0.420871884
v 0.490387052 0.311039746 0.362297058
v 0.448495686 0.309906751 0.438038111
v 0.457621008 0.237077042 0.639685512
v 0.470606267 0.318486452 0.577859163
v 0.584792078 0.284841925 0.421200335
v 0.526687503 0.131702468 0.507120132
v 0.577190101 0.168463349 0.561962843
v 0.593089461 0.268545687 0.395470262
v 0.432391673 0.205164433 0.604609609
v 0.491864711 0.315205663 0.488908499
v 0.434616178 0.237595811 0.636670351
v 0.460132688 0.148617089 0.320649832
v 0.557668746 0.304522544 0.358877778
v 0.601202309 0.239251122 0.403186142
v 0.428369403 0.247490749 0.640277386
v 0.432946622 0.314867228 0.603728592
v 0.402638048 0.180454403 0.387188792
v 0.487519175 0.312616318 0.409797728
v 0.555661798 0.13849017 0.413180351
v 0.603035271 0.176456764 0.460081458
v 0.52498138 0.148019806 0.298794836
v 0.603518367 0.188204214 0.332438797
v 0.60145402 0.17542851 0.336137801
v 0.422745109 0.161223084 0.314586937
v 0.579540968 0.248415783 0.640336394
v 0.397080809 0.223542035 0.43336907
v 0.489350051 0.14239265 0.535493135
v 0.476388544 0.312432855 0.407384902
v 0.503975749 0.310788006 0.349032521
v 0.583041906 0.160569355 0.332356751
v 0.485014528 0.313404202 0.433601081
v 0.411479741 0.155158654 0.426069438
v 0.428231567 0.304306477 0.534143865
v 0.506757796 0.145864919 0.540796459
v 0.587647438 0.139586061 0.515848398
v 0.445141792 0.307424724 0.406646788
v 0.422395468 0.229219869 0.628191173
v 0.600244939 0.178546429 0.41540277
v 0.470949203 0.311223954 0.377538592
v 0.55180043 0.147695914 0.337518066
v 0.475942791 0.318157971 0.575631857
v 0.605482817 0.226162329 0.385495543
v 0.556573212 0.147871122 0.545294225
v 0.55472219 0.300726354 0.64249301
v 0.396429658 0.19375962 0.329128832
v 0.409486383 0.15726465 0.405492485
v 0.418545365 0.191298842 0.585830092
v 0.518501878 0.315201104 0.482021719
v 0.429732949 0.289328367 0.645027637
v 0.559060812 0.146009564 0.361353606
v 0.486949503 0.132010952 0.487220496
v 0.532023191 0.131329894 0.507707357
v 0.424178034 0.278851718 0.645942509
v 0.474523604 0.177550808 0.58226943
v 0.459735245 0.134272575 0.446849942
v 0.45618546 0.305953026 0.306056082
v 0.556715429 0.31054467 0.468366981
v 0.486250788 0.133832365 0.515936434
v 0.401224703 0.250072777 0.393126607
v 0.592023432 0.158093333 0.38214615
v 0.587276459 0.279826969 0.497735292
v 0.460839689 0.140057445 0.390743643
v 0.575312734 0.148638591 0.381051242
v 0.4335877 0.183920771 0.582028151
v 0.402405977 0.249395609 0.478294104
v 0.502174497 0.317222714 0.552214563
v 0.404243171 0.263385773 0.354156822
v 0.492364913 0.141928524 0.34968242
v 0.412912101 0.151348546 0.445530176
v 0.575648844 0.296108931 0.421449453
v 0.599387765 0.180535302 0.404682577
v 0.412348837 0.276114613 0.435637146
v 0.487436086 0.316119194 0.518445611
v 0.4760997 0.317950606 0.604992867
v 0.397752255 0.197185025 0.347091913
v 0.465052903 0.306923896 0.299132496
v 0.500239015 0.313366443 0.430076957
v 0.408707529 0.267347962 0.432944417
v 0.593649507 0.167661026 0.318849832
v 0.492709786 0.313793093 0.444763482
v 0.597834647 0.170430362 0.324101746
v 0.485332936 0.312831879 0.416514277
v 0.586119115 0.281918287 0.433056772
v 0.465810716 0.297713518 0.653014302
v 0.442701876 0.134477869 0.452079356
v 0.530642927 0.315101117 0.475836843
v 0.551115751 0.131276593 0.476975381
v 0.478613675 0.134510502 0.445350438
v 0.584631085 0.284835041 0.383368671
v 0.497793555 0.133896902 0.45662263
v 0.564376593 0.254502773 0.64318198
v 0.595776498 0.281916797 0.522079229
v 0.476349443 0.308191061 0.299581558
v 0.467997998 0.304955721 0.645358145
v 0.416676491 0.284098238 0.485155761
v 0.488312423 0.3094064 0.316763669
v 0.415904105 0.282884479 0.443302542
v 0.606280029 0.205072761 0.416911602
v 0.52519232 0.144665435 0.540239513
v 0.51572305 0.311582088 0.368001342
v 0.454491049 0.31635958 0.551558614
v 0.463282704 0.134776473 0.441053867
v 0.570505679 0.302762508 0.48068893
v 0.608817577 0.227297798 0.334763438
v 0.589005172 0.273813546 0.450972229
v 0.514765203 0.312260568 0.389638513
v 0.561405778 0.297535509 0.300498098
v 0.450250328 0.24750267 0.64271909
v 0.446338713 0.313090324 0.531442642
v 0.595046163 0.26289317 0.394121796
v 0.472901523 0.313729048 0.447134882
v 0.512330472 0.164712012 0.566516638
v 0.570826709 0.302106857 0.46881634
v 0.393013626 0.205990806 0.401355922
v 0.538620412 0.146514088 0.331220746
v 0.461464375 0.319369435 0.591983736
v 0.463459492 0.222195998 0.631380677
v 0.593037903 0.172171414 0.556600094
v 0.443929911 0.303080887 0.328407496
v 0.395598978 0.245999008 0.299820513
v 0.484044969 0.139388368 0.38251698
v 0.458855361 0.305935442 0.300382316
v 0.449347049 0.306891948 0.349992633
v 0.574537873 0.305441409 0.630064607
v 0.519260108 0.315411478 0.488701642
v 0.420190811 0.137262762 0.485700518
v 0.548719227 0.208589628 0.613914728
v 0.547941148 0.31906575 0.596400559
v 0.528051019 0.144626871 0.331404418
v 0.471586734 0.314779639 0.480795681
v 0.510371685 0.132172257 0.504789174
v 0.443698406 0.180078685 0.580347359
v 0.426635712 0.293199748 0.362129927
v 0.601892292 0.243570849 0.504922748
v 0.487160414 0.138827503 0.52938062
v 0.437114656 0.300772429 0.640004694
v 0.446513563 0.30620265 0.360272229
v 0.577194214 0.208130389 0.605259359
v 0.544548392 0.31173563 0.405724168
v 0.539755523 0.192104071 0.598394454
v 0.549743474 0.130687505 0.484103531
v 0.513626039 0.146572351 0.298422486
v 0.404805541 0.255673915 0.450004071
v 0.477347761 0.140582532 0.370936245
v 0.566834629 0.131797269 0.480639666
v 0.541452527 0.317967832 0.614017904
v 0.540497601 0.133233026 0.457171798
v 0.580461323 0.270925254 0.64515841
v 0.461172342 0.139348298 0.396880478
v 0.427959383 0.299842924 0.46958968
v 0.543186665 0.314020574 0.466131061
v 0.548644364 0.179691792 0.581808269
v 0.524590492 0.139865831 0.378728896
v 0.507242203 0.31245333 0.39910689
v 0.471635103 0.141193226 0.535147011
v 0.456693947 0.131576702 0.475206465
v 0.460158169 0.316579789 0.548238695
v 0.394414723 0.230024964 0.36473304
v 0.396779865 0.240241691 0.362650633
v 0.396674246 0.222912818 0.426604509
v 0.568009496 0.303220481 0.445397556
v 0.59287262 0.262704849 0.466262132
v 0.489333391 0.160553589 0.560759366
v 0.401025146 0.259143203 0.503404438
v 0.562469602 0.133238405 0.463437468
v 0.514077127 0.31260857 0.400930315
v 0.566425562 0.293617457 0.299907327
v 0.543476164 0.134633482 0.441467464
v 0.447883487 0.14276658 0.382414222
v 0.49711138 0.315662384 0.502457976
v 0.506373048 0.134812385 0.443355858
v 0.464439064 0.149354801 0.307688951
v 0.489728481 0.31591621 0.511724889
v 0.501572073 0.146480098 0.297777176
v 0.594172597 0.264856756 0.399017155
v 0.471004039 0.310788035 0.366434872
v 0.490564287 0.14020361 0.371601522
v 0.397510558 0.221940368 0.450179636
v 0.605934381 0.210813805 0.415441841
v 0.437157214 0.302947581 0.400408298
v 0.596040726 0.166394502 0.344829261
v 0.465088964 0.150318623 0.2986435
v 0.477698296 0.310593456 0.356924623
v 0.395181566 0.16304855 0.511820197
v 0.49288401 0.132755086 0.473656684
v 0.496922642 0.313952088 0.449006289
v 0.413213462 0.276041716 0.306073338
v 0.432376504 0.1417346 0.409286857
v 0.47002095 0.31571272 0.513493001
v 0.591236413 0.149444744 0.530366838
v 0.465539753 0.139987946 0.387167096
v 0.479501009 0.31561622 0.504725873
v 0.513383865 0.315309793 0.487466514
v 0.468668729 0.167367578 0.569221139
v 0.459168464 0.143293619 0.364623994
v 0.531861842 0.142082125 0.36065942
v 0.402928263 0.16407156 0.453586549
v 0.595167816 0.267972291 0.359568447
v 0.427313805 0.160357758 0.554864585
v 0.496725231 0.133430392 0.463561743
v 0.527330577 0.315912068 0.504286587
v 0.577525377 0.285222292 0.299709529
v 0.542178512 0.143842325 0.541602194
v 0.439234853 0.299998164 0.33085078
v 0.491658837 0.312829018 0.415322483
v 0.408682674 0.1577802 0.385557711
v 0.394100577 0.202163622 0.317675978
v 0.392786354 0.198406667 0.401080012
v 0.486022323 0.315109193 0.486728489
v 0.405427754 0.263101906 0.389701337
v 0.489247531 0.309682161 0.322757542
v 0.412985772 0.151021212 0.536046326
v 0.442116886 0.306325138 0.412985504
v 0.516736567 0.152819291 0.550895512
v 0.463643253 0.312155753 0.416160285
v 0.422858 0.147759452 0.387136221
v 0.500630438 0.313182086 0.424194336
v 0.535581887 0.1467724 0.324826896
v 0.568927646 0.149717361 0.35924527
v 0.408495814 0.163422048 0.336284071
v 0.452398628 0.311741948 0.457268864
v 0.398657352 0.248605296 0.350201696
v 0.54588455 0.306534827 0.63917011
v 0.464864373 0.301352948 0.649068356
v 0.440028995 0.138082504 0.426464528
v 0.420055956 0.290033847 0.485424042
v 0.469107687 0.318542629 0.605457246
v 0.508065522 0.146427587 0.298451006
v 0.50960511 0.310927838 0.350719601
v 0.447702855 0.211622268 0.616223156
v 0.415052682 0.290394634 0.518705368
v 0.407267094 0.169916064 0.401616782
v 0.587727666 0.158140168 0.354037642
v 0.399775267 0.250306517 0.362793177
v 0.548833966 0.138606191 0.534468353
v 0.472543776 0.173414931 0.576839626
v 0.401990533 0.173787966 0.361895621
v 0.526159644 0.146382958 0.311785072
v 0.528525651 0.13689366 0.41439724
v 0.514487147 0.132436961 0.478001267
v 0.575994074 0.29766348 0.638223886
v 0.394194126 0.173168495 0.515590549
v 0.551603436 0.133378804 0.456175566
v 0.516545713 0.133716255 0.457214206
v 0.460857004 0.130182058 0.502185762
v 0.400227368 0.17193687 0.326848656
v 0.581348956 0.28968671 0.468016118
v 0.430746108 0.299244791 0.639303267
v 0.526686132 0.318323582 0.576296329
v 0.60362649 0.208648622 0.457254261
v 0.589371741 0.275894493 0.417096108
v 0.56349057 0.309188485 0.512182355
v 0.580920279 0.290442973 0.419443488
v 0.551706493 0.318115711 0.601338148
v 0.422468215 0.293696404 0.480169296
v 0.485871226 0.137420028 0.408323228
v 0.596885085 0.166981652 0.369746834
v 0.600552201 0.255759627 0.314015269
v 0.517417312 0.316261977 0.517479837
v 0.406184047 0.259719193 0.454747498
v 0.407482207 0.154478893 0.467469603
v 0.497989148 0.145700932 0.304859102
v 0.574893832 0.212366387 0.610328317
v 0.447727472 0.309547096 0.431634486
v 0.53335464 0.150668666 0.549257636
v 0.395228773 0.234556153 0.360421062
v 0.553369224 0.308544397 0.391584307
v 0.517902255 0.311224282 0.357479811
v 0.403560311 0.153681189 0.484100878
v 0.418137461 0.286959052 0.438038737
v 0.431437731 0.1332203 0.523031116
v 0.461560696 0.293630928 0.654052138
v 0.401789665 0.255817354 0.366095066
v 0.398308039 0.188464195 0.33891198
v 0.522245944 0.143714458 0.33250019
v 0.560094416 0.214762747 0.617381871
v 0.448161155 0.137206629 0.532482743
v 0.430837899 0.29517442 0.359152257
v 0.511213005 0.316904485 0.603210509
v 0.536327481 0.30798161 0.310849369
v 0.406567603 0.267054468 0.378390938
v 0.603483558 0.178120002 0.474924773
v 0.583176017 0.167609751 0.558493912
v 0.40932709 0.156838045 0.447897792
v 0.446599841 0.138772681 0.414591521
v 0.456249118 0.319256932 0.595442116
v 0.457961738 0.314628452 0.512405455
v 0.413408577 0.279517144 0.411646545
v 0.599557936 0.246657372 0.493776739
v 0.547553837 0.304987341 0.304023117
v 0.545228958 0.241340786 0.64108175
v 0.405285358 0.266054392 0.347577363
v 0.462026209 0.315913975 0.535472453
v 0.488748491 0.309993356 0.332719743
v 0.455208153 0.143448636 0.368333191
v 0.603675067 0.181547254 0.462253571
v 0.555414855 0.303412497 0.325333506
v 0.552569389 0.172738209 0.573314786
v 0.48958984 0.172193676 0.576457441
v 0.396398664 0.210528284 0.490234166
v 0.394120842 0.179869696 0.49073711
v 0.457175881 0.308124781 0.340421885
v 0.576562285 0.29381907 0.396900535
v 0.442789584 0.139847681 0.535995722
v 0.414485633 0.153548166 0.376552731
v 0.424396753 0.139428124 0.44090569
v 0.464422792 0.140740588 0.381449014
v 0.459666431 0.137801066 0.412860602
v 0.568390131 0.293087512 0.309401393
v 0.555841148 0.300851166 0.298302531
v 0.536081791 0.150114864 0.299385339
v 0.482398838 0.312037855 0.394292325
v 0.514669955 0.313754648 0.623340607
v 0.480986506 0.133817017 0.454868615
v 0.43831268 0.155571029 0.552577317
v 0.419838428 0.174081504 0.567284107
v 0.397136152 0.223533332 0.496977389
v 0.395278603 0.190194339 0.484579265
v 0.404599369 0.259240597 0.40113005
v 0.42500627 0.216729939 0.615250051
v 0.406389564 0.279661119 0.512611449
v 0.606442571 0.231339872 0.347701788
v 0.421304762 0.204365402 0.600926101
v 0.402650684 0.261239082 0.309152752
v 0.411997199 0.265684187 0.643909395
v 0.446036339 0.302961648 0.313113362
v 0.398451269 0.251853704 0.301422477
v 0.481735796 0.309258461 0.636938274
v 0.401071131 0.243563414 0.478473544
v 0.398190022 0.182067528 0.33885169
v 0.58758682 0.150896713 0.423074245
v 0.446152151 0.224422306 0.629244447
v 0.413199306 0.280693501 0.359639525
v 0.605087101 0.213524148 0.509247839
v 0.429397136 0.138455749 0.437159628
v 0.54355067 0.308092266 0.327765614
v 0.54610467 0.151618645 0.550870955
v 0.599135637 0.181498364 0.398365706
v 0.433397859 0.195241243 0.594133675
v 0.39951992 0.250621915 0.355709523
v 0.42662555 0.299005181 0.480650991
v 0.516358614 0.309042573 0.298661202
v 0.464791805 0.312711865 0.429737747
v 0.421886176 0.292134047 0.391405672
v 0.396816611 0.198914677 0.352724403
v 0.568852246 0.142937541 0.536758721
v 0.55360359 0.318422586 0.586241245
v 0.486318797 0.141920075 0.348881692
v 0.397228837 0.227779523 0.422693342
v 0.610412359 0.218704626 0.332707763
v 0.574474573 0.136186957 0.464346141
v 0.588347733 0.27950266 0.399846584
v 0.464271635 0.313147157 0.440728009
v 0.603853226 0.213577345 0.441858947
v 0.58314693 0.223665014 0.621069968
v 0.438655555 0.230389789 0.632383764
v 0.454366922 0.313820809 0.507407784
v 0.400249392 0.253573269 0.349373013
v 0.493871778 0.316736221 0.602285922
v 0.598576903 0.170581713 0.335036427
v 0.401085615 0.254624397 0.359792709
v 0.596390724 0.17390947 0.413760483
v 0.406469047 0.283018142 0.519277394
v 0.439283192 0.1505481 0.338796079
v 0.445827037 0.237201333 0.637115061
v 0.396651536 0.178828567 0.472980201
v 0.591932714 0.179689765 0.566610336
v 0.541152835 0.315066546 0.499168903
v 0.604706764 0.192389905 0.448303044
v 0.601593673 0.184114143 0.344789982
v 0.49687922 0.312465876 0.403029382
v 0.537361324 0.314559013 0.626737297
v 0.395555288 0.190008536 0.3922185
v 0.580753684 0.290706992 0.485422611
v 0.587849379 0.165190607 0.316016048
v 0.541272223 0.147822708 0.324674726
v 0.403643876 0.256745011 0.487679511
v 0.608672202 0.225614443 0.347338259
v 0.451857269 0.318865985 0.580655456
v 0.433338553 0.138590842 0.430509329
v 0.548864067 0.147898078 0.3332389
v 0.506882012 0.139122605 0.38511765
v 0.419196397 0.217915341 0.615476251
v 0.401362896 0.17027697 0.43721959
v 0.396191865 0.168839484 0.523613214
v 0.607141912 0.215593949 0.393206716
v 0.551737905 0.21775265 0.622893751
v 0.560968518 0.137094036 0.430837423
v 0.558335841 0.31364271 0.547642767
v 0.40808624 0.269965619 0.490447253
v 0.582353711 0.144626126 0.531382442
v 0.417016983 0.160498217 0.330272377
v 0.543158889 0.246146813 0.645777106
v 0.461988062 0.132133603 0.470717907
v 0.469573259 0.308728307 0.639635563
v 0.432896733 0.145788565 0.38111648
v 0.400126308 0.161773428 0.48019892
v 0.404093474 0.26102531 0.491860837
v 0.438296169 0.310524195 0.538744628
v 0.605021656 0.215434566 0.514511883
v 0.54081583 0.236721605 0.641188443
v 0.443737179 0.228181511 0.631514192
v 0.562784731 0.145471737 0.371468931
v 0.5928514 0.165148616 0.331877828
v 0.602921963 0.23081769 0.502851307
v 0.569138944 0.293001294 0.314855069
v 0.485842049 0.163140908 0.564142466
v 0.606121361 0.194736108 0.403490543
v 0.422205955 0.287306607 0.324149489
v 0.531926751 0.311846286 0.379292339
v 0.392101198 0.213264316 0.380003989
v 0.415867418 0.14811489 0.41230768
v 0.548448622 0.318924725 0.584958553
v 0.439437866 0.235130414 0.635634005
v 0.461468011 0.226777121 0.634065926
v 0.577233374 0.133310959 0.511011064
v 0.460799277 0.313902825 0.479028434
v 0.398026496 0.250161529 0.510607958
v 0.442306936 0.307247937 0.430754721
v 0.595949233 0.154839784 0.480713814
v 0.396227151 0.231614813 0.512750983
v 0.599775791 0.172802657 0.330161631
v 0.538201571 0.130705088 0.508276224
v 0.588039577 0.277397007 0.324407279
v 0.592012107 0.270402253 0.301783025
v 0.458744198 0.185044408 0.589336574
v 0.479917586 0.30662787 0.643345833
v 0.593969882 0.16468972 0.546322346
v 0.423350126 0.289950967 0.349520266
v 0.566734374 0.290710688 0.645348668
v 0.509581089 0.309676886 0.31464684
v 0.420050114 0.21447061 0.611804307
v 0.524053216 0.135073557 0.5220083
v 0.559694231 0.140601069 0.536414206
v 0.605202138 0.191531733 0.399051607
v 0.415859342 0.187651023 0.580162764
v 0.414706618 0.283064723 0.370304734
v 0.580764413 0.228262588 0.626186192
v 0.43779394 0.316733479 0.592288911
v 0.419270009 0.28930676 0.419462562
v 0.599687696 0.252654463 0.35744074
v 0.602267325 0.185876787 0.4019247
v 0.420855641 0.29145956 0.428813159
v 0.587144434 0.279594243 0.643901944
v 0.575412631 0.297980279 0.47818768
v 0.404564291 0.173698008 0.378881782
v 0.400243759 0.273229748 0.519056082
v 0.556903899 0.148762435 0.339278191
v 0.4187738 0.285659164 0.334874511
v 0.422549039 0.142275676 0.42552799
v 0.597578764 0.166580096 0.447193235
v 0.434111506 0.136943102 0.441817313
v 0.569203079 0.293506652 0.320843697
v 0.395666689 0.189705223 0.523470581
v 0.424523681 0.288758755 0.328569055
v 0.603908777 0.183415368 0.424039483
v 0.458701938 0.130122453 0.496436745
v 0.503077924 0.137836128 0.526800156
v 0.482179344 0.183043256 0.590957046
v 0.587552905 0.286477804 0.514842093
v 0.475603938 0.309190273 0.63852191
v 0.435004413 0.137515977 0.436171055
v 0.411031544 0.277204067 0.346372157
v 0.547366023 0.129602849 0.50227046
v 0.600845039 0.175191402 0.34242925
v 0.568536162 0.310226381 0.548846126
v 0.516922891 0.131993636 0.504736185
v 0.395564973 0.164599419 0.537598133
v 0.56249249 0.315773189 0.566130519
v 0.464223653 0.148161978 0.317181557
v 0.39096424 0.225789815 0.326715529
v 0.413750798 0.279853255 0.418683827
v 0.420657128 0.14534992 0.410755873
v 0.458001435 0.263071954 0.65457648
v 0.602136135 0.223054945 0.485782921
v 0.574290991 0.305420637 0.542525291
v 0.564257264 0.313788176 0.556799352
v 0.572676301 0.299825519 0.457323223
v 0.389939904 0.217134953 0.343152314
v 0.581734478 0.13520287 0.508710921
v 0.570100248 0.30469647 0.519783258
v 0.539876461 0.314080834 0.454877168
v 0.601325631 0.193318829 0.348878562
v 0.465255588 0.309948832 0.355076462
v 0.470770627 0.297105372 0.655804992
v 0.58041966 0.299725413 0.63476038
v 0.458535105 0.272229075 0.658034682
v 0.464743972 0.290138304 0.658838451
v 0.407376826 0.179288402 0.562974095
v 0.419189185 0.300307125 0.634566665
v 0.396183431 0.184754238 0.474606127
v 0.460508406 0.281536222 0.659697592
v 0.580283761 0.235349596 0.633634031
v 0.404004723 0.174049869 0.374132186
v 0.541344643 0.272774339 0.658253193
v 0.562470257 0.140653387 0.4056198
v 0.528103054 0.297112167 0.656459093
v 0.586782992 0.293834686 0.532952368
v 0.538954854 0.281955272 0.660018444
v 0.542240083 0.26375246 0.654643834
v 0.394110858 0.192374721 0.528653741
v 0.539095521 0.137814194 0.531627119
v 0.41591841 0.203955859 0.599044323
v 0.409813851 0.157304838 0.378673762
v 0.57231468 0.282488376 0.646136343
v 0.398519695 0.251041323 0.330486864
v 0.530055821 0.188886508 0.596948743
v 0.591421843 0.27126196 0.492159814
v 0.592029929 0.160999 0.435911775
v 0.580492139 0.299848765 0.537407875
v 0.556696236 0.307473093 0.40299508
v 0.596325457 0.26531145 0.348819792
v 0.426555365 0.164078191 0.558590889
v 0.587076724 0.204781756 0.599355817
v 0.552606761 0.303201914 0.307424754
v 0.42442897 0.295781851 0.446370363
v 0.58738029 0.211117208 0.606771946
v 0.558356285 0.315603912 0.611445308
v 0.60631907 0.189731091 0.509669423
v 0.602370679 0.223484978 0.445340186
v 0.477837384 0.301971734 0.651298523
v 0.52078706 0.30167383 0.652066231
v 0.524159074 0.311223805 0.358536988
v 0.430002928 0.134126708 0.469860911
v 0.397253126 0.248175964 0.324659437
v 0.429872066 0.30126375 0.454784364
v 0.534418106 0.290388465 0.659296215
v 0.427045524 0.13291049 0.490957677
v 0.58651799 0.280552387 0.438804358
v 0.399701089 0.254083365 0.325627923
v 0.407120883 0.163911715 0.341238886
v 0.399932295 0.166640922 0.538388848
v 0.415601104 0.210408285 0.606344938
v 0.440152407 0.316200912 0.563818753
v 0.416338414 0.157480642 0.545973897
v 0.415179193 0.197771713 0.591560006
v 0.411930829 0.277525753 0.392666698
v 0.602829337 0.235593975 0.389163494
v 0.442175835 0.309097052 0.472334862
v 0.414633989 0.216899827 0.613523841
v 0.536269784 0.199096993 0.607914448
v 0.393969208 0.187868699 0.310529292
v 0.485706478 0.304823965 0.646418214
v 0.599454463 0.165590346 0.543273151
v 0.593038917 0.287511945 0.528967261
v 0.425481945 0.296472341 0.422851592
v 0.391953915 0.222633317 0.357432872
v 0.449207872 0.139221668 0.408839405
v 0.600819945 0.172389522 0.44509986
v 0.588674843 0.168888345 0.556234539
v 0.563114107 0.286389589 0.647983313
v 0.397101581 0.17909044 0.333426625
v 0.599484503 0.242380738 0.483870894
v 0.588163733 0.217468917 0.61410743
v 0.512779236 0.304352283 0.647311807
v 0.578485727 0.16513291 0.298403889
v 0.589166641 0.223788172 0.621406734
v 0.541651607 0.286242008 0.6562379
v 0.587465048 0.198542416 0.591903925
v 0.588744998 0.273730189 0.467703015
v 0.605414867 0.180629507 0.491580546
v 0.598244548 0.176261991 0.556298375
v 0.403043061 0.250155061 0.452992678
v 0.592127502 0.16055961 0.401795387
v 0.583568275 0.16190967 0.325636148
v 0.396563709 0.161547184 0.516716957
v 0.471062213 0.131171495 0.498304725
v 0.405541182 0.267669111 0.317746073
v 0.402859241 0.25264889 0.483284354
v 0.416711867 0.143767461 0.462175339
v 0.598408222 0.280203998 0.525743842
v 0.395354182 0.184718937 0.434772998
v 0.424081564 0.140300006 0.435990304
v 0.514529943 0.316553921 0.527641356
v 0.390466124 0.225342959 0.32095924
v 0.431666255 0.209327281 0.608888924
v 0.562977672 0.316597998 0.575813532
v 0.413362145 0.223344743 0.620664179
v 0.396424145 0.183189124 0.467309743
v 0.39499706 0.189298108 0.401263326
v 0.564732194 0.316512764 0.585309207
v 0.590413272 0.157630205 0.432701111
v 0.538851678 0.183966979 0.588996828
v 0.453401148 0.317177802 0.558677137
v 0.604479313 0.192764223 0.525426865
v 0.399164617 0.174142063 0.332783997
v 0.430739939 0.307820857 0.543052435
v 0.574736714 0.312060177 0.612023234
v 0.450933248 0.312027127 0.476718545
v 0.402485758 0.26065591 0.304142326
v 0.402845532 0.173560649 0.546251059
v 0.443379581 0.312781274 0.540631413
v 0.567497134 0.315612644 0.594503522
v 0.434636384 0.309770733 0.542069077
v 0.601738572 0.271525681 0.523485482
v 0.59669137 0.251046151 0.440512449
v 0.578558564 0.308971226 0.620300889
v 0.59030354 0.230183437 0.628578722
v 0.570978165 0.314125091 0.603377163
v 0.605130613 0.189935789 0.405492425
v 0.478812903 0.18056421 0.586809814
v 0.555763602 0.132475063 0.466104269
v 0.594217956 0.155231833 0.471085161
v 0.48287791 0.31757161 0.562618434
v 0.48574236 0.308825731 0.304035157
v 0.390260786 0.214928865 0.34850201
v 0.595036864 0.16621241 0.43742165
v 0.564924836 0.147256762 0.364658475
v 0.455652714 0.314482152 0.518353105
v 0.509396911 0.313380182 0.62212342
v 0.417161852 0.286261946 0.359275132
v 0.446724623 0.307211697 0.380980372
v 0.541698933 0.254548848 0.650973558
v 0.460280001 0.245025262 0.647915363
v 0.40565148 0.165129006 0.540116131
v 0.444747239 0.232037604 0.63426584
v 0.392344892 0.210736543 0.320474923
v 0.5854913 0.29832229 0.63447243
v 0.609536648 0.212362379 0.34291169
v 0.501791835 0.314465433 0.4638592
v 0.570208073 0.155387104 0.330342829
v 0.573161602 0.140221 0.429311812
v 0.459817767 0.135450542 0.435271889
v 0.603138149 0.262126684 0.522050381
v 0.434516072 0.311866969 0.550728917
v 0.573255897 0.2885966 0.64422214
v 0.58872056 0.192607194 0.58440125
v 0.564536035 0.302895576 0.637330711
v 0.441934437 0.300998747 0.317874074
v 0.436041474 0.314589441 0.559767306
v 0.567878187 0.146691889 0.541250408
v 0.412617445 0.152071521 0.407989055
v 0.604035199 0.243055344 0.519810736
v 0.494596064 0.306081414 0.643350661
v 0.475436836 0.142378122 0.352667302
v 0.455888659 0.138677746 0.407180399
v 0.582224011 0.304475397 0.627956033
v 0.449792236 0.308942169 0.397450238
v 0.438563704 0.131531537 0.479379147
v 0.533000529 0.145651221 0.329767764
v 0.41193831 0.229750559 0.627739847
v 0.496474415 0.134369045 0.449802995
v 0.398572028 0.262956321 0.5155617
v 0.427929491 0.299613923 0.442332387
v 0.423672467 0.293188363 0.38424924
v 0.48860833 0.317262888 0.598846972
v 0.425111651 0.302748024 0.537173808
v 0.540122926 0.245613217 0.647782922
v 0.439775139 0.317333728 0.585258961
v 0.444613487 0.311204642 0.504265606
v 0.503955603 0.305835843 0.643862128
v 0.550917208 0.150703281 0.316236973
v 0.571376324 0.204267457 0.602623999
v 0.60376066 0.238837257 0.516239405
v 0.41882816 0.297201216 0.532508969
v 0.593219817 0.150785536 0.48151353
v 0.404582798 0.265224218 0.305495143
v 0.535447955 0.22959733 0.638494015
v 0.603677392 0.252592802 0.520931005
v 0.455848157 0.167765081 0.569244564
v 0.586999595 0.151965216 0.396325499
v 0.512968183 0.310042888 0.324323088
v 0.561573505 0.152688563 0.323927969
v 0.546302259 0.150423124 0.312342703
v 0.43394658 0.315573037 0.597834051
v 0.396264136 0.163669229 0.496067494
v 0.39073965 0.209845066 0.358975977
v 0.604349732 0.233528793 0.518603623
v 0.588301241 0.29067114 0.639493048
v 0.546673775 0.132495478 0.464712173
v 0.424157709 0.28715235 0.313551784
v 0.578953743 0.293453276 0.450661868
v 0.604673505 0.224041149 0.517237186
v 0.454842627 0.129567564 0.501015127
v 0.402766556 0.256984055 0.378285825
v 0.538040638 0.237286091 0.643601358
v 0.59154582 0.237212241 0.63497138
v 0.607965052 0.204833642 0.362291813
v 0.458566666 0.253872514 0.651169658
v 0.605230689 0.166839272 0.540324271
v 0.5878793 0.241634727 0.637697875
v 0.412292272 0.152957603 0.415365279
v 0.576144516 0.153037325 0.545387745
v 0.551971614 0.149560958 0.54793793
v 0.604212582 0.1829146 0.304591537
v 0.394318193 0.193937734 0.517827392
v 0.526270211 0.134764507 0.44089511
v 0.397758812 0.176937491 0.327645659
v 0.583141804 0.149004385 0.398249537
v 0.606020093 0.19834283 0.423996866
v 0.41015932 0.155739233 0.537044108
v 0.396028221 0.189836457 0.457806379
v 0.590690136 0.282032967 0.642622232
v 0.541920364 0.312688768 0.630758345
v 0.532356322 0.19582428 0.605341911
v 0.577739477 0.292089701 0.381010473
v 0.594409704 0.266069233 0.384433001
v 0.491966486 0.143355042 0.331921816
v 0.595430553 0.166161746 0.337281317
v 0.405594021 0.165105 0.380099148
v 0.48803848 0.312025905 0.627713859
v 0.576300502 0.224795252 0.623340249
v 0.605350614 0.187002525 0.491791189
v 0.408854216 0.160735488 0.354157567
v 0.410350442 0.236569107 0.634253979
v 0.537661552 0.222899124 0.631585538
v 0.603880167 0.225588575 0.507052422
v 0.469558567 0.137826413 0.406748652
v 0.533885896 0.134697035 0.523794115
v 0.412318975 0.291407406 0.528554916
v 0.552927971 0.311573505 0.458060592
v 0.400943458 0.173371151 0.315714151
v 0.563533545 0.164448425 0.561734796
v 0.403339893 0.170147181 0.320391893
v 0.574491143 0.289302677 0.317521602
v 0.462359965 0.168049976 0.569929004
v 0.462647974 0.236831933 0.643584073
v 0.596853435 0.261881351 0.361014783
v 0.596447289 0.175042704 0.407359004
v 0.465364337 0.22918871 0.638562679
v 0.579546273 0.158332303 0.338147551
v 0.45308575 0.138189748 0.413584441
v 0.536960244 0.291136235 0.657149434
v 0.413148642 0.139522389 0.498468429
v 0.491763949 0.317371815 0.557860196
v 0.583905637 0.152741879 0.376481265
v 0.523136318 0.133544609 0.516805053
v 0.435687989 0.307405204 0.508744597
v 0.577268898 0.307112873 0.62601167
v 0.397579491 0.220820829 0.455363989
v 0.403735548 0.263144165 0.300356299
v 0.437822133 0.160053611 0.557301223
v 0.503093541 0.317046076 0.545883238
v 0.518550456 0.315720677 0.49932906
v 0.395024031 0.238942772 0.337413907
v 0.54239291 0.312932879 0.426270515
v 0.502419472 0.132874176 0.472338468
v 0.470330149 0.1845112 0.590619624
v 0.547283709 0.312143117 0.431171894
v 0.521149993 0.137286186 0.40855971
v 0.435985029 0.302981615 0.412178159
v 0.592662752 0.272802174 0.643643498
v 0.578329563 0.29127121 0.375656039
v 0.594007134 0.270993084 0.34712401
v 0.53771776 0.314462543 0.461369663
v 0.532895803 0.222095221 0.633151174
v 0.455470443 0.299103528 0.647238731
v 0.436465234 0.139560997 0.534339845
v 0.600578129 0.181785554 0.35062179
v 0.566045821 0.307656288 0.517084062
v 0.403973877 0.168563768 0.371232569
v 0.550702691 0.138450667 0.409282863
v 0.562128425 0.311781347 0.542335212
v 0.596262157 0.15332076 0.486356229
v 0.608873308 0.213096902 0.33166948
v 0.587055624 0.144710332 0.527837753
v 0.465995431 0.217452213 0.62862283
v 0.439871401 0.195005164 0.595578492
v 0.518759489 0.147354111 0.296499938
v 0.565044105 0.309234858 0.628495634
v 0.413176298 0.192192033 0.584025264
v 0.592893481 0.245339185 0.639624774
v 0.569373131 0.134488627 0.463847071
v 0.463705838 0.316794723 0.619636178
v 0.535216391 0.3134619 0.425207376
v 0.596915066 0.161318153 0.462993324
v 0.436022639 0.315921843 0.569179177
v 0.590706348 0.275757492 0.383109719
v 0.417991757 0.232283711 0.630693316
v 0.559046268 0.308919162 0.45477438
v 0.55940932 0.307519943 0.428151011
v 0.404342413 0.164488301 0.35666424
v 0.595723212 0.148051262 0.520624876
v 0.408565283 0.244422585 0.639175475
v 0.416078001 0.282722265 0.466069013
v 0.604317605 0.186831445 0.451781034
v 0.40610829 0.285019636 0.525267184
v 0.533431053 0.319059014 0.584564745
v 0.572860062 0.303146303 0.530033588
v 0.402155966 0.255281776 0.493724465
v 0.394664973 0.165613905 0.506002128
v 0.543560445 0.224640906 0.630857229
v 0.39713034 0.244228318 0.34700641
v 0.40957579 0.270872325 0.416109711
v 0.406441331 0.261549741 0.470366806
v 0.5909971 0.15854542 0.416928709
v 0.40118137 0.176866591 0.355593145
v 0.390880525 0.213033125 0.363975495
v 0.606019557 0.185230196 0.496723652
v 0.471600801 0.1700418 0.572638452
v 0.576651216 0.299416333 0.526721776
v 0.395282954 0.179631323 0.528192043
v 0.390069991 0.2114705 0.342024714
v 0.550608397 0.136061683 0.430515736
v 0.399854422 0.235425517 0.468876064
v 0.578107297 0.141349837 0.437522024
v 0.591053545 0.187396318 0.576784432
v 0.600938261 0.231212676 0.479996443
v 0.502900422 0.312546998 0.403664231
v 0.468048394 0.221748099 0.633297026
v 0.406865418 0.26527074 0.404034495
v 0.435324013 0.129457995 0.502925754
v 0.600707829 0.157912016 0.493968278
v 0.503403723 0.135860473 0.522054017
v 0.548987091 0.313178301 0.475589424
v 0.434520036 0.283851475 0.64762044
v 0.601944029 0.222931191 0.463282555
v 0.568881512 0.305346519 0.513348937
v 0.582874477 0.285719067 0.358378768
v 0.595794797 0.261267275 0.491555959
v 0.569266081 0.302644074 0.452156752
v 0.498873085 0.307903886 0.638375044
v 0.594421923 0.263482928 0.643467546
v 0.538734317 0.132477254 0.466823459
v 0.431554198 0.302050471 0.444075644
v 0.532300591 0.303261817 0.647319376
v 0.530261517 0.318032205 0.612068474
v 0.446150333 0.129431352 0.495295346
v 0.42826578 0.148599938 0.372368008
v 0.604922533 0.229543984 0.379701138
v 0.486305654 0.317810595 0.574012458
v 0.549685955 0.18415159 0.586548269
v 0.514048159 0.132711872 0.510159969
v 0.423073173 0.311270177 0.613801122
v 0.483819216 0.311875314 0.389132947
v 0.561138868 0.308300823 0.465178847
v 0.610139668 0.226946905 0.305886388
v 0.516731918 0.316736251 0.533142805
v 0.53352809 0.312038273 0.384461671
v 0.549067736 0.168275699 0.569115758
v 0.470621794 0.214413792 0.62791878
v 0.500204563 0.142451242 0.343161225
v 0.401053429 0.277501076 0.522834837
v 0.597189963 0.159925118 0.469459265
v 0.572343469 0.138736621 0.439082533
v 0.59442991 0.254238725 0.64232713
v 0.396464378 0.199216485 0.331270665
v 0.392025381 0.225492984 0.345446557
v 0.521649539 0.315904111 0.504757643
v 0.434776098 0.316270024 0.578537166
v 0.530455232 0.214664847 0.627802789
v 0.432669908 0.315897107 0.587707758
v 0.544574738 0.142407715 0.3708767
v 0.601397455 0.250382662 0.332782239
v 0.405354083 0.146560088 0.52312243
v 0.545653105 0.272759855 0.654809177
v 0.468437791 0.316029042 0.524702787
v 0.448339313 0.308524519 0.402639925
v 0.480518818 0.317954332 0.573323667
v 0.416324019 0.303252459 0.629315555
v 0.593830705 0.167838633 0.414816529
v 0.544904709 0.186219692 0.590092897
v 0.545260906 0.170892313 0.572682679
v 0.411091328 0.275504202 0.490743369
v 0.419592321 0.307966918 0.62190032
v 0.551833451 0.317385823 0.563349545
v 0.42027843 0.29030019 0.379352391
v 0.41350171 0.296878636 0.63554883
v 0.426537931 0.313468933 0.605325937
v 0.429818988 0.314905703 0.596623302
v 0.468311459 0.317743659 0.615582049
v 0.596586883 0.176774144 0.3949444
v 0.527991414 0.207499042 0.622215092
v 0.609529018 0.215694651 0.358149469
v 0.393344998 0.20471932 0.31286177
v 0.535458863 0.161046207 0.56209749
v 0.473169446 0.20722273 0.622391701
v 0.44472909 0.309172541 0.449760407
v 0.448552489 0.310886681 0.4612059
v 0.566828728 0.309990287 0.544923067
v 0.406599045 0.253130823 0.642100394
v 0.597040474 0.250498861 0.433861792
v 0.398744524 0.192789048 0.367213845
v 0.441357702 0.130691975 0.485368043
v 0.398069412 0.268800527 0.521323323
v 0.600690365 0.190180153 0.352817386
v 0.4291192 0.140210971 0.425216675
v 0.396906197 0.259542108 0.520462811
v 0.427807778 0.301928818 0.521753728
v 0.519416869 0.159897789 0.560297966
v 0.555674911 0.136651665 0.428685457
v 0.486171782 0.311316848 0.372033477
v 0.495112091 0.309603721 0.634001911
v 0.604560077 0.207005382 0.440470248
v 0.389982194 0.216431022 0.336422473
v 0.474023044 0.308257461 0.305567056
v 0.416342735 0.284483701 0.421889275
v 0.396801859 0.158402666 0.524467051
v 0.402733743 0.254266024 0.397510767
v 0.449805051 0.136629567 0.429454565
v 0.530709803 0.137669846 0.405574113
v 0.605981588 0.194082275 0.415275276
v 0.39515394 0.24206087 0.324582756
v 0.41096139 0.275057614 0.402566016
v 0.525146365 0.201298147 0.61583364
v 0.518740594 0.3044312 0.647601485
v 0.415551126 0.284421921 0.364529163
v 0.396256268 0.236969382 0.515337944
v 0.475358665 0.140087336 0.378328949
v 0.396430373 0.250191957 0.519818544
v 0.41117543 0.289147824 0.640253186
v 0.56756109 0.155302718 0.323158324
v 0.569591165 0.2121104 0.611599803
v 0.597153366 0.147382766 0.507186711
v 0.395143121 0.190597638 0.44203791
v 0.392037511 0.215366423 0.37517941
v 0.502131581 0.143835247 0.326303512
v 0.406912982 0.267511725 0.300895423
v 0.391786158 0.202221423 0.372494042
v 0.395082384 0.183921695 0.307345659
v 0.553063691 0.305205703 0.335151553
v 0.598894477 0.175627246 0.419481069
v 0.547941387 0.312718838 0.628629088
v 0.398451686 0.245341524 0.365955234
v 0.548874915 0.131584331 0.520214081
v 0.44357729 0.30642131 0.399998099
v 0.586337149 0.227411762 0.625417233
v 0.407258391 0.14281036 0.506977797
v 0.447435319 0.313064545 0.526444852
v 0.396039426 0.194366351 0.473357409
v 0.460413456 0.137254238 0.530829906
v 0.437022388 0.306659937 0.471165866
v 0.604320586 0.199457467 0.488915414
v 0.431630373 0.301949382 0.438982576
v 0.396027207 0.240860254 0.519164622
v 0.591995001 0.273811936 0.358157486
v 0.409257054 0.280489862 0.642979801
v 0.597351372 0.168202057 0.359188616
v 0.439631343 0.314480722 0.615097165
v 0.476057708 0.200956345 0.616143763
v 0.605213106 0.188447908 0.519854724
v 0.590043426 0.155827224 0.4123393
v 0.403898954 0.254901797 0.477574646
v 0.602549434 0.246107057 0.337824076
v 0.489631206 0.146644592 0.297334194
v 0.548424184 0.306726038 0.33151862
v 0.479298502 0.135929406 0.523675203
v 0.437693626 0.297544003 0.313379467
v 0.397666991 0.170382529 0.47840938
v 0.607347786 0.2099749 0.335402638
v 0.395646632 0.2315467 0.518508971
v 0.608255088 0.214788198 0.382275164
v 0.466347873 0.137430295 0.412340224
v 0.436152995 0.263373017 0.645765722
v 0.598894298 0.176725879 0.300475001
v 0.577484906 0.149202868 0.540071487
v 0.546096265 0.199453861 0.604672194
v 0.607853353 0.232467458 0.320506185
v 0.507614017 0.316289306 0.5204826
v 0.462385386 0.31328097 0.452905625
v 0.41005975 0.187562823 0.576475441
v 0.522014856 0.195874125 0.608885348
v 0.429254413 0.141595438 0.414843887
v 0.459345907 0.165074125 0.56641835
v 0.462985665 0.135418192 0.526587903
v 0.604511738 0.185453683 0.486669511
v 0.583926499 0.188609913 0.581793129
v 0.547360063 0.278204381 0.653720319
v 0.395265013 0.222247183 0.517844021
v 0.402849972 0.251437783 0.422736853
v 0.556594372 0.15266481 0.31398496
v 0.471319616 0.310370862 0.354622304
v 0.408654332 0.164765477 0.545718253
v 0.550687551 0.286296219 0.651517868
v 0.479315698 0.19563359 0.609205782
v 0.500163734 0.317268729 0.593876123
v 0.60663116 0.179152861 0.498603374
v 0.578060508 0.141641498 0.530640066
v 0.602269292 0.188933462 0.38897261
v 0.582549632 0.287866294 0.400143445
v 0.566513836 0.298730433 0.358427852
v 0.395066381 0.21366334 0.520017445
v 0.597252786 0.25965181 0.367091298
v 0.453133374 0.31015107 0.402161896
v 0.607849717 0.208841249 0.344979227
v 0.508636057 0.317697853 0.586693883
v 0.570448101 0.173015773 0.569158792
v 0.570964098 0.302006662 0.474685311
v 0.513815045 0.311351985 0.362017274
v 0.407685876 0.271362752 0.643701732
v 0.394253463 0.186675265 0.31700334
v 0.60021776 0.189685851 0.364702374
v 0.396565735 0.179415166 0.433471501
v 0.425964236 0.297760427 0.45204109
v 0.436708808 0.297159553 0.31983605
v 0.511764765 0.309338242 0.30438751
v 0.500215352 0.139882594 0.375956655
v 0.4399167 0.30793941 0.466456801
v 0.560796499 0.298439473 0.307051063
v 0.606200218 0.203063726 0.356438965
v 0.41399923 0.160915911 0.335352361
v 0.599303246 0.240532562 0.473244697
v 0.600549221 0.25245434 0.338697731
v 0.605002105 0.190435112 0.43823874
v 0.482600749 0.190495014 0.602178216
v 0.585653603 0.156527892 0.359419554
v 0.486905813 0.13339977 0.462401688
v 0.590368688 0.274675101 0.403743356
v 0.439111769 0.172302276 0.570804119
v 0.605668902 0.206069022 0.32587409
v 0.390176147 0.213945314 0.329828054
v 0.520400226 0.315590084 0.494279116
v 0.533025622 0.146889925 0.319161803
v 0.394882232 0.239775404 0.330883205
v 0.602648437 0.255178511 0.516432941
v 0.545411885 0.146088138 0.342768908
v 0.506255805 0.134333163 0.450026333
v 0.477772236 0.317113429 0.611641169
v 0.575428367 0.155608326 0.343046904
v 0.586608648 0.165906414 0.310816705
v 0.477437019 0.311793417 0.389342248
v 0.560225546 0.315888166 0.606622398
v 0.586348295 0.165333495 0.553526103
v 0.396036118 0.189851254 0.470725209
v 0.518885314 0.190568268 0.60191083
v 0.452599645 0.129695833 0.49534598
v 0.599243701 0.260440826 0.304940879
v 0.602186084 0.186846152 0.395534068
v 0.592551768 0.271728426 0.321424931
v 0.546729326 0.293622971 0.649873316
v 0.57668072 0.139828935 0.443243921
v 0.574045539 0.288389146 0.304210246
v 0.442219108 0.311645687 0.52912426
v 0.421715826 0.290226549 0.360043317
v 0.410620451 0.27377364 0.411182314
v 0.508811176 0.135666728 0.431317031
v 0.418724954 0.266851932 0.64458853
v 0.402723074 0.165954858 0.44730407
v 0.596872926 0.1709591 0.372115076
v 0.464795232 0.133671492 0.520967722
v 0.451413184 0.314278007 0.530931234
v 0.550937295 0.31000644 0.404488027
v 0.479985505 0.137304604 0.409840196
v 0.579748392 0.292475581 0.478993803
v 0.398174316 0.240249187 0.503177941
v 0.410958588 0.271715105 0.466908425
v 0.438537508 0.20241043 0.603236854
v 0.460417688 0.142340288 0.371275157
v 0.508381546 0.317666978 0.568132877
v 0.46251744 0.318221688 0.613677204
v 0.448548585 0.305128455 0.325733662
v 0.488838851 0.141463399 0.354767889
v 0.485884964 0.185438409 0.595128834
v 0.540967166 0.173448548 0.576197624
v 0.541102052 0.16267921 0.56370163
v 0.568041801 0.142167673 0.40422678
v 0.535237491 0.140622318 0.378185511
v 0.599942803 0.237892404 0.479176223
v 0.422291547 0.291346818 0.372526139
v 0.543085039 0.313757449 0.45982641
v 0.396058679 0.195118278 0.460533977
v 0.396162719 0.221875682 0.419780552
v 0.447592646 0.14210698 0.387910396
v 0.563315272 0.147792593 0.357625395
v 0.507977068 0.137415037 0.525779665
v 0.554606795 0.149105385 0.333220541
v 0.455745667 0.178634048 0.581527829
v 0.60245806 0.23708196 0.504282176
v 0.604852915 0.21531415 0.5189237
v 0.411386788 0.15278101 0.451938272
v 0.406257808 0.262204885 0.643373489
v 0.41845867 0.288826019 0.396943927
v 0.419943988 0.290338635 0.401744813
v 0.576365948 0.15806821 0.33204028
v 0.439329386 0.132259354 0.473319024
v 0.567244112 0.306026161 0.500644326
v 0.605935872 0.194922432 0.39474535
v 0.491268665 0.315050304 0.484152228
v 0.515740991 0.185378909 0.594915211
v 0.395880103 0.194563329 0.454037249
v 0.390245855 0.214769259 0.323582888
v 0.406583995 0.260738522 0.44935289
v 0.413626134 0.278817803 0.644153535
v 0.392812699 0.197408393 0.395151168
v 0.602962196 0.247562483 0.316690743
v 0.40022245 0.255427986 0.316354603
v 0.552713633 0.271214604 0.650754154
v 0.519017696 0.146309689 0.303008139
v 0.572127104 0.149520427 0.543180168
v 0.569056094 0.313749611 0.609004498
v 0.513783514 0.131974638 0.49999392
v 0.595993698 0.147318035 0.501391292
v 0.447420478 0.311714858 0.491751045
v 0.548783004 0.270411521 0.651777625
v 0.594442606 0.183341891 0.569112659
v 0.60209024 0.157014877 0.502591193
v 0.47583726 0.132148206 0.509220183
v 0.494508862 0.132028252 0.495011687
v 0.442191839 0.150538608 0.334349126
v 0.48073256 0.177387491 0.582902014
v 0.493698329 0.308936894 0.298535109
v 0.489157319 0.180371508 0.588122249
v 0.494342476 0.313613176 0.438837796
v 0.393390208 0.240153491 0.30007723
v 0.596352339 0.148771018 0.526889503
v 0.599258602 0.250416547 0.380573422
v 0.585706651 0.147132128 0.453910887
v 0.423779458 0.143051401 0.415175259
v 0.606099784 0.186166331 0.313749015
v 0.410916358 0.164758906 0.322773188
v 0.554266691 0.137639478 0.419173837
v 0.450186431 0.137776077 0.419593573
v 0.543901801 0.143070579 0.364810377
v 0.428993344 0.293100774 0.348903
v 0.455634296 0.291264117 0.65247345
v 0.414870173 0.174251452 0.564503074
v 0.401218534 0.257891774 0.299781859
v 0.439345688 0.298197538 0.307112485
v 0.610828876 0.224316537 0.297068924
v 0.436907709 0.304539353 0.430846423
v 0.453259975 0.195053384 0.599389791
v 0.433228493 0.143974617 0.39323613
v 0.413597852 0.147082478 0.465955883
v 0.459735125 0.194828674 0.600994468
v 0.60699755 0.191336796 0.311632752
v 0.389341623 0.169279009 0.535679102
v 0.560685456 0.307359934 0.437662363
v 0.610826373 0.22436443 0.297069132
v 0.59901166 0.185905695 0.37057057
v 0.400423199 0.25623095 0.305505276
v 0.399009228 0.189122096 0.344480187
v 0.501862347 0.13640745 0.421865225
v 0.502641261 0.309928 0.32389012
v 0.479181379 0.31612736 0.616375983
v 0.420398593 0.285129398 0.318566054
v 0.482047766 0.310099632 0.340887815
v 0.562703848 0.142859235 0.389792025
v 0.439100653 0.286895156 0.648247957
v 0.512550235 0.180281237 0.58792448
v 0.492436975 0.175332382 0.581137657
v 0.599837422 0.158226356 0.489133328
v 0.557455838 0.308549553 0.432836682
v 0.507968068 0.166606084 0.569034576
v 0.49304837 0.316090733 0.607726097
v 0.389304638 0.22228241 0.298508763
v 0.392211229 0.204653755 0.307528943
v 0.603236675 0.192814171 0.377919495
v 0.511464596 0.312378675 0.394886762
v 0.483586639 0.31085819 0.360240668
v 0.397745371 0.23283343 0.413755685
v 0.389297009 0.222228602 0.298512965
v 0.560469449 0.138677791 0.417306006
v 0.562303305 0.137008131 0.530885875
v 0.581378162 0.288683921 0.38010782
v 0.54243505 0.312935889 0.431275159
v 0.499110103 0.165268242 0.567268491
v 0.495745838 0.170311481 0.574178219
v 0.559434772 0.145292819 0.367007911
v 0.600773215 0.235133111 0.433483511
v 0.541458666 0.130194291 0.502561152
v 0.569449842 0.193028763 0.591035664
v 0.394300967 0.212303653 0.41081503
v 0.399040759 0.230630219 0.464828223
v 0.424907714 0.296238273 0.439219475
v 0.563287973 0.307783991 0.475838453
v 0.582868516 0.201449752 0.596540928
v 0.42152521 0.292974651 0.503988862
v 0.396932334 0.243894279 0.513941407
v 0.591335714 0.158167958 0.406704038
v 0.527050257 0.318532556 0.581707239
v 0.540339589 0.159124359 0.559612751
v 0.555804491 0.128610417 0.506424606
v 0.604185522 0.181852654 0.309733987
v 0.602983177 0.225358367 0.426212758
v 0.395772517 0.196738437 0.364777952
v 0.391540706 0.199008808 0.304857433
v 0.45834285 0.147831246 0.5464288
v 0.422210485 0.290917009 0.365793973
v 0.393785328 0.238389045 0.319091707
v 0.480353385 0.167529419 0.569752812
v 0.406498164 0.184382766 0.568605006
v 0.592763066 0.16257523 0.348211884
v 0.415802211 0.28253752 0.454446703
v 0.421560466 0.292724818 0.423881561
v 0.598911166 0.1568176 0.534465253
v 0.459317982 0.288319468 0.655913234
v 0.515856981 0.311950177 0.628989816
v 0.606630862 0.224127874 0.379092485
v 0.583066165 0.24421829 0.638811648
v 0.4877491 0.135052443 0.439551175
v 0.449903011 0.31199494 0.48167789
v 0.452535182 0.30951494 0.390803844
v 0.565149665 0.301305264 0.38146317
v 0.602455258 0.196831107 0.343693614
v 0.578906715 0.231650099 0.630223215
v 0.602176726 0.172374129 0.464298218
v 0.611049175 0.22386992 0.306241095
v 0.509303391 0.17526567 0.580950081
v 0.389226317 0.221711785 0.307672501
v 0.458486646 0.136106595 0.429180592
v 0.604611874 0.207497329 0.523770034
v 0.389226198 0.221712589 0.307677299
v 0.611049175 0.223870695 0.306243867
v 0.469160974 0.312844992 0.424506336
v 0.406529158 0.263696104 0.41001761
v 0.535360754 0.139937833 0.534795046
v 0.490151763 0.136688769 0.418121547
v 0.609721541 0.21968773 0.306090117
v 0.393278867 0.203334391 0.353650123
v 0.516267121 0.143206149 0.333317906
v 0.599387348 0.259421051 0.310555726
v 0.599441409 0.238443017 0.461838663
v 0.534021556 0.186144367 0.592660427
v 0.562565267 0.134189233 0.525904119
v 0.557428539 0.164876476 0.56363523
v 0.397942245 0.250564098 0.314071178
v 0.439572304 0.304660857 0.406318456
v 0.563165903 0.310560316 0.535297751
v 0.611126006 0.223467812 0.315387994
v 0.398894966 0.165474012 0.475657076
v 0.394835502 0.200968936 0.521374643
v 0.611125946 0.223467708 0.31538552
v 0.418696195 0.286847889 0.34980455
v 0.555897355 0.23078315 0.633406818
v 0.543530524 0.278985023 0.657068193
v 0.546516299 0.310416967 0.634038806
v 0.595269442 0.268041939 0.315663934
v 0.411331922 0.285427302 0.514523327
v 0.505997062 0.170270905 0.574030876
v 0.552974164 0.311659962 0.46386236
v 0.406961381 0.161410823 0.443096459
v 0.417099237 0.150997266 0.539007962
v 0.460602522 0.312857985 0.447009087
v 0.486440629 0.133763954 0.457057208
v 0.609152794 0.21774964 0.364604801
v 0.568893909 0.229224309 0.630527377
v 0.417144567 0.145569995 0.439004391
v 0.395430654 0.196178243 0.524970829
v 0.525538564 0.132083997 0.478450686
v 0.502567887 0.165259689 0.56720674
v 0.588542521 0.151894554 0.450236171
v 0.450332761 0.309535831 0.407183558
v 0.481391639 0.313572258 0.439087868
v 0.554566562 0.130658135 0.519264519
v 0.52443397 0.314155459 0.445017606
v 0.606502116 0.17291446 0.501536906
v 0.605580151 0.173680931 0.4944987
v 0.430100471 0.198701233 0.59707582
v 0.432964861 0.129761443 0.507769108
v 0.588003099 0.280138493 0.368117452
v 0.467202634 0.310389757 0.360572934
v 0.597838223 0.261212319 0.344332099
v 0.598554075 0.180588424 0.561412096
v 0.389183193 0.221246034 0.316804796
v 0.532130659 0.169404536 0.572228134
v 0.607961953 0.234180897 0.310345411
v 0.576158583 0.176880181 0.571558416
v 0.407023042 0.164681286 0.429351628
v 0.47789821 0.192772493 0.604178548
v 0.389183044 0.221246272 0.316807151
v 0.406389743 0.268760592 0.341296732
v 0.603567541 0.209563598 0.489343435
v 0.555055082 0.215200424 0.619366348
v 0.602242053 0.180944189 0.419490218
v 0.600913823 0.161574915 0.538069606
v 0.438886106 0.128883332 0.506971121
v 0.420029283 0.141802728 0.443424165
v 0.576613843 0.154049039 0.354156464
v 0.588904977 0.163118497 0.54899466
v 0.410339028 0.274822384 0.386319846
v 0.443950921 0.130108312 0.490183085
v 0.610988498 0.223071069 0.324505687
v 0.409462214 0.160156637 0.540946364
v 0.603485465 0.174100041 0.526628971
v 0.584244072 0.285262167 0.436972857
v 0.610988617 0.223071039 0.324509114
v 0.402125806 0.150194153 0.521226764
v 0.585102856 0.146822438 0.447013438
v 0.609537423 0.228854448 0.311638802
v 0.416985214 0.16360876 0.314694464
v 0.393707186 0.198437691 0.529809237
v 0.599425673 0.247051388 0.397400707
v 0.391013831 0.206966296 0.36299181
v 0.420254678 0.164313465 0.304650128
v 0.39506954 0.205962911 0.525070786
v 0.524280488 0.317918092 0.566658735
v 0.393137068 0.194299147 0.392315924
v 0.400204718 0.243964195 0.409123927
v 0.45671165 0.206793338 0.613998353
v 0.570553124 0.295254439 0.641750276
v 0.49787727 0.316211492 0.519746542
v 0.597284675 0.172691077 0.423711926
v 0.600465 0.233160108 0.464618742
v 0.538477421 0.31251654 0.403936148
v 0.539153337 0.130482972 0.496648759
v 0.526023805 0.311412156 0.364531189
v 0.416344881 0.284098595 0.433530062
v 0.446739972 0.154654995 0.297752023
v 0.391614318 0.208018035 0.380546719
v 0.457455993 0.134829864 0.526902258
v 0.481526554 0.139922366 0.376267612
v 0.400487274 0.241525903 0.434017688
v 0.536755264 0.319058925 0.580349863
v 0.410042226 0.157875985 0.437197596
v 0.396608353 0.170439273 0.539824128
v 0.569546342 0.133291066 0.475078493
v 0.598719656 0.170909166 0.354190618
v 0.521776497 0.173696265 0.578297853
v 0.601834297 0.224480748 0.480712861
v 0.582820356 0.150336072 0.387520075
v 0.602440178 0.247773454 0.327319413
v 0.393586904 0.192284852 0.397656083
v 0.403265625 0.182911575 0.560243368
v 0.389341444 0.220799118 0.325898767
v 0.606213033 0.198182374 0.379814476
v 0.555444479 0.135984927 0.434216291
v 0.389341474 0.220798835 0.32589668
v 0.610696614 0.222681731 0.333592474
v 0.599224448 0.151484892 0.502180159
v 0.414780408 0.14786391 0.450753331
v 0.610696614 0.222681731 0.333594739
v 0.413443565 0.277211666 0.466086656
v 0.564605832 0.305836737 0.45510599
v 0.433623761 0.165834054 0.562540889
v 0.564364374 0.296929181 0.317266017
v 0.421148896 0.291589677 0.467537761
v 0.577035844 0.297263354 0.515434444
v 0.604089022 0.19988142 0.528758228
v 0.389663219 0.191062838 0.53251487
v 0.558051109 0.140302658 0.401134372
v 0.54363656 0.146973073 0.334116846
v 0.50667119 0.139874488 0.375132561
v 0.525593281 0.147035137 0.30558306
v 0.547342002 0.310737133 0.400445521
v 0.433511227 0.173055276 0.570282876
v 0.394362032 0.167947069 0.500216484
v 0.479293257 0.314072788 0.454796791
v 0.603949189 0.183067784 0.480072826
v 0.403416514 0.262564063 0.331317544
v 0.536242664 0.175722986 0.579483807
v 0.604473174 0.199792698 0.324699283
v 0.407969832 0.264627159 0.445885032
v 0.474821091 0.313286394 0.432074279
v 0.40165019 0.170133129 0.355160415
v 0.599798977 0.253125459 0.351944327
v 0.603123367 0.178951323 0.553736329
v 0.444063574 0.145005956 0.370309889
v 0.519993663 0.314475507 0.457888931
v 0.574172318 0.139892608 0.434185117
v 0.389669746 0.220392674 0.334956616
v 0.599103868 0.27671966 0.52140218
v 0.511325896 0.139106452 0.529705465
v 0.389669746 0.220392644 0.334958851
v 0.603642225 0.238380998 0.361598939
v 0.592421532 0.271382123 0.386360675
v 0.395049632 0.196890578 0.49373278
v 0.418853164 0.287906319 0.363600254
v 0.45950228 0.131655097 0.516548753
v 0.610259414 0.222315371 0.342649192
v 0.610259533 0.222315356 0.342647254
v 0.568193853 0.249494553 0.641365409
v 0.509008646 0.314243406 0.454724729
v 0.545110703 0.235323861 0.637496471
v 0.402771682 0.248931393 0.458917409
v 0.472835362 0.31062007 0.360313714
v 0.5669505 0.269764304 0.646902084
v 0.610078573 0.168707207 0.534710109
v 0.454874933 0.311877698 0.446195096
v 0.595248342 0.160834953 0.456488878
v 0.436524898 0.301717371 0.390139997
v 0.520579219 0.316612542 0.528517187
v 0.592682242 0.148836985 0.486004502
v 0.605335474 0.192519903 0.533572257
v 0.449492544 0.181295201 0.583160162
v 0.51459825 0.142682105 0.338647336
v 0.413044184 0.276551872 0.454780608
v 0.441322803 0.309557289 0.488265991
v 0.550644279 0.318789929 0.590967834
v 0.564515769 0.189832374 0.58893472
v 0.415739954 0.147847429 0.432940871
v 0.559855163 0.210441649 0.612705231
v 0.608618021 0.177582115 0.546729028
v 0.566959679 0.274712116 0.647524714
v 0.423777521 0.295461893 0.470139951
v 0.539180875 0.135205254 0.526766419
v 0.418304294 0.282368928 0.644270897
v 0.599777162 0.17934373 0.410566986
v 0.411799401 0.139114112 0.504667342
v 0.584997296 0.285042524 0.409179538
v 0.614805758 0.176252216 0.540268838
v 0.575122833 0.292307317 0.353164852
v 0.438155979 0.312910378 0.620566845
v 0.552849829 0.304940581 0.329624504
v 0.602335155 0.259732544 0.518136919
v 0.601098955 0.188748062 0.382408202
v 0.535668254 0.316315085 0.525962412
v 0.493630409 0.310714096 0.351128638
v 0.609758973 0.221966118 0.351678252
v 0.566872716 0.3051956 0.472006202
v 0.390103936 0.219992757 0.343990535
v 0.557973802 0.134578645 0.448743224
v 0.399981469 0.182453156 0.551818252
v 0.609758973 0.221966043 0.351679653
v 0.390103847 0.219992578 0.343991816
v 0.408370495 0.167146757 0.317871481
v 0.557108879 0.305614054 0.374257714
v 0.546482027 0.288996071 0.652548611
v 0.404113591 0.264618397 0.326649129
v 0.384287834 0.183850378 0.533586144
v 0.409427494 0.274576306 0.340593249
v 0.446698934 0.310620785 0.467090786
v 0.447435677 0.305313438 0.337052077
v 0.603405118 0.214439496 0.449027061
v 0.393381387 0.233542085 0.33348912
v 0.525541782 0.169970587 0.573227942
v 0.405340195 0.167345718 0.326650381
v 0.543556452 0.143704996 0.359192133
v 0.609144807 0.221612126 0.360688955
v 0.589978337 0.276376635 0.340077281
v 0.587146997 0.152680054 0.390078068
v 0.410243452 0.174527079 0.561341166
v 0.609144807 0.221612245 0.360687584
v 0.418199956 0.136553437 0.496174186
v 0.587885261 0.141466126 0.522110283
v 0.394584656 0.180998057 0.545257807
v 0.458378911 0.171334624 0.573583305
v 0.487869382 0.313584477 0.622792006
v 0.419582546 0.152940869 0.365360439
v 0.609925747 0.185741246 0.534865677
v 0.446432829 0.140794262 0.399204612
v 0.391566962 0.19866392 0.299100518
v 0.58860904 0.164168105 0.322496891
v 0.555257261 0.16887477 0.568493664
v 0.404646069 0.256464601 0.472162992
v 0.399209321 0.184298798 0.391390502
v 0.544493198 0.131592393 0.518843651
v 0.503487289 0.317715973 0.577151954
v 0.592281461 0.167791307 0.551813304
v 0.390691012 0.219598889 0.352995932
v 0.608901441 0.232120886 0.305503935
v 0.396491379 0.179835707 0.323661476
v 0.466694683 0.308215499 0.317721069
v 0.38700676 0.177677304 0.542296052
v 0.390690953 0.21959886 0.352994472
v 0.490035176 0.154160395 0.552294075
v 0.464614213 0.315945804 0.529760838
v 0.427593887 0.297887027 0.417392254
v 0.608445764 0.221265107 0.369677424
v 0.608445644 0.221264988 0.369679064
v 0.563302755 0.157938525 0.298857808
v 0.459636629 0.315742344 0.62304008
v 0.525110185 0.312527686 0.39443332
v 0.45489195 0.220282376 0.627118349
v 0.597759902 0.256885797 0.495154172
v 0.446110904 0.31653899 0.559492826
v 0.557456911 0.313099861 0.537656605
v 0.391350925 0.219239056 0.361977488
v 0.462614179 0.312350333 0.422858298
v 0.586930096 0.281408578 0.417740375
v 0.397315383 0.175619826 0.449119627
v 0.391350985 0.219238982 0.361979038
v 0.583737314 0.215854377 0.612566471
v 0.577134609 0.283933222 0.644943833
v 0.445002288 0.21803382 0.622440875
v 0.543336689 0.303494275 0.643631339
v 0.54962939 0.312924057 0.469143927
v 0.515453398 0.317045718 0.543347359
v 0.393488169 0.18001397 0.497141451
v 0.431904316 0.131126672 0.491086245
v 0.50036788 0.31583041 0.507193387
v 0.540805757 0.140890136 0.380364358
v 0.434588969 0.144483045 0.387004346
v 0.453958154 0.174613968 0.576740742
v 0.590643048 0.150698453 0.471897811
v 0.558680594 0.148306593 0.345373839
v 0.607742906 0.220949978 0.378651559
v 0.4611893 0.319264054 0.597383082
v 0.607742906 0.220949754 0.378652602
v 0.560919106 0.130131096 0.490740091
v 0.495158523 0.161745921 0.562367201
v 0.59571743 0.264088005 0.372019261
v 0.574045181 0.290214002 0.324166775
v 0.454211742 0.142902642 0.373928666
v 0.392036647 0.218905643 0.370948166
v 0.51418978 0.31551376 0.493815184
v 0.392036617 0.218905896 0.370947123
v 0.598933637 0.170690149 0.340652406
v 0.587347567 0.280555665 0.412629396
v 0.506251991 0.139838755 0.530781746
v 0.382291198 0.177976906 0.537962019
v 0.589749336 0.27736038 0.36343953
v 0.448814392 0.129423857 0.511313975
v 0.40715915 0.165528357 0.39674753
v 0.615447938 0.179145813 0.535455108
v 0.583255827 0.162913859 0.319314033
v 0.454658836 0.305898249 0.311231434
v 0.606987119 0.220654458 0.387609988
v 0.545892298 0.313894749 0.480224073
v 0.606987119 0.220654696 0.387608826
v 0.562333882 0.27675572 0.648765028
v 0.554150999 0.312582612 0.62674886
v 0.397612661 0.235204041 0.401455611
v 0.413485169 0.151171878 0.421534777
v 0.416352004 0.284195423 0.428219408
v 0.397261947 0.184829116 0.333463997
v 0.523833573 0.135984823 0.425472856
v 0.417515695 0.227882609 0.626079559
v 0.544638634 0.141696766 0.376547992
v 0.407344371 0.265404046 0.415734261
v 0.603511989 0.199598283 0.339024276
v 0.406901449 0.148377061 0.527801275
v 0.606214404 0.220377341 0.396555036
v 0.596525431 0.260611534 0.376914382
v 0.545414031 0.190664589 0.594960213
v 0.475818217 0.314987183 0.485738754
v 0.555336714 0.134749711 0.444944471
v 0.392738849 0.218601406 0.379902512
v 0.606214345 0.220377058 0.396556228
v 0.392738789 0.218601644 0.379901111
v 0.397481143 0.22184442 0.490018606
v 0.409671634 0.272803575 0.393245459
v 0.398204803 0.226773471 0.485783041
v 0.508278847 0.315249205 0.61330533
v 0.552142978 0.312668532 0.480440408
v 0.429886341 0.134906366 0.464062572
v 0.552772939 0.315183908 0.546314836
v 0.575889587 0.194924474 0.591357589
v 0.530130029 0.13981992 0.382029384
v 0.605582595 0.209559321 0.421513587
v 0.408615708 0.266698062 0.468568772
v 0.484696388 0.147077367 0.295973331
v 0.457743376 0.134890467 0.441462487
v 0.519508302 0.309635311 0.315837473
v 0.481784225 0.317749292 0.568409979
v 0.392768979 0.208695933 0.395070165
v 0.467477858 0.319195628 0.589505017
v 0.543597043 0.210187554 0.617761612
v 0.605489552 0.2201235 0.405495286
v 0.605489552 0.220123231 0.405496031
v 0.393414676 0.218332142 0.388843894
v 0.393414706 0.218331814 0.388845116
v 0.51353246 0.310844094 0.347079426
v 0.429015189 0.137670115 0.44411236
v 0.487710029 0.312236309 0.398303419
v 0.525627792 0.316481233 0.523725748
v 0.585615218 0.154327333 0.371634275
v 0.535525084 0.318506151 0.571895361
v 0.528407037 0.166073486 0.568303943
v 0.495382071 0.313419312 0.432713449
v 0.602866471 0.223997489 0.496429443
v 0.537828565 0.314684242 0.468352646
v 0.423493892 0.292052567 0.642066956
v 0.401883423 0.250969291 0.489182353
v 0.409483999 0.268188596 0.462441206
v 0.401864529 0.248718813 0.418798953
v 0.526735365 0.19883655 0.611503601
v 0.547105551 0.309938848 0.377414465
v 0.506509006 0.137307867 0.409342736
v 0.453207403 0.139694899 0.536102831
v 0.551373899 0.313425153 0.499907315
v 0.460036516 0.317681283 0.561198652
v 0.49895978 0.159417257 0.559323311
v 0.511663616 0.132786721 0.472651184
v 0.604817867 0.219894558 0.41443029
v 0.524789035 0.138228163 0.397311538
v 0.597966075 0.246497378 0.437546462
v 0.604817808 0.219894916 0.414429456
v 0.45091176 0.208560839 0.613886356
v 0.560659468 0.144050896 0.377960712
v 0.477686048 0.312266737 0.402246773
v 0.582272232 0.156292692 0.3539235
v 0.394058257 0.218092442 0.397778928
v 0.470595658 0.313074946 0.429673314
v 0.414402038 0.168252766 0.297986925
v 0.551549733 0.151799634 0.309716344
v 0.394058257 0.218092948 0.397777736
v 0.523698926 0.156825975 0.556432247
v 0.514782071 0.144599319 0.31441474
v 0.403908104 0.253342181 0.462741911
v 0.485738486 0.145328656 0.307753563
v 0.534092188 0.137136489 0.529462695
v 0.431134313 0.15200226 0.34618482
v 0.522266448 0.316337615 0.519509852
v 0.60420984 0.219690442 0.423359007
v 0.6042099 0.219689965 0.423359811
v 0.50093925 0.141107604 0.3601183
v 0.394692481 0.217879564 0.406702876
v 0.601487637 0.24869585 0.342928529
v 0.394692481 0.217879146 0.406703889
v 0.580489039 0.284860164 0.316269249
v 0.607200086 0.211124986 0.327241123
v 0.575993657 0.296467245 0.445988536
v 0.500652075 0.311403692 0.369196713
v 0.405842125 0.260035396 0.426996708
v 0.603673339 0.219507679 0.432286382
v 0.603673339 0.219507173 0.432286978
v 0.512714982 0.139196277 0.383449763
v 0.563071907 0.305755854 0.432008535
v 0.395295143 0.21768865 0.415624321
v 0.395295143 0.217689171 0.415623516
v 0.588028729 0.167577639 0.305973798
v 0.606489778 0.187600821 0.306890279
v 0.516168177 0.134134024 0.451251209
v 0.57699126 0.13346529 0.499370873
v 0.603215933 0.219347745 0.441212356
v 0.414842963 0.148567721 0.442049026
v 0.603215933 0.219348446 0.44121176
v 0.545055211 0.137648702 0.412442237
v 0.525996208 0.133096904 0.463024497
v 0.432688206 0.299081802 0.386500567
v 0.424105167 0.297900468 0.519079149
v 0.602258265 0.159952506 0.529689729
v 0.395929962 0.196431771 0.477677524
v 0.543134093 0.307588935 0.320945561
v 0.395831525 0.217524916 0.424540132
v 0.517176986 0.309286743 0.305425644
v 0.395831496 0.217524245 0.424541056
v 0.404704511 0.152211726 0.529050887
v 0.602847815 0.219213203 0.450135618
v 0.602847695 0.219214603 0.450134814
v 0.498337001 0.316923052 0.542629719
v 0.571905911 0.146588758 0.385594428
v 0.428890675 0.176150486 0.572564244
v 0.602569282 0.219103649 0.459057242
v 0.602569461 0.219102204 0.459057868
v 0.514547884 0.317522317 0.55941236
v 0.59917897 0.151305825 0.517118454
v 0.543973565 0.130362779 0.492708683
v 0.591205299 0.267564565 0.451295018
v 0.580862999 0.152490959 0.370981485
v 0.600419641 0.23371847 0.474035233
v 0.444967926 0.183528721 0.58442539
v 0.410574257 0.155851692 0.442471951
v 0.535241783 0.217976123 0.628616393
v 0.537451923 0.31555745 0.502763689
v 0.396299809 0.2173834 0.433452487
v 0.396299839 0.217384011 0.433451831
v 0.426100791 0.143031672 0.409625441
v 0.413281173 0.284143001 0.642588973
v 0.51242882 0.316168308 0.515575528
v 0.566581607 0.138465688 0.427050143
v 0.434993684 0.131282061 0.485609829
v 0.602397919 0.219022572 0.467976868
v 0.399659842 0.239455134 0.424215585
v 0.395970047 0.245441556 0.318464845
v 0.602398276 0.219019637 0.467976809
v 0.531530619 0.136468947 0.419940203
v 0.396695256 0.217268139 0.442360044
v 0.396695197 0.217267454 0.44236064
v 0.600415826 0.235011294 0.444615155
v 0.395281971 0.18253839 0.312631726
v 0.396514148 0.245353118 0.329868048
v 0.590516448 0.275976241 0.345588654
v 0.46398592 0.315258533 0.512332976
v 0.57819277 0.150560707 0.376178622
v 0.538534582 0.31162259 0.384722829
v 0.407548875 0.26716131 0.485115528
v 0.396865219 0.211025536 0.464398354
v 0.595068753 0.170440972 0.419403583
v 0.460694253 0.307661831 0.321005523
v 0.510992289 0.313339025 0.425343812
v 0.448726594 0.255975157 0.645899415
v 0.403269678 0.252014548 0.473744184
v 0.397017181 0.217175752 0.451265782
v 0.397017241 0.217176601 0.451265246
v 0.408814698 0.270547807 0.399311304
v 0.502301753 0.315275073 0.48924455
v 0.602376521 0.21897833 0.47688818
v 0.602376103 0.218982309 0.476888508
v 0.525431156 0.141788036 0.535953641
v 0.555888355 0.315415353 0.615850747
v 0.530030429 0.312325984 0.389498472
v 0.413137466 0.279888541 0.340667903
v 0.522898436 0.131699622 0.503656566
v 0.449591517 0.316253632 0.554219484
v 0.592286706 0.16064094 0.396225125
v 0.392213076 0.16791907 0.529778123
v 0.469310641 0.13476789 0.441112012
v 0.397831023 0.180438504 0.415478915
v 0.432815135 0.30377689 0.459703833
v 0.601026297 0.176641107 0.311551869
v 0.448473305 0.310404718 0.631916285
v 0.593203425 0.261511743 0.453454554
v 0.460063785 0.155085385 0.554824591
v 0.567218244 0.150136173 0.545256317
v 0.397257745 0.217109531 0.460165948
v 0.602591515 0.218994379 0.485787541
v 0.397257924 0.217111737 0.460165143
v 0.562131107 0.229015946 0.631442606
v 0.599145353 0.251266956 0.496096998
v 0.397391498 0.217074454 0.469061911
v 0.602591991 0.218989074 0.485786676
v 0.53501606 0.31930998 0.596835852
v 0.39739126 0.217071772 0.469062567
v 0.601620257 0.239975318 0.391196609
v 0.460615337 0.181595027 0.585683227
v 0.458242655 0.312060684 0.428662777
v 0.560680985 0.312079847 0.624481678
v 0.60392642 0.215518519 0.436393768
v 0.485017449 0.179693297 0.586582065
v 0.561907828 0.306838363 0.633976579
v 0.475447893 0.137145162 0.526872337
v 0.561906397 0.30172798 0.357000887
v 0.599134684 0.251827329 0.374438196
v 0.4571504 0.19142352 0.596372306
v 0.541076422 0.151427776 0.29788518
v 0.507458568 0.135256022 0.437123924
v 0.408363104 0.27915743 0.506932497
v 0.570814073 0.254654229 0.642676353
v 0.412218004 0.153866276 0.387711972
v 0.455921769 0.151608109 0.551008224
v 0.59191829 0.162475318 0.342117608
v 0.485170752 0.14616935 0.301119745
v 0.394309193 0.191146255 0.497754574
v 0.544829071 0.251485795 0.646890879
v 0.490742952 0.132045552 0.490704566
v 0.574076951 0.296266824 0.402363181
v 0.596077323 0.254225284 0.430320352
v 0.477458686 0.309822768 0.33750093
v 0.58379811 0.28524664 0.486177862
v 0.606623352 0.175063223 0.545989752
v 0.606307387 0.189518139 0.500716984
v 0.527855337 0.313941836 0.438424855
v 0.600996017 0.23028338 0.454787463
v 0.501672089 0.137645811 0.40535897
v 0.602786839 0.174619794 0.46966055
v 0.44125104 0.309675634 0.494436324
v 0.393218994 0.196548507 0.407113105
v 0.574871063 0.19118309 0.587605059
v 0.603193879 0.2190786 0.49465093
v 0.498185754 0.317643136 0.58477205
v 0.433679521 0.132916451 0.474298388
v 0.448209286 0.305282891 0.331814229
v 0.599084437 0.26266396 0.507313073
v 0.397376299 0.217076421 0.477947593
v 0.397375703 0.217069954 0.477947801
v 0.593151093 0.154221877 0.534961283
v 0.404779106 0.264091343 0.360632241
v 0.464610457 0.313761383 0.458593726
v 0.603194892 0.219065055 0.494648159
v 0.515705347 0.311019689 0.352053791
v 0.41325444 0.151452303 0.43871972
v 0.601382315 0.168664798 0.468942434
v 0.401639551 0.249096617 0.409321338
v 0.41055125 0.272034258 0.432592571
v 0.600688636 0.236877114 0.426174045
v 0.397144794 0.217130572 0.486816704
v 0.3971439 0.217119932 0.486816406
v 0.602135956 0.243769184 0.360986233
v 0.400026351 0.185160443 0.385338157
v 0.482368141 0.316909671 0.543458521
v 0.397167087 0.189941466 0.333133757
v 0.46575731 0.310607821 0.635993838
v 0.50345391 0.139523089 0.380376071
v 0.510941803 0.310553223 0.338915318
v 0.606784642 0.188028216 0.505211651
v 0.515945911 0.314297944 0.453806609
v 0.527264357 0.131703392 0.484456033
v 0.410446644 0.276019126 0.364266306
v 0.594840109 0.256633073 0.455860227
v 0.457477778 0.283264011 0.656956196
v 0.433655411 0.227602392 0.629347563
v 0.603719652 0.168370292 0.490353346
v 0.497585565 0.144033194 0.324167669
v 0.447105765 0.308648497 0.417244524
v 0.401504517 0.25277552 0.382025242
v 0.474644721 0.143053502 0.346187145
v 0.400324851 0.181371659 0.397106141
v 0.503296077 0.314791948 0.473737836
v 0.588616133 0.153752565 0.417753339
v 0.430891126 0.262898058 0.644941926
v 0.502310932 0.138055921 0.399922729
v 0.581711054 0.289160788 0.492206663
v 0.414228857 0.28016907 0.431514829
v 0.518969774 0.170005143 0.573506892
v 0.563589036 0.144089267 0.539517224
v 0.564832151 0.307146549 0.487750262
v 0.420450598 0.139927372 0.463688284
v 0.494370013 0.317231864 0.596101463
v 0.500291944 0.31602183 0.513310432
v 0.488682747 0.146247894 0.54139936
v 0.513068795 0.316366911 0.521905422
v 0.49604702 0.141023397 0.361556739
v 0.590127349 0.148582563 0.477193981
v 0.464954853 0.312123954 0.409986764
v 0.526165187 0.314786941 0.46539259
v 0.564093709 0.130978212 0.485839635
v 0.487278551 0.13589263 0.428343952
v 0.590755403 0.157707989 0.441119254
v 0.598490715 0.245219767 0.431857795
v 0.396624744 0.217250824 0.495653987
v 0.398349047 0.157744557 0.519310474
v 0.39662388 0.217240185 0.495653003
v 0.389712363 0.166448936 0.532001853
v 0.593381524 0.17046468 0.306091249
v 0.456794143 0.277732909 0.65730083
v 0.54114449 0.149900153 0.309038162
v 0.516863406 0.134960651 0.439834327
v 0.429957241 0.309001118 0.625879347
v 0.539691687 0.315961689 0.521365583
v 0.431339294 0.25306043 0.642353117
v 0.464487493 0.148721889 0.312366128
v 0.442895651 0.139902979 0.409728169
v 0.413851202 0.281731278 0.376579463
v 0.437713057 0.304249436 0.418695629
v 0.492732227 0.316981912 0.544997871
v 0.527020037 0.184627965 0.592079341
v 0.586376786 0.137839437 0.50978142
v 0.594914258 0.266522348 0.297950417
v 0.590519309 0.275896847 0.388100863
v 0.443840444 0.136285678 0.43674767
v 0.464201391 0.135872886 0.429542512
v 0.532107949 0.316017717 0.622535527
v 0.459556729 0.310880899 0.391332746
v 0.526161492 0.176590323 0.581756115
v 0.397236347 0.240665585 0.36819908
v 0.540218949 0.145865068 0.33833766
v 0.395662963 0.212640449 0.429248452
v 0.485330403 0.136363298 0.422051609
v 0.402953446 0.25125584 0.428249031
v 0.468106151 0.307727575 0.30545032
v 0.527294159 0.31866771 0.587135553
v 0.555179775 0.186077699 0.587294221
v 0.486537337 0.143193841 0.332672924
v 0.439576864 0.151949689 0.328932464
v 0.482093751 0.311657667 0.383461982
v 0.540849328 0.131542534 0.477606833
v 0.603921652 0.180286393 0.316277474
v 0.594060123 0.166253343 0.393323481
v 0.425831616 0.232286692 0.631885886
v 0.445918262 0.133544832 0.457845718
v 0.577450454 0.286711872 0.312433332
v 0.476830393 0.316978663 0.546409905
v 0.455368042 0.261734396 0.651622534
v 0.531971157 0.313927174 0.628443658
v 0.422982842 0.159427583 0.552064538
v 0.595197678 0.258541197 0.41928345
v 0.561253369 0.131670266 0.521318197
v 0.423703015 0.288953424 0.333414644
v 0.604212821 0.227773681 0.512874484
v 0.604075909 0.219221294 0.503446162
v 0.561264753 0.199515194 0.600348294
v 0.602253079 0.225227073 0.491379559
v 0.595982313 0.147154123 0.514193952
v 0.448118657 0.150651798 0.324212492
v 0.57516551 0.143104449 0.413697153
v 0.604077578 0.219196081 0.503441095
v 0.549683273 0.237811938 0.638073504
v 0.598222554 0.257952988 0.356275648
v 0.572452664 0.200675696 0.598450005
v 0.547183156 0.317247361 0.614442229
v 0.396185249 0.199646071 0.473623097
v 0.456898987 0.130438626 0.489742279
v 0.52880013 0.316755831 0.533773184
v 0.453277349 0.313128799 0.492377669
v 0.606343508 0.237491995 0.319808215
v 0.428728968 0.237265185 0.635674298
v 0.409536183 0.17051132 0.300239027
v 0.513243079 0.150384456 0.547468543
v 0.444182187 0.152258128 0.319231361
v 0.442409992 0.175931111 0.57552284
v 0.504520774 0.307000875 0.640782952
v 0.503188729 0.140267313 0.37052232
v 0.478378534 0.144512132 0.324363828
v 0.507744372 0.313685954 0.437598795
v 0.594352305 0.161437154 0.449867308
v 0.448303193 0.312668413 0.50833112
v 0.592002749 0.159200877 0.371497959
v 0.456655383 0.306758314 0.316408694
v 0.418960869 0.288924009 0.385512114
v 0.588392258 0.275113493 0.644030392
v 0.437600225 0.139297351 0.420227498
v 0.507245421 0.310115457 0.327646941
v 0.572375774 0.134592414 0.469326258
v 0.589143455 0.154445887 0.436628848
v 0.56507194 0.209125131 0.609695852
v 0.601802528 0.154849142 0.530932426
v 0.458109558 0.314027935 0.490996152
v 0.399031371 0.231820852 0.453003645
v 0.46991241 0.31398046 0.45812884
v 0.473954976 0.314334273 0.46570459
v 0.396140546 0.196139753 0.467517346
v 0.557941854 0.312071025 0.515924513
v 0.39531076 0.217532009 0.51310724
v 0.454134643 0.319250435 0.585123062
v 0.403149337 0.251306683 0.434543222
v 0.395312309 0.217560574 0.513110101
v 0.454758048 0.216178596 0.62357527
v 0.583235681 0.283223689 0.327269763
v 0.590166092 0.143849015 0.493415773
v 0.495128602 0.146437272 0.298092753
v 0.5787853 0.136218697 0.521214128
v 0.471042931 0.318865955 0.599797189
v 0.493931383 0.147396907 0.54290247
v 0.552340627 0.30293864 0.302392393
v 0.592460632 0.269380152 0.401215106
v 0.556759894 0.301012725 0.304140359
v 0.417571038 0.141817987 0.46920836
v 0.577500343 0.148539975 0.386367977
v 0.438789248 0.143148959 0.539037943
v 0.558753848 0.317190528 0.594958961
v 0.527035832 0.314567357 0.457570165
v 0.440103471 0.291715175 0.646874547
v 0.506413341 0.144061625 0.32194531
v 0.574834764 0.229005873 0.628102541
v 0.49228552 0.310245991 0.337919533
v 0.512827992 0.310258329 0.330132842
v 0.50848031 0.317506224 0.561267197
v 0.437122107 0.309244514 0.526477218
v 0.588906765 0.274371535 0.305545449
v 0.400596321 0.161565989 0.536312163
v 0.481203139 0.312637389 0.411579192
v 0.477319747 0.318270713 0.597846091
v 0.456073582 0.140802175 0.389219582
v 0.420140535 0.154619619 0.354917586
v 0.455037087 0.313090056 0.480787069
v 0.452362508 0.309100598 0.384137899
v 0.591874778 0.265386224 0.456728011
v 0.572066844 0.300022453 0.447393507
v 0.605650187 0.172626123 0.515072644
v 0.401941746 0.1797221 0.360168487
v 0.455697805 0.256061316 0.649475932
v 0.570372701 0.225457385 0.625784218
v 0.552916169 0.311316282 0.451349407
v 0.441487014 0.281493872 0.65006125
v 0.56205523 0.271799445 0.648302257
v 0.507592559 0.315198272 0.485532194
v 0.603252172 0.22562255 0.420538634
v 0.398460686 0.22692515 0.461006701
v 0.566218078 0.305286109 0.465462297
v 0.474756569 0.131572545 0.488327712
v 0.552167654 0.202025682 0.605614305
v 0.45336017 0.311268896 0.433480442
v 0.605442464 0.203980342 0.320412099
v 0.511265635 0.136985421 0.413225085
v 0.51421684 0.134843379 0.519427061
v 0.535607159 0.315156549 0.484315187
v 0.413116425 0.278585076 0.327724516
v 0.598584771 0.246518567 0.420606613
v 0.441817611 0.133249179 0.462870687
v 0.563792646 0.312199742 0.548281848
v 0.394709587 0.201909944 0.503613412
v 0.512155592 0.315130979 0.482030511
v 0.486968488 0.317876279 0.580873966
v 0.479535758 0.31440556 0.465358108
v 0.531422973 0.134950399 0.437870741
v 0.553725958 0.309986413 0.427905709
v 0.606331825 0.226317808 0.373508751
v 0.564673603 0.171483174 0.569061577
v 0.524270773 0.318050623 0.603984237
v 0.456883013 0.307155877 0.639938951
v 0.542771697 0.310095608 0.363729119
v 0.466045827 0.311551452 0.391583592
v 0.484876484 0.134616807 0.44505468
v 0.412173063 0.275951445 0.316023678
v 0.408373863 0.276383728 0.502186775
v 0.576549888 0.133989617 0.516620159
v 0.464011818 0.158867151 0.559156716
v 0.572527051 0.169574007 0.564843893
v 0.560633183 0.291651189 0.646809161
v 0.579010129 0.142582417 0.431766003
v 0.599446118 0.18489109 0.385860324
v 0.395989954 0.161027402 0.533698678
v 0.522728145 0.318077743 0.572820187
v 0.581687987 0.192598298 0.587050974
v 0.596703291 0.17184864 0.552641034
v 0.547881246 0.305463433 0.31060341
v 0.515486181 0.315865397 0.504923165
v 0.584031641 0.138134196 0.520014584
v 0.586426377 0.279757738 0.485751867
v 0.579990506 0.2882438 0.353231072
v 0.497218639 0.317296356 0.555228055
v 0.458527774 0.241365999 0.644056976
v 0.421788782 0.143442854 0.41980511
v 0.604922175 0.200557724 0.44067353
v 0.475046843 0.313442469 0.4378663
v 0.581332684 0.29022646 0.455898672
v 0.573578954 0.233740389 0.633113563
v 0.418817282 0.200328946 0.595736623
v 0.444391608 0.302953571 0.323200434
v 0.450877368 0.140478387 0.39692229
v 0.392721951 0.209511727 0.326023161
v 0.425727904 0.266140997 0.645193756
v 0.431750655 0.296854258 0.370574623
v 0.604034364 0.162174836 0.50223279
v 0.511105835 0.136530876 0.419234067
v 0.496025771 0.31452322 0.466847837
v 0.421216547 0.293225914 0.509487092
v 0.477214068 0.17036587 0.573294163
v 0.47065556 0.158244908 0.558105171
v 0.395839393 0.22607249 0.513557076
v 0.60071677 0.246869862 0.371014506
v 0.590515137 0.158643082 0.359187067
v 0.460876137 0.314852446 0.506941915
v 0.480989754 0.132198125 0.478953719
v 0.398109287 0.245329097 0.3594639
v 0.395445704 0.185112134 0.440636188
v 0.543925524 0.13075234 0.486614287
v 0.475272536 0.132295355 0.474545538
v 0.502608359 0.314103544 0.452271849
v 0.557924151 0.316377312 0.563580394
v 0.598343372 0.261384964 0.298513502
v 0.47702086 0.145247981 0.317871273
v 0.539838612 0.306446075 0.640992582
v 0.547407389 0.309144109 0.359907031
v 0.44201076 0.143106699 0.386795223
v 0.415400982 0.162173793 0.325624704
v 0.413437307 0.143480703 0.482850432
v 0.557810724 0.308776736 0.442051321
v 0.601061761 0.236491784 0.419038892
v 0.488894075 0.311659068 0.380991071
v 0.492107183 0.316495776 0.52965486
v 0.5395661 0.312579393 0.408879399
v 0.417259157 0.161097735 0.551035047
v 0.395199805 0.19941254 0.437450737
v 0.536750853 0.315459877 0.496621102
v 0.579112887 0.148348197 0.391171038
v 0.395174652 0.202089146 0.497916222
v 0.546224535 0.315032274 0.517090619
v 0.457669914 0.310278922 0.381480396
v 0.515353501 0.136190742 0.423477769
v 0.508969009 0.312837422 0.410398215
v 0.609658778 0.225963667 0.329420745
v 0.391429543 0.23428002 0.299185485
v 0.601391912 0.163531497 0.48639223
v 0.573780537 0.156781271 0.55040431
v 0.485164315 0.313192844 0.427112639
v 0.443632364 0.153104931 0.55115211
v 0.472466677 0.138136432 0.401512593
v 0.534353793 0.295773804 0.654710054
v 0.404385 0.254456341 0.456687063
v 0.551982224 0.316950202 0.61176312
v 0.556396425 0.317263544 0.568747997
v 0.437382221 0.307458371 0.491075188
v 0.395918131 0.217425048 0.504393041
v 0.417723358 0.156604186 0.349800467
v 0.417042106 0.147873983 0.406503797
v 0.547541499 0.142260626 0.540090978
v 0.604689598 0.219264328 0.512164116
v 0.529809177 0.162394509 0.563626885
v 0.466858715 0.314423263 0.476038367
v 0.395916641 0.217404023 0.504390597
v 0.60468775 0.219303101 0.5121696
v 0.499237835 0.140708655 0.365965098
v 0.475050598 0.312598169 0.413016707
v 0.543785453 0.181843266 0.585395217
v 0.428862303 0.147406518 0.378040552
v 0.426567763 0.150207043 0.366022527
v 0.41558516 0.142706677 0.476549596
v 0.588995278 0.156923056 0.363785237
v 0.564220786 0.159931794 0.556646168
v 0.591276586 0.267528683 0.474783391
v 0.390540898 0.208300114 0.34918052
v 0.407805264 0.265358895 0.474602222
v 0.401339293 0.159580007 0.476020694
v 0.491016626 0.311282605 0.369109213
v 0.444741338 0.305823237 0.375823259
v 0.58840704 0.276404262 0.318043292
v 0.436499864 0.198490426 0.598481119
v 0.595301449 0.15828757 0.537694156
v 0.396445781 0.247302681 0.305288255
v 0.588349104 0.275925756 0.446131587
v 0.457151175 0.295391858 0.650479019
v 0.553716779 0.145287365 0.357853591
v 0.556195855 0.317863494 0.590462625
v 0.596457064 0.266355127 0.320938438
v 0.409184009 0.272590011 0.320220381
v 0.532592595 0.31249848 0.395648092
v 0.606396079 0.240782425 0.29909569
v 0.602959454 0.249754071 0.515762031
v 0.398213327 0.251160592 0.308211595
v 0.593554497 0.165227756 0.39957583
v 0.517692864 0.313002199 0.411286741
v 0.539593637 0.131187171 0.483169317
v 0.607333481 0.20385921 0.401764303
v 0.550550759 0.274859875 0.65227443
v 0.50803715 0.141539827 0.353511482
v 0.47372961 0.131532818 0.504069984
v 0.583887875 0.284282804 0.353177398
v 0.513529718 0.312818557 0.407532454
v 0.57523334 0.291324258 0.343209565
v 0.533890545 0.192518592 0.600531399
v 0.408041865 0.264642447 0.452503294
v 0.581833899 0.288890153 0.474311441
v 0.4273054 0.294717729 0.373136044
v 0.554679632 0.131892666 0.471878558
v 0.56654954 0.131226465 0.517860591
v 0.559436798 0.317415386 0.579206467
v 0.462305903 0.143897638 0.355329484
v 0.440204591 0.309494972 0.500523567
v 0.530873299 0.147729144 0.308639109
v 0.415414214 0.23681961 0.634590566
v 0.488170058 0.316743046 0.605028212
v 0.602634192 0.177760363 0.32948038
v 0.404669523 0.256227404 0.431068778
v 0.465673238 0.314510792 0.482942402
v 0.575869739 0.290296704 0.337320745
v 0.422048569 0.163117126 0.555781543
v 0.607402146 0.225899249 0.360229999
v 0.469621092 0.131455615 0.485078603
v 0.454195201 0.187655106 0.591403723
v 0.607702196 0.203153715 0.375466615
v 0.584538817 0.285497189 0.415328652
v 0.429310709 0.302523285 0.504015744
v 0.539308846 0.138428047 0.402006805
v 0.564599395 0.296086013 0.311369926
v 0.395094901 0.184657082 0.323008835
v 0.59433794 0.157052949 0.46615237
v 0.46724084 0.316282481 0.534409463
v 0.546154559 0.317590594 0.561087966
v 0.596003711 0.165260464 0.365016788
v 0.591359615 0.275060296 0.37007761
v 0.552579224 0.310663432 0.43346706
v 0.415654659 0.282340229 0.330792636
v 0.562788308 0.309351712 0.504745066
v 0.39497894 0.187121317 0.424051613
v 0.487645626 0.317226052 0.552806675
v 0.501649857 0.13358435 0.461194247
v 0.39882037 0.229083911 0.47047472
v 0.403350234 0.169432014 0.366054833
v 0.47196874 0.145682856 0.322956622
v 0.530695796 0.131812885 0.479856282
v 0.447773725 0.30780074 0.387054652
v 0.515423119 0.310677528 0.34199664
v 0.396545947 0.233903706 0.386477113
v 0.601755679 0.250632823 0.322261781
v 0.59411943 0.261076242 0.479715794
v 0.597024024 0.176152036 0.374230981
v 0.433516622 0.142326325 0.404243499
v 0.409430891 0.271579385 0.405543953
v 0.525655866 0.316633642 0.529480577
v 0.393654376 0.194804758 0.416757077
v 0.603369772 0.242431015 0.343807131
v 0.595114768 0.259637117 0.41321671
v 0.497439533 0.317460716 0.561628938
v 0.598802209 0.250291377 0.391411722
v 0.444160908 0.313655317 0.546830773
v 0.507294774 0.151714891 0.549052417
v 0.603622198 0.199019551 0.334514886
v 0.505791187 0.312018067 0.386061132
v 0.565544903 0.225821257 0.628045499
v 0.587505877 0.279114336 0.336607635
v 0.400380641 0.250044286 0.376612246
v 0.605627 0.200746313 0.428744078
v 0.608501792 0.20908682 0.378444672
v 0.492680281 0.317554832 0.564767003
v 0.410817832 0.163422689 0.329909831
v 0.400429994 0.245842412 0.404146224
v 0.557654023 0.309930414 0.46172896
v 0.423981011 0.135139108 0.481710762
v 0.521920741 0.311031669 0.352597684
v 0.605109155 0.203684017 0.434517145
v 0.489462912 0.137100264 0.412620485
v 0.472535223 0.31885615 0.593575716
v 0.594827592 0.272264332 0.503972352
v 0.508158863 0.31558302 0.497686237
v 0.397339106 0.239342242 0.377087235
v 0.594864488 0.256627709 0.449906915
v 0.408886701 0.158221006 0.398450494
v 0.530723691 0.149175107 0.297232479
v 0.57799691 0.145077348 0.535183191
v 0.533892095 0.311595947 0.373635769
v 0.589833558 0.281056643 0.507397294
v 0.595394254 0.166060999 0.375058591
v 0.398542613 0.190991372 0.373420894
v 0.530686021 0.146995351 0.314162344
v 0.493555784 0.144693196 0.538908899
v 0.596268833 0.166033655 0.352562457
v 0.606867611 0.196359813 0.313423038
v 0.469857156 0.31725502 0.553872347
v 0.460102946 0.145451993 0.345758855
v 0.533776999 0.136920929 0.414957225
v 0.39563787 0.201531276 0.443159401
v 0.564254165 0.152684987 0.329135716
v 0.608212173 0.214789107 0.308797538
v 0.395821631 0.189767957 0.452251166
v 0.459341824 0.311592251 0.41185686
v 0.475245923 0.315293223 0.496101797
v 0.538102567 0.132034928 0.472531587
v 0.391121715 0.231158882 0.30438605
v 0.433664113 0.220050186 0.621027291
v 0.435618013 0.176321104 0.57431072
v 0.407969952 0.269343495 0.389344007
v 0.398961127 0.179538131 0.34355858
v 0.560782969 0.300052166 0.641274333
v 0.542336047 0.144657359 0.350367486
v 0.531968772 0.134459853 0.443707913
v 0.477210164 0.316720992 0.539793789
v 0.411196053 0.156147942 0.420659244
v 0.601096153 0.254384696 0.306604922
v 0.502930403 0.135594562 0.432852745
v 0.535673738 0.131697178 0.478346467
v 0.45050171 0.150869712 0.319014043
v 0.497156382 0.133008972 0.470075399
v 0.482519776 0.311437458 0.631045461
v 0.581983685 0.288830876 0.405797511
v 0.603175104 0.214823097 0.489777267
v 0.395784616 0.178055197 0.523260474
v 0.467413485 0.313800305 0.453796595
v 0.4083336 0.147985578 0.484979302
v 0.530112982 0.140418068 0.375555843
v 0.5602507 0.141460702 0.395398945
v 0.464667767 0.319099307 0.601377547
v 0.422740042 0.187217653 0.582898557
v 0.56664592 0.136834651 0.44096157
v 0.413901895 0.152050376 0.391501218
v 0.437483668 0.206959218 0.60786885
v 0.584952652 0.15821892 0.3481628
v 0.392396599 0.236445904 0.305220306
v 0.398081422 0.223730728 0.4662925
v 0.548954785 0.144111693 0.361464769
v 0.548085392 0.313066989 0.461965591
v 0.577288628 0.203401953 0.600096107
v 0.441745132 0.146406934 0.543436468
v 0.439396709 0.137295365 0.432985067
v 0.408030629 0.142947689 0.500662088
v 0.40604037 0.259432286 0.443887979
v 0.510931909 0.31354928 0.432096004
v 0.500575483 0.309741437 0.319248646
v 0.437545955 0.309829533 0.532755077
v 0.51635015 0.136665195 0.417070597
v 0.599390268 0.164035872 0.467506558
v 0.428510725 0.294761777 0.642034233
v 0.508991301 0.316999316 0.543250561
v 0.499925256 0.144746751 0.31539157
v 0.506360888 0.317341208 0.555478096
v 0.396119952 0.200169638 0.456413001
v 0.579247475 0.292556643 0.426551491
v 0.443462789 0.311149478 0.509020269
v 0.44182691 0.212073058 0.614801288
v 0.578568697 0.143029198 0.42568481
v 0.54482156 0.134046465 0.447523832
v 0.396702141 0.189047709 0.386366427
v 0.461523175 0.146958411 0.331389219
v 0.582900167 0.142735094 0.46431917
v 0.585974872 0.284822047 0.642882466
v 0.459333122 0.306859642 0.310903758
v 0.502766132 0.310245395 0.333188772
v 0.509713352 0.317786872 0.575180054
v 0.499158353 0.312647194 0.408005565
v 0.456705362 0.319370955 0.589873075
v 0.526515543 0.192113653 0.602210939
v 0.587384343 0.147608176 0.467046589
v 0.390439272 0.210334301 0.298303574
v 0.499065518 0.308834612 0.293140322
v 0.596232712 0.263144374 0.496710896
v 0.514562905 0.172716379 0.577256739
v 0.452795744 0.309219956 0.635588169
v 0.399310261 0.174058527 0.432311922
v 0.609025657 0.215835944 0.369901329
v 0.497477829 0.139462441 0.381782889
v 0.395872176 0.235762179 0.366483599
v 0.603799105 0.198623583 0.356491566
v 0.549990356 0.317894846 0.606488526
v 0.600642085 0.23554799 0.486139297
v 0.557367504 0.133915111 0.453721255
v 0.429134697 0.171459496 0.56754595
v 0.59217912 0.162440568 0.424073249
v 0.539264441 0.309165895 0.336275816
v 0.522845924 0.316790909 0.534157157
v 0.497637421 0.317101836 0.54870522
v 0.452638358 0.30891645 0.378396243
v 0.58479619 0.28451395 0.376960754
v 0.48088184 0.311006576 0.365913957
v 0.587087333 0.153459236 0.383011371
v 0.395395368 0.185951099 0.299515277
v 0.514729977 0.317906857 0.587557495
v 0.492806971 0.316662103 0.534838617
v 0.557685852 0.254297107 0.643978059
v 0.599096 0.259235978 0.329028219
v 0.589194477 0.272608548 0.47351408
v 0.516672432 0.31335026 0.423115343
v 0.429724813 0.139842898 0.532799304
v 0.481518894 0.314991534 0.483834803
v 0.507650614 0.308889896 0.29309237
v 0.506170034 0.314623684 0.467782468
v 0.407154024 0.262825102 0.464389592
v 0.490489602 0.308618963 0.293315351
v 0.521583915 0.14598909 0.308872312
v 0.506306708 0.31316191 0.421700537
v 0.582370102 0.17668125 0.569044828
v 0.505975068 0.132013768 0.493752599
v 0.412685364 0.241043493 0.637343884
v 0.443768889 0.303979695 0.346860409
v 0.415708482 0.28431803 0.35372588
v 0.487125814 0.314272791 0.460427195
v 0.395773709 0.185086221 0.481021106
v 0.476823062 0.314536512 0.470258802
v 0.607169509 0.199251503 0.392400503
v 0.402393222 0.250977486 0.414189875
v 0.544977665 0.14920947 0.318791866
v 0.530420363 0.31111598 0.360178322
v 0.396858633 0.227413654 0.416145355
v 0.607007921 0.203925714 0.406974614
v 0.565766037 0.144583836 0.383559614
v 0.518421173 0.317865908 0.569066525
v 0.550391316 0.318125159 0.568781555
v 0.581549883 0.163719684 0.554681301
v 0.448268235 0.174052149 0.574869692
v 0.596951127 0.15231365 0.531243265
v 0.602282166 0.250870973 0.29992196
v 0.562174916 0.309468269 0.497649997
v 0.390664488 0.204489157 0.300787061
v 0.399520993 0.235130101 0.448623687
v 0.465351999 0.317023128 0.551339865
v 0.590652347 0.155811861 0.393269062
v 0.475001365 0.313082606 0.425805539
v 0.452540398 0.144589022 0.362817407
v 0.392447919 0.194110394 0.295955092
v 0.42046237 0.20954065 0.60654062
v 0.396946311 0.211922795 0.477513999
v 0.561254025 0.309477508 0.490896791
v 0.516212344 0.308817714 0.293119699
v 0.466981262 0.141410738 0.372040182
v 0.491017014 0.315547198 0.499839693
v 0.556904972 0.301296264 0.309228033
v 0.440889299 0.136244789 0.530546606
v 0.493404806 0.157485619 0.55668354
v 0.505845368 0.314124912 0.618348897
v 0.535880923 0.140018761 0.384346694
v 0.400536984 0.239843592 0.473368138
v 0.558401465 0.160793766 0.558954597
v 0.396390617 0.180665299 0.478067845
v 0.548395038 0.311571717 0.425376534
v 0.571202457 0.277512491 0.646959841
v 0.455306262 0.130037636 0.510755539
v 0.441813201 0.190967336 0.591686428
v 0.433729738 0.154273346 0.550088108
v 0.598134398 0.259214878 0.350208074
v 0.453411549 0.142274335 0.379902422
v 0.448698431 0.307747662 0.375635237
v 0.536087632 0.318635136 0.609775543
v 0.538590074 0.309003025 0.331075579
v 0.571221352 0.141072616 0.418028861
v 0.466793448 0.18788971 0.594301522
v 0.54826957 0.307488948 0.337878883
v 0.546741009 0.313163877 0.454758167
v 0.478949875 0.141514242 0.358956218
v 0.442377269 0.311379671 0.523094237
v 0.503943264 0.14195928 0.348765135
v 0.552369773 0.145294935 0.543082893
v 0.468937695 0.136899769 0.417209804
v 0.534745812 0.317682385 0.61610961
v 0.432795405 0.158211663 0.554106474
v 0.566949487 0.158717677 0.303754479
v 0.396236926 0.184493333 0.460101008
v 0.59488225 0.16300723 0.370698601
v 0.50952214 0.142472446 0.340702116
v 0.602343917 0.235074073 0.400193423
v 0.444590151 0.149119854 0.33979705
v 0.586895883 0.278357565 0.465984851
v 0.522754908 0.167102069 0.56968236
v 0.593368888 0.166096911 0.326199532
v 0.487115562 0.132502049 0.476520211
v 0.573259294 0.297266483 0.409591496
v 0.53214705 0.208057716 0.620699942
v 0.393502384 0.192582726 0.314695269
v 0.486214548 0.312401742 0.403660268
v 0.534289718 0.135677367 0.428974599
v 0.52235204 0.133854896 0.453681141
v 0.42878589 0.291065663 0.330912262
v 0.557779372 0.296223253 0.644805193
v 0.48438862 0.147775263 0.293060869
v 0.50980854 0.147334248 0.292924374
v 0.608560503 0.235121936 0.299472541
v 0.548286438 0.24749051 0.643163919
v 0.39543581 0.183463812 0.429086477
v 0.529399157 0.139466733 0.532772064
v 0.511184454 0.133730739 0.515414834
v 0.593649685 0.160741284 0.376271665
v 0.398989379 0.231631905 0.481343716
v 0.516108096 0.134569287 0.445253283
v 0.533072472 0.31047371 0.349596769
v 0.513682902 0.135790169 0.428985864
v 0.4095667 0.159654856 0.430795312
v 0.524727166 0.308328986 0.293264449
v 0.529210746 0.314363539 0.450582296
v 0.47359097 0.142023548 0.358492076
v 0.564984858 0.182434008 0.580799997
v 0.541864872 0.14033471 0.386051625
v 0.428601831 0.300728619 0.475579113
v 0.502592385 0.13215515 0.488429338
v 0.482754409 0.313410014 0.625114918
v 0.487680852 0.313622236 0.440233529
v 0.586163342 0.148571923 0.439748943
v 0.395906985 0.239340216 0.350712687
v 0.481962591 0.30821535 0.293639421
v 0.470987409 0.316988587 0.548529267
v 0.600251675 0.187439546 0.348998219
v 0.421953797 0.177853659 0.572242081
v 0.391844124 0.210463315 0.303944707
v 0.391117185 0.224120289 0.339386612
v 0.58270359 0.163942605 0.313183904
v 0.546040595 0.138332173 0.406581849
v 0.475951135 0.14885062 0.293146223
v 0.467612743 0.150462762 0.293124616
v 0.472207665 0.31595853 0.519875348
v 0.409636378 0.268652767 0.449510634
v 0.489102721 0.131950557 0.495333463
v 0.40465197 0.1729552 0.40644598
v 0.499203175 0.136001453 0.427486598
v 0.517100811 0.137593344 0.404571503
v 0.424649894 0.148253322 0.381270707
v 0.520587683 0.138544306 0.39247331
v 0.500849724 0.312344998 0.398257315
v 0.399031758 0.167057499 0.469564378
v 0.432917297 0.232796177 0.633403182
v 0.561539829 0.134022042 0.457202494
v 0.425133109 0.242138267 0.637929559
v 0.586837351 0.284564614 0.5091061
v 0.46347481 0.148215413 0.546388865
v 0.445484728 0.31557408 0.615757406
v 0.509302735 0.132097781 0.488066167
v 0.448457837 0.141189262 0.538310051
v 0.499526739 0.310864747 0.353253961
v 0.603882015 0.16034317 0.508257031
v 0.534793317 0.314717621 0.465356559
v 0.409424812 0.273551881 0.327526748
v 0.443677455 0.138439581 0.420405269
v 0.552398443 0.311176896 0.443955064
v 0.533366144 0.144955337 0.33632651
v 0.441714764 0.300370157 0.311670274
v 0.503284812 0.317685336 0.582955182
v 0.523475349 0.309937805 0.326688349
v 0.533145189 0.307209045 0.293502718
v 0.515379369 0.140705302 0.364649355
v 0.59882319 0.247211918 0.487330854
v 0.542211056 0.137006968 0.41725105
v 0.589113891 0.150985137 0.46227783
v 0.427195162 0.302188605 0.527969182
v 0.59575969 0.255991578 0.424854159
v 0.57554388 0.135585815 0.474964172
v 0.597416878 0.264560074 0.31017828
v 0.526690483 0.149077207 0.293059081
v 0.397576451 0.236423895 0.395312786
v 0.518279195 0.147960335 0.292966217
v 0.442910194 0.15177387 0.324863136
v 0.588783443 0.275232464 0.440744817
v 0.502382159 0.315066934 0.613115251
v 0.597662866 0.257366747 0.372695982
v 0.465122253 0.306541622 0.294387132
v 0.597690403 0.175186068 0.368981063
v 0.410139978 0.287321925 0.521545708
v 0.572733462 0.302758306 0.524569392
v 0.447542071 0.304397404 0.319489241
v 0.419233888 0.137144879 0.490427375
v 0.425695658 0.211842045 0.610181212
v 0.492857277 0.147253126 0.292859316
v 0.469746649 0.300822079 0.650847554
v 0.56076479 0.314099789 0.55385828
v 0.509730458 0.314805627 0.472463429
v 0.511514127 0.131939426 0.49445352
v 0.413991868 0.170827463 0.559955657
v 0.48898232 0.317576081 0.592799604
v 0.583149254 0.149609506 0.393363953
v 0.525946915 0.136398494 0.420074791
v 0.545410454 0.131148309 0.480411261
v 0.391529411 0.164583758 0.535425484
v 0.396347225 0.227248967 0.508257389
v 0.433443606 0.304472893 0.466178179
v 0.594657481 0.269771695 0.353369892
v 0.481952101 0.159722179 0.559665024
v 0.44153899 0.204942614 0.60685277
v 0.402052641 0.246317491 0.449605554
v 0.520220757 0.313564301 0.428218305
v 0.602197647 0.194920674 0.360299468
v 0.534754992 0.316539764 0.531929374
v 0.572108805 0.302240491 0.509129107
v 0.587305903 0.248087496 0.640452921
v 0.473503232 0.30765003 0.293977439
v 0.525300503 0.160127863 0.560685933
v 0.535003126 0.150667906 0.293157071
v 0.558856547 0.317561805 0.584673941
v 0.602201879 0.239019781 0.384945661
v 0.434930235 0.140455559 0.415081531
v 0.557889402 0.151646569 0.549149752
v 0.43648988 0.278032154 0.648816466
v 0.546990991 0.283308983 0.653877795
v 0.426403761 0.29919979 0.49923408
v 0.394102782 0.185321748 0.494143367
v 0.396135479 0.24338536 0.334969312
v 0.518832743 0.312846541 0.405795842
v 0.608707428 0.215120032 0.375755787
v 0.423266858 0.225065857 0.624055862
v 0.501322269 0.147213042 0.292908132
v 0.401363432 0.156347081 0.530957758
v 0.412581503 0.156214401 0.365170509
v 0.408947259 0.161472887 0.423851043
v 0.597859383 0.246035233 0.45014888
v 0.561082244 0.305575758 0.407616287
v 0.523095787 0.311806798 0.373755187
v 0.600761533 0.256043255 0.299747825
v 0.532642782 0.182108432 0.587829828
v 0.536023319 0.316056609 0.516979814
v 0.549040198 0.310766876 0.40970692
v 0.45935756 0.152372032 0.293305963
v 0.534376025 0.312834412 0.40804705
v 0.424838036 0.174053609 0.568981171
v 0.566381812 0.28078869 0.647978485
v 0.472309709 0.310137749 0.348513663
v 0.514220357 0.136691645 0.524833918
v 0.586108029 0.147035062 0.460325539
v 0.581769049 0.294612497 0.638716161
v 0.587514937 0.151661471 0.536014974
v 0.505175292 0.14455846 0.315947831
v 0.594008863 0.264498681 0.404307038
v 0.455340743 0.228007674 0.632942319
v 0.552207053 0.314789295 0.540452778
v 0.511972547 0.133138776 0.466747254
v 0.446092546 0.130301297 0.516772151
v 0.52743417 0.312722474 0.400256515
v 0.60515666 0.243222103 0.304390818
v 0.39744097 0.164646402 0.489750564
v 0.430758864 0.303715527 0.497891694
v 0.552831352 0.307029277 0.362258375
v 0.395714939 0.204350933 0.328338712
v 0.549446285 0.303275496 0.294125706
v 0.603878915 0.185866222 0.464681
v 0.416859657 0.286680579 0.391019046
v 0.392777503 0.198568925 0.383173913
v 0.610181332 0.228817195 0.29283005
v 0.399778068 0.153108895 0.501877546
v 0.537619472 0.319184095 0.602962673
v 0.581823468 0.287888408 0.374567538
v 0.448883712 0.302690744 0.29530552
v 0.52676177 0.314138919 0.626844764
v 0.543228149 0.152571693 0.293247849
v 0.603776813 0.183819443 0.473910451
v 0.530128419 0.315225303 0.482017517
v 0.455947429 0.132812083 0.462400258
v 0.598547816 0.255913854 0.362292498
v 0.489480138 0.14231503 0.344402701
v 0.525321603 0.313623667 0.427998096
v 0.603101492 0.177184954 0.465040952
v 0.487648517 0.140646726 0.365839422
v 0.433066994 0.156417444 0.316986382
v 0.518019795 0.141586706 0.354137331
v 0.605334878 0.224832267 0.392569631
v 0.470296562 0.316167533 0.621778131
v 0.526006699 0.314989597 0.472298533
v 0.390474617 0.21613501 0.313576251
v 0.451131761 0.154219478 0.29343155
v 0.413921237 0.183167547 0.574180484
v 0.400209904 0.180072874 0.296166807
v 0.424693853 0.132352084 0.513893783
v 0.570172906 0.265230268 0.645478308
v 0.471722305 0.316750199 0.542732179
v 0.457251906 0.146655083 0.340561569
v 0.396362394 0.23975803 0.356806278
v 0.581934154 0.286114544 0.348270893
v 0.49221012 0.132147521 0.485466152
v 0.399443954 0.25530228 0.507113338
v 0.453673035 0.15297541 0.29819411
v 0.559314668 0.157104224 0.293628335
v 0.46868211 0.190776452 0.598441422
v 0.490811884 0.309883833 0.327910095
v 0.567953765 0.303894758 0.45885995
v 0.588394523 0.180792138 0.570814669
v 0.605949998 0.185677156 0.513881266
v 0.599720597 0.240157872 0.431026697
v 0.512660623 0.143343315 0.32927388
v 0.44312039 0.156695053 0.293689102
v 0.598161578 0.174177676 0.306102008
v 0.389881551 0.226776436 0.294286728
v 0.401496619 0.170195341 0.348217964
v 0.44710508 0.137399539 0.425143033
v 0.395227909 0.194416076 0.487823606
v 0.605505705 0.188562989 0.29540506
v 0.488639951 0.30917117 0.309920669
v 0.505931318 0.311436325 0.368032634
v 0.556441247 0.308383048 0.416880697
v 0.520267308 0.312328219 0.389770389
v 0.476831973 0.316475064 0.533011556
v 0.391429186 0.235002607 0.294894695
v 0.460964471 0.311636329 0.40670076
v 0.604215682 0.246027634 0.299466193
v 0.479860485 0.3158108 0.510851443
v 0.571802318 0.132066399 0.490774065
v 0.513168275 0.141146034 0.358388662
v 0.398923695 0.177739367 0.421083093
v 0.44473654 0.131023139 0.480870932
v 0.603943408 0.194669724 0.468220204
v 0.604394257 0.223343 0.410065979
v 0.391696453 0.204274446 0.384388626
v 0.443492413 0.303549767 0.340640396
v 0.552585721 0.30804196 0.376834273
v 0.463693202 0.145375937 0.340358138
v 0.535945773 0.315876573 0.511937916
v 0.39577201 0.207834825 0.496417731
v 0.431955189 0.305211097 0.507899582
v 0.476513594 0.184036806 0.591247857
v 0.476449817 0.317937851 0.569448709
v 0.605424166 0.208383784 0.510599256
v 0.604965508 0.244632632 0.293688655
v 0.433389872 0.136263683 0.447407752
v 0.543756902 0.312209576 0.413230926
v 0.430376738 0.293700874 0.343567997
v 0.401541471 0.251979709 0.387445927
v 0.431336194 0.299296498 0.399709612
v 0.593615949 0.270107359 0.374628425
v 0.490888685 0.13233915 0.506487608
v 0.550425887 0.253984869 0.64548701
v 0.603917003 0.18825607 0.469714284
v 0.473436654 0.196114525 0.607231021
v 0.523601711 0.309044391 0.305643916
v 0.555723906 0.311816603 0.486681432
v 0.492954314 0.312904358 0.623887479
v 0.428703547 0.13253139 0.486303151
v 0.590516508 0.155842096 0.387361407
v 0.593800545 0.267131418 0.390043139
v 0.393144786 0.197685912 0.377260178
v 0.4794572 0.14630273 0.304376513
v 0.393936515 0.169557095 0.511213601
v 0.448953509 0.303566068 0.640955329
v 0.401695669 0.256868541 0.354400009
v 0.422532409 0.29360345 0.453103244
v 0.59871006 0.260056734 0.294367135
v 0.541150749 0.150702164 0.303133875
v 0.419831246 0.290864319 0.412032276
v 0.438076675 0.300756574 0.355700582
v 0.507872343 0.316800892 0.536998868
v 0.528440833 0.309627235 0.32530427
v 0.559671342 0.156256258 0.553786159
v 0.394236088 0.242854804 0.29525885
v 0.456399888 0.313204557 0.47516951
v 0.602582514 0.180977479 0.300285518
v 0.436698526 0.22305876 0.625222445
v 0.523809612 0.317421943 0.553218067
v 0.596043766 0.170976639 0.379378885
v 0.541760266 0.309312105 0.345534921
v 0.565474689 0.217936784 0.619202673
v 0.500107944 0.31201604 0.388198018
v 0.40254882 0.26002872 0.497983038
v 0.476606697 0.139751986 0.531980574
v 0.559016228 0.309756428 0.473845035
v 0.588269353 0.276351541 0.491212547
v 0.565065205 0.295187324 0.305279344
v 0.402202517 0.175549164 0.41005969
v 0.608161211 0.236894161 0.293354839
v 0.466964632 0.31831798 0.610555887
v 0.589346468 0.160195515 0.345833689
v 0.453616977 0.312264562 0.630312324
v 0.598750472 0.184517443 0.360354036
v 0.49396041 0.31681937 0.539751768
v 0.481418818 0.140816018 0.365337223
v 0.423522711 0.134606048 0.488049448
v 0.404288173 0.155046895 0.477706313
v 0.43530789 0.159725606 0.294050187
v 0.461066335 0.147764862 0.325740874
v 0.46046707 0.303105325 0.644944072
v 0.521215498 0.178011671 0.584109545
v 0.57262218 0.295105636 0.366171837
v 0.582716882 0.287996441 0.425147384
v 0.596891761 0.265799791 0.502456605
v 0.48386699 0.309670329 0.327685177
v 0.491407037 0.31439051 0.463540465
v 0.585325956 0.279002309 0.308656067
v 0.551413774 0.154427916 0.293367028
v 0.396959841 0.220686451 0.438819885
v 0.440568537 0.139507309 0.415233105
v 0.540531278 0.315689266 0.514192283
v 0.541409254 0.305595338 0.293763012
v 0.455768108 0.139503926 0.400377363
v 0.593987107 0.266903222 0.294549614
v 0.472587258 0.135238558 0.43569684
v 0.576945126 0.172876522 0.566920638
v 0.559001088 0.219128266 0.622523129
v 0.596895218 0.254027992 0.410262227
v 0.4725959 0.199554518 0.612000585
v 0.460788429 0.13654086 0.423922181
v 0.438009381 0.130346999 0.490751952
v 0.487322867 0.317032576 0.546950877
v 0.479384184 0.312803775 0.416815072
v 0.605025649 0.207830116 0.520000577
v 0.423357308 0.14557381 0.398591965
v 0.530003726 0.141007826 0.36968267
v 0.501644731 0.311860651 0.382936686
v 0.433815718 0.313583165 0.61293751
v 0.467363238 0.146602631 0.543816626
v 0.392012298 0.211992905 0.315970063
v 0.459142148 0.141707197 0.377954006
v 0.495334119 0.315868109 0.509274602
v 0.451625228 0.201534405 0.606157541
v 0.445202321 0.128604531 0.506114185
v 0.583127975 0.209180042 0.605029345
v 0.569551706 0.238882691 0.636849701
v 0.57169795 0.302500397 0.503178775
v 0.588122487 0.275486648 0.461383402
v 0.571541429 0.289756805 0.299268216
v 0.400190055 0.152096018 0.507984698
v 0.442986488 0.135661185 0.442302495
v 0.503941238 0.309055865 0.298430085
v 0.603930831 0.192670017 0.472899318
v 0.478156298 0.136865839 0.415402979
v 0.540198088 0.31635043 0.5359869
v 0.408146918 0.168491006 0.549945116
v 0.442811847 0.221618876 0.625605404
v 0.41045168 0.151629061 0.46352005
v 0.519855142 0.309372395 0.310107678
v 0.451754898 0.30619815 0.639407992
v 0.566819727 0.146182388 0.37671119
v 0.448734045 0.299158156 0.644881129
v 0.580595016 0.147292972 0.40260613
v 0.433586091 0.302397996 0.424748778
v 0.55811286 0.307928711 0.422983855
v 0.396238893 0.200197279 0.462747782
v 0.401653796 0.177437857 0.405526191
v 0.549070954 0.313419014 0.485623419
v 0.486429602 0.132632554 0.509400964
v 0.446286201 0.153366521 0.308432132
v 0.401277721 0.257903576 0.295788497
v 0.408467591 0.267870843 0.421445489
v 0.60027355 0.236349687 0.439192355
v 0.456859857 0.305054575 0.294850528
v 0.537445188 0.206775621 0.616708517
v 0.455849051 0.1517791 0.303586811
v 0.570304632 0.299248993 0.405284107
v 0.488757282 0.312057078 0.392734081
v 0.598541021 0.183709875 0.365735233
v 0.42521587 0.297026664 0.457835466
v 0.48270902 0.317519158 0.601636708
v 0.452239871 0.318612486 0.575738192
v 0.460719377 0.132564083 0.465387285
v 0.396737695 0.211516306 0.484025866
v 0.550305486 0.2329873 0.635031164
v 0.393098503 0.206022635 0.343488842
v 0.405659258 0.264941931 0.29596287
v 0.479427129 0.313431948 0.434342325
v 0.474938661 0.166933924 0.568815172
v 0.501127839 0.137177229 0.41160655
v 0.44155848 0.298734039 0.295585573
v 0.407763004 0.146587342 0.49102658
v 0.398801744 0.236070082 0.493544579
v 0.461608678 0.144674107 0.542222559
v 0.601973295 0.252413213 0.294044882
v 0.56685549 0.130777583 0.490885377
v 0.554699421 0.307731152 0.384095043
v 0.507499576 0.317187041 0.549727023
v 0.58530122 0.284366161 0.403024077
v 0.558824301 0.189609244 0.590235114
v 0.482536316 0.313758045 0.444638014
v 0.59894532 0.24334012 0.477987885
v 0.411437243 0.153871343 0.402440876
v 0.389519155 0.210225359 0.295120686
v 0.604594648 0.231887609 0.374939203
v 0.567613602 0.299348444 0.376506358
v 0.451333046 0.141096935 0.391480088
v 0.5906533 0.160805315 0.544620097
v 0.437482089 0.153736427 0.32240206
v 0.463346243 0.130941927 0.487179339
v 0.403448582 0.16701901 0.338028252
v 0.428565651 0.147735506 0.541431725
v 0.600628018 0.244345203 0.387595147
v 0.449312329 0.307102442 0.355591744
v 0.563825428 0.295037627 0.294340372
v 0.543475866 0.13217552 0.468816251
v 0.583717525 0.283980846 0.343688875
v 0.595798373 0.257592767 0.482282132
v 0.566913664 0.160573006 0.293939531
v 0.556743741 0.133207157 0.459821135
v 0.604587674 0.178766996 0.523898661
v 0.427805305 0.158517241 0.317590505
v 0.458025634 0.133337229 0.456864268
v 0.55020529 0.135215819 0.528732598
v 0.556956291 0.299687207 0.294332474
v 0.520701051 0.313962281 0.625110149
v 0.434517473 0.294575959 0.308292776
v 0.593974054 0.261892587 0.423818797
v 0.451170236 0.149281994 0.329456478
v 0.480067074 0.147295877 0.298288494
v 0.487652153 0.139760941 0.377199769
v 0.48085174 0.315439075 0.49804008
v 0.427665532 0.163000226 0.294471473
v 0.605590165 0.215686321 0.412427664
v 0.435688376 0.296798378 0.326546431
v 0.534330666 0.306533426 0.642413139
v 0.443411589 0.161273271 0.559900761
v 0.566842377 0.199898168 0.599178553
v 0.521175086 0.317082942 0.54322046
v 0.591362476 0.167715386 0.311718643
v 0.47750935 0.143115535 0.340837836
v 0.401450336 0.1849152 0.361847162
v 0.400153041 0.189792782 0.363370508
v 0.520187199 0.132369652 0.476736665
v 0.609626353 0.20415476 0.294439197
v 0.393307656 0.174136147 0.49903208
v 0.58303827 0.279342264 0.294582307
v 0.605704188 0.19455561 0.427911878
v 0.570471585 0.290069878 0.294457555
v 0.419166863 0.165776029 0.299912989
v 0.488526106 0.309766293 0.634085894
v 0.606978834 0.198214456 0.398902029
v 0.594442368 0.166587085 0.431965351
v 0.504929066 0.134039879 0.516279638
v 0.561964214 0.153679714 0.318214506
v 0.589756012 0.27278769 0.488534361
v 0.482226014 0.316234529 0.523113608
v 0.461868107 0.150487453 0.30352518
v 0.429340899 0.132131383 0.51788348
v 0.469704807 0.147795722 0.309501559
v 0.476432264 0.31098932 0.368113309
v 0.414593548 0.139969185 0.49251318
v 0.424186289 0.252854288 0.641871989
v 0.473693788 0.314664871 0.47527194
v 0.434895486 0.293799549 0.29568994
v 0.604584754 0.173028722 0.521068513
v 0.470561355 0.13569653 0.430010438
v 0.592890978 0.264693171 0.429016441
v 0.574442029 0.164032668 0.29424569
v 0.470185161 0.149104506 0.298863202
v 0.41608566 0.277736932 0.2960338
v 0.397729427 0.250404984 0.295543134
v 0.522882581 0.314344138 0.452226579
v 0.483291477 0.144638166 0.539369106
v 0.605028629 0.199792221 0.361908853
v 0.516156316 0.179641902 0.586701095
v 0.554333568 0.13011612 0.489157945
v 0.409535706 0.274386823 0.351046711
v 0.544856131 0.230112553 0.633964658
v 0.493403465 0.140631318 0.366331339
v 0.588625908 0.273253441 0.294602007
v 0.595819473 0.175768644 0.295320183
v 0.533874273 0.309708893 0.335480094
v 0.397154748 0.233688682 0.505804956
v 0.547238827 0.316013664 0.544217825
v 0.523917079 0.313783973 0.433385968
v 0.610943019 0.220459715 0.29297176
v 0.471051484 0.307679117 0.299648494
v 0.601853132 0.229263037 0.434767753
v 0.394940794 0.224151313 0.393522382
v 0.606919587 0.225905642 0.367095709
v 0.42398417 0.298848808 0.524150729
v 0.545702636 0.265880495 0.652721286
v 0.603306472 0.168340787 0.524136662
v 0.52731806 0.13344726 0.457795203
v 0.46075505 0.200668573 0.608222544
v 0.45778358 0.144262746 0.358633786
v 0.416846037 0.289429992 0.512203157
v 0.576942086 0.284926951 0.294536948
v 0.427645296 0.155938566 0.550166965
v 0.394514143 0.196610928 0.50082612
v 0.551368356 0.188901246 0.591336131
v 0.603803098 0.200798199 0.467495203
v 0.472072363 0.3165133 0.536744654
v 0.457000107 0.129806444 0.505740583
v 0.568739355 0.144719839 0.390041083
v 0.556669533 0.141384766 0.390586585
v 0.406639606 0.261706561 0.432497472
v 0.571061611 0.302826822 0.496890783
v 0.507512748 0.309882134 0.32043305
v 0.517375767 0.132770404 0.471009433
v 0.459470361 0.231575966 0.636544108
v 0.54992491 0.149803594 0.321525991
v 0.403547078 0.252349138 0.468758941
v 0.543125212 0.308865368 0.339940876
v 0.530487955 0.315449119 0.488044411
v 0.516884923 0.309913129 0.634795845
v 0.594999254 0.265383452 0.378459483
v 0.400699645 0.241716146 0.439456701
v 0.428437889 0.288647532 0.295766205
v 0.460555285 0.174982026 0.577977657
v 0.411797792 0.277449787 0.333836108
v 0.410652578 0.271550477 0.296049356
v 0.39445731 0.193226308 0.381817967
v 0.469698489 0.131810978 0.478477776
v 0.6036731 0.230232954 0.396645874
v 0.599783659 0.242629811 0.414875984
v 0.542422116 0.317232013 0.556180716
v 0.589867592 0.270712316 0.463264942
v 0.542498112 0.139744654 0.391843081
v 0.420123756 0.166353971 0.294866055
v 0.422122836 0.283360183 0.295909315
v 0.404705226 0.176850781 0.382725149
v 0.405903459 0.166145653 0.332670003
v 0.444292814 0.164778292 0.56390667
v 0.524913847 0.309269965 0.312496632
v 0.477470666 0.31100142 0.633667827
v 0.393929511 0.234309182 0.339695215
v 0.49495846 0.313200742 0.426195145
v 0.438870966 0.317063421 0.578247428
v 0.51065743 0.313892454 0.443091214
v 0.605099082 0.215704173 0.418873698
v 0.528716564 0.312929273 0.406821072
v 0.503915966 0.142820358 0.338194102
v 0.569261134 0.152895927 0.341833323
v 0.524621785 0.147671998 0.544360995
v 0.562137544 0.155077502 0.311528951
v 0.607996583 0.211852267 0.388351202
v 0.465076625 0.163707957 0.564876318
v 0.508287787 0.310701162 0.344247162
v 0.581956685 0.167419016 0.294591218
v 0.49427858 0.311630279 0.378308952
v 0.473579109 0.314803362 0.625006497
v 0.553014934 0.305668592 0.341782361
v 0.392222703 0.210669443 0.38489607
v 0.599504292 0.239506364 0.442765623
v 0.603394449 0.209357768 0.462866068
v 0.607515156 0.20411402 0.395833075
v 0.585519314 0.277988732 0.303304821
v 0.55585146 0.199638292 0.601979554
v 0.472296089 0.163783744 0.564842999
v 0.501922429 0.313925236 0.446977377
v 0.575305581 0.298937321 0.510804713
v 0.477394462 0.314838588 0.479836196
v 0.487205595 0.139089912 0.386388928
v 0.566286385 0.233816594 0.634067655
v 0.519146025 0.131723285 0.49962908
v 0.524010181 0.131517842 0.498901725
v 0.546575904 0.310890317 0.394241244
v 0.400030583 0.152435064 0.517666698
v 0.577825546 0.161745578 0.316049874
v 0.394710094 0.184964597 0.487482667
v 0.600509226 0.240963057 0.408644766
v 0.49925068 0.310895264 0.629576147
v 0.599156678 0.252814293 0.367958844
v 0.562431931 0.304404646 0.401273221
v 0.501528323 0.134636581 0.446119785
v 0.610545874 0.212320209 0.293806762
v 0.491413593 0.315373242 0.494269997
v 0.448894143 0.167114586 0.567499578
v 0.601603091 0.174363285 0.550148368
v 0.397774041 0.231624395 0.419184983
v 0.562272429 0.308063895 0.470129192
v 0.398769826 0.250463754 0.34012562
v 0.449264288 0.13405025 0.45189327
v 0.51356405 0.317669779 0.565166652
v 0.479580253 0.139670208 0.38072291
v 0.412763178 0.169925839 0.295412987
v 0.503167331 0.132056311 0.498199284
v 0.605898261 0.200019389 0.50466007
v 0.423809767 0.300740451 0.532487512
v 0.389338911 0.218442425 0.294372588
v 0.483070582 0.30891791 0.308809429
v 0.396323085 0.230023906 0.397210956
v 0.461458743 0.319416702 0.585395277
v 0.556207836 0.287196219 0.649403811
v 0.540553331 0.316126645 0.528577209
v 0.400003046 0.237744123 0.479279578
v 0.528662682 0.318965375 0.598477542
v 0.550467193 0.137814298 0.414841861
v 0.426056802 0.180061921 0.575957596
v 0.545938492 0.318256199 0.5661906
v 0.453616828 0.272877395 0.654117286
v 0.508188426 0.317780077 0.580771208
v 0.583296776 0.145206943 0.435548484
v 0.403398275 0.259616852 0.3716681
v 0.488030761 0.317496836 0.56192255
v 0.457847416 0.311688364 0.41800487
v 0.404407769 0.259527355 0.395241946
v 0.57836169 0.188832968 0.583955169
v 0.491253465 0.312438816 0.403576165
v 0.606235981 0.182772398 0.534324765
v 0.482127786 0.145139188 0.313363463
v 0.572488546 0.297139049 0.395594746
v 0.602913558 0.242946431 0.35043487
v 0.428178459 0.299644411 0.437116593
v 0.597783327 0.181955636 0.375312328
v 0.400303215 0.241085425 0.48322317
v 0.417078137 0.262205631 0.643777192
v 0.398759156 0.193643749 0.351843655
v 0.457410246 0.309983969 0.376310974
v 0.399002522 0.250204712 0.505330503
v 0.434695482 0.294791728 0.643636763
v 0.47539413 0.318360806 0.581307411
v 0.401267707 0.183192328 0.355712056
v 0.53931582 0.133722872 0.451503336
v 0.597859204 0.263209552 0.330998003
v 0.604427338 0.191262901 0.454120219
v 0.446005523 0.145443782 0.364501268
v 0.573814213 0.250313878 0.641278982
v 0.592453957 0.162246197 0.412226468
v 0.574362457 0.146558493 0.39105314
v 0.443391085 0.154810011 0.303596586
v 0.392326206 0.233603209 0.315655857
v 0.604561925 0.177744254 0.528148234
v 0.547957003 0.312653035 0.448392034
v 0.595793724 0.267789155 0.326694131
v 0.461334497 0.313834161 0.473848283
v 0.593738079 0.261399597 0.433914512
v 0.561757088 0.3137182 0.617368758
v 0.600294054 0.244615421 0.393011838
v 0.397705257 0.175837129 0.438335419
v 0.589735925 0.170097888 0.29965356
v 0.568244696 0.300030023 0.393591285
v 0.60712868 0.184046373 0.502399683
v 0.570335805 0.297092795 0.371293187
v 0.401318192 0.242974997 0.460762501
v 0.430717677 0.156336501 0.322752088
v 0.500997007 0.144372001 0.320362926
v 0.391520113 0.226229414 0.333222181
v 0.582611561 0.143320501 0.452085227
v 0.495479792 0.315102875 0.612861633
v 0.434060186 0.159075022 0.300081998
v 0.601495266 0.252078801 0.317199469
v 0.524822772 0.315176904 0.478814691
v 0.447935611 0.313815057 0.536194205
v 0.566185236 0.132865563 0.522868931
v 0.493670881 0.31490764 0.479318023
v 0.497446328 0.136891901 0.524697125
v 0.413838476 0.279826462 0.425061762
v 0.426350892 0.14150703 0.420029908
v 0.515727282 0.140238792 0.370658278
v 0.43800801 0.144575953 0.381072879
v 0.585886419 0.143706441 0.477752954
v 0.397126526 0.16313374 0.52158314
v 0.396249175 0.222266987 0.504739344
v 0.392772466 0.199052915 0.312015891
v 0.443402052 0.303146601 0.334341943
v 0.556973159 0.129546255 0.495989352
v 0.395929784 0.203394115 0.334345222
v 0.584202826 0.290672779 0.51803869
v 0.582004726 0.281816423 0.644328415
v 0.521435499 0.306645811 0.643574595
v 0.586257517 0.236499488 0.634243727
v 0.60327071 0.225099474 0.501148105
v 0.504211068 0.309624165 0.314329296
v 0.460817873 0.318192959 0.567465425
v 0.4543311 0.314899325 0.624429524
v 0.394221872 0.242342815 0.305592626
v 0.590922415 0.157289341 0.446819067
v 0.412717909 0.15884532 0.350020796
v 0.604598701 0.2160597 0.505528927
v 0.51929909 0.317232341 0.548345804
v 0.597331345 0.158497155 0.476191759
v 0.459929645 0.133532524 0.522544622
v 0.410230309 0.272521347 0.484666258
v 0.502937675 0.143285841 0.332499355
v 0.570325494 0.146865353 0.380598307
v 0.57808733 0.164044842 0.303591639
v 0.556762457 0.226441786 0.630299449
v 0.523170471 0.139464244 0.531615198
v 0.400033951 0.250055641 0.369496465
v 0.56850183 0.285967737 0.646704793
v 0.407334387 0.158077493 0.454514533
v 0.571225166 0.183410257 0.580192089
v 0.524558067 0.315376908 0.485117376
v 0.60324657 0.213826939 0.455176681
v 0.590641618 0.278033972 0.503190219
v 0.473556936 0.307021976 0.643236518
v 0.466183245 0.315635204 0.518640459
v 0.596435964 0.17592153 0.401187032
v 0.432319105 0.267694116 0.646260023
v 0.586851776 0.278310686 0.471840918
v 0.500807345 0.310057074 0.32838133
v 0.393202901 0.179473519 0.504494965
v 0.492281109 0.316221118 0.520950258
v 0.514278173 0.317944646 0.581541717
v 0.42897138 0.152083203 0.350356221
v 0.422063828 0.158448398 0.330454826
v 0.601378918 0.156405956 0.519510806
v 0.542588651 0.149301261 0.548214972
v 0.404353946 0.256008327 0.424367219
v 0.495794117 0.137983084 0.401174545
v 0.397798985 0.226304159 0.440404117
v 0.593939066 0.168752313 0.409574747
v 0.604793489 0.183433041 0.327934235
v 0.416397452 0.284981072 0.415383518
v 0.405936182 0.174306944 0.295738131
v 0.58766824 0.279597849 0.422606736
v 0.598743796 0.247649744 0.40874669
v 0.520114124 0.146309942 0.54221046
v 0.540935516 0.309748769 0.63623327
v 0.44361797 0.153301477 0.313509881
v 0.577994525 0.13936837 0.45400244
v 0.413444012 0.278205425 0.484804481
v 0.422132611 0.288620114 0.339149952
v 0.538304567 0.134231865 0.445592195
v 0.568401277 0.130270615 0.499082327
v 0.493379772 0.311286509 0.629095197
v 0.587924302 0.27460292 0.299053907
v 0.520480633 0.182082698 0.5897246
v 0.554595947 0.182103649 0.583100677
v 0.398110569 0.171135694 0.464644194
v 0.393846393 0.191625237 0.505228937
v 0.543603599 0.308564365 0.334062904
v 0.513630092 0.14226231 0.343802571
v 0.531617045 0.199140355 0.609941125
v 0.577677011 0.286032736 0.307066858
v 0.605303884 0.185841605 0.300563276
v 0.566039145 0.140130147 0.415114075
v 0.435533494 0.28946802 0.646577179
v 0.571074307 0.299382806 0.416285574
v 0.527832985 0.310170949 0.337256253
v 0.41144979 0.160970613 0.340755582
v 0.428228557 0.306260347 0.630236626
v 0.394493699 0.196978047 0.430486858
v 0.480823725 0.145653382 0.309051633
v 0.449509472 0.317625731 0.564085364
v 0.598636806 0.18256326 0.39136523
v 0.530785382 0.131269395 0.489860773
v 0.468620539 0.311338007 0.382255018
v 0.443349361 0.314036578 0.620584667
v 0.486730129 0.315260619 0.491417229
v 0.421886504 0.237068459 0.634830713
v 0.560041428 0.306404173 0.413201898
v 0.410924315 0.156640261 0.372160077
v 0.510171533 0.140754521 0.363439023
v 0.398300171 0.226022169 0.480591565
v 0.580037892 0.157091826 0.548029125
v 0.536904931 0.309948266 0.346213222
v 0.602005243 0.234993681 0.406555653
v 0.46359542 0.310876638 0.378110409
v 0.606393218 0.194546536 0.408845782
v 0.591700613 0.287045538 0.524563313
v 0.520426273 0.143004626 0.338317752
v 0.507149935 0.311242253 0.36137709
v 0.417158246 0.252646536 0.641716659
v 0.524676323 0.317697525 0.560133457
v 0.537217677 0.311583847 0.379736125
v 0.607928038 0.233253419 0.315571934
v 0.457556069 0.145162061 0.351704866
v 0.506111264 0.317462653 0.592731953
v 0.423764586 0.138605684 0.44715783
v 0.397871464 0.222035468 0.477108657
v 0.393217534 0.176025122 0.510962665
v 0.393538773 0.207352102 0.407454252
v 0.396485537 0.207125351 0.480459213
v 0.531020522 0.202775061 0.615311086
v 0.530266583 0.13542445 0.432060391
v 0.513149738 0.316863775 0.538009167
v 0.448942751 0.131797701 0.521808922
v 0.509434223 0.315786034 0.50391221
v 0.470363289 0.311582804 0.387324631
v 0.427102536 0.153745919 0.344978809
v 0.472370356 0.132611111 0.468639374
v 0.393735737 0.2001715 0.418830872
v 0.558114171 0.14448157 0.541261554
v 0.416337997 0.146133631 0.445177227
v 0.452610612 0.145476907 0.356049091
v 0.459594369 0.140175 0.536294818
v 0.484379619 0.140244097 0.371173114
v 0.518043458 0.318013638 0.592347443
v 0.43099016 0.149083078 0.363898039
v 0.404421836 0.254674733 0.443817139
v 0.395555913 0.186208278 0.447463781
v 0.403243512 0.180241153 0.371783555
v 0.558405221 0.316881925 0.600710332
v 0.522220314 0.312180161 0.384600371
v 0.554463625 0.144452184 0.364661217
v 0.396014482 0.169942126 0.527437449
v 0.547706187 0.220949024 0.627152801
v 0.551208079 0.29097411 0.649906099
v 0.593693435 0.264656663 0.410601079
v 0.428816289 0.161231712 0.300813526
v 0.598593295 0.249210656 0.402401119
v 0.441031128 0.144818932 0.375530005
v 0.47427699 0.131342977 0.494033098
v 0.39396894 0.186331898 0.529927731
v 0.390628606 0.202189833 0.295706928
v 0.524136484 0.132503733 0.47243908
v 0.511309326 0.133582741 0.460232854
v 0.577262521 0.295396924 0.456477463
v 0.472567379 0.315087885 0.49121362
v 0.403096586 0.166794509 0.361482799
v 0.593020618 0.16392152 0.405870557
v 0.572843134 0.271610618 0.646023929
v 0.403241664 0.172036335 0.419779837
v 0.415566355 0.178169757 0.569570601
v 0.440357 0.134062722 0.457241535
v 0.589164495 0.171123445 0.294947237
v 0.53930968 0.151706934 0.550876081
v 0.531043947 0.31705603 0.544222176
v 0.467573792 0.149042442 0.303793877
v 0.558237374 0.203169301 0.60521996
v 0.495637596 0.313004643 0.420038491
v 0.597567618 0.267893255 0.507490695
v 0.605143428 0.193856999 0.520123541
v 0.494682997 0.310928643 0.35699898
v 0.519318938 0.315445334 0.619253337
v 0.583198249 0.286293209 0.471139133
v 0.442698449 0.309696108 0.630949259
v 0.408668876 0.161778286 0.346614122
v 0.394633263 0.228069171 0.376354069
v 0.605705261 0.185754493 0.321110398
v 0.484001219 0.313943893 0.450426549
v 0.600441337 0.169970945 0.451900721
v 0.486707538 0.310120553 0.337777346
v 0.563204944 0.17864792 0.577182233
v 0.560618579 0.223921329 0.627510071
v 0.482370645 0.316667706 0.53645736
v 0.545950294 0.314597905 0.499060661
v 0.449579448 0.153278112 0.303164631
v 0.551091075 0.197539523 0.600922823
v 0.606932759 0.198984906 0.386195242
v 0.497890711 0.317594767 0.568032503
v 0.541346908 0.318822145 0.607913911
v 0.397954941 0.172551423 0.458241224
v 0.466900617 0.318453491 0.574388981
v 0.60722959 0.208276108 0.399080336
v 0.539770544 0.188099816 0.593602479
v 0.429899573 0.230112374 0.630832314
v 0.410123378 0.270485878 0.47302404
v 0.472193658 0.140776247 0.373469025
v 0.473730326 0.144664064 0.330083072
v 0.451371759 0.23867552 0.638499558
v 0.473109931 0.15570268 0.554855883
v 0.60216552 0.17062436 0.475868672
v 0.531857073 0.310249567 0.342675418
v 0.537139893 0.316783547 0.542730629
v 0.536707163 0.143281415 0.540147305
v 0.420318663 0.134130627 0.511968434
v 0.393591404 0.185698047 0.50674808
v 0.600912333 0.174831972 0.32514751
v 0.506992161 0.133019984 0.469751835
v 0.48483935 0.173044086 0.577313066
v 0.394096106 0.196892053 0.318176955
v 0.448929816 0.17747809 0.578860819
v 0.548850596 0.307972521 0.350438356
v 0.443350136 0.267967403 0.648768306
v 0.396134645 0.189772576 0.463968784
v 0.498078018 0.132304832 0.483586758
v 0.584918797 0.282616287 0.48103264
v 0.393498242 0.214174718 0.397216558
v 0.393672884 0.205302209 0.413536221
v 0.608824849 0.208492965 0.302833766
v 0.410610497 0.150360569 0.468611032
v 0.44196099 0.263685822 0.647001624
v 0.421077073 0.291720867 0.491502851
v 0.472870678 0.148775846 0.545970023
v 0.422142953 0.14903377 0.539980769
v 0.605255544 0.204022095 0.501895308
v 0.565961242 0.29754746 0.338286757
v 0.481502503 0.134235024 0.44950524
v 0.411171407 0.277397722 0.371371806
v 0.405296803 0.26635626 0.495897233
v 0.405076683 0.170093894 0.383326352
v 0.583936989 0.138310596 0.49478209
v 0.518359184 0.142424941 0.343669891
v 0.47300452 0.14422375 0.336357623
v 0.41422385 0.285694987 0.508023143
v 0.403272331 0.16677326 0.441525728
v 0.522119641 0.316197515 0.51464802
v 0.58473593 0.282488853 0.338924348
v 0.532241285 0.311256111 0.366523445
v 0.410534143 0.152860448 0.457762897
v 0.415500671 0.278211087 0.300188899
v 0.422985226 0.133071452 0.500163436
v 0.475267172 0.147939786 0.299008489
v 0.415591657 0.284824997 0.385994107
v 0.561557829 0.300348103 0.335958689
v 0.434612453 0.306653291 0.503170073
v 0.462509841 0.178282097 0.582042456
v 0.400444776 0.174386665 0.350899905
v 0.585698783 0.149278179 0.418056518
v 0.4536134 0.160170257 0.560420632
v 0.538450837 0.211405277 0.621366203
v 0.469375193 0.135807946 0.525536299
v 0.400124162 0.24699536 0.388754725
v 0.431276947 0.305194378 0.518966973
v 0.544944763 0.30918178 0.349353254
v 0.41631192 0.285708427 0.380913019
v 0.393705755 0.193855673 0.387511492
v 0.585664272 0.283558786 0.427059621
v 0.395315051 0.20694299 0.431496292
v 0.563529134 0.132132933 0.475467592
v 0.393404752 0.229587227 0.350644618
v 0.591942728 0.26617521 0.442368627
v 0.435237199 0.301381379 0.395525306
v 0.514374793 0.132105961 0.484364301
v 0.421083093 0.138377622 0.475397974
v 0.602542698 0.241311252 0.367473841
v 0.39353317 0.182635963 0.511490464
v 0.505410969 0.315902472 0.508549869
v 0.393327504 0.238538444 0.311475039
v 0.435856313 0.300287515 0.374312669
v 0.409847736 0.155558109 0.3920286
v 0.58699739 0.150500119 0.413020045
v 0.56879884 0.139017284 0.531952441
v 0.521368384 0.142153993 0.34899652
v 0.426368266 0.296076 0.400917292
v 0.468448997 0.31521228 0.502056181
v 0.591320038 0.269123435 0.486068755
v 0.584006488 0.285967499 0.498936564
v 0.538583875 0.310922921 0.368282914
v 0.443240136 0.147169411 0.355240881
v 0.608180106 0.205187932 0.388981998
v 0.448793113 0.162696764 0.562451601
v 0.410297513 0.270998508 0.438202769
v 0.552959561 0.157926694 0.556967676
v 0.478173792 0.135213941 0.436203986
v 0.402600527 0.252970845 0.403974205
v 0.472271085 0.13864246 0.395848542
v 0.470021307 0.131637856 0.509344399
v 0.409793466 0.16007036 0.416124195
v 0.6033324 0.244202211 0.515610397
v 0.607068658 0.191150442 0.300956249
v 0.495327294 0.309320301 0.308410406
v 0.398074359 0.245008498 0.507299721
v 0.40356034 0.263260096 0.321464777
v 0.47352922 0.133068845 0.462884992
v 0.548952937 0.135237217 0.436922103
v 0.471710652 0.30872345 0.317247331
v 0.516746402 0.156538039 0.555778682
v 0.400616199 0.171514079 0.336951494
v 0.484762579 0.152766928 0.550516248
v 0.463063627 0.131651014 0.47671634
v 0.428447187 0.310555667 0.620810628
v 0.538676918 0.313878566 0.443221509
v 0.535531938 0.130740702 0.502034605
v 0.513245106 0.317784816 0.570753992
v 0.404524326 0.258483559 0.481854349
v 0.454856545 0.315157443 0.537361026
v 0.418591827 0.288069218 0.431491017
v 0.597471595 0.249697506 0.426698506
v 0.418968737 0.288233429 0.454079509
v 0.490463316 0.138296634 0.396984249
v 0.446217358 0.308566451 0.424524933
v 0.409038246 0.269104242 0.479244858
v 0.577758968 0.146857068 0.396793962
v 0.413309395 0.280854255 0.383053124
v 0.491666764 0.309084743 0.30390662
v 0.55914855 0.130615622 0.485814542
v 0.592653513 0.143526882 0.503269255
v 0.520150542 0.309040576 0.301979095
v 0.477394164 0.316077441 0.520390749
v 0.392088115 0.224292561 0.351943403
v 0.418070018 0.180492535 0.57335037
v 0.419861048 0.142548725 0.432890862
v 0.393274277 0.21025829 0.399459988
v 0.561980784 0.300553888 0.341849446
v 0.599873006 0.241140008 0.421255767
v 0.42559588 0.144338816 0.536419153
v 0.501426518 0.313021243 0.418890864
v 0.402282149 0.150389969 0.499365896
v 0.606236458 0.211721003 0.409650892
v 0.566785216 0.297570497 0.345754862
v 0.408210039 0.272952229 0.496378422
v 0.48412317 0.31791988 0.59034431
v 0.482622653 0.143978536 0.325201094
v 0.405979574 0.26538232 0.489864707
v 0.461100191 0.315295577 0.523322046
v 0.432545781 0.293329 0.31545645
v 0.510421455 0.157184884 0.556499481
v 0.444172591 0.256012291 0.644761682
v 0.608872592 0.211107776 0.364224672
v 0.56004107 0.132316723 0.470169038
v 0.541217387 0.219568849 0.627577126
v 0.511668563 0.153961867 0.552258968
v 0.533070922 0.319028169 0.600994349
v 0.501048028 0.311065972 0.358645469
v 0.443795681 0.317754149 0.575285554
v 0.594778121 0.168072298 0.386680394
v 0.581621647 0.290270567 0.504064858
v 0.578680098 0.243380591 0.63820529
v 0.416201919 0.285911381 0.502751231
v 0.529328346 0.133678302 0.519549072
v 0.60566783 0.235489935 0.342473984
v 0.402221531 0.268914789 0.507601261
v 0.393767536 0.194399551 0.423475176
v 0.39711237 0.238584295 0.50966835
v 0.465709835 0.205678448 0.616751432
v 0.538677335 0.215512365 0.624955595
v 0.462435216 0.130778477 0.508968771
v 0.436250478 0.133333996 0.467758298
v 0.473648667 0.309797496 0.340274692
v 0.561928034 0.301038772 0.347447217
v 0.56973052 0.312406719 0.61555934
v 0.605865598 0.230028719 0.363999844
v 0.52701354 0.310423017 0.342051029
v 0.604102135 0.197012275 0.483544767
v 0.56501168 0.300665975 0.370235741
v 0.459784806 0.317101687 0.554719806
v 0.438718826 0.306576818 0.448897362
v 0.441328555 0.273649126 0.649390876
v 0.423290163 0.285612017 0.306166083
v 0.59163326 0.272217959 0.315294981
v 0.42043826 0.290481478 0.447996974
v 0.411030948 0.272367418 0.300370872
v 0.604145527 0.198853284 0.457797647
v 0.585554063 0.289995849 0.640552044
v 0.427952409 0.312048554 0.61457479
v 0.584210455 0.281507015 0.320391774
v 0.417830497 0.144810855 0.427960336
v 0.558566988 0.303582519 0.352033973
v 0.418566763 0.287598252 0.443866402
v 0.441336036 0.30375874 0.372217268
v 0.607354164 0.200464398 0.310551256
v 0.602225602 0.229766205 0.496331334
v 0.571366429 0.137462184 0.44501254
v 0.406334162 0.159240335 0.535561085
v 0.421796471 0.292631239 0.434462756
v 0.598050714 0.168767378 0.441070676
v 0.602003396 0.234962553 0.499023467
v 0.464435816 0.31288892 0.435349226
v 0.557364047 0.3050583 0.364773214
v 0.443812698 0.13169086 0.521349251
v 0.498875707 0.308981508 0.29711622
v 0.579307616 0.286396921 0.322031021
v 0.60826087 0.206780612 0.366520971
v 0.552156508 0.313593686 0.506110072
v 0.391497284 0.174233615 0.529371619
v 0.393761903 0.189147279 0.511686027
v 0.400352448 0.26709801 0.512420416
v 0.585885942 0.159445718 0.341410637
v 0.582650959 0.184950784 0.578094661
v 0.542362809 0.314729035 0.48627907
v 0.591108382 0.27540192 0.351701349
v 0.42821154 0.288941532 0.301509857
v 0.394595832 0.241880134 0.315148056
v 0.596654058 0.171535626 0.31308955
v 0.424653679 0.285807431 0.299349397
v 0.416632175 0.283824652 0.475403011
v 0.551308215 0.313070089 0.49022004
v 0.597162366 0.171015397 0.318733811
v 0.567490399 0.162638485 0.558740914
v 0.557100773 0.311783105 0.501938522
v 0.545202315 0.133338854 0.524331748
v 0.408809453 0.271310598 0.313886791
v 0.605276287 0.193178818 0.323089182
v 0.396730304 0.199620306 0.335542589
v 0.394709617 0.20699881 0.518603563
v 0.546889067 0.314011484 0.489928573
v 0.595460296 0.267747223 0.338849276
v 0.534121156 0.133120194 0.519708097
v 0.563491523 0.134867236 0.451509058
v 0.441298902 0.12911287 0.50051111
v 0.496123642 0.145099178 0.311949551
v 0.550582707 0.310629308 0.415217042
v 0.43923986 0.25342831 0.643207431
v 0.596732676 0.252994299 0.478086531
v 0.441408843 0.316242009 0.605730951
v 0.454656571 0.318199188 0.565657198
v 0.579164624 0.303652167 0.630913436
v 0.586881816 0.279593021 0.443735719
v 0.576678634 0.296962559 0.494295776
v 0.394658864 0.206235617 0.513749003
v 0.566755354 0.136107817 0.446843386
v 0.440897077 0.129698798 0.494929045
v 0.598407447 0.243325472 0.461588919
v 0.438819319 0.316610157 0.596897364
v 0.453965425 0.312219083 0.464141339
v 0.457508117 0.318975627 0.602562964
v 0.605148733 0.203768432 0.343566
v 0.405424297 0.177027509 0.556959093
v 0.595207036 0.257750809 0.477272838
v 0.398033589 0.256430537 0.514089406
v 0.586120903 0.293087542 0.52924329
v 0.589469075 0.155935913 0.37564975
v 0.444918275 0.310391605 0.478438228
v 0.598483384 0.243644074 0.466759175
v 0.466689706 0.194648728 0.602826655
v 0.392062277 0.20110257 0.365127116
v 0.426546305 0.292239696 0.355412006
v 0.429272383 0.130412832 0.502300024
v 0.42380619 0.136682481 0.46829015
v 0.581086278 0.290427476 0.498436958
v 0.419189066 0.294728965 0.523207664
v 0.42532143 0.131817698 0.504490733
v 0.552567303 0.314127624 0.527332842
v 0.392965257 0.210257068 0.310807854
v 0.511094689 0.14239493 0.535324454
v 0.584533453 0.160006091 0.33697322
v 0.44361046 0.317659914 0.596366465
v 0.555418909 0.2635701 0.6475299
v 0.580864549 0.28977257 0.394707292
v 0.431295544 0.301390767 0.432596624
v 0.59603852 0.278122336 0.515782297
v 0.450790882 0.131156087 0.479057312
v 0.483688623 0.144270524 0.320512295
v 0.416281283 0.166701049 0.556947947
v 0.603836656 0.19970791 0.350533813
v 0.476597518 0.157957539 0.557549357
v 0.43254447 0.292313933 0.302081198
v 0.609752178 0.217873946 0.319048762
v 0.570242524 0.303139418 0.492621213
v 0.603718996 0.181071281 0.449634284
v 0.530842721 0.146647617 0.543745279
v 0.589973509 0.156918764 0.540340364
v 0.452776492 0.304587781 0.300085694
v 0.467591763 0.180564389 0.58532244
v 0.609791338 0.216510221 0.326426834
v 0.398813933 0.170142338 0.452137679
v 0.580159068 0.295268804 0.521640658
v 0.521013021 0.318269849 0.585992277
v 0.58667028 0.280944377 0.348803252
v 0.549266994 0.303798139 0.298017472
v 0.594457269 0.163989037 0.381441921
v 0.422843695 0.140915394 0.530788302
v 0.392155766 0.230941907 0.321740866
v 0.405119032 0.170138344 0.312589884
v 0.414537191 0.166896179 0.304359913
v 0.599364161 0.171578348 0.347683847
v 0.454464674 0.211444795 0.618445992
v 0.414587706 0.282543212 0.39630875
v 0.398661762 0.180253372 0.409566969
v 0.592203259 0.142111346 0.510432303
v 0.581335485 0.181294754 0.574641347
v 0.407265246 0.161026776 0.361600578
v 0.594707906 0.2573798 0.46676603
v 0.600015342 0.241464347 0.490362883
v 0.604554951 0.244003743 0.310927808
v 0.396375954 0.179248974 0.444143087
v 0.598661482 0.261496276 0.324700624
vt 0.806318998 0.621195972 0
vt 0.808752 0.863372982 0
vt 0.746654987 1.02556801 0
vt 0.679668009 1.05201006 0
vt 0.569411993 1.05201006 0
vt 0.502425015 1.02556801 0
vt 0.438710988 0.866609991 0
vt 0.436040998 0.622560978 0
vt -0.62133199 0.852042019 0
vt -0.680848002 1.03362799 0
vt -0.751361012 1.04949403 0
vt -0.808058977 0.910512984 0
vt -0.862578988 1.04949403 0
vt -0.933091998 1.03362799 0
vt -0.99584502 0.853659987 0
vt -0.99337101 0.609539986 0
vt -0.621592999 0.608547986 0
vt 0.446048498 0.622524083 0
vt 0.456055999 0.622487187 0
vt 0.466063499 0.622450292 0
vt 0.47607109 0.622413397 0
vt 0.48607859 0.622376502 0
vt 0.496086091 0.622339606 0
vt 0.506093621 0.622302771 0
vt 0.516101122 0.622265875 0
vt 0.526108623 0.62222898 0
vt 0.536116123 0.622192085 0
vt 0.546123624 0.62215519 0
vt 0.556131184 0.622118294 0
vt 0.566138685 0.622081399 0
vt 0.576146185 0.622044504 0
vt 0.586153686 0.622007608 0
vt 0.596161187 0.621970713 0
vt 0.606168687 0.621933818 0
vt 0.616176188 0.621896923 0
vt 0.626183808 0.621860087 0
vt 0.636191308 0.621823192 0
vt 0.646198809 0.621786296 0
vt 0.65620631 0.621749401 0
vt 0.66621381 0.621712506 0
vt 0.676221311 0.621675611 0
vt 0.686228812 0.621638715 0
vt 0.696236372 0.62160182 0
vt 0.706243873 0.621564925 0
vt 0.716251373 0.621528029 0
vt 0.726258874 0.621491075 0
vt 0.736266375 0.621454179 0
vt 0.746273875 0.621417403 0
vt 0.756281376 0.621380508 0
vt 0.766288877 0.621343613 0
vt 0.776296496 0.621306717 0
vt 0.786303997 0.621269822 0
vt 0.796311498 0.621232927 0
vt 0.806416273 0.630883098 0
vt 0.806513608 0.640570223 0
vt 0.806611001 0.65025717 0
vt 0.806708276 0.659944296 0
vt 0.806805611 0.669631422 0
vt 0.806902885 0.679318488 0
vt 0.80700022 0.689005613 0
vt 0.807097614 0.69869262 0
vt 0.807194889 0.708379686 0
vt 0.807292223 0.718066812 0
vt 0.807389498 0.727753878 0
vt 0.807486773 0.737441003 0
vt 0.807584226 0.74712801 0
vt 0.807681501 0.756815076 0
vt 0.807778776 0.766502202 0
vt 0.80787611 0.776189327 0
vt 0.807973385 0.785876393 0
vt 0.808070779 0.7955634 0
vt 0.808168113 0.805250525 0
vt 0.808265388 0.814937592 0
vt 0.808362722 0.824624717 0
vt 0.808459997 0.834311783 0
vt 0.808557391 0.84399879 0
vt 0.808654726 0.853685915 0
vt 0.798948586 0.864332974 0
vt 0.789148927 0.865329623 0
vt 0.779354811 0.866378903 0
vt 0.769570827 0.8675192 0
vt 0.759809077 0.868836224 0
vt 0.750075996 0.87034452 0
vt 0.740387976 0.872114778 0
vt 0.730776787 0.87425822 0
vt 0.721307516 0.876953483 0
vt 0.712127924 0.880493999 0
vt 0.703596115 0.885354698 0
vt 0.696555674 0.892156422 0
vt 0.693288386 0.901403785 0
vt 0.692387998 0.911212802 0
vt 0.693356097 0.920975626 0
vt 0.695356607 0.930589199 0
vt 0.698292971 0.939991593 0
vt 0.702051699 0.949086905 0
vt 0.706044018 0.958090007 0
vt 0.710642219 0.966801107 0
vt 0.715316892 0.975469589 0
vt 0.720328629 0.983949482 0
vt 0.725386381 0.992401481 0
vt 0.730643213 1.00073195 0
vt 0.735912979 1.00905395 0
vt 0.741284013 1.01731098 0
vt 0.738281608 1.02887297 0
vt 0.729908288 1.032179 0
vt 0.721534908 1.03548396 0
vt 0.713161528 1.03878903 0
vt 0.704788089 1.04209399 0
vt 0.696414709 1.04539895 0
vt 0.688041389 1.04870498 0
vt 0.67430222 1.04350102 0
vt 0.668852329 1.03504598 0
vt 0.663224995 1.02670896 0
vt 0.657283306 1.01859295 0
vt 0.650828898 1.01088297 0
vt 0.643595397 1.00391495 0
vt 0.635204911 0.998448193 0
vt 0.625378489 0.996882021 0
vt 0.615875483 0.999903619 0
vt 0.607489228 1.00540495 0
vt 0.60014081 1.01226401 0
vt 0.593401015 1.01972604 0
vt 0.587085426 1.02755296 0
vt 0.581052303 1.03560102 0
vt 0.575191081 1.04377604 0
vt 0.561038613 1.04870498 0
vt 0.552665293 1.04539895 0
vt 0.544291914 1.04209399 0
vt 0.535918474 1.03878903 0
vt 0.527545094 1.03548396 0
vt 0.519171774 1.032179 0
vt 0.510798395 1.02887297 0
vt 0.508123219 1.01729095 0
vt 0.513821304 1.00901306 0
vt 0.519411802 1.00066304 0
vt 0.524964511 0.992287219 0
vt 0.530344188 0.983801425 0
vt 0.535575926 0.975221515 0
vt 0.540551901 0.966496885 0
vt 0.545216203 0.957595706 0
vt 0.549376786 0.948463619 0
vt 0.553082228 0.939122498 0
vt 0.5554896 0.929389298 0
vt 0.556789398 0.919499099 0
vt 0.556220293 0.909466088 0
vt 0.552204192 0.900335193 0
vt 0.545013905 0.893383026 0
vt 0.536489785 0.888098717 0
vt 0.527268708 0.884116709 0
vt 0.517739594 0.880932927 0
vt 0.5080446 0.878292978 0
vt 0.498249799 0.876047373 0
vt 0.488387793 0.874116778 0
vt 0.47848621 0.872402608 0
vt 0.468560606 0.870834112 0
vt 0.458619088 0.869367599 0
vt 0.448667794 0.867969096 0
vt 0.438604206 0.856848001 0
vt 0.438497394 0.847086072 0
vt 0.438390613 0.837324083 0
vt 0.438283801 0.827562213 0
vt 0.43817699 0.817800224 0
vt 0.438070208 0.808038175 0
vt 0.437963396 0.798276305 0
vt 0.437856615 0.788514316 0
vt 0.437749803 0.778752387 0
vt 0.437642992 0.768990397 0
vt 0.43753621 0.759228408 0
vt 0.437429398 0.749466479 0
vt 0.437322587 0.73970449 0
vt 0.437215805 0.72994262 0
vt 0.437108994 0.720180571 0
vt 0.437002212 0.710418582 0
vt 0.4368954 0.700656712 0
vt 0.436788589 0.690894723 0
vt 0.436681807 0.681132793 0
vt 0.436574996 0.671370804 0
vt 0.436468214 0.661608815 0
vt 0.436361402 0.651846886 0
vt 0.436254591 0.642084897 0
vt 0.436147809 0.632323027 0
vt -0.621582627 0.618287802 0
vt -0.621572077 0.628027499 0
vt -0.621561706 0.637767315 0
vt -0.621551216 0.647507012 0
vt -0.621540785 0.657246828 0
vt -0.621530414 0.666986585 0
vt -0.621519923 0.676726282 0
vt -0.621509492 0.686466098 0
vt -0.621499002 0.696205795 0
vt -0.621488571 0.705945611 0
vt -0.6214782 0.715685427 0
vt -0.62146771 0.725425124 0
vt -0.621457279 0.735164881 0
vt -0.621446788 0.744904578 0
vt -0.621436417 0.754644394 0
vt -0.621425986 0.76438421 0
vt -0.621415496 0.774123907 0
vt -0.621405125 0.783863723 0
vt -0.621394575 0.79360342 0
vt -0.621384203 0.803343177 0
vt -0.621373773 0.813082993 0
vt -0.621363282 0.82282269 0
vt -0.621352911 0.832562506 0
vt -0.621342421 0.842302203 0
vt -0.629553199 0.857801676 0
vt -0.637736678 0.863614619 0
vt -0.645846605 0.869529605 0
vt -0.653841794 0.875598192 0
vt -0.661671519 0.881878078 0
vt -0.669271827 0.888432324 0
vt -0.676558912 0.895331383 0
vt -0.683422685 0.902649581 0
vt -0.689717889 0.910459876 0
vt -0.695257902 0.918820977 0
vt -0.69981879 0.927754223 0
vt -0.703005075 0.937268496 0
vt -0.704433322 0.947204292 0
vt -0.704374611 0.957233787 0
vt -0.70319128 0.967190027 0
vt -0.701188326 0.977015793 0
vt -0.698589623 0.98670578 0
vt -0.695550323 0.996271491 0
vt -0.692111075 1.00570202 0
vt -0.688461483 1.01505196 0
vt -0.684695125 1.02435601 0
vt -0.689662099 1.03561103 0
vt -0.698476315 1.03759503 0
vt -0.707290411 1.03957796 0
vt -0.716104507 1.04156101 0
vt -0.724918604 1.04354405 0
vt -0.7337327 1.04552698 0
vt -0.742546916 1.04751098 0
vt -0.755140901 1.04022896 0
vt -0.758920729 1.03096294 0
vt -0.762700617 1.021698 0
vt -0.766480505 1.01243198 0
vt -0.770260274 1.00316703 0
vt -0.774040222 0.99390161 0
vt -0.77782011 0.984636188 0
vt -0.781599879 0.975370824 0
vt -0.785379827 0.966105402 0
vt -0.789159715 0.956839979 0
vt -0.792939484 0.947574615 0
vt -0.796719372 0.938309193 0
vt -0.80049932 0.929043829 0
vt -0.804279089 0.919778407 0
vt -0.811693728 0.919778407 0
vt -0.8153283 0.929043829 0
vt -0.818962991 0.938309193 0
vt -0.822597682 0.947574615 0
vt -0.826232314 0.956839979 0
vt -0.829867005 0.966105402 0
vt -0.833501697 0.975370824 0
vt -0.837136328 0.984636188 0
vt -0.840771019 0.99390161 0
vt -0.844405711 1.00316703 0
vt -0.848040283 1.01243198 0
vt -0.851674974 1.021698 0
vt -0.855309725 1.03096294 0
vt -0.858944297 1.04022896 0
vt -0.871393085 1.04751098 0
vt -0.8802073 1.04552698 0
vt -0.889021397 1.04354405 0
vt -0.897835493 1.04156101 0
vt -0.90664959 1.03957796 0
vt -0.915463805 1.03759503 0
vt -0.924277902 1.03561103 0
vt -0.928890705 1.02452195 0
vt -0.924778104 1.01537502 0
vt -0.920770288 1.00618303 0
vt -0.91710937 0.99684608 0
vt -0.913849115 0.987367213 0
vt -0.911102295 0.977732718 0
vt -0.909096301 0.967913091 0
vt -0.908388793 0.957909286 0
vt -0.909437776 0.947951376 0
vt -0.912356794 0.93839252 0
vt -0.916702986 0.929365575 0
vt -0.922010183 0.920859814 0
vt -0.928009808 0.912827075 0
vt -0.934543073 0.905221879 0
vt -0.941494226 0.89799571 0
vt -0.948767781 0.891093373 0
vt -0.956289589 0.884461582 0
vt -0.963998795 0.878048122 0
vt -0.9718467 0.871804476 0
vt -0.97979331 0.865686774 0
vt -0.987803221 0.859652102 0
vt -0.995746017 0.843895197 0
vt -0.995647073 0.834130406 0
vt -0.995548129 0.824365616 0
vt -0.995449185 0.814600825 0
vt -0.995350182 0.804835975 0
vt -0.995251179 0.795071185 0
vt -0.995152295 0.785306394 0
vt -0.995053291 0.775541604 0
vt -0.994954407 0.765776813 0
vt -0.994855404 0.756012022 0
vt -0.994756401 0.746247172 0
vt -0.994657516 0.736482382 0
vt -0.994558513 0.726717591 0
vt -0.994459629 0.716952801 0
vt -0.994360626 0.70718801 0
vt -0.994261622 0.69742322 0
vt -0.994162679 0.687658429 0
vt -0.994063675 0.677893579 0
vt -0.993964791 0.668128788 0
vt -0.993865788 0.658363998 0
vt -0.993766785 0.648599207 0
vt -0.993667901 0.638834417 0
vt -0.993568897 0.629069626 0
vt -0.993470013 0.619304776 0
vt -0.983322918 0.609513223 0
vt -0.973274887 0.609486401 0
vt -0.963226795 0.609459579 0
vt -0.953178823 0.609432817 0
vt -0.943130672 0.609405875 0
vt -0.9330827 0.609379113 0
vt -0.923034608 0.609352291 0
vt -0.912986577 0.609325528 0
vt -0.902938485 0.609298706 0
vt -0.892890513 0.609271884 0
vt -0.882842422 0.609245121 0
vt -0.87279439 0.609218299 0
vt -0.862746298 0.609191477 0
vt -0.852698207 0.609164596 0
vt -0.842650175 0.609137774 0
vt -0.832602084 0.609111011 0
vt -0.822554111 0.609084189 0
vt -0.81250602 0.609057426 0
vt -0.802457988 0.609030604 0
vt -0.792409897 0.609003782 0
vt -0.782361925 0.60897702 0
vt -0.772313774 0.608950198 0
vt -0.762265801 0.608923376 0
vt -0.75221771 0.608896494 0
vt -0.742169619 0.608869672 0
vt -0.732121587 0.608842909 0
vt -0.722073495 0.608816087 0
vt -0.712025523 0.608789325 0
vt -0.701977372 0.608762503 0
vt -0.6919294 0.608735681 0
vt -0.681881309 0.608708918 0
vt -0.671833277 0.608682096 0
vt -0.661785185 0.608655214 0
vt -0.651737213 0.608628392 0
vt -0.641689122 0.60860163 0
vt -0.63164109 0.608574808 0
vt 0.506711721 0.743908644 0
vt 0.661304533 0.89066565 0
vt 0.628365993 0.725122213 0
vt 0.644141734 0.633301914 0
vt 0.676141381 0.828490496 0
vt 0.724131048 0.639754117 0
vt 0.730372012 0.665708423 0
vt 0.75648725 0.847551942 0
vt 0.716011405 0.843160868 0
vt 0.594847918 0.885260284 0
vt 0.583373606 0.939191341 0
vt 0.647367001 0.940388381 0
vt 0.67193526 0.966838896 0
vt 0.678770781 1.00887358 0
vt 0.721580923 1.01950371 0
vt 0.688527286 1.03428566 0
vt 0.563542485 0.988602221 0
vt 0.537193775 1.00016129 0
vt 0.552359581 1.03507435 0
vt 0.515356064 0.640300155 0
vt 0.445097357 0.674786448 0
vt 0.47721988 0.651301622 0
vt 0.451480508 0.781693459 0
vt 0.502210259 0.857841671 0
vt 0.449601948 0.832004786 0
vt 0.686470032 0.879835904 0
vt 0.67803371 0.893738329 0
vt 0.633270323 0.848312438 0
vt 0.693487823 0.653270006 0
vt 0.70400846 0.65042603 0
vt 0.709700823 0.66743505 0
vt 0.77791661 0.639295995 0
vt 0.796072662 0.817562938 0
vt 0.724940896 0.870276451 0
vt 0.691410065 0.849107921 0
vt 0.618553221 0.982698739 0
vt 0.70658797 0.987516403 0
vt 0.610609353 0.9678545 0
vt 0.562000751 1.0100224 0
vt 0.520929933 0.778517783 0
vt 0.563868582 0.700116158 0
vt 0.482565641 0.849748731 0
vt 0.56922847 0.848374307 0
vt 0.627792954 0.676028967 0
vt 0.577969193 0.633843899 0
vt 0.619786024 0.884714186 0
vt 0.671850801 0.697790384 0
vt 0.664717674 0.633735418 0
vt 0.753795326 0.76453346 0
vt 0.75523454 0.822984755 0
vt 0.756263196 0.67200321 0
vt 0.791037142 0.79873085 0
vt 0.738532126 0.840055168 0
vt 0.642314792 0.963494897 0
vt 0.61928767 0.952963948 0
vt 0.499725521 0.763492465 0
vt 0.534608126 0.724802196 0
vt 0.493408352 0.703846693 0
vt 0.454282582 0.732210755 0
vt 0.577018917 0.821891069 0
vt 0.561689854 0.88930285 0
vt 0.613928974 0.633077443 0
vt 0.661698043 0.661751509 0
vt 0.637424052 0.914430797 0
vt 0.700606883 0.741297662 0
vt 0.747041643 0.795483291 0
vt 0.801118731 0.783155501 0
vt 0.713612437 0.804525197 0
vt 0.531542838 0.692910016 0
vt 0.486147344 0.688431263 0
vt 0.637314975 0.877349436 0
vt 0.634598136 0.759164393 0
vt 0.654347003 0.727330565 0
vt 0.697801173 0.773493111 0
vt 0.478423715 0.730067849 0
vt 0.626998246 0.718324661 0
vt 0.692633092 0.71280247 0
vt 0.678024828 0.757257462 0
vt 0.448607624 0.808524013 0
vt 0.448824525 0.749133706 0
vt 0.509704173 0.867251217 0
vt 0.547110558 0.87978214 0
vt 0.54169482 0.758165836 0
vt 0.619727314 0.824795067 0
vt 0.669483364 0.874637246 0
vt 0.647757888 0.661661327 0
vt 0.726948261 0.812631071 0
vt 0.765651762 0.746589124 0
vt 0.792759955 0.703827322 0
vt 0.669582784 0.780394375 0
vt 0.797229111 0.835182369 0
vt 0.565496743 0.89971751 0
vt 0.632581115 0.92471689 0
vt 0.662232518 0.982740223 0
vt 0.691627026 0.957142711 0
vt 0.702729583 1.03102374 0
vt 0.585205615 1.00928199 0
vt 0.582771897 0.971645176 0
vt 0.532620192 0.633523643 0
vt 0.488805324 0.633864701 0
vt 0.521493077 0.657452822 0
vt 0.5276559 0.847275913 0
vt 0.497512847 0.799554706 0
vt 0.615791798 0.857739747 0
vt 0.647377312 0.78782928 0
vt 0.687118173 0.634409308 0
vt 0.777173817 0.834670305 0
vt 0.683116257 0.857844889 0
vt 0.603053689 0.910369337 0
vt 0.621198297 0.905297279 0
vt 0.689484477 0.949829996 0
vt 0.690349877 1.00108314 0
vt 0.506404996 0.729795337 0
vt 0.458356857 0.65758431 0
vt 0.474658489 0.8376472 0
vt 0.59713614 0.735946059 0
vt 0.460242808 0.858739316 0
vt 0.626172125 0.699975312 0
vt 0.620074153 0.862372518 0
vt 0.652519763 0.70575875 0
vt 0.790102184 0.761702955 0
vt 0.722679675 0.658157587 0
vt 0.668957412 0.664138436 0
vt 0.778007269 0.684401631 0
vt 0.72153616 0.674954057 0
vt 0.690609038 0.824067116 0
vt 0.607571602 0.947729647 0
vt 0.592282474 0.918212295 0
vt 0.499517113 0.665484905 0
vt 0.571684539 0.7356444 0
vt 0.594386339 0.66498524 0
vt 0.501041174 0.711582601 0
vt 0.683841527 0.840397775 0
vt 0.548191369 0.789919794 0
vt 0.627502978 0.839225233 0
vt 0.661686838 0.831544757 0
vt 0.673387408 0.743428648 0
vt 0.667995334 0.65694952 0
vt 0.705324173 0.656902254 0
vt 0.748554945 0.659202039 0
vt 0.776091635 0.813466728 0
vt 0.728126109 0.80008322 0
vt 0.654156923 0.960034966 0
vt 0.63000685 0.938395798 0
vt 0.556868911 0.681091666 0
vt 0.544890463 0.697378218 0
vt 0.574694753 0.684537172 0
vt 0.570449352 0.64385134 0
vt 0.506751239 0.690237284 0
vt 0.600189269 0.816466153 0
vt 0.601659477 0.80478847 0
vt 0.571871877 0.869472027 0
vt 0.710784674 0.770483613 0
vt 0.714097798 0.829409659 0
vt 0.469021916 0.722172737 0
vt 0.528344452 0.705458224 0
vt 0.488624007 0.756754756 0
vt 0.582354724 0.776411295 0
vt 0.60682261 0.750670254 0
vt 0.634781301 0.681090891 0
vt 0.559157848 0.838537812 0
vt 0.557088494 0.65008986 0
vt 0.648133278 0.90999341 0
vt 0.691961706 0.728551269 0
vt 0.744843543 0.676256776 0
vt 0.649533689 0.731684327 0
vt 0.580209196 0.688979745 0
vt 0.533214808 0.850124419 0
vt 0.692364216 0.77451092 0
vt 0.675509572 0.778068542 0
vt 0.484127104 0.803978145 0
vt 0.633603036 0.809662521 0
vt 0.775372565 0.775803626 0
vt 0.754474699 0.732279599 0
vt 0.756655157 0.709452569 0
vt 0.757371843 0.698246837 0
vt 0.771883786 0.675003231 0
vt 0.646662652 0.815274179 0
vt 0.657763183 0.931850076 0
vt 0.491367847 0.825251102 0
vt 0.494311184 0.845453322 0
vt 0.528048098 0.661149859 0
vt 0.480272621 0.785162628 0
vt 0.534390807 0.774763882 0
vt 0.610267758 0.724717855 0
vt 0.626119256 0.826496661 0
vt 0.578287899 0.695790827 0
vt 0.603636801 0.640990496 0
vt 0.566417515 0.777636349 0
vt 0.648530066 0.695409715 0
vt 0.563038588 0.717369199 0
vt 0.528503358 0.827664793 0
vt 0.512441158 0.809965491 0
vt 0.738974392 0.742524683 0
vt 0.759400785 0.678586781 0
vt 0.597461402 0.696607232 0
vt 0.536993802 0.762904763 0
vt 0.548821867 0.718958735 0
vt 0.543910265 0.82064116 0
vt 0.53822124 0.748357892 0
vt 0.682669818 0.912772119 0
vt 0.725488722 0.805511475 0
vt 0.78622216 0.755264223 0
vt 0.76266551 0.807344258 0
vt 0.68661952 0.917847872 0
vt 0.714160979 1.02180541 0
vt 0.708539367 1.01796579 0
vt 0.568642676 1.00646412 0
vt 0.586630285 0.985533535 0
vt 0.460113943 0.710579753 0
vt 0.541424572 0.653987706 0
vt 0.453461319 0.803667068 0
vt 0.659115016 0.804016173 0
vt 0.729457438 0.645751536 0
vt 0.60057056 0.983886421 0
vt 0.514691889 0.633702517 0
vt 0.502515852 0.641739905 0
vt 0.667162001 0.886646509 0
vt 0.61440599 0.687773347 0
vt 0.520836353 0.722940385 0
vt 0.532317042 0.792771101 0
vt 0.762375712 0.649001956 0
vt 0.587545037 0.851088047 0
vt 0.482555091 0.71863991 0
vt 0.632776082 0.790356278 0
vt 0.776829839 0.782988131 0
vt 0.696365416 0.838885784 0
vt 0.655130029 0.874536097 0
vt 0.724963009 0.707916915 0
vt 0.493281335 0.813037157 0
vt 0.673402667 0.677949965 0
vt 0.740755081 0.7663185 0
vt 0.801129043 0.741389334 0
vt 0.741003096 0.68842876 0
vt 0.585335732 0.893926203 0
vt 0.671779633 0.959267259 0
vt 0.56187284 1.02395189 0
vt 0.527034879 0.726918638 0
vt 0.57951653 0.769942522 0
vt 0.786938012 0.827224672 0
vt 0.621902108 0.809654534 0
vt 0.683976293 0.702847958 0
vt 0.5896433 0.872467756 0
vt 0.707030058 0.787922561 0
vt 0.60080111 0.787870228 0
vt 0.708102643 0.716223955 0
vt 0.688488722 0.781434894 0
vt 0.734366417 0.698030174 0
vt 0.482547849 0.77009213 0
vt 0.457308084 0.840314686 0
vt 0.489656985 0.862037659 0
vt 0.778108597 0.705603719 0
vt 0.6711151 0.918890357 0
vt 0.644200981 0.926728725 0
vt 0.677347243 1.02107942 0
vt 0.685339272 1.02121663 0
vt 0.509469032 0.791257322 0
vt 0.794756293 0.766665161 0
vt 0.653367281 0.792198956 0
vt 0.643859148 0.860443413 0
vt 0.698736072 0.987735927 0
vt 0.673702657 0.868873954 0
vt 0.638211668 0.699777663 0
vt 0.701739311 0.677405179 0
vt 0.587001503 0.883460045 0
vt 0.689329028 0.976703048 0
vt 0.475470454 0.830656409 0
vt 0.653769255 0.652005196 0
vt 0.695315003 0.680752933 0
vt 0.60328722 0.85426122 0
vt 0.495873183 0.786888361 0
vt 0.582254827 0.65170598 0
vt 0.461755216 0.664270282 0
vt 0.644860208 0.766385913 0
vt 0.640647471 0.650827706 0
vt 0.518142641 0.697874606 0
vt 0.531806231 0.679913342 0
vt 0.579507351 0.725635529 0
vt 0.541415513 0.661699653 0
vt 0.673115551 0.731170654 0
vt 0.661422908 0.738642991 0
vt 0.498186201 0.728817999 0
vt 0.640163481 0.711128652 0
vt 0.716190934 0.732866943 0
vt 0.740983069 0.820314407 0
vt 0.749484897 0.746311307 0
vt 0.639007568 0.80527097 0
vt 0.498254985 0.659181178 0
vt 0.458957434 0.648831785 0
vt 0.451119661 0.814967692 0
vt 0.533436 0.843418419 0
vt 0.788587213 0.84392184 0
vt 0.620103061 0.918769717 0
vt 0.478512704 0.672266304 0
vt 0.471601337 0.854127407 0
vt 0.650970042 0.717257023 0
vt 0.792819142 0.674992144 0
vt 0.450289011 0.756360114 0
vt 0.614906132 0.670351386 0
vt 0.678073466 0.845266283 0
vt 0.683924437 0.795098364 0
vt 0.558556437 0.869608164 0
vt 0.586665452 0.750175118 0
vt 0.621380568 0.775012612 0
vt 0.553231299 0.828906715 0
vt 0.556169391 0.644188583 0
vt 0.467207909 0.786137462 0
vt 0.637020886 0.821926057 0
vt 0.660432816 0.704872131 0
vt 0.576086938 0.757421494 0
vt 0.520843685 0.750533462 0
vt 0.685651243 1.00779223 0
vt 0.679936647 0.635587275 0
vt 0.701946557 0.821679294 0
vt 0.763759971 0.725494742 0
vt 0.533519745 0.808719277 0
vt 0.660731018 0.680671275 0
vt 0.748967111 0.689621925 0
vt 0.795849442 0.689245582 0
vt 0.694650948 0.800857961 0
vt 0.578078568 0.97637558 0
vt 0.473633021 0.811120272 0
vt 0.795706272 0.84598124 0
vt 0.677458286 0.94794333 0
vt 0.651903331 0.851584196 0
vt 0.629913151 0.858881593 0
vt 0.727165759 0.633755028 0
vt 0.609830797 0.959990621 0
vt 0.61364162 0.97924149 0
vt 0.518555164 0.668805778 0
vt 0.597551286 0.679040432 0
vt 0.606129885 0.923111498 0
vt 0.646769643 0.639856279 0
vt 0.739752173 0.781592488 0
vt 0.766748846 0.665435791 0
vt 0.602663755 0.867730379 0
vt 0.625741243 0.874965072 0
vt 0.598578393 0.81020689 0
vt 0.584492207 0.63779223 0
vt 0.624942899 0.881228566 0
vt 0.725575209 0.821274281 0
vt 0.474377036 0.735454738 0
vt 0.607916594 0.756462932 0
vt 0.57542932 0.836221933 0
vt 0.622994483 0.728591919 0
vt 0.660544455 0.884511709 0
vt 0.715364337 0.836973011 0
vt 0.776883066 0.845419943 0
vt 0.749852479 0.846571684 0
vt 0.683906317 0.958701253 0
vt 0.592089832 0.991494715 0
vt 0.518016458 0.824219286 0
vt 0.608377576 0.842404366 0
vt 0.669046044 0.77355361 0
vt 0.768868268 0.844832122 0
vt 0.641761065 0.818263769 0
vt 0.614263296 0.87105 0
vt 0.588537395 0.837127388 0
vt 0.620300055 0.946873248 0
vt 0.622390866 0.643618405 0
vt 0.663828611 0.843924403 0
vt 0.674611092 0.659023762 0
vt 0.710501432 0.72961086 0
vt 0.735473275 0.800636113 0
vt 0.719428718 0.780298233 0
vt 0.661371827 0.903717339 0
vt 0.591991782 0.723713279 0
vt 0.760139465 0.691587806 0
vt 0.6257568 0.66301477 0
vt 0.597812414 0.652801871 0
vt 0.619330108 0.697399676 0
vt 0.578436673 0.734999955 0
vt 0.538383842 0.804461777 0
vt 0.785730958 0.716233671 0
vt 0.682593584 0.95111239 0
vt 0.530982554 1.01697862 0
vt 0.787070632 0.775849104 0
vt 0.473405719 0.797456443 0
vt 0.757983983 0.757744431 0
vt 0.802097201 0.800758362 0
vt 0.565964401 0.879539371 0
vt 0.662502825 0.927118659 0
vt 0.563540697 0.905706584 0
vt 0.559337676 1.04145741 0
vt 0.697759509 0.881423295 0
vt 0.738297999 0.638040125 0
vt 0.71153909 0.653469563 0
vt 0.710161448 0.993018925 0
vt 0.605079353 0.964570642 0
vt 0.577510893 1.0073185 0
vt 0.447765708 0.662951052 0
vt 0.780075312 0.755436182 0
vt 0.720203698 0.685539126 0
vt 0.712879241 0.856927097 0
vt 0.570438623 0.903704882 0
vt 0.63333261 0.968521357 0
vt 0.508138299 0.7225492 0
vt 0.63926661 0.844595969 0
vt 0.747548044 0.782816887 0
vt 0.728121161 0.744405389 0
vt 0.780961692 0.808200538 0
vt 0.476142615 0.722657502 0
vt 0.53062588 0.803280473 0
vt 0.587357759 0.802583575 0
vt 0.770069122 0.779356658 0
vt 0.525635719 0.698228717 0
vt 0.494943142 0.752189159 0
vt 0.651805282 0.756475687 0
vt 0.648003101 0.682735085 0
vt 0.563531518 0.647231638 0
vt 0.628662169 0.732535779 0
vt 0.54790318 0.886182904 0
vt 0.639914334 0.903314173 0
vt 0.57642597 0.970413268 0
vt 0.448484153 0.727820754 0
vt 0.525826812 0.862371743 0
vt 0.626343131 0.921528339 0
vt 0.554665387 1.02062798 0
vt 0.525836647 0.745451808 0
vt 0.715929925 0.647523344 0
vt 0.744318902 0.664031446 0
vt 0.625489891 0.95002532 0
vt 0.580454588 0.917229295 0
vt 0.619239867 0.675401032 0
vt 0.635283947 0.674669087 0
vt 0.627194226 0.813987613 0
vt 0.695739329 0.667138636 0
vt 0.764338136 0.639155269 0
vt 0.542064428 0.685171485 0
vt 0.543144524 0.743370891 0
vt 0.720578849 0.815936208 0
vt 0.642776906 0.741920292 0
vt 0.683471322 0.747926056 0
vt 0.626119077 0.800472498 0
vt 0.781033456 0.766413689 0
vt 0.766258955 0.705062449 0
vt 0.739031851 0.712103724 0
vt 0.616819859 0.707650244 0
vt 0.626270473 0.833456397 0
vt 0.671748996 0.721193671 0
vt 0.516925812 0.79100287 0
vt 0.564387619 0.706746221 0
vt 0.565386951 0.858252048 0
vt 0.759922445 0.654677987 0
vt 0.640608788 0.643910587 0
vt 0.547648847 0.643549204 0
vt 0.494617999 0.638705075 0
vt 0.557279408 0.747426033 0
vt 0.713140428 0.816927493 0
vt 0.545041561 0.764435112 0
vt 0.650971293 0.79960525 0
vt 0.699129939 0.85803771 0
vt 0.696709752 0.967178464 0
vt 0.470432967 0.826008916 0
vt 0.656020701 0.744132578 0
vt 0.609959304 0.665284395 0
vt 0.641263485 0.811315477 0
vt 0.53247577 0.81504035 0
vt 0.744991958 0.701084971 0
vt 0.788778961 0.655165076 0
vt 0.611816525 0.87705934 0
vt 0.687223494 0.862062216 0
vt 0.678213179 0.887251914 0
vt 0.557494342 0.703795969 0
vt 0.468842804 0.848163247 0
vt 0.443999738 0.754821599 0
vt 0.521232188 0.873245239 0
vt 0.571306407 0.629476666 0
vt 0.621792138 0.632076144 0
vt 0.545891821 0.730809629 0
vt 0.720069766 0.800239921 0
vt 0.690010548 0.720802248 0
vt 0.801827073 0.748284101 0
vt 0.802488923 0.708477259 0
vt 0.789690793 0.685659409 0
vt 0.799803376 0.70227778 0
vt 0.796026528 0.66890049 0
vt 0.794608057 0.657384038 0
vt 0.797037721 0.794527352 0
vt 0.697302043 0.794080615 0
vt 0.636748075 0.935230494 0
vt 0.655048847 0.985912979 0
vt 0.683594108 1.0413245 0
vt 0.558414161 0.939484775 0
vt 0.690003455 0.890583456 0
vt 0.614070833 0.833755255 0
vt 0.683629632 0.629167438 0
vt 0.636485815 0.869747043 0
vt 0.59251982 0.968225539 0
vt 0.554491341 0.961609602 0
vt 0.526583493 1.02835321 0
vt 0.509854496 0.644838393 0
vt 0.547400296 0.825648725 0
vt 0.593886197 0.741340876 0
vt 0.462575376 0.845878184 0
vt 0.644336343 0.705325484 0
vt 0.713841856 0.673849642 0
vt 0.79871285 0.643246233 0
vt 0.585316896 0.906316161 0
vt 0.579760492 0.945688963 0
vt 0.666553915 0.861050308 0
vt 0.683952868 0.827044308 0
vt 0.676661551 0.750160098 0
vt 0.66094631 0.639918983 0
vt 0.759554684 0.818415582 0
vt 0.719189942 0.86115557 0
vt 0.587997615 0.865697145 0
vt 0.575095832 0.848455489 0
vt 0.486517876 0.780865073 0
vt 0.56356746 0.676523805 0
vt 0.650216222 0.858187258 0
vt 0.596545279 0.801600456 0
vt 0.762027383 0.71892029 0
vt 0.76114738 0.800924957 0
vt 0.495093226 0.715870857 0
vt 0.533353984 0.67213434 0
vt 0.494560689 0.745455086 0
vt 0.589222908 0.717842519 0
vt 0.685537159 0.727258921 0
vt 0.614692986 0.752269745 0
vt 0.634486854 0.721128225 0
vt 0.453073353 0.856823981 0
vt 0.455936939 0.752003491 0
vt 0.504124105 0.768688262 0
vt 0.733407021 0.739004433 0
vt 0.786057115 0.705021024 0
vt 0.791052222 0.83203584 0
vt 0.659999788 0.944313228 0
vt 0.649156809 0.980501294 0
vt 0.67859596 0.969660163 0
vt 0.466291249 0.700927198 0
vt 0.528232694 0.639752805 0
vt 0.476972669 0.804829419 0
vt 0.636448681 0.784945011 0
vt 0.660199821 0.786857069 0
vt 0.591663182 0.910516441 0
vt 0.483463258 0.647054553 0
vt 0.453702599 0.636259973 0
vt 0.467407078 0.858952761 0
vt 0.608508289 0.70008415 0
vt 0.758048534 0.829336286 0
vt 0.683267176 0.813653052 0
vt 0.662537813 0.976085484 0
vt 0.60135144 0.927483201 0
vt 0.59034431 0.940597773 0
vt 0.492497593 0.664343834 0
vt 0.443647206 0.77379787 0
vt 0.595437586 0.70259887 0
vt 0.681449533 0.783271015 0
vt 0.581630409 0.833234906 0
vt 0.585582852 0.630529463 0
vt 0.665054679 0.644474864 0
vt 0.535187423 0.685766101 0
vt 0.57676816 0.672901809 0
vt 0.496896595 0.770613313 0
vt 0.613770127 0.801437438 0
vt 0.55850172 0.853860795 0
vt 0.73405689 0.776700914 0
vt 0.460633785 0.73544383 0
vt 0.531407654 0.712511182 0
vt 0.49260518 0.763764679 0
vt 0.654019535 0.737834275 0
vt 0.66925317 0.736983299 0
vt 0.601735294 0.771718442 0
vt 0.696179867 0.718124509 0
vt 0.707996607 0.74157393 0
vt 0.713285089 0.711739123 0
vt 0.727537632 0.737195313 0
vt 0.760656714 0.742643774 0
vt 0.656615019 0.827551067 0
vt 0.526515484 0.772917092 0
vt 0.554369926 0.863927245 0
vt 0.763946652 0.672486365 0
vt 0.559852004 0.734058619 0
vt 0.601226032 0.718940914 0
vt 0.571808755 1.00116873 0
vt 0.473889828 0.789456844 0
vt 0.727595508 0.652503908 0
vt 0.579042256 0.751706898 0
vt 0.521221578 0.703670323 0
vt 0.638683319 0.794787049 0
vt 0.723516583 0.701855898 0
vt 0.491419196 0.805584848 0
vt 0.673961282 0.685255289 0
vt 0.793843687 0.725132585 0
vt 0.466244966 0.689266384 0
vt 0.469698161 0.696222126 0
vt 0.546150088 0.851989806 0
vt 0.548450112 0.757354736 0
vt 0.514768183 0.784616828 0
vt 0.757393003 0.64322114 0
vt 0.60245049 0.88390857 0
vt 0.676423669 0.8573367 0
vt 0.625373304 0.706701756 0
vt 0.5976758 0.941434085 0
vt 0.590921581 0.954963028 0
vt 0.555293918 0.788254738 0
vt 0.483221859 0.725062013 0
vt 0.581720352 0.789046466 0
vt 0.463463128 0.653465867 0
vt 0.521097422 0.67435354 0
vt 0.778609276 0.670760334 0
vt 0.58368665 0.756611407 0
vt 0.462720245 0.778835654 0
vt 0.667862773 0.826735139 0
vt 0.656663418 0.810691237 0
vt 0.694659173 0.818911254 0
vt 0.66570121 0.675777853 0
vt 0.64763248 0.647079825 0
vt 0.750293851 0.728560448 0
vt 0.518445253 0.771375239 0
vt 0.724290967 0.849833429 0
vt 0.526293695 0.816265941 0
vt 0.610478759 0.852962255 0
vt 0.691526115 0.85732764 0
vt 0.561200738 0.759617805 0
vt 0.600728869 0.73072952 0
vt 0.607268453 0.68944931 0
vt 0.674482942 0.651560903 0
vt 0.470857441 0.804722488 0
vt 0.669088185 0.9267537 0
vt 0.535101771 0.867693484 0
vt 0.580745161 1.01508129 0
vt 0.576979458 0.939101219 0
vt 0.72735405 0.834199131 0
vt 0.622668028 0.669677556 0
vt 0.551625013 0.677632809 0
vt 0.522031665 0.785257459 0
vt 0.71116513 0.700365603 0
vt 0.537638485 0.698486328 0
vt -0.958523452 0.623474658 0
vt -0.913506866 0.784333169 0
vt -0.862980008 0.665608704 0
vt -0.972046077 0.771499991 0
vt -0.955359459 0.853632212 0
vt -0.827077329 0.923308015 0
vt -0.880031884 0.932543457 0
vt -0.875376701 0.977994323 0
vt -0.982974172 0.818740845 0
vt -0.700439334 0.724687517 0
vt -0.845109642 0.794121385 0
vt -0.684035599 0.831815064 0
vt -0.764609277 0.845843971 0
vt -0.700449109 0.884934068 0
vt -0.755786657 0.960952103 0
vt -0.69651252 1.03099918 0
vt -0.634579599 0.798365414 0
vt -0.62867558 0.828671336 0
vt -0.643663168 0.851829231 0
vt -0.63696593 0.678243756 0
vt -0.696458876 0.674089253 0
vt -0.644043624 0.627579212 0
vt -0.909135103 0.637392282 0
vt -0.911857843 0.720929325 0
vt -0.954586267 0.779530108 0
vt -0.912853539 0.872979343 0
vt -0.86616987 0.896554708 0
vt -0.870335817 0.920987606 0
vt -0.895193338 0.99828434 0
vt -0.946030736 0.803400993 0
vt -0.977038324 0.85090071 0
vt -0.879637957 0.716310263 0
vt -0.803020418 0.663408339 0
vt -0.656841993 0.737823725 0
vt -0.67098701 0.759344816 0
vt -0.795308709 0.90628767 0
vt -0.75043267 0.893718302 0
vt -0.740551829 0.933848798 0
vt -0.722896457 0.972656965 0
vt -0.633335054 0.780473888 0
vt -0.707063258 0.622711658 0
vt -0.716947079 0.686698616 0
vt -0.712794304 0.645794928 0
vt -0.91167742 0.675184965 0
vt -0.900520086 0.692225039 0
vt -0.933764637 0.625409365 0
vt -0.89470464 0.783111751 0
vt -0.855889738 0.707296968 0
vt -0.944948792 0.741283417 0
vt -0.920693159 0.903107822 0
vt -0.917559803 0.830333471 0
vt -0.91198957 0.918217182 0
vt -0.932371378 0.82663399 0
vt -0.900295079 0.765677273 0
vt -0.786422908 0.861442506 0
vt -0.824234307 0.899476945 0
vt -0.849256039 0.781085193 0
vt -0.769144177 0.901070416 0
vt -0.649056435 0.770722389 0
vt -0.700606346 0.654236078 0
vt -0.72053957 0.621765196 0
vt -0.885243833 0.668662846 0
vt -0.926139474 0.688590229 0
vt -0.909181237 0.743819714 0
vt -0.937402725 0.758646429 0
vt -0.897938907 0.871031046 0
vt -0.860076547 0.758704126 0
vt -0.831974149 0.746196568 0
vt -0.857222497 0.63263911 0
vt -0.828947902 0.802048564 0
vt -0.787196398 0.812963784 0
vt -0.707602322 0.915803432 0
vt -0.681927562 0.805461109 0
vt -0.707970381 0.852028728 0
vt -0.717800021 0.775749445 0
vt -0.663291872 0.800540328 0
vt -0.675940275 0.665477097 0
vt -0.840992033 0.712759852 0
vt -0.885933816 0.653078437 0
vt -0.801463842 0.842854142 0
vt -0.705727935 0.813530445 0
vt -0.700162649 0.824405968 0
vt -0.673804522 0.874421537 0
vt -0.658074737 0.655666053 0
vt -0.75325495 0.623207569 0
vt -0.781051457 0.645982742 0
vt -0.753682494 0.642573416 0
vt -0.741743922 0.675825179 0
vt -0.780954242 0.693692744 0
vt -0.746833384 0.701653123 0
vt -0.769584239 0.749829888 0
vt -0.764563203 0.720327556 0
vt -0.972744823 0.639912903 0
vt -0.922348261 0.622958064 0
vt -0.980683267 0.690060914 0
vt -0.939713418 0.623094857 0
vt -0.930403948 0.738936126 0
vt -0.818453968 0.62643224 0
vt -0.94653821 0.878046751 0
vt -0.937563479 0.89394474 0
vt -0.889373899 0.948453009 0
vt -0.853370547 0.951172113 0
vt -0.84665513 0.972409844 0
vt -0.869214118 0.950112522 0
vt -0.893380404 0.987985253 0
vt -0.892353058 1.02936065 0
vt -0.952137709 0.792571783 0
vt -0.98411715 0.837567627 0
vt -0.795190275 0.621663868 0
vt -0.76938206 0.790120482 0
vt -0.706276596 0.760585308 0
vt -0.68908602 0.892697453 0
vt -0.732595205 0.8463642 0
vt -0.758979499 0.972486079 0
vt -0.726840079 1.03111649 0
vt -0.661169469 0.867136896 0
vt -0.73182565 0.666010439 0
vt -0.679003775 0.679364502 0
vt -0.689844608 0.616173625 0
vt -0.635376036 0.706553817 0
vt -0.873421431 0.849856853 0
vt -0.893495321 0.82646966 0
vt -0.889989853 0.854468524 0
vt -0.854614139 0.902258456 0
vt -0.849426031 0.99354279 0
vt -0.772966862 0.619558752 0
vt -0.846140325 0.867932439 0
vt -0.85874939 0.7184214 0
vt -0.695356548 0.858408689 0
vt -0.812601209 0.73217082 0
vt -0.743541121 0.839982152 0
vt -0.740962267 0.883067489 0
vt -0.719437063 0.992211044 0
vt -0.748340905 0.98850745 0
vt -0.693730116 0.825274229 0
vt -0.907016516 0.65326941 0
vt -0.884790301 0.903807402 0
vt -0.947592318 0.840551078 0
vt -0.862540722 0.921829343 0
vt -0.910046875 0.994156539 0
vt -0.936694205 0.794791102 0
vt -0.939494729 0.815954924 0
vt -0.849674761 0.687920451 0
vt -0.846970081 0.924950004 0
vt -0.799057364 0.884013116 0
vt -0.80470717 0.812287331 0
vt -0.739801288 0.914350927 0
vt -0.77269423 0.814640343 0
vt -0.647766709 0.81052196 0
vt -0.657201707 0.621456444 0
vt -0.932021677 0.714053571 0
vt -0.950966477 0.798454344 0
vt -0.844421566 0.699997663 0
vt -0.917070866 0.844742537 0
vt -0.899120688 0.835923553 0
vt -0.92511636 0.866426408 0
vt -0.865595579 0.90216732 0
vt -0.867395282 0.975854576 0
vt -0.779207766 0.715161443 0
vt -0.777959287 0.678441644 0
vt -0.797314227 0.781673133 0
vt -0.861100614 0.773262143 0
vt -0.717527986 0.933714926 0
vt -0.716532707 0.882098198 0
vt -0.758135319 0.787406683 0
vt -0.66198504 0.698241055 0
vt -0.947017252 0.645676553 0
vt -0.878035605 0.669847667 0
vt -0.911788225 0.705473304 0
vt -0.983776867 0.753177404 0
vt -0.819062054 0.773085475 0
vt -0.812451422 0.838858545 0
vt -0.82975477 0.816326976 0
vt -0.810005903 0.806626439 0
vt -0.854211867 0.811882198 0
vt -0.711618125 0.815699518 0
vt -0.667213738 0.703108966 0
vt -0.862880051 0.642267346 0
vt -0.788170993 0.854760706 0
vt -0.718343437 0.805060863 0
vt -0.691302836 0.831810355 0
vt -0.711820126 0.831436515 0
vt -0.66662246 0.853823185 0
vt -0.644718468 0.690574288 0
vt -0.720610261 0.790508866 0
vt -0.754984558 0.928835869 0
vt -0.725312114 0.732890964 0
vt -0.807525814 0.708082855 0
vt -0.8039276 0.752777398 0
vt -0.739887714 0.73645848 0
vt -0.786733747 0.746861279 0
vt -0.949734926 0.663906753 0
vt -0.951539397 0.697192848 0
vt -0.796738625 0.635403275 0
vt -0.797533572 0.712748528 0
vt -0.742708445 0.810697973 0
vt -0.801985919 0.791921914 0
vt -0.732668519 0.816095531 0
vt -0.831215203 0.896669209 0
vt -0.793695152 0.761083543 0
vt -0.728623748 0.860589683 0
vt -0.877773345 0.76684761 0
vt -0.795144558 0.724108517 0
vt -0.75562036 0.647621036 0
vt -0.785802126 0.769735157 0
vt -0.938543558 0.664867401 0
vt -0.887040138 0.689580262 0
vt -0.75194186 0.689924955 0
vt -0.733286619 0.760832369 0
vt -0.748022318 0.663136721 0
vt -0.785757482 0.788306713 0
vt -0.734555602 0.786203086 0
vt -0.752422094 0.777704477 0
vt -0.976616204 0.657121539 0
vt -0.980562508 0.674541652 0
vt -0.981198311 0.713555813 0
vt -0.987811327 0.729022205 0
vt -0.888140976 0.964615464 0
vt -0.795261741 0.922170937 0
vt -0.723703623 0.674989641 0
vt -0.829852462 0.845013499 0
vt -0.960117757 0.783667505 0
vt -0.861818373 0.860607982 0
vt -0.689678609 0.875575125 0
vt -0.669934213 0.77737385 0
vt -0.651645064 0.828264296 0
vt -0.882107079 0.914670646 0
vt -0.975024223 0.843334436 0
vt -0.74172157 0.958940327 0
vt -0.735502601 0.974302351 0
vt -0.944175303 0.828243434 0
vt -0.767730951 0.744051814 0
vt -0.787494898 0.886502206 0
vt -0.639514506 0.782818258 0
vt -0.711833537 0.662214041 0
vt -0.850702703 0.670815229 0
vt -0.656899512 0.788504183 0
vt -0.754475951 0.82669884 0
vt -0.683727026 0.850592136 0
vt -0.77345866 0.936368763 0
vt -0.808241725 0.765852511 0
vt -0.750400722 0.750395715 0
vt -0.965632975 0.729775071 0
vt -0.852020204 0.967537582 0
vt -0.760155439 0.80350244 0
vt -0.900892138 0.856407285 0
vt -0.967478275 0.692369163 0
vt -0.865670979 0.670545518 0
vt -0.653024673 0.814876378 0
vt -0.864733219 0.727589011 0
vt -0.847392678 0.646669447 0
vt -0.819792569 0.749159455 0
vt -0.765657127 0.737656057 0
vt -0.789907336 0.710731506 0
vt -0.763240993 0.871941268 0
vt -0.845845819 0.875192463 0
vt -0.987397432 0.635889769 0
vt -0.989109039 0.842313647 0
vt -0.7475034 0.767039359 0
vt -0.634370267 0.619611979 0
vt -0.716854215 0.956249654 0
vt -0.702069342 1.01551259 0
vt -0.910590947 0.803207219 0
vt -0.963778377 0.764340639 0
vt -0.839432955 0.77364105 0
vt -0.633581698 0.810567617 0
vt -0.648424387 0.840026796 0
vt -0.713665724 0.680526674 0
vt -0.727653086 0.632955015 0
vt -0.906495512 0.785220504 0
vt -0.814106703 0.893370509 0
vt -0.757452846 0.903888226 0
vt -0.938834965 0.630187988 0
vt -0.839443862 0.736852944 0
vt -0.728177428 0.907027483 0
vt -0.777708113 0.657238364 0
vt -0.659900427 0.843753517 0
vt -0.741903484 0.639069378 0
vt -0.711651206 0.733160377 0
vt -0.713245451 0.704340696 0
vt -0.919859707 0.736609221 0
vt -0.817565739 0.644120514 0
vt -0.937519848 0.866125405 0
vt -0.883292079 0.993578911 0
vt -0.710364044 1.01625311 0
vt -0.745265663 1.00729632 0
vt -0.675845742 0.868771791 0
vt -0.654475093 0.674368978 0
vt -0.892650783 0.652853906 0
vt -0.731130958 0.833111346 0
vt -0.722206473 0.903283358 0
vt -0.976329327 0.680195868 0
vt -0.929706693 0.796147168 0
vt -0.651300609 0.748042703 0
vt -0.722348511 0.939259946 0
vt -0.903686225 0.66353184 0
vt -0.908239663 0.89145416 0
vt -0.879710913 0.735551834 0
vt -0.820863307 0.657748222 0
vt -0.811437249 0.66934526 0
vt -0.825468719 0.822881222 0
vt -0.70158726 0.78521204 0
vt -0.671363533 0.843123019 0
vt -0.747796297 0.720353484 0
vt -0.788350761 0.754984617 0
vt -0.790603518 0.668630064 0
vt -0.761018753 0.84038341 0
vt -0.784469426 0.739443541 0
vt -0.645375371 0.793455601 0
vt -0.827360392 0.759900987 0
vt -0.929334044 0.622523427 0
vt -0.982483566 0.696195006 0
vt -0.982726753 0.766984165 0
vt -0.926161647 0.892691016 0
vt -0.839044333 0.953559458 0
vt -0.893198073 0.935759008 0
vt -0.898393989 0.992252231 0
vt -0.768136501 0.95497638 0
vt -0.700716019 1.00443816 0
vt -0.739680409 1.02659798 0
vt -0.644646168 0.655498743 0
vt -0.898048878 0.958756506 0
vt -0.883446038 1.03069711 0
vt -0.857722819 0.744344056 0
vt -0.850575447 0.891519427 0
vt -0.712877452 0.982447803 0
vt -0.634661376 0.840363681 0
vt -0.929325879 0.813639224 0
vt -0.805550933 0.837335885 0
vt -0.758474946 0.883407354 0
vt -0.760614395 0.933659494 0
vt -0.732508659 0.912854671 0
vt -0.632324696 0.774440587 0
vt -0.845239222 0.676030636 0
vt -0.870947063 1.01083207 0
vt -0.953985095 0.817139447 0
vt -0.949836731 0.864476562 0
vt -0.693097353 0.679442883 0
vt -0.86682564 0.659873843 0
vt -0.870444298 0.798160434 0
vt -0.818685889 0.795531332 0
vt -0.769816935 0.925975204 0
vt -0.725142598 0.836713433 0
vt -0.79002589 0.847736955 0
vt -0.737702668 0.670814693 0
vt -0.744901478 0.694460094 0
vt -0.763745368 0.69624579 0
vt -0.909180462 0.626017809 0
vt -0.956276178 0.745655 0
vt -0.892152548 0.982329965 0
vt -0.724759281 0.955316186 0
vt -0.758516729 1.01164639 0
vt -0.859558344 0.815306902 0
vt -0.692148209 0.842399061 0
vt -0.948964357 0.754920185 0
vt -0.889582932 0.910120666 0
vt -0.832544148 0.929905713 0
vt -0.641729832 0.633779526 0
vt -0.908274353 0.854208052 0
vt -0.774419188 0.711531639 0
vt -0.822104454 0.632507443 0
vt -0.925835073 0.670987844 0
vt -0.904462576 0.704362094 0
vt -0.863926888 0.631170452 0
vt -0.763345122 0.675513804 0
vt -0.9615134 0.654336035 0
vt -0.942592382 0.724195838 0
vt -0.859622359 0.897886634 0
vt -0.775047958 0.64291048 0
vt -0.879951656 0.686834574 0
vt -0.836670518 0.854704916 0
vt -0.936555386 0.887654781 0
vt -0.661558509 0.633887708 0
vt -0.768141091 0.766630471 0
vt -0.840236485 0.865948975 0
vt -0.646710396 0.762847364 0
vt -0.882719517 0.944580495 0
vt -0.936813116 0.836621583 0
vt -0.761452615 0.665046215 0
vt -0.823779762 0.835999966 0
vt -0.985860229 0.61679858 0
vt -0.977294564 0.719822109 0
vt -0.819127142 0.621195018 0
vt -0.817994654 0.913940907 0
vt -0.710586071 0.754954815 0
vt -0.783655584 0.911843777 0
vt -0.790901601 0.934536457 0
vt -0.668490112 0.871097088 0
vt -0.734211206 0.621705055 0
vt -0.671518207 0.691265523 0
vt -0.976115823 0.778603017 0
vt -0.643978298 0.737806439 0
vt -0.809106052 0.718382001 0
vt -0.886042893 1.02415538 0
vt -0.669795632 0.752849758 0
vt -0.880861878 0.78183043 0
vt -0.762779236 0.897554755 0
vt -0.777706206 0.894925356 0
vt -0.726728499 0.996132016 0
vt -0.965910673 0.80956161 0
vt -0.905755281 0.74936372 0
vt -0.871826172 0.757237017 0
vt -0.86046505 0.76547879 0
vt -0.746607065 0.620338559 0
vt -0.903184593 0.742111206 0
vt -0.934830189 0.751220167 0
vt -0.90098995 0.81133008 0
vt -0.684082925 0.781262219 0
vt -0.680040956 0.793195069 0
vt -0.646497369 0.782364547 0
vt -0.846877754 0.717218041 0
vt -0.768262982 0.669297934 0
vt -0.657357812 0.861915648 0
vt -0.707966328 0.727058172 0
vt -0.734260738 0.659446776 0
vt -0.750580668 0.714833021 0
vt -0.682703018 0.884992599 0
vt -0.730802417 0.888668716 0
vt -0.628364384 0.835940003 0
vt -0.753862441 0.668075442 0
vt -0.652390003 0.688615739 0
vt -0.959192336 0.666731715 0
vt -0.906006634 0.843897283 0
vt -0.883277535 0.845439255 0
vt -0.759943426 0.632163167 0
vt -0.773102105 0.826659024 0
vt -0.976734996 0.700520217 0
vt -0.977989376 0.760548472 0
vt -0.850826561 0.698096275 0
vt -0.639101505 0.750000119 0
vt -0.777391672 0.832952857 0
vt -0.872436166 0.716916442 0
vt -0.923147917 0.703440428 0
vt -0.850482523 0.743532836 0
vt -0.856382787 0.992157519 0
vt -0.787961245 0.703688681 0
vt -0.779203057 0.685986638 0
vt -0.822281301 0.726142764 0
vt -0.812719107 0.759859145 0
vt -0.857614815 0.77964431 0
vt -0.866244018 0.768400848 0
vt -0.848751664 0.640235662 0
vt -0.846537948 0.761778891 0
vt -0.818105936 0.832804739 0
vt -0.695331931 0.895042241 0
vt -0.69612968 0.807168007 0
vt -0.707382083 0.802820742 0
vt -0.725433171 0.817726612 0
vt -0.638843179 0.659278035 0
vt -0.720040202 0.74532932 0
vt -0.801242113 0.726842046 0
vt -0.758560479 0.725278139 0
vt -0.826608419 0.680839002 0
vt -0.863560736 0.708694756 0
vt -0.763472676 0.637226999 0
vt -0.791044772 0.792218566 0
vt -0.786702633 0.775528312 0
vt -0.956626534 0.722601295 0
vt -0.935899734 0.872351348 0
vt -0.859793961 0.848381102 0
vt -0.74209398 0.983666539 0
vt -0.78350383 0.727089047 0
vt -0.853399694 0.726902425 0
vt -0.77784127 0.636001647 0
vt -0.905207038 0.868361592 0
vt -0.772542655 0.796525836 0
vt -0.862099111 0.653946936 0
vt -0.755785704 0.745146751 0
vt -0.749468446 0.866239429 0
vt -0.844041288 0.889601171 0
vt -0.983177722 0.805929184 0
vt -0.639114618 0.847017288 0
vt -0.720104516 0.643276632 0
vt -0.80179739 0.805912673 0
vt -0.721557796 0.655141234 0
vt -0.695516288 0.781982839 0
vt -0.754402697 0.770712733 0
vt -0.741112947 1.00034797 0
vt -0.681631267 0.873124778 0
vt -0.870288312 0.998532057 0
vt -0.803353608 0.686239183 0
vt -0.745317221 0.731405854 0
vt -0.782077134 0.674909651 0
vt -0.776711822 0.751500189 0
vt -0.900837779 0.623644352 0
vt -0.877319694 1.02672827 0
vt -0.689936996 0.648234308 0
vt -0.88294512 0.950873196 0
vt -0.986264646 0.623360753 0
vt -0.988754332 0.679845273 0
vt -0.935304642 0.617696762 0
vt -0.901590347 0.951533556 0
vt -0.859889805 0.974534154 0
vt -0.991136134 0.829325378 0
vt -0.701382279 0.755411029 0
vt -0.801156402 0.910793304 0
vt -0.637087941 0.816981077 0
vt -0.628340185 0.751771986 0
vt -0.633967459 0.717365623 0
vt -0.649075568 0.631978154 0
vt -0.654439211 0.615241468 0
vt -0.629206538 0.615515471 0
vt -0.981477499 0.747080624 0
vt -0.957045794 0.875119925 0
vt -0.84529537 0.987723649 0
vt -0.865449488 1.03457224 0
vt -0.655045986 0.808718622 0
vt -0.893284261 0.680685163 0
vt -0.926848829 0.802764595 0
vt -0.843766809 0.801629603 0
vt -0.842327833 0.689636171 0
vt -0.657782495 0.745100498 0
vt -0.78849721 0.873720109 0
vt -0.82400912 0.778476477 0
vt -0.77948302 0.88835448 0
vt -0.763278425 0.791290462 0
vt -0.932610869 0.819487572 0
vt -0.860117912 0.966935515 0
vt -0.962614536 0.854381025 0
vt -0.662663102 0.733187437 0
vt -0.750447571 0.912491143 0
vt -0.681487143 0.825765252 0
vt -0.906205654 0.71056658 0
vt -0.819687128 0.681435585 0
vt -0.818936467 0.705954969 0
vt -0.818149865 0.781019509 0
vt -0.888405979 0.660158575 0
vt -0.818528354 0.859676957 0
vt -0.849810004 0.78855139 0
vt -0.8421067 0.706121445 0
vt -0.693247557 0.711878181 0
vt -0.762390137 0.965195417 0
vt -0.687298954 0.815150619 0
vt -0.720625997 0.822731197 0
vt -0.649795949 0.694933951 0
vt -0.790516078 0.626440704 0
vt -0.733289659 0.718335152 0
vt -0.741396248 0.70676744 0
vt -0.799152792 0.702344358 0
vt -0.812858701 0.770913243 0
vt -0.902043939 0.616141319 0
vt -0.915486515 0.634266317 0
vt -0.952058792 0.618542731 0
vt -0.968677104 0.776875794 0
vt -0.84506613 0.932128251 0
vt -0.688088059 0.770667374 0
vt -0.733864844 0.954575777 0
vt -0.905478358 0.643363237 0
vt -0.86513412 0.831789315 0
vt -0.798079312 0.750952959 0
vt -0.743163645 0.97640413 0
vt -0.976751029 0.7532534 0
vt -0.877637923 0.989107549 0
vt -0.933929741 0.801466346 0
vt -0.826449335 0.795719564 0
vt -0.749358594 0.956527054 0
vt -0.650245845 0.821106613 0
vt -0.636931777 0.638461113 0
vt -0.953701615 0.644837499 0
vt -0.959916592 0.861305594 0
vt -0.892774403 0.757619798 0
vt -0.78016448 0.663683116 0
vt -0.82757169 0.662392616 0
vt -0.877086282 0.774518549 0
vt -0.695545495 0.863722324 0
vt -0.909053683 0.692146003 0
vt -0.808956444 0.824932456 0
vt -0.844806731 0.835670054 0
vt -0.791139185 0.819516361 0
vt -0.69893986 0.796102703 0
vt -0.676871181 0.831414282 0
vt -0.714863658 0.78704375 0
vt -0.724805951 0.686757743 0
vt -0.726982474 0.749835134 0
vt -0.828346193 0.71233052 0
vt -0.81395787 0.746777952 0
vt -0.794924259 0.64215219 0
vt -0.756670713 0.845721364 0
vt -0.869653642 0.698082745 0
vt -0.717787623 0.875127256 0
vt -0.830012798 0.837204516 0
vt -0.944683909 0.699492216 0
vt -0.937079549 0.719116211 0
vt -0.883242965 0.87410897 0
vt -0.972430646 0.666579008 0
vt -0.974158943 0.713029265 0
vt -0.784747481 0.893583 0
vt -0.761546731 0.915804923 0
vt -0.789539337 0.63830775 0
vt -0.682283223 0.865364015 0
vt -0.726279795 0.944202065 0
vt -0.663534045 0.643907249 0
vt -0.950531185 0.828417957 0
vt -0.843580008 0.669118941 0
vt -0.923330843 0.639176011 0
vt -0.850657582 0.957620263 0
vt -0.749614775 0.812235653 0
vt -0.879933298 0.82877928 0
vt -0.919091761 0.864565134 0
vt -0.870677769 0.679585338 0
vt -0.664504468 0.818150699 0
vt -0.886604607 0.746009767 0
vt -0.966408491 0.825003266 0
vt -0.708141744 0.859792888 0
vt -0.637019873 0.614197552 0
vt -0.953541577 0.766992092 0
vt -0.902012467 0.779639781 0
vt -0.637084663 0.80464226 0
vt -0.629922569 0.8039276 0
vt -0.925146043 0.791199565 0
vt -0.75373292 0.657597363 0
vt -0.815583587 0.63667649 0
vt -0.942037046 0.853271425 0
vt -0.713776648 0.91259414 0
vt -0.879128098 0.729131043 0
vt -0.635897517 0.631505728 0
vt -0.736427605 0.724286675 0
vt -0.861729026 0.837409854 0
vt -0.988692582 0.763724983 0
vt -0.73126924 1.0254761 0
vt -0.674812317 0.639315486 0
vt -0.746543109 0.670493543 0
vt -0.909885168 0.72719866 0
vt -0.824529529 0.933908761 0
vt -0.640535176 0.810983777 0
vt -0.969177783 0.659961939 0
vt -0.828733861 0.863436043 0
vt -0.95239377 0.689950585 0
vt -0.780032575 0.762015581 0
vt -0.767240405 0.662163198 0
vt -0.70665139 0.820166767 0
vt -0.891802549 0.713462174 0
vt -0.770884693 0.895896792 0
vt -0.775322437 0.790552914 0
vt -0.770667613 0.675833821 0
vt -0.848465502 0.945386648 0
vt -0.850694895 0.731698215 0
vt -0.630158186 0.656713963 0
vt -0.714918256 0.769567847 0
vt -0.712951601 0.822444201 0
vt -0.738432288 0.835959315 0
vt -0.738100648 0.84256041 0
vt -0.796072245 0.731105745 0
vt -0.720927536 0.847994685 0
vt -0.888154089 0.627808213 0
vt 0.628805935 0.643204212 0
vt -0.897360623 0.645986915 0
vt 0.683122218 0.898673058 0
vt 0.572873116 0.691296697 0
vt 0.695101202 0.981747568 0
vt 0.654483914 0.65875113 0
vt 0.609454274 0.894719541 0
vt -0.750022709 0.844108701 0
vt -0.744796455 0.833190203 0
vt -0.891341269 0.720455348 0
vt -0.830051363 0.752787828 0
vt 0.560388982 0.993555009 0
vt 0.775790334 0.827601135 0
vt -0.638195395 0.854681253 0
vt -0.819849014 0.760073602 0
vt 0.681682169 0.976697922 0
vt -0.834895968 0.757142007 0
vt -0.733623385 0.826597095 0
vt 0.71277988 0.747250795 0
vt -0.809449852 0.741976738 0
vt 0.698524833 0.629012942 0
vt -0.744199872 0.84658891 0
vt -0.643608153 0.8048262 0
vt 0.58065027 0.924693942 0
vt 0.567775309 0.983709574 0
vt 0.604718268 0.713083148 0
vt 0.591221094 0.896714151 0
vt 0.453585178 0.793131411 0
vt -0.67789048 0.853666365 0
vt 0.687396407 0.903389454 0
vt -0.707238138 0.909552515 0
vt -0.903195441 0.657551348 0
vt -0.650308609 0.850795031 0
vt -0.902322888 0.910578609 0
vt 0.684935689 0.92896533 0
vt -0.83641094 0.767766774 0
vt -0.656858861 0.647687256 0
vt 0.59609431 0.892552435 0
vt 0.774732769 0.806122482 0
vt 0.448844671 0.787899017 0
vt -0.736392498 0.798705757 0
vt -0.900458157 0.669710219 0
vt 0.442989439 0.861092448 0
vt -0.654540241 0.868455648 0
vt 0.63646543 0.962706327 0
vt 0.512921035 0.663718045 0
vt -0.829433441 0.766845345 0
vt -0.955598474 0.677062154 0
vt -0.929792583 0.847858787 0
vt 0.595528305 0.760221779 0
vt -0.790786982 0.735547841 0
vt 0.763462901 0.660132289 0
vt -0.628804088 0.815611899 0
vt -0.86722219 1.0053575 0
vt 0.578922331 0.894948542 0
vt -0.910192847 0.820890903 0
vt -0.727662504 0.787082016 0
vt -0.677171409 0.755929947 0
vt -0.763894379 0.731469035 0
vt 0.622844577 0.680248737 0
vt 0.744962156 0.707685113 0
vt 0.641758323 0.678734124 0
vt 0.654193282 0.912390649 0
vt -0.890077114 0.805307984 0
vt -0.884722233 0.810480297 0
vt -0.80149895 0.679884315 0
vt -0.737977207 0.94073993 0
vt 0.677223802 0.810817242 0
vt -0.801856816 0.74708724 0
vt -0.716272295 0.811314225 0
vt -0.754743457 0.839501321 0
vt 0.567241251 0.838050842 0
vt -0.73216939 0.83935231 0
vt 0.781387627 0.840520918 0
vt -0.958239496 0.616723537 0
vt 0.634389043 0.688207567 0
vt 0.74990505 0.718362808 0
vt 0.502173841 0.82966876 0
vt -0.955133855 0.786740601 0
vt -0.679064333 0.707970262 0
vt 0.773592055 0.839828789 0
vt 0.575306416 0.920947492 0
vt 0.670471549 0.798435152 0
vt 0.64111501 0.685612917 0
vt 0.700946629 0.814156413 0
vt -0.857799709 0.853934705 0
vt -0.891646802 0.72735244 0
vt -0.832772613 0.882023931 0
vt -0.638603032 0.791454971 0
vt -0.876722753 0.887409627 0
vt 0.68793118 0.801301897 0
vt -0.645436108 0.84582144 0
vt 0.743749261 0.634169757 0
vt -0.896893442 0.67553395 0
vt -0.734187424 0.923945606 0
vt 0.640741408 0.96958524 0
vt -0.677897871 0.84652698 0
vt -0.889441431 0.646504939 0
vt 0.580356717 0.909822702 0
vt 0.648202896 0.97284317 0
vt -0.92846477 0.616490006 0
vt 0.59884268 0.991048694 0
vt -0.746382594 1.04394042 0
vt -0.710143924 0.975536764 0
vt -0.62747401 0.671334207 0
vt -0.764580846 0.755126059 0
vt -0.720604599 0.860067785 0
vt 0.701611102 0.753611743 0
vt 0.611774862 0.74098289 0
vt 0.633863807 0.627600729 0
vt 0.462574631 0.717648029 0
vt -0.684008002 0.751706064 0
vt -0.808700919 0.879077911 0
vt -0.741888344 0.927056134 0
vt 0.679878592 0.925658047 0
vt -0.936631322 0.637537897 0
vt -0.871193767 0.957234859 0
vt 0.558655679 0.777973175 0
vt 0.607576072 0.787967622 0
vt -0.931907594 0.898136199 0
vt -0.720915437 0.692438841 0
vt 0.443569332 0.656484544 0
vt 0.547243714 0.65674752 0
vt 0.782916963 0.832710385 0
vt 0.482084125 0.86149925 0
vt 0.565297902 0.865764797 0
vt -0.643190444 0.859486341 0
vt -0.830506384 0.789646447 0
vt 0.691125154 0.628323317 0
vt 0.550600052 0.869128525 0
vt -0.748250425 0.859048784 0
vt 0.587156296 0.810391366 0
vt -0.689598739 0.848335266 0
vt -0.865963578 0.815451264 0
vt 0.583688915 0.644991279 0
vt 0.803080499 0.82600987 0
vt 0.706768394 0.802685022 0
vt 0.800754488 0.73492682 0
vt -0.633577049 0.673540771 0
vt -0.835317492 0.778655827 0
vt 0.605358481 0.899903595 0
vt 0.458714128 0.798765361 0
vt -0.789591312 0.917048633 0
vt 0.606840014 0.799664378 0
vt 0.505265832 0.822824121 0
vt 0.573491514 0.815015078 0
vt -0.723422468 0.667926848 0
vt 0.523631155 0.738117158 0
vt -0.80911237 0.86680007 0
vt -0.920876265 0.894947886 0
vt 0.612423062 0.992550671 0
vt -0.816416621 0.754045784 0
vt -0.714203715 0.62578702 0
vt -0.887361407 0.786316574 0
vt -0.814331472 0.676090598 0
vt -0.838990331 0.941591978 0
vt -0.825150311 0.91642946 0
vt -0.753757954 0.856689572 0
vt 0.451257855 0.657967985 0
vt -0.666383147 0.675156474 0
vt -0.700118899 0.912095666 0
vt 0.656792223 0.979539752 0
vt 0.542297184 0.777504265 0
vt 0.696114719 0.974187255 0
vt 0.705668747 0.758320153 0
vt 0.71615988 0.753103733 0
vt -0.800545573 0.831310153 0
vt 0.444544971 0.814322352 0
vt 0.457860202 0.689784884 0
vt 0.618459463 0.638165534 0
vt 0.516594946 0.803605199 0
vt -0.898571491 0.729064584 0
vt -0.660512209 0.661962032 0
vt 0.626372099 0.927564502 0
vt -0.766845882 0.852938116 0
vt 0.642796874 0.957581699 0
vt -0.905933082 0.861094236 0
vt -0.987359583 0.743391037 0
vt -0.674540341 0.713393152 0
vt 0.668486714 0.986745358 0
vt -0.864835501 0.880681157 0
vt -0.952718437 0.670695722 0
vt 0.486994803 0.788627744 0
vt 0.754532099 0.863430917 0
vt -0.869938552 0.876509786 0
vt 0.650110424 0.87015152 0
vt -0.843124926 0.822436869 0
vt -0.66486448 0.84759897 0
vt 0.586094022 0.783195615 0
vt 0.560494006 0.981700599 0
vt -0.863252997 0.801235497 0
vt 0.57556051 0.654544413 0
vt -0.654833138 0.759888828 0
vt 0.484736383 0.669143796 0
vt -0.896719635 0.658550918 0
vt 0.539631248 0.770031035 0
vt -0.627280056 0.663310945 0
vt -0.755557597 0.719630718 0
vt -0.927261829 0.727162838 0
vt -0.828991711 0.656332195 0
vt -0.752506495 0.791260242 0
vt 0.589246869 0.858081996 0
vt 0.705555677 1.02476215 0
vt -0.887151122 0.840784848 0
vt 0.577392519 0.887808681 0
vt 0.617205024 0.746042728 0
vt -0.736620069 0.652743638 0
vt -0.626096189 0.710649371 0
vt 0.738491237 0.732965887 0
vt -0.76679194 0.993928254 0
vt -0.949245334 0.784457803 0
vt -0.861792743 0.636439383 0
vt 0.694022536 0.863825619 0
vt 0.579083025 0.852653325 0
vt -0.798087358 0.667469919 0
vt -0.728801072 0.692657292 0
vt -0.921122491 0.823487699 0
vt -0.729101002 0.653979599 0
vt -0.788212299 0.722244918 0
vt 0.546050966 0.710811555 0
vt -0.772934258 0.776931643 0
vt -0.718235075 0.615035832 0
vt -0.989204943 0.77958101 0
vt -0.804533064 0.873310745 0
vt -0.817538083 0.853023767 0
vt 0.56264174 0.654550254 0
vt -0.831837714 0.649108052 0
vt 0.778629839 0.712979853 0
vt 0.670785487 0.843953669 0
vt 0.752066433 0.704158723 0
vt -0.843538165 0.786707222 0
vt -0.753216684 0.616313279 0
vt 0.747836471 0.652190149 0
vt 0.467590094 0.681826651 0
vt -0.891046047 0.942090154 0
vt -0.711452365 0.838420808 0
vt -0.722864807 0.726795435 0
vt 0.750567913 0.639143705 0
vt -0.886909425 0.828617871 0
vt 0.555833042 1.02779818 0
vt 0.646367848 0.903649688 0
vt 0.487388104 0.867213905 0
vt -0.971739173 0.814928889 0
vt -0.883281291 0.633116603 0
vt -0.947417915 0.884706259 0
vt 0.545882165 0.873304009 0
vt -0.938621342 0.689438343 0
vt -0.807444334 0.891716778 0
vt -0.957460463 0.638909757 0
vt -0.989912271 0.835564494 0
vt 0.794244409 0.716729999 0
vt 0.496806979 0.860644579 0
vt 0.656061828 0.780511081 0
vt -0.925814629 0.829499841 0
vt 0.507223248 0.674961746 0
vt 0.608873785 0.627913415 0
vt -0.756624937 0.910831332 0
vt 0.594056785 0.985601485 0
vt 0.450285375 0.693550527 0
vt -0.878052831 0.680958211 0
vt 0.67788738 0.94034785 0
vt -0.962998629 0.676553488 0
vt -0.847459137 0.811677337 0
vt -0.783552349 0.819274545 0
vt 0.66444689 0.719614923 0
vt 0.648566723 0.842607915 0
vt -0.845505118 0.846840203 0
vt 0.776314259 0.761784971 0
vt 0.623596072 0.986777246 0
vt -0.868437231 0.886576056 0
vt 0.803344667 0.856474102 0
vt 0.496073127 0.672353625 0
vt 0.670651436 0.809492946 0
vt -0.904333174 0.724174201 0
vt 0.783601224 0.748690963 0
vt -0.730036199 0.940004945 0
vt -0.769276261 0.760358036 0
vt 0.688579619 0.896760464 0
vt -0.755417585 0.711598337 0
vt 0.598393202 0.965367496 0
vt 0.602409303 0.95923084 0
vt 0.785979629 0.80305469 0
vt 0.608033895 0.718896866 0
vt 0.587405503 0.66249764 0
vt -0.771667361 0.84631449 0
vt -0.823577583 0.812026262 0
vt 0.541184664 0.988359153 0
vt 0.586324573 0.769676208 0
vt 0.541383862 0.883556247 0
vt 0.746179163 0.853202403 0
vt 0.665734828 0.956340015 0
vt 0.552760124 0.874995351 0
vt 0.588229418 0.704524457 0
vt 0.575030625 0.959403694 0
vt -0.939210057 0.788408995 0
vt -0.76984328 0.726129055 0
vt 0.632272422 0.918283522 0
vt 0.588124216 0.843796432 0
vt 0.622877955 0.819800198 0
vt 0.57415235 0.776454806 0
vt 0.55274874 0.714578211 0
vt 0.573098004 0.709304929 0
vt -0.666989565 0.877184927 0
vt -0.826554 0.885057807 0
vt -0.794248819 0.672999144 0
vt -0.84194535 0.780052781 0
vt 0.594949782 0.853939474 0
vt 0.759938776 0.666316926 0
vt -0.670229614 0.821047187 0
vt -0.720417857 0.680832565 0
vt -0.869186401 1.03942907 0
vt -0.868288696 1.0171957 0
vt -0.768417299 0.820610762 0
vt -0.833076715 0.796639681 0
vt -0.93212378 0.745019853 0
vt 0.678583324 0.917661011 0
vt 0.608597934 0.997752964 0
vt -0.718493581 0.817225814 0
vt -0.815934479 0.866022885 0
vt 0.733963132 0.821592867 0
vt -0.831138074 0.823990047 0
vt 0.583460033 0.821272194 0
vt -0.887361288 0.93107909 0
vt 0.569257259 0.968726873 0
vt -0.951488137 0.727589488 0
vt -0.784353316 0.951305091 0
vt -0.880396605 0.880887866 0
vt -0.835697472 0.906146884 0
vt -0.780359507 0.774643481 0
vt 0.535468161 0.83585459 0
vt -0.762830794 0.762209177 0
vt 0.677153587 0.955206037 0
vt 0.464702517 0.766712666 0
vt -0.64667511 0.833805203 0
vt 0.570627809 0.782437682 0
vt 0.628541768 0.869346738 0
vt 0.742159307 0.759026766 0
vt 0.762472332 0.776377439 0
vt 0.647166848 0.654759407 0
vt 0.570404708 0.717186153 0
vt -0.741268694 0.828216314 0
vt -0.627364397 0.790836453 0
vt 0.602607191 0.782470763 0
vt -0.720719755 0.798473775 0
vt -0.976528525 0.732597947 0
vt 0.699505031 0.69202733 0
vt 0.465566099 0.799006164 0
vt -0.972756147 0.738828182 0
vt 0.619105756 0.876805484 0
vt -0.894738138 0.964992642 0
vt -0.827448368 0.87029928 0
vt 0.591397941 0.903334558 0
vt -0.859446585 1.00579286 0
vt 0.632056475 0.931377351 0
vt -0.899291933 0.863729298 0
vt -0.674336255 0.683975041 0
vt -0.632392049 0.850525498 0
vt 0.665077269 0.837809086 0
vt -0.831888914 0.91134876 0
vt 0.784915924 0.795602739 0
vt -0.835171044 0.653906703 0
vt -0.697171211 0.749417603 0
vt -0.885885358 0.987198412 0
vt -0.873132229 0.970122516 0
vt 0.691519797 0.988262594 0
vt -0.913873196 0.923515499 0
vt 0.55824393 0.688840508 0
vt -0.669558465 0.783264399 0
vt -0.754288018 0.675011694 0
vt 0.799597919 0.627909482 0
vt 0.688182116 0.684950888 0
vt -0.924453974 0.715570509 0
vt -0.7853809 0.689102769 0
vt -0.922284067 0.848017216 0
vt 0.653790236 0.905512333 0
vt -0.808719695 0.844032109 0
vt -0.881964684 0.614948511 0
vt -0.838002801 0.892972767 0
vt -0.878987312 0.851211667 0
vt 0.561419606 0.816818595 0
vt -0.762862444 0.748396456 0
vt 0.593774557 0.86143589 0
vt -0.868433952 0.964389324 0
vt 0.787843287 0.768385589 0
vt 0.44298324 0.629637361 0
vt -0.731717229 0.853965759 0
vt -0.838785291 0.744503677 0
vt 0.61100322 0.941533566 0
vt 0.723259747 1.01369739 0
vt -0.949281693 0.822299063 0
vt -0.871079743 0.672804117 0
vt 0.520160913 0.662711442 0
vt -0.713772774 0.639387012 0
vt 0.508119583 0.861482084 0
vt 0.454517722 0.707790911 0
vt -0.843836308 0.979774177 0
vt 0.658176541 0.673841178 0
vt -0.911731839 0.75424999 0
vt 0.570322037 0.990011215 0
vt -0.728585005 0.899534047 0
vt -0.636956811 0.825564802 0
vt -0.786180258 0.824650705 0
vt -0.779040992 0.860990047 0
vt 0.511862099 0.628152311 0
vt 0.528027773 0.833789825 0
vt -0.751589417 0.974686265 0
vt -0.964975834 0.757326126 0
vt 0.45075199 0.721417546 0
vt 0.600729764 0.947470546 0
vt -0.797061861 0.774749219 0
vt -0.724630475 0.615033388 0
vt 0.551897466 1.00273156 0
vt -0.945372939 0.66975373 0
vt -0.757561207 0.752072215 0
vt -0.779379487 0.732932925 0
vt -0.691726029 0.75545752 0
vt 0.648885846 0.781632006 0
vt -0.652072251 0.712575614 0
vt -0.776253819 0.928888619 0
vt 0.687745273 1.02770531 0
vt -0.846975088 0.828807175 0
vt 0.589038253 0.925837815 0
vt 0.505637467 0.797520518 0
vt -0.72742486 0.625941992 0
vt 0.703199208 0.684423029 0
vt 0.79097414 0.781033337 0
vt -0.982818604 0.790711462 0
vt -0.857703388 0.614994347 0
vt 0.587982237 0.761743844 0
vt -0.929890454 0.777921677 0
vt 0.590214908 0.679730654 0
vt -0.64095968 0.670528769 0
vt 0.701256335 0.833019137 0
vt 0.581180453 0.659038007 0
vt 0.712180793 0.849616706 0
vt -0.714655459 0.893656313 0
vt 0.586007655 0.991941571 0
vt 0.571595252 0.854990304 0
vt -0.893980503 0.8395859 0
vt -0.713772476 0.869906783 0
vt 0.726230145 0.670815825 0
vt -0.786151528 0.842819393 0
vt 0.681795716 1.01496077 0
vt 0.555926263 0.946689546 0
vt 0.625160933 0.655229628 0
vt -0.756708205 1.01740551 0
vt 0.675938725 0.692161083 0
vt 0.668654799 0.97964108 0
vt 0.487993985 0.83187604 0
vt -0.747707725 0.930985212 0
vt -0.677803576 0.762185991 0
vt -0.958003163 0.738610625 0
vt 0.605225205 0.953713417 0
vt -0.91929239 0.804961085 0
vt 0.692073345 0.692528307 0
vt -0.761142313 0.864645779 0
vt 0.572646797 0.897721112 0
vt -0.926955104 0.905091166 0
vt 0.520869732 0.857767284 0
vt -0.738689542 0.889934659 0
vt 0.611575007 0.901162028 0
vt -0.812822402 0.693052769 0
vt 0.643077016 0.873731613 0
vt -0.803373039 0.904064596 0
vt 0.531834602 1.00347722 0
vt -0.905924499 0.883316517 0
vt -0.627180874 0.730372131 0
vt -0.904148698 0.818417609 0
vt -0.915621042 0.851864755 0
vt -0.772172749 0.783915579 0
vt -0.912557721 1.01973855 0
vt 0.526135445 0.840391338 0
vt 0.564363956 0.723243237 0
vt -0.903911889 0.717452765 0
vt 0.789116979 0.743496299 0
vt -0.69656539 0.686247766 0
vt -0.702009261 0.771486282 0
vt -0.758704841 0.758106709 0
vt 0.677298367 0.962283313 0
vt -0.739294887 0.869484723 0
vt 0.742725909 0.788590014 0
vt -0.894355357 0.95310384 0
vt -0.689111054 1.02988434 0
vt -0.813087344 0.711558104 0
vt 0.548182249 0.985767126 0
vt 0.608645439 0.706912577 0
vt -0.982395053 0.844650209 0
vt 0.795825005 0.745678604 0
vt 0.584560633 0.79591167 0
vt -0.812298119 0.87213707 0
vt -0.858127058 0.866488278 0
vt 0.452158451 0.837323785 0
vt 0.477877647 0.816332757 0
vt -0.764398992 0.689423382 0
vt -0.895791292 1.02339411 0
vt -0.751452029 0.832562804 0
vt -0.971180439 0.847785234 0
vt -0.64840889 0.648359179 0
vt 0.781796753 0.789203763 0
vt 0.567630649 0.92878437 0
vt 0.534952939 0.657843709 0
vt 0.639710009 0.850671351 0
vt -0.874928117 0.703137577 0
vt 0.601558387 0.667147815 0
vt -0.701375306 0.669468641 0
vt 0.52358371 0.692420602 0
vt 0.535837173 0.781219363 0
vt -0.853398979 0.907931268 0
vt -0.641450703 0.704457104 0
vt 0.62495178 0.957243204 0
vt 0.59028089 0.64992255 0
vt -0.860237598 0.647904336 0
vt -0.739846051 0.616792202 0
vt -0.720052183 0.830545127 0
vt 0.691310406 1.04099441 0
vt 0.706665874 0.860058665 0
vt 0.733249485 0.723851323 0
vt 0.510729313 0.696732283 0
vt -0.832016528 0.667644143 0
vt 0.551564693 0.670450866 0
vt -0.89959693 0.652646601 0
vt -0.84336096 0.661272109 0
vt -0.900137067 0.786937773 0
vt 0.699600995 0.868998587 0
vt 0.454452932 0.644076228 0
vt 0.497878194 0.824570894 0
vt -0.812469006 0.656141162 0
vt 0.59976691 0.754228115 0
vt -0.773008525 0.719152153 0
vt -0.672839701 0.677367032 0
vt 0.645160556 0.832682431 0
vt -0.908433437 0.681275904 0
vt 0.734975636 0.683232248 0
vt -0.924168587 0.695861518 0
vt -0.746757686 0.614474475 0
vt 0.705500782 0.828078449 0
vt 0.445418 0.79452461 0
vt -0.781929076 0.756700456 0
vt 0.720089734 1.00015283 0
vt -0.721924365 0.896351576 0
vt 0.591467142 0.755036592 0
vt -0.636730194 0.736422539 0
vt -0.775685787 0.802910686 0
vt -0.811104894 0.832309186 0
vt -0.975551903 0.63353616 0
vt -0.829666495 0.674280286 0
vt 0.466326177 0.712477565 0
vt -0.86834681 0.860236347 0
vt -0.876018584 0.962935328 0
vt -0.741708696 0.750138104 0
vt -0.776206195 0.670443654 0
vt -0.811157286 0.85088861 0
vt -0.709766328 0.686846375 0
vt -0.827075005 0.719679952 0
vt -0.859907985 0.911549211 0
vt -0.803017795 0.740917563 0
vt -0.77727598 0.96829772 0
vt 0.677580714 0.839532137 0
vt 0.651167333 1.00273633 0
vt 0.596295297 0.713641405 0
vt -0.722184896 1.02449703 0
vt -0.775289595 0.875245333 0
vt 0.507011116 0.708230615 0
vt -0.683606148 0.857815087 0
vt 0.790087283 0.710515618 0
vt -0.86827457 1.02828252 0
vt 0.724309087 0.762164235 0
vt 0.543758988 0.751159191 0
vt -0.942425549 0.889539003 0
vt -0.796362221 0.767916322 0
vt 0.566968441 0.687916815 0
vt 0.690611064 0.794406354 0
vt 0.603921056 0.648450196 0
vt -0.681400537 0.721186817 0
vt -0.816882193 0.809324861 0
vt 0.544054925 1.03590226 0
vt 0.474665493 0.658566713 0
vt 0.513808906 0.726392627 0
vt -0.891731679 0.885012031 0
vt 0.45297277 0.701062977 0
vt -0.704362214 0.830696762 0
vt -0.93156898 0.83366406 0
vt -0.70148319 0.646997631 0
vt 0.491428137 0.838303804 0
vt -0.729459941 0.723652065 0
vt -0.82273078 0.800365806 0
vt -0.719747066 0.985148668 0
vt 0.655727506 0.665834367 0
vt 0.623381913 0.75050056 0
vt 0.756556094 0.716021121 0
vt 0.775333345 0.769073665 0
vt 0.474687219 0.859884858 0
vt 0.801422894 0.812978208 0
vt 0.576194584 0.951770186 0
vt 0.599218905 0.659927964 0
vt 0.4512963 0.687155128 0
vt -0.866449356 0.625599444 0
vt -0.82929939 0.727265954 0
vt 0.710136533 0.636294544 0
vt -0.633088231 0.667897344 0
vt -0.839950919 0.961466014 0
vt -0.681610405 0.634852529 0
vt -0.778691769 0.845413268 0
vt 0.552995145 0.732378721 0
vt -0.766319394 0.938361168 0
vt 0.774130642 0.664664567 0
vt 0.659886241 0.915964305 0
vt 0.481927961 0.745260537 0
vt 0.800304234 0.721257448 0
vt -0.857951641 0.878547311 0
vt -0.863466859 0.891557872 0
vt 0.444616407 0.781454206 0
vt 0.461634874 0.792305708 0
vt 0.528216183 0.779568493 0
vt 0.679563344 0.863843203 0
vt -0.897505283 0.907185197 0
vt -0.881281555 0.626262903 0
vt 0.707680464 0.974973559 0
vt 0.650330067 0.898684323 0
vt -0.896719038 0.946466923 0
vt -0.741481662 0.921000063 0
vt -0.978584051 0.812387764 0
vt 0.708276868 0.834596217 0
vt -0.746473551 0.805966079 0
vt -0.926369548 0.664200366 0
vt -0.897335291 0.716826677 0
vt 0.759930134 0.750267804 0
vt 0.478669912 0.855253756 0
vt -0.785336316 0.795297265 0
vt -0.866002917 0.761780977 0
vt 0.615842998 0.728154242 0
vt -0.784866214 0.63284266 0
vt 0.454928339 0.715395629 0
vt -0.652336955 0.794386744 0
vt -0.660793245 0.854927361 0
vt 0.524157941 1.01586473 0
vt -0.917923927 0.627749562 0
vt 0.74260968 0.801148057 0
vt -0.875525355 0.857480407 0
vt 0.664139628 0.994194984 0
vt 0.743364632 0.864553452 0
vt 0.551513076 0.972933292 0
vt 0.73521477 0.813976586 0
vt -0.937266409 0.739098728 0
vt -0.944568753 0.717211902 0
vt -0.73547703 0.859931111 0
vt -0.900568187 0.681462646 0
vt 0.571217954 0.636794686 0
vt 0.569985092 0.703431666 0
vt 0.782892406 0.741144538 0
vt -0.932650089 0.661139846 0
vt -0.870834947 0.631207049 0
vt -0.756318092 0.820528388 0
vt -0.750623763 0.906580329 0
vt -0.713173687 1.02359486 0
vt -0.776904047 0.725422263 0
vt -0.949941695 0.810104787 0
vt 0.532072127 0.767922521 0
vt -0.628694117 0.723580301 0
vt 0.667727888 0.703931034 0
vt 0.474805713 0.678374767 0
vt -0.858586848 0.626360536 0
vt -0.770944595 0.687263787 0
vt -0.706320286 0.986237526 0
vt -0.849697471 0.823088109 0
vt -0.832254291 0.889604568 0
vt -0.766519248 0.63042599 0
vt -0.871930063 0.898722768 0
vt -0.980941892 0.825430512 0
vt 0.626687348 0.976400435 0
vt -0.943105698 0.772818387 0
vt 0.604811788 0.811441302 0
vt 0.675745189 0.70378226 0
vt 0.549128711 0.64978081 0
vt -0.819589674 0.920634389 0
vt 0.709598601 1.01155829 0
vt 0.538200438 0.861510217 0
vt -0.748803318 0.708156466 0
vt -0.874290943 0.915260553 0
vt 0.607046843 0.817936301 0
vt -0.969702363 0.679697335 0
vt 0.486576706 0.817166567 0
vt -0.827057242 0.740275443 0
vt -0.884856999 0.885762811 0
vt 0.597720325 1.00445926 0
vt 0.611194074 0.638946712 0
vt -0.986551166 0.673598468 0
vt -0.67702502 0.839542985 0
vt -0.757293582 0.979468763 0
vt 0.695672274 0.781305075 0
vt 0.735472977 0.846632183 0
vt 0.71544081 0.741625726 0
vt 0.725201786 1.0288533 0
vt 0.595485389 0.672507107 0
vt 0.800573885 0.695167542 0
vt 0.511282027 0.849234343 0
vt 0.539731801 0.736450851 0
vt 0.65811944 0.837961376 0
vt 0.566799581 0.945511878 0
vt -0.758735776 0.781224549 0
vt -0.72998178 0.672631621 0
vt -0.809086263 0.898432553 0
vt 0.567970514 0.995265067 0
vt -0.868671834 0.774678469 0
vt -0.839228988 0.878750026 0
vt 0.636509597 0.884992719 0
vt -0.754748046 0.704243898 0
vt 0.692494035 0.761604607 0
vt -0.635909855 0.69366163 0
vt -0.711301208 0.9514485 0
vt 0.631780267 0.897132516 0
vt 0.652555346 0.966802418 0
vt -0.963054538 0.744478226 0
vt -0.965146482 0.641413331 0
vt 0.568940222 0.922756553 0
vt -0.798682332 0.811495245 0
vt 0.45558688 0.682245672 0
vt 0.628916442 0.745411456 0
vt -0.883259833 1.00420356 0
vt -0.676231027 0.886641145 0
vt -0.746992826 0.645535707 0
vt -0.880715072 0.789677203 0
vt -0.8334167 0.874994993 0
vt -0.847055912 0.653782904 0
vt -0.802723765 0.896680415 0
vt 0.572458923 0.883401573 0
vt 0.548195362 0.783287764 0
vt -0.888661683 0.77955085 0
vt 0.580898523 0.815631628 0
vt 0.619444132 0.797555447 0
vt -0.702984512 0.690969408 0
vt 0.665077329 0.920870423 0
vt 0.512536168 0.732683539 0
vt -0.93933022 0.657363355 0
vt -0.962018132 0.681901872 0
vt -0.944228828 0.634529173 0
vt -0.898433208 0.884086251 0
vt -0.83736223 0.750907779 0
vt -0.739797413 0.646201551 0
vt 0.800097883 0.635786712 0
vt 0.541192949 0.831256449 0
vt -0.988277912 0.713946521 0
vt 0.618133307 0.989254832 0
vt -0.764689744 0.977320015 0
vt -0.883891881 0.722748101 0
vt 0.476030886 0.849220932 0
vt 0.621403277 0.712478578 0
vt 0.612492979 0.985837579 0
vt 0.789656579 0.816358924 0
vt 0.574988902 0.729927003 0
vt -0.840735734 0.62206012 0
vt 0.464744955 0.7414065 0
vt -0.880239427 0.862568617 0
vt 0.707200587 0.764285803 0
vt 0.688702404 1.01461768 0
vt 0.643404424 0.896640718 0
vt -0.88561368 0.697223425 0
vt -0.888996959 0.675356448 0
vt -0.958099484 0.731761336 0
vt 0.61536932 0.765232384 0
vt -0.871628404 0.665747285 0
vt 0.778165877 0.795055926 0
vt -0.868867576 0.805143118 0
vt -0.673285365 0.658247352 0
vt 0.527464509 0.753091276 0
vt 0.67218101 0.76065594 0
vt -0.665846467 0.839919031 0
vt -0.710480154 0.964788079 0
vt 0.760672629 0.854642391 0
vt -0.834170759 0.715787113 0
vt 0.505856574 0.660920322 0
vt 0.765267193 0.754513204 0
vt 0.77675271 0.750071824 0
vt -0.76966393 0.693836868 0
vt -0.852274954 0.97839576 0
vt 0.450802952 0.763294339 0
vt -0.671470106 0.708532333 0
vt -0.765677094 0.682228863 0
vt -0.679172873 0.62141031 0
vt -0.949226022 0.703987062 0
vt 0.544991791 0.971965909 0
vt -0.919493496 0.811783552 0
vt 0.595061719 0.997898221 0
vt 0.516458392 0.869003415 0
vt 0.556067467 0.823295176 0
vt -0.726372361 0.825489581 0
vt 0.680871665 0.933624685 0
vt 0.596139491 0.958967447 0
vt 0.754399955 0.777899265 0
vt 0.689189553 0.756132305 0
vt 0.793546855 0.638290048 0
vt 0.667799234 0.68293941 0
vt 0.784981608 0.674234152 0
vt -0.816085994 0.699110568 0
vt -0.978208542 0.650262177 0
vt -0.644674957 0.826694906 0
vt -0.94694823 0.816161096 0
vt -0.9190256 1.02445138 0
vt -0.638145268 0.775365293 0
vt 0.625966132 0.969822288 0
vt 0.770391583 0.648480594 0
vt -0.79313916 0.717523336 0
vt -0.952025115 0.87961328 0
vt 0.70890677 0.647505999 0
vt 0.704874516 0.747276843 0
vt -0.887747824 0.861199379 0
vt 0.729982615 0.67709285 0
vt 0.534422934 0.829524577 0
vt -0.682165802 0.727824986 0
vt -0.989087105 0.771268427 0
vt -0.816201091 0.846014678 0
vt -0.718538344 0.733224392 0
vt -0.909440756 0.898508251 0
vt 0.686875343 0.773892462 0
vt 0.704214156 0.726994038 0
vt -0.918241262 0.838282466 0
vt 0.680288136 1.02746809 0
vt 0.647673249 0.711540222 0
vt -0.754660904 0.798680484 0
vt 0.698856115 0.87491262 0
vt 0.714549303 1.00624239 0
vt 0.551084459 0.725454509 0
vt -0.786244214 0.762379289 0
vt -0.688728869 0.744787574 0
vt 0.748229206 0.859294116 0
vt -0.62727952 0.797744453 0
vt -0.778837442 0.941635966 0
vt 0.730261862 1.01602924 0
vt -0.939067721 0.712409019 0
vt -0.66565454 0.656649709 0
vt -0.842530251 0.906858027 0
vt -0.924372554 1.02991843 0
vt 0.570936441 0.974465072 0
vt -0.864676058 0.793440402 0
vt -0.740670741 0.771410584 0
vt -0.760912418 0.829303265 0
vt -0.807701945 0.779640138 0
vt -0.733176112 0.734377146 0
vt -0.681028008 0.714686215 0
vt -0.712814391 0.989102125 0
vt -0.72857058 0.875439703 0
vt -0.83190757 0.952400625 0
vt -0.72113955 0.636346698 0
vt 0.523426473 0.803648353 0
vt -0.665729105 0.771253705 0
vt 0.442472368 0.649467587 0
vt 0.714338183 0.873498797 0
vt 0.513031125 0.796956599 0
vt 0.612984776 0.71358496 0
vt -0.898482203 0.698805928 0
vt 0.444488108 0.688155174 0
vt 0.586271346 0.913416207 0
vt -0.70372808 0.731729209 0
vt 0.620837986 0.838331759 0
vt -0.885075033 0.681628764 0
vt 0.595053077 0.84124428 0
vt 0.744972944 0.714217901 0
vt -0.982562304 0.654335082 0
vt 0.6990242 0.957677543 0
vt 0.704380393 0.696726263 0
vt 0.667137265 0.80418992 0
vt 0.70043534 0.713604748 0
vt -0.988580704 0.749387681 0
vt -0.740495205 0.624164522 0
vt -0.778081954 0.78044337 0
vt -0.660511553 0.679447353 0
vt -0.942132115 0.752944231 0
vt -0.779512942 0.825447142 0
vt -0.811816394 0.886713505 0
vt -0.895598769 0.628876269 0
vt 0.536201179 0.718172789 0
vt -0.672679901 0.766724944 0
vt -0.927165508 0.709442377 0
vt 0.632822812 0.708920956 0
vt -0.714785814 0.739834726 0
vt 0.717307091 0.993739665 0
vt -0.882432938 0.675224781 0
vt 0.674847841 0.998570442 0
vt 0.446598828 0.820472956 0
vt -0.781170547 0.956042409 0
vt -0.773569286 0.663339734 0
vt -0.662956417 0.757778227 0
vt 0.529227912 0.720528066 0
vt -0.881237626 0.692629099 0
vt 0.64138782 0.665085316 0
vt -0.836215138 0.729882836 0
vt -0.969214559 0.764219344 0
vt 0.688610137 0.698034704 0
vt -0.860831678 0.885322869 0
vt 0.58755976 0.686775863 0
vt -0.983291328 0.775330245 0
vt -0.880199015 0.663994789 0
vt 0.65734452 0.77374965 0
vt 0.574438453 0.927358627 0
vt -0.755908012 0.897454977 0
vt -0.911649585 0.664542854 0
vt 0.512038708 0.818685412 0
vt 0.633192778 0.772889614 0
vt 0.477803051 0.665927708 0
vt -0.806898773 0.67487359 0
vt -0.681904316 0.890602291 0
vt -0.819651425 0.887907684 0
vt 0.793034256 0.773540318 0
vt 0.653986752 0.640947282 0
vt -0.931759238 0.698988557 0
vt 0.533994317 0.66487968 0
vt -0.896735549 0.971312046 0
vt -0.675533295 0.815834582 0
vt -0.910725832 0.84794873 0
vt 0.507518351 0.715324342 0
vt 0.470489711 0.754156232 0
vt -0.845120072 0.749193788 0
vt 0.527073264 0.809537828 0
vt -0.707037091 0.930214942 0
vt -0.69758302 0.83029145 0
vt -0.628771305 0.629923344 0
vt 0.668405116 0.691250145 0
vt -0.835907936 0.811707377 0
vt -0.793479025 0.879925966 0
vt -0.790288091 0.910816848 0
vt -0.987178206 0.691329062 0
vt 0.450277805 0.770172417 0
vt 0.664365888 0.69819057 0
vt 0.602252543 0.904542804 0
vt 0.677641273 0.764401436 0
vt 0.621103227 0.869282305 0
vt -0.954236209 0.751115978 0
vt -0.899890125 0.843078494 0
vt -0.883434415 0.751312196 0
vt -0.782807052 0.640040457 0
vt -0.925057173 0.860000849 0
vt -0.98939532 0.84923768 0
vt 0.527315557 0.854961157 0
vt -0.82428205 0.856616259 0
vt -0.836540878 0.785009563 0
vt 0.588706017 0.710925341 0
vt 0.731274724 0.63902837 0
vt 0.592106462 0.627497613 0
vt 0.722402692 0.74231559 0
vt 0.57964617 0.932642102 0
vt -0.869334579 0.99139142 0
vt -0.90310514 0.849804461 0
vt 0.784507215 0.782857955 0
vt 0.614806116 0.81986177 0
vt 0.660363078 0.909666121 0
vt 0.562957764 0.923121214 0
vt 0.67241472 0.791777372 0
vt -0.91314584 0.809586763 0
vt 0.501309037 0.845026076 0
vt -0.753320038 0.993665814 0
vt 0.534259796 0.880730987 0
vt -0.677625537 0.671997428 0
vt 0.571326733 0.724597096 0
vt 0.513530135 0.703881383 0
vt -0.93250823 0.732466519 0
vt -0.740303814 0.764254153 0
vt 0.546886086 0.97824055 0
vt 0.640025437 0.856490254 0
vt -0.654133499 0.636153638 0
vt 0.663286865 0.66882354 0
vt -0.729375541 0.929359496 0
vt -0.817886829 0.788038015 0
vt 0.545545995 0.992532194 0
vt 0.574265122 0.788706183 0
vt 0.480709165 0.835191607 0
vt -0.812027752 0.648875833 0
vt -0.932106316 0.841526926 0
vt -0.878997326 1.03613734 0
vt -0.803072095 0.621883094 0
vt 0.55048728 0.662766159 0
vt 0.477027386 0.715110362 0
vt 0.594642818 0.833902359 0
vt 0.597922683 0.777561963 0
vt -0.800403595 0.646781743 0
vt 0.517194986 1.01944351 0
vt -0.957016647 0.702545941 0
vt 0.754139781 0.798451304 0
vt -0.742571831 0.953323185 0
vt 0.747728765 0.683341146 0
vt 0.699751258 0.788550854 0
vt -0.790620089 0.867426038 0
vt 0.660661817 0.654544353 0
vt 0.495584577 0.778870761 0
vt 0.518814504 1.02556872 0
vt -0.929213047 0.649402082 0
vt 0.512516618 0.837563574 0
vt -0.841888428 0.85241425 0
vt -0.799209118 0.854418159 0
vt -0.730302334 0.968777597 0
vt -0.976761818 0.82022959 0
vt -0.644690573 0.744426966 0
vt -0.845248759 0.89658463 0
vt 0.676010668 0.666501343 0
vt 0.654295862 0.919107974 0
vt -0.671533227 0.88159734 0
vt -0.713139534 0.74799335 0
vt 0.651990056 0.935911417 0
vt 0.679849863 0.697817564 0
vt 0.61429584 0.947500169 0
vt -0.824084818 0.645311415 0
vt -0.800985575 0.719391406 0
vt 0.710354805 0.981483698 0
vt 0.468372703 0.64149195 0
vt -0.901106834 0.638884008 0
vt 0.639430285 0.994054496 0
vt 0.491025597 0.774992347 0
vt 0.448430181 0.70543468 0
vt 0.714151025 0.765906334 0
vt 0.687937081 0.995135605 0
vt 0.723811328 0.628755033 0
vt 0.445357591 0.801813304 0
vt 0.500193238 0.734635651 0
vt -0.728346229 0.738368213 0
vt 0.548712134 0.70390898 0
vt 0.696715236 0.699082136 0
vt 0.65922308 0.849990368 0
vt -0.866767824 0.944194615 0
vt 0.624042571 0.781417668 0
vt 0.454119295 0.862558424 0
vt -0.72562629 0.71958071 0
vt -0.864635825 0.954523265 0
vt 0.794797182 0.738939047 0
vt 0.450310886 0.669538558 0
vt -0.988646328 0.787272632 0
vt 0.592930734 1.00978315 0
vt 0.443758249 0.743883491 0
vt -0.771361947 0.733743727 0
vt -0.726666212 1.01944304 0
vt -0.81595856 0.765897095 0
vt -0.73530364 1.03239489 0
vt 0.454690427 0.663744867 0
vt -0.885300159 0.621275365 0
vt -0.633901119 0.832630515 0
vt 0.642199576 0.945120215 0
vt 0.665320456 0.732012928 0
vt -0.893390536 0.790595353 0
vt -0.867466033 0.691023886 0
vt 0.635020196 0.815718651 0
vt 0.494355291 0.867340565 0
vt -0.797748923 0.691317558 0
vt -0.766377807 0.6230703 0
vt -0.728889167 0.810966611 0
vt 0.627235174 0.648912132 0
vt 0.735592961 0.85487926 0
vt 0.789230347 0.6794855 0
vt -0.925755918 0.73448652 0
vt 0.488597155 0.699771762 0
vt 0.489344209 0.675749242 0
vt -0.798299372 0.653470218 0
vt -0.715170324 0.667991877 0
vt -0.767348945 0.883855999 0
vt 0.559225738 0.876635671 0
vt -0.67543292 0.787857234 0
vt 0.648820698 0.67563355 0
vt 0.678138971 0.643838525 0
vt -0.713597 0.800563037 0
vt -0.724490166 0.776990712 0
vt -0.912112772 0.790269494 0
vt 0.710182607 0.72293365 0
vt -0.77569294 0.901933372 0
vt -0.627886117 0.758013844 0
vt -0.961602092 0.660483956 0
vt 0.739825606 0.752398551 0
vt 0.58376658 1.00328755 0
vt -0.787926793 0.645333707 0
vt -0.681372344 0.811688483 0
vt -0.632353842 0.763149619 0
vt -0.89198935 0.707699597 0
vt 0.524248362 0.680846214 0
vt 0.631973684 0.796952844 0
vt 0.734495044 0.833736539 0
vt -0.871970654 0.728703022 0
vt -0.982765913 0.78289479 0
vt 0.470421225 0.817759275 0
vt 0.549807668 0.800997436 0
vt 0.638880551 0.838236809 0
vt 0.723403275 0.840853095 0
vt 0.657856464 0.732513607 0
vt -0.87451309 0.944951296 0
vt 0.576447427 0.647683024 0
vt 0.620524585 0.911895394 0
vt -0.805218518 0.884715855 0
vt -0.848665893 0.665289819 0
vt 0.564642906 0.956243992 0
vt -0.870022893 0.654019654 0
vt -0.724478483 0.697856843 0
vt 0.672602952 0.889683366 0
vt 0.572249353 0.876562357 0
vt 0.517087936 0.851211905 0
vt -0.80499202 0.713417709 0
vt -0.656555593 0.717415035 0
vt 0.481265008 0.737631559 0
vt 0.752197444 0.665599942 0
vt 0.443559259 0.737369478 0
vt 0.584650993 0.89981395 0
vt -0.695072055 0.789147377 0
vt -0.674867094 0.702655971 0
vt 0.659098148 0.756533921 0
vt -0.988446295 0.802013159 0
vt -0.645332277 0.73035717 0
vt -0.904816151 0.697498977 0
vt -0.833262742 0.830930412 0
vt -0.905281603 0.990515113 0
vt -0.900741696 0.933022082 0
vt -0.821588099 0.639127731 0
vt -0.894532382 0.858781159 0
vt -0.815259397 0.663026571 0
vt -0.855803728 0.998912096 0
vt 0.800975323 0.714762449 0
vt -0.876760006 0.722799122 0
vt -0.726674914 0.92434293 0
vt -0.850931525 0.681544006 0
vt 0.620551467 0.975742579 0
vt -0.961317718 0.835735619 0
vt -0.729114056 0.868142903 0
vt 0.644490302 0.933553576 0
vt -0.633592486 0.729159117 0
vt -0.64424777 0.776188612 0
vt 0.657095909 0.750806093 0
vt 0.741194844 0.813153088 0
vt -0.657105744 0.693028927 0
vt -0.963559687 0.698430419 0
vt -0.646455288 0.614431739 0
vt 0.457478434 0.670258403 0
vt 0.77920872 0.727741838 0
vt -0.649812043 0.788561702 0
vt 0.779983103 0.720019579 0
vt 0.73597914 0.788174689 0
vt -0.704251409 1.03328681 0
vt -0.834952652 0.708363533 0
vt -0.917370498 0.759497166 0
vt -0.857910275 0.797504127 0
vt -0.807219625 0.795444071 0
vt -0.720945537 0.629129648 0
vt 0.735268354 0.650652885 0
vt 0.475590289 0.742540002 0
vt 0.600623548 0.707763076 0
vt 0.549873054 0.996900916 0
vt 0.728686512 0.788614571 0
vt 0.569043994 0.757756531 0
vt 0.605893195 0.776526153 0
vt -0.681839228 0.685550153 0
vt 0.773861289 0.71663785 0
vt -0.689315856 0.86195153 0
vt -0.837948501 0.629251778 0
vt -0.833936155 0.958059788 0
vt 0.625266254 0.694737613 0
vt -0.626765788 0.809221566 0
vt -0.686413884 0.879865825 0
vt 0.679389119 0.790121257 0
vt -0.812768519 0.819860578 0
vt -0.785480678 0.681702912 0
vt -0.844410717 0.683253765 0
vt 0.502181649 0.775181651 0
vt -0.751161575 0.8732692 0
vt 0.617594004 0.958410084 0
vt -0.640656233 0.831950724 0
vt -0.84687233 0.724647403 0
vt 0.479646206 0.777580321 0
vt 0.671327531 0.837890446 0
vt 0.605349004 0.993292511 0
vt 0.527972162 0.87693435 0
vt 0.781025171 0.734468818 0
vt -0.704817474 0.616243124 0
vt -0.730404615 1.01434278 0
vt -0.786693573 0.696661413 0
vt -0.899334431 1.00281823 0
vt 0.616290689 0.770866334 0
vt -0.669296801 0.81338495 0
vt -0.927314878 0.823196769 0
vt -0.837165058 0.685611963 0
vt 0.509861171 0.803142726 0
vt -0.86021018 0.941683173 0
vt -0.657527924 0.772980869 0
vt -0.878301263 0.939006865 0
vt 0.49551785 0.758256435 0
vt -0.896349013 0.85137403 0
vt -0.964474201 0.736976266 0
vt -0.854759634 0.655600846 0
vt 0.633517742 0.76671952 0
vt -0.730117679 0.780834675 0
vt -0.767668962 0.713925838 0
vt -0.663060725 0.739988506 0
vt -0.837334752 0.847528577 0
vt 0.70182693 0.669935942 0
vt 0.58357352 0.738624215 0
vt 0.474255294 0.760347664 0
vt 0.640937865 0.627272069 0
vt 0.554259062 0.95343107 0
vt 0.697435617 0.826434672 0
vt 0.466181397 0.635979772 0
vt -0.818260968 0.731680572 0
vt -0.826390386 0.830422401 0
vt -0.751025796 0.726312757 0
vt -0.712715745 0.887411952 0
vt -0.656414688 0.752962053 0
vt -0.909379303 0.658869267 0
vt -0.834031224 0.722707927 0
vt -0.910593152 1.02612638 0
vt -0.874017894 0.648185194 0
vt -0.778723896 0.796701014 0
vt 0.770495176 0.786126614 0
vt -0.803519964 0.784706593 0
vt 0.642718375 0.735299885 0
vt -0.671540082 0.651809275 0
vt -0.943368375 0.821295798 0
vt 0.622077584 0.937199056 0
vt -0.930272579 0.869371474 0
vt -0.769883513 0.914444864 0
vt -0.884581268 0.980246484 0
vt -0.653668404 0.706680596 0
vt -0.931978345 0.78943944 0
vt -0.910943329 0.828309774 0
vt -0.86082375 0.75095588 0
vt 0.604454875 0.766349673 0
vt 0.59431833 0.748199224 0
vt -0.717439771 0.836185038 0
vt -0.843726933 0.63433367 0
vt -0.791564465 0.826079965 0
vt 0.773659647 0.861896813 0
vt 0.496448934 0.697957575 0
vt 0.448978722 0.741713762 0
vt -0.814798295 0.738716483 0
vt 0.747274935 0.764650226 0
vt 0.705364585 0.709696472 0
vt -0.765954792 0.920730948 0
vt -0.981447816 0.798606098 0
vt -0.846208692 0.774358034 0
vt -0.696286142 0.846481979 0
vt 0.608904243 0.806371272 0
vt -0.734264612 0.894896865 0
vt -0.853636503 0.986622393 0
vt -0.862848878 0.821004987 0
vt 0.710965395 0.642193794 0
vt 0.793656945 0.839624226 0
vt 0.546172619 0.838096321 0
vt -0.639944911 0.624023438 0
vt -0.876906097 0.844511688 0
vt 0.542856932 0.723514199 0
vt -0.721269786 0.928316474 0
vt -0.895766675 0.913416266 0
vt 0.744931757 0.694298625 0
vt 0.662906229 0.809750617 0
vt 0.684418619 0.93839097 0
vt 0.625980973 0.794119835 0
vt -0.820745826 0.713935316 0
vt 0.666653693 1.00772774 0
vt 0.614138901 0.787259281 0
vt -0.830191851 0.851254821 0
vt -0.782175124 0.708751738 0
vt -0.63480854 0.755801141 0
vt -0.870654345 0.843292773 0
vt -0.648578584 0.620387554 0
vt 0.579532921 0.627504528 0
vt 0.633073986 0.992337763 0
vt 0.695227087 0.673975945 0
vt 0.684159517 0.988999903 0
vt -0.861665308 0.78608042 0
vt 0.618986428 0.844992399 0
vt 0.476908892 0.754836559 0
vt 0.773497224 0.733438194 0
vt -0.920360208 0.689647496 0
vt -0.815189898 0.717831969 0
vt -0.877787709 0.908474743 0
vt 0.596928358 0.972339571 0
vt -0.892717242 0.62248379 0
vt -0.9155159 0.680289686 0
vt -0.751936018 0.696996331 0
vt -0.660125732 0.765635669 0
vt -0.944921136 0.68667531 0
vt 0.458934814 0.813401997 0
vt -0.94856894 0.857215643 0
vt -0.806175649 0.627512157 0
vt -0.641038418 0.649423957 0
vt -0.666213512 0.764092445 0
vt 0.617080152 0.78091228 0
vt 0.702231228 0.663214326 0
vt 0.795128942 0.786616623 0
vt 0.500955403 0.74830991 0
vt 0.679813385 0.673709154 0
vt -0.682274878 0.787046909 0
vt -0.722638905 0.811304927 0
vt -0.728115737 0.98330009 0
vt -0.913645327 0.905132949 0
vt -0.662944734 0.785256982 0
vt 0.64340353 0.799751997 0
vt -0.798237026 0.627969623 0
vt -0.735988915 1.01940584 0
vt 0.643536568 0.759357095 0
vt 0.785332739 0.723728836 0
vt -0.896627069 0.890327275 0
vt 0.653234363 0.844733417 0
vt 0.731302261 0.839910269 0
vt -0.942249358 0.616846979 0
vt 0.563234866 0.972129405 0
vt 0.511402488 1.02331042 0
vt -0.793812037 0.69846493 0
vt 0.750598967 0.697070181 0
vt -0.931372523 0.763681889 0
vt 0.70670867 0.853895307 0
vt -0.734788775 0.747326612 0
vt 0.632513404 0.69525677 0
vt 0.6816836 0.776427269 0
vt -0.861836433 1.02276158 0
vt 0.655583858 0.925842285 0
vt 0.514047503 0.76022768 0
vt -0.780175984 0.839478195 0
vt -0.720348895 0.909360349 0
vt 0.492931664 0.732752621 0
vt -0.889389932 0.96997714 0
vt 0.631996036 0.830524087 0
vt -0.89169091 1.01881897 0
vt -0.856157899 0.638797879 0
vt 0.551990807 0.692485094 0
vt 0.459183007 0.741617084 0
vt -0.901591897 1.02786267 0
vt 0.696372747 0.952217996 0
vt -0.946649551 0.710910559 0
vt 0.636331081 0.745971262 0
vt -0.745958686 0.738277614 0
vt -0.668770909 0.789540827 0
vt -0.780136824 0.616135776 0
vt -0.663933694 0.650409698 0
vt -0.678880572 0.653882623 0
vt -0.903435707 0.631368756 0
vt -0.702822387 1.02669358 0
vt 0.799906492 0.77106142 0
vt -0.820741296 0.872139037 0
vt 0.649287462 0.743335426 0
vt 0.616196573 0.681355596 0
vt -0.708096087 0.650442302 0
vt 0.639365613 0.771359861 0
vt -0.919167638 0.753239214 0
vt 0.703367054 0.878518701 0
vt -0.801197588 0.878532112 0
vt -0.71354425 0.849285305 0
vt 0.687182426 0.74216646 0
vt -0.905944824 1.00369453 0
vt -0.670194149 0.741303265 0
vt 0.655844212 0.711083829 0
vt -0.747476816 0.65671277 0
vt 0.649747133 0.923380852 0
vt 0.444224775 0.72279501 0
vt -0.747195303 0.883697689 0
vt 0.564604223 1.00023484 0
vt -0.960129201 0.645802975 0
vt -0.920892239 0.729727089 0
vt -0.903389156 0.944158018 0
vt 0.602021635 0.823611498 0
vt 0.70643723 1.00554156 0
vt -0.740530074 0.682545543 0
vt -0.823265672 0.817453921 0
vt -0.774053752 0.839912534 0
vt 0.716030478 1.01430857 0
vt -0.838165879 0.935010791 0
vt -0.853187442 0.77444613 0
vt 0.672363997 0.633808374 0
vt 0.558672845 0.810268939 0
vt -0.823301256 0.849257767 0
vt 0.771074474 0.727480173 0
vt -0.697840691 0.705089271 0
vt 0.508526683 0.843532503 0
vt -0.853062153 0.714410484 0
vt -0.720638812 0.703564048 0
vt -0.885539412 0.937609076 0
vt 0.772915006 0.820920527 0
vt 0.621315479 0.898321748 0
vt 0.755268157 0.684996367 0
vt -0.818042755 0.669839621 0
vt -0.915808618 0.774062455 0
vt 0.529614151 0.760312319 0
vt -0.668968499 0.728904963 0
vt 0.740117311 0.774004877 0
vt 0.637079895 0.862057805 0
vt 0.649823487 0.954164684 0
vt -0.965925515 0.665783107 0
vt 0.661374032 0.628037155 0
vt 0.621820211 0.767767251 0
vt 0.751274824 0.771253228 0
vt -0.694158912 0.635704756 0
vt 0.630644202 0.783350945 0
vt -0.68798548 0.641280234 0
vt 0.638878107 0.753131688 0
vt 0.509788275 0.772922158 0
vt 0.660353661 1.01180339 0
vt -0.872578919 0.780363679 0
vt 0.588531315 0.817258179 0
vt -0.753821492 0.80664295 0
vt -0.832725644 0.772512555 0
vt 0.513828754 0.719558239 0
vt -0.811693132 0.784556866 0
vt -0.721970379 1.03661478 0
vt 0.506239712 0.87135601 0
vt 0.647870004 0.628087044 0
vt 0.658864081 0.999739766 0
vt 0.730197847 0.827610672 0
vt 0.634299219 0.646615267 0
vt 0.732148528 0.782362521 0
vt -0.638458729 0.742859602 0
vt -0.780972838 0.87780863 0
vt 0.60249579 0.701738179 0
vt 0.672595561 0.897306263 0
vt -0.849632204 0.768075109 0
vt 0.53908354 0.824889481 0
vt 0.443618566 0.668306291 0
vt 0.500667393 0.792956531 0
vt 0.604188144 0.724826574 0
vt 0.545035124 0.62919116 0
vt -0.873739719 1.03291738 0
vt 0.68166697 0.876035988 0
vt 0.485151649 0.731436968 0
vt 0.653408766 0.785897493 0
vt -0.795369744 0.914114952 0
vt 0.539239824 0.811235487 0
vt -0.979843557 0.726315498 0
vt -0.76366365 0.650072038 0
vt 0.665316164 0.940337718 0
vt -0.852794468 1.00587285 0
vt -0.700969875 0.905588567 0
vt 0.688032806 0.658050895 0
vt 0.777259409 0.627491832 0
vt -0.827131391 0.705154896 0
vt 0.668874681 0.628320515 0
vt 0.680852115 0.680411935 0
vt 0.542598248 0.982702136 0
vt 0.601291537 0.830774188 0
vt -0.897802293 0.816186905 0
vt -0.749603033 0.981471181 0
vt 0.573523104 0.945643008 0
vt -0.776073456 0.650766551 0
vt 0.655210435 0.821826816 0
vt -0.798078537 0.837560058 0
vt -0.87278527 0.934295416 0
vt 0.711742103 0.693606377 0
vt 0.464585483 0.853144407 0
vt -0.822747767 0.865011513 0
vt 0.69493252 0.994547009 0
vt 0.684605241 0.692159951 0
vt -0.71593231 0.970147491 0
vt 0.569517195 0.743122518 0
vt -0.762115061 0.958247006 0
vt -0.755031407 0.814206779 0
vt -0.792907 0.615561783 0
vt 0.76464659 0.789473116 0
vt -0.834820271 0.69277519 0
vt -0.735840976 0.810490191 0
vt 0.580573499 0.964736402 0
vt -0.764841318 0.785227954 0
vt 0.525454164 1.02179062 0
vt -0.852606952 0.720945239 0
vt 0.707376957 0.809733272 0
vt 0.57298857 0.807416737 0
vt -0.753220856 0.935581803 0
vt -0.781497538 0.701147318 0
vt 0.613189459 0.734819353 0
vt -0.840185404 0.872259736 0
vt -0.856286287 0.80444628 0
vt 0.667378068 0.893647313 0
vt 0.79456377 0.69688195 0
vt 0.782901466 0.694493532 0
vt 0.800976455 0.763797104 0
vt 0.54225117 0.785130262 0
vt 0.487165183 0.810517967 0
vt -0.820925295 0.906095207 0
vt 0.762943566 0.848526955 0
vt -0.740073144 0.792562366 0
vt 0.605228424 0.736874878 0
vt 0.537400961 0.628322482 0
vt -0.761044085 0.768451154 0
vt -0.869521022 0.70538646 0
vt 0.626252472 0.845054746 0
vt -0.802315474 0.770273745 0
vt -0.851650536 0.625045776 0
vt 0.634506881 0.854890168 0
vt -0.807260215 0.616151392 0
vt 0.487922579 0.736667871 0
vt 0.656362057 0.698880553 0
vt -0.820011497 0.693371117 0
vt 0.801269531 0.789268017 0
vt -0.63235718 0.74116081 0
vt 0.695907176 0.73534584 0
vt -0.690396309 0.663796425 0
vt -0.850916386 0.615133703 0
vt 0.647598207 0.689185739 0
vt -0.937124074 0.846834242 0
vt -0.81694746 0.80295074 0
vt 0.625870705 0.787934303 0
vt 0.73532933 0.632971168 0
vt -0.886484921 0.733758688 0
vt 0.656669319 0.856806815 0
vt -0.707910717 0.867996275 0
vt -0.848048449 0.710377693 0
vt 0.645890951 0.847320497 0
vt 0.607856929 0.829301 0
vt -0.843887925 0.91744101 0
vt -0.856482625 0.685945868 0
vt -0.772852242 0.68187511 0
vt -0.934693694 0.782958567 0
vt 0.491443813 0.693156958 0
vt -0.890160501 0.898756742 0
vt -0.812833548 0.79204154 0
vt 0.59301734 0.847625494 0
vt 0.520397425 0.628985047 0
vt -0.763207614 0.8785851 0
vt 0.69505316 0.660419106 0
vt 0.631561875 0.751911998 0
vt -0.919529557 0.70916754 0
vt -0.968399525 0.634822786 0
vt -0.972810864 0.726123929 0
vt 0.638551056 0.828149021 0
vt 0.756013811 0.723850191 0
vt 0.633282602 0.653039813 0
vt -0.905601561 0.874695837 0
vt 0.69045794 0.748984158 0
vt -0.790670037 0.892423451 0
vt 0.664256692 0.752877414 0
vt -0.899689376 0.710805833 0
vt 0.621280849 0.761494339 0
vt -0.767287314 0.643246055 0
vt -0.728022277 0.680520713 0
vt -0.919669151 0.654249132 0
vt 0.676799834 0.79701525 0
vt 0.773161709 0.680762231 0
vt 0.575212359 0.994389057 0
vt 0.661911845 1.00475919 0
vt -0.876996756 0.752827525 0
vt 0.722643852 0.827881396 0
vt 0.657573164 0.954748273 0
vt -0.799958289 0.616076708 0
vt 0.609472215 0.683212757 0
vt -0.87142849 0.985221505 0
vt 0.725249708 0.864163101 0
vt -0.93477124 0.725537002 0
vt -0.70428437 0.674120247 0
vt 0.771211326 0.694524944 0
vt -0.756279945 0.86922276 0
vt -0.839458108 0.928664565 0
vt -0.93740356 0.68219918 0
vt -0.778886259 0.629288495 0
vt -0.77730155 0.739183307 0
vt -0.793557465 0.807430446 0
vt 0.539055347 0.994509459 0
vt -0.948484659 0.851357818 0
vt -0.752221525 0.784492671 0
vt -0.791241109 0.785155118 0
vt -0.850999296 0.83393091 0
vt -0.932203054 0.643408895 0
vt 0.520676374 0.809941411 0
vt 0.702253342 0.993574858 0
vt 0.595295668 0.924504757 0
vt -0.633754432 0.786992133 0
vt 0.501710355 0.755799174 0
vt 0.552241504 0.856599629 0
vt 0.521997094 0.758001387 0
vt 0.568753839 0.950779438 0
vt 0.717932165 0.822842538 0
vt -0.825144649 0.732741058 0
vt -0.686730266 0.691005051 0
vt 0.476011038 0.644028783 0
vt 0.604113221 0.861434639 0
vt 0.759902358 0.794558644 0
vt -0.923033714 0.798092782 0
vt -0.811269045 0.622410238 0
vt -0.717069626 0.977374673 0
vt 0.682387173 0.76857996 0
vt -0.772702813 0.889101386 0
vt 0.789423466 0.692164719 0
vt 0.558693588 0.72729367 0
vt 0.599667907 0.690506637 0
vt -0.924084187 0.817274034 0
vt 0.725681603 0.776788533 0
vt -0.882585227 0.856830359 0
vt 0.665235579 1.01575172 0
vt 0.764633298 0.698106587 0
vt -0.954556108 0.65722084 0
vt -0.783118427 0.651696682 0
vt -0.734493673 0.987150073 0
vt -0.86549896 0.86652571 0
vt 0.706436753 0.690284014 0
vt 0.61212492 0.953820944 0
vt 0.577395856 0.640731692 0
vt 0.750872612 0.711536765 0
vt -0.667179644 0.807415545 0
vt -0.714114964 0.905884027 0
vt -0.92343235 0.776295066 0
vt -0.868951797 0.739960909 0
vt 0.672399044 0.944723845 0
vt 0.670043886 0.855841994 0
vt 0.734145463 0.74720192 0
vt 0.468099803 0.841019988 0
vt 0.565276027 0.633871853 0
vt -0.749149144 1.02726066 0
vt 0.752255201 0.67779696 0
vt 0.666117251 0.880107462 0
vt 0.634019375 0.663658977 0
vt -0.861069858 0.68996799 0
vt -0.662716568 0.79224807 0
vt 0.554060102 0.655490339 0
vt -0.749314129 0.923671484 0
vt -0.820566297 0.927416921 0
vt -0.988329947 0.823352218 0
vt -0.955361068 0.824453354 0
vt 0.671320319 0.67130661 0
vt 0.526822031 0.733376384 0
vt -0.87112534 0.870270193 0
vt -0.910745502 0.699085534 0
vt -0.894432247 0.769170225 0
vt -0.849684775 0.704080284 0
vt -0.85451591 0.737827778 0
vt 0.534994602 0.638633132 0
vt 0.552779794 0.627511561 0
vt -0.766113698 0.615903437 0
vt 0.642217338 0.72935921 0
vt 0.608203471 0.974790454 0
vt -0.830006301 0.782735407 0
vt -0.877208412 0.894634426 0
vt -0.901200473 0.918117762 0
vt 0.80115813 0.841274798 0
vt -0.965538621 0.817146361 0
vt 0.760446668 0.736222148 0
vt -0.899635851 0.985077024 0
vt 0.740675569 0.859268725 0
vt 0.448475063 0.681184709 0
vt -0.901708901 0.965627968 0
vt 0.757720351 0.637096345 0
vt 0.735619783 1.02100658 0
vt 0.68451941 0.641406715 0
vt 0.769625425 0.62863183 0
vt 0.643608332 0.990378201 0
vt 0.778693497 0.820084751 0
vt -0.947048604 0.657069862 0
vt -0.705076873 0.750037551 0
vt -0.874562681 1.00409305 0
vt 0.73372972 0.690278947 0
vt -0.628613293 0.843839109 0
vt -0.888769031 0.764083147 0
vt 0.568922162 0.65773356 0
vt -0.757913291 0.891373932 0
vt -0.668382347 0.722329259 0
vt -0.88699317 0.954934418 0
vt 0.770658374 0.686751068 0
vt 0.710180521 0.823417723 0
vt 0.60142839 0.627815068 0
vt 0.663092077 0.767567992 0
vt 0.717413962 0.725690246 0
vt -0.968022883 0.672083676 0
vt -0.734092653 0.872169018 0
vt 0.567418993 0.934660256 0
vt -0.825324893 0.669093668 0
vt 0.796518087 0.759687662 0
vt -0.627139091 0.651119232 0
vt -0.726003647 0.793768287 0
vt 0.506410658 0.736831427 0
vt 0.662988007 0.779977441 0
vt -0.628223598 0.770253778 0
vt -0.705543756 0.99238795 0
vt -0.885236025 1.01041901 0
vt 0.673485816 0.850254178 0
vt 0.766457438 0.679655671 0
vt 0.630831778 0.952294886 0
vt -0.685905337 0.653420389 0
vt 0.765977442 0.691224039 0
vt -0.677194774 0.738990426 0
vt 0.737053394 0.865394533 0
vt -0.881837785 0.658146143 0
vt -0.877716482 1.02040267 0
vt -0.953555703 0.803866148 0
vt -0.701857269 0.918440759 0
vt 0.577195942 0.842366934 0
vt -0.651487052 0.777285695 0
vt -0.668416619 0.663256764 0
vt 0.625365138 0.738849819 0
vt 0.584359109 0.978358984 0
vt -0.960451007 0.716535449 0
vt 0.522396803 0.82984221 0
vt -0.700651109 0.633333683 0
vt -0.760299623 0.643035948 0
vt 0.764508486 0.831387997 0
vt 0.442436814 0.681219697 0
vt 0.675608933 0.92886579 0
vt -0.884949207 0.757259429 0
vt -0.750612319 0.651451647 0
vt -0.801364541 0.707812607 0
vt -0.906935513 0.985249221 0
vt -0.939896047 0.765467763 0
vt -0.942991614 0.860417962 0
vt -0.627655983 0.716795146 0
vt -0.74498266 0.99496305 0
vt -0.740086675 0.757381856 0
vt 0.560503185 0.895093918 0
vt 0.748043299 0.834238946 0
vt -0.718922198 0.867224574 0
vt -0.910602093 0.648267686 0
vt -0.751058459 1.03334486 0
vt -0.850607038 0.799793184 0
vt 0.657175183 0.993066549 0
vt -0.886845231 0.704033434 0
vt -0.935005307 0.812806726 0
vt 0.759894133 0.836435974 0
vt 0.691006958 0.883493721 0
vt -0.626580238 0.84930706 0
vt -0.755365372 1.02392817 0
vt -0.878395915 1.00893426 0
vt -0.736459792 0.693965018 0
vt -0.695762515 0.649965644 0
vt 0.451406896 0.850882053 0
vt 0.534159839 0.644511163 0
vt -0.8249017 0.910503626 0
vt -0.650908828 0.728245497 0
vt 0.719948888 0.652418971 0
vt 0.583731353 0.713792622 0
vt -0.988076627 0.702340841 0
vt -0.908292115 0.737641454 0
vt 0.573305309 0.933318675 0
vt -0.884966075 1.01706874 0
vt -0.855754137 1.01175392 0
vt -0.726816714 0.843169689 0
vt 0.66661185 0.820531785 0
vt 0.773359656 0.856492817 0
vt 0.689097941 0.76727891 0
vt -0.692596614 0.812509775 0
vt 0.792624712 0.857278943 0
vt -0.683261573 0.647647738 0
vt -0.767885447 0.840438187 0
vt 0.504827499 0.65500164 0
vt 0.495661914 0.631273806 0
vt -0.855355799 0.945596993 0
vt 0.645735741 0.997227967 0
vt -0.700625598 0.891430855 0
vt 0.716212511 0.680397391 0
vt 0.547486246 1.00672698 0
vt 0.609137714 0.644750357 0
vt -0.904645562 0.979846835 0
vt -0.782564044 0.855821788 0
vt -0.745048702 0.870886624 0
vt -0.655487299 0.723833025 0
vt -0.905944169 0.936982036 0
vt 0.730578959 0.703505933 0
vt -0.706789613 0.999313593 0
vt 0.6909132 0.939763784 0
vt 0.722689152 0.75475502 0
vt 0.472928375 0.691474915 0
vt -0.662254989 0.726289272 0
vt 0.719848812 0.766569436 0
vt 0.521296561 1.0096519 0
vt 0.532059729 0.821939826 0
vt -0.93795383 0.701714277 0
vt 0.749138653 0.865355074 0
vt -0.741647124 0.658261061 0
vt 0.723522067 0.66449672 0
vt -0.897771597 0.752835572 0
vt -0.682208776 0.775088012 0
vt -0.883293867 0.76933521 0
vt 0.534486234 0.650895894 0
vt -0.966051877 0.861214101 0
vt 0.715944946 0.657675683 0
vt -0.66261065 0.751151323 0
vt -0.853909969 0.827200174 0
vt -0.805988848 0.861842692 0
vt -0.82911396 0.946648836 0
vt 0.51533711 0.862774551 0
vt 0.650330842 0.991815627 0
vt -0.882831275 0.763222635 0
vt 0.737085819 0.676221669 0
vt -0.757634938 0.834053576 0
vt -0.679709852 0.660927176 0
vt 0.548609018 0.896859109 0
vt -0.790908635 0.837629139 0
vt -0.930661201 0.883744538 0
vt 0.556504846 0.914482594 0
vt -0.851158082 0.635268867 0
vt 0.799982071 0.655756712 0
vt 0.734583795 0.754957974 0
vt -0.900690258 0.735531926 0
vt 0.676985145 1.04775548 0
vt 0.443177879 0.832669437 0
vt 0.540751815 0.890740871 0
vt 0.554212213 0.90490067 0
vt 0.535548747 0.798269153 0
vt -0.988648951 0.661889613 0
vt -0.721154749 0.841429114 0
vt 0.543035269 0.866330266 0
vt 0.577082098 0.794960976 0
vt -0.655973673 0.667741418 0
vt 0.662521243 0.687092423 0
vt 0.654056072 1.01473796 0
vt 0.53448683 0.989557087 0
vt 0.671577275 1.0392735 0
vt 0.660254121 1.02265096 0
vt -0.918174922 0.916317344 0
vt 0.7142241 0.987291276 0
vt -0.960225821 0.805606186 0
vt 0.666038632 1.03087747 0
vt -0.705629706 1.01063943 0
vt -0.938200951 0.69556427 0
vt 0.578121662 1.03968859 0
vt -0.738402247 0.730104506 0
vt 0.596770883 1.01599503 0
vt 0.522504151 0.882524848 0
vt 0.584068894 1.03157699 0
vt 0.572301507 1.04789305 0
vt -0.968941927 0.867655396 0
vt -0.766815364 0.866342187 0
vt -0.908742547 0.962911189 0
vt -0.917623281 0.700777113 0
vt 0.538598835 1.01354837 0
vt 0.770610631 0.659312904 0
vt -0.774912715 0.955299318 0
vt 0.497549921 0.839525998 0
vt -0.690852761 0.763204157 0
vt 0.531879246 0.886107683 0
vt 0.554803312 0.739831686 0
vt 0.487815648 0.682106674 0
vt -0.89172709 0.904353201 0
vt -0.703782916 0.962211907 0
vt 0.558352828 0.637651265 0
vt 0.714470446 0.785565555 0
vt -0.702189803 0.97210288 0
vt 0.560680687 0.962234676 0
vt -0.652550697 0.845514834 0
vt 0.442755133 0.788321853 0
vt 0.647212148 1.00739896 0
vt 0.603815019 1.00883448 0
vt 0.592381716 0.691728473 0
vt -0.886626244 0.799713612 0
vt 0.774485588 0.653334737 0
vt 0.705026865 0.794919252 0
vt 0.59024322 1.02363944 0
vt -0.888397753 0.822672486 0
vt 0.508295298 0.779450178 0
vt 0.767073393 0.654128194 0
vt -0.921740711 0.660421968 0
vt -0.926328421 0.88655597 0
vt -0.910099268 0.972822905 0
vt 0.687315166 0.910392761 0
vt -0.902733386 0.889438748 0
vt -0.908913255 0.952930331 0
vt 0.737344742 0.727142394 0
vt 0.454043806 0.726341605 0
vt 0.689281285 0.81325227 0
vt -0.912475705 0.982549965 0
vt -0.765556037 0.970738292 0
vt -0.952507615 0.626123965 0
vt 0.639400125 1.0011816 0
vt -0.694321692 0.888436913 0
vt 0.512892127 0.879612923 0
vt 0.712070405 0.758985043 0
vt 0.801915348 0.689290345 0
vt -0.866237521 0.733688116 0
vt -0.674687445 0.773302436 0
vt -0.706929564 0.903527975 0
vt 0.551633596 1.01413858 0
vt -0.943207443 0.651356161 0
vt 0.46358481 0.830034494 0
vt -0.699888945 0.981860757 0
vt 0.611682355 1.00265431 0
vt -0.711786211 0.613485992 0
vt -0.697070003 0.991488636 0
vt 0.579604149 1.02376401 0
vt -0.704403996 0.952219009 0
vt 0.500513196 0.81132853 0
vt -0.664092839 0.82509166 0
vt -0.694467306 0.906915665 0
vt 0.770920098 0.792839229 0
vt -0.693866074 0.725802183 0
vt -0.706809163 0.643460095 0
vt -0.935493886 0.852256954 0
vt -0.840709209 0.829964519 0
vt 0.749770641 0.645377219 0
vt 0.768865705 0.82641083 0
vt -0.90520221 0.792562902 0
vt 0.503147185 0.877170205 0
vt -0.958861291 0.761900306 0
vt -0.895058036 0.762617171 0
vt 0.6074453 0.872238576 0
vt 0.801054418 0.6497491 0
vt -0.891046166 0.97603035 0
vt 0.556139469 0.924444199 0
vt -0.915479243 0.992106676 0
vt -0.95836705 0.798233211 0
vt -0.961255372 0.726571023 0
vt 0.554285884 0.934255898 0
vt -0.695980787 0.759469867 0
vt -0.764551699 0.944738865 0
vt 0.673582852 0.905019224 0
vt -0.649673879 0.863077521 0
vt -0.936334431 0.650185168 0
vt 0.700075865 0.88875556 0
vt 0.542884052 0.962046266 0
vt 0.67875737 0.817615271 0
vt 0.758065939 0.631575227 0
vt -0.9256019 0.898887336 0
vt 0.684857965 0.885971248 0
vt 0.551229477 0.943793058 0
vt 0.694902658 0.886925578 0
vt 0.493318796 0.875082076 0
vt 0.474101931 0.782309532 0
vt 0.538063884 0.97085917 0
vt -0.693830729 1.00098681 0
vt 0.547296524 0.953029633 0
vt -0.65672034 0.730679035 0
vt -0.833108366 0.94109863 0
vt -0.747471333 0.79505074 0
vt -0.693994522 0.801942468 0
vt 0.642118931 0.909115732 0
vt 0.636962831 0.633013904 0
vt -0.986833274 0.667471588 0
vt -0.684485912 0.764793575 0
vt -0.732919574 0.686436892 0
vt 0.672527492 0.862820745 0
vt 0.614492834 0.973286271 0
vt 0.725835562 0.689924717 0
vt 0.684968531 0.715371311 0
vt -0.753250957 1.04486156 0
vt -0.857127011 1.03559589 0
vt -0.920539677 0.886974752 0
vt -0.877240837 1.0146842 0
vt -0.980169475 0.638220251 0
vt 0.52765435 0.988044322 0
vt -0.633078456 0.662077248 0
vt 0.620519161 0.803866744 0
vt -0.724495411 0.648246586 0
vt -0.726464033 0.7557019 0
vt -0.853708208 0.761871696 0
vt 0.483437002 0.873259664 0
vt 0.69492203 0.896780133 0
vt 0.539663136 1.00591767 0
vt -0.703719199 0.942236423 0
vt 0.552385509 0.991843164 0
vt 0.690770507 0.646344125 0
vt 0.692838192 0.906308293 0
vt -0.734565735 0.878796458 0
vt -0.913440883 0.733606815 0
vt 0.463589847 0.870100856 0
vt 0.6302917 0.997665107 0
vt -0.83729881 0.673184931 0
vt -0.858630717 0.731918335 0
vt 0.532960057 0.979511499 0
vt 0.680750608 0.731447875 0
vt -0.876846552 0.809662819 0
vt -0.770416975 0.648672581 0
vt -0.918939829 1.00151455 0
vt -0.813150227 0.777221441 0
vt 0.760912716 0.861657441 0
vt 0.708526433 0.781381965 0
vt 0.715149939 0.718505621 0
vt 0.636546195 0.948534727 0
vt 0.70786202 0.882924318 0
vt -0.757030845 1.03559589 0
vt 0.689084053 0.933607459 0
vt 0.684927464 0.846471727 0
vt 0.620626986 0.99839282 0
vt -0.747711837 0.63380909 0
vt -0.722689271 0.966367185 0
vt 0.459155738 0.864681363 0
vt 0.71671772 0.878723741 0
vt -0.698728859 0.813073039 0
vt 0.751150966 0.633261621 0
vt -0.764590561 1.01706505 0
vt 0.473523408 0.87161839 0
vt -0.8582322 0.917683363 0
vt -0.705732882 0.720371127 0
vt 0.605141819 0.655084074 0
vt -0.735081434 0.641620576 0
vt -0.753670335 0.629857659 0
vt 0.69512409 0.9458974 0
vt -0.937917411 0.830185294 0
vt -0.983127177 0.679640174 0
vt 0.453643441 0.868668318 0
vt 0.522188187 0.996475101 0
vt -0.75797385 0.793386459 0
vt 0.717349052 0.640443385 0
vt 0.524457574 0.791733563 0
vt 0.443689406 0.867289543 0
vt -0.858168602 0.831986189 0
vt 0.763023436 0.711297035 0
vt -0.760810673 1.02633047 0
vt -0.690286279 1.01037693 0
vt -0.641152024 0.683219671 0
vt -0.860761642 1.04486156 0
vt -0.68833518 0.88640964 0
vt -0.69431746 1.01699734 0
vt -0.915483713 0.741081417 0
vt -0.723515987 0.885571659 0
vt -0.75251776 0.887202084 0
vt -0.67239666 0.620010436 0
vt -0.970471919 0.854775429 0
vt -0.780385852 0.767670989 0
vt -0.939328015 0.644703269 0
vt -0.712394416 0.722644567 0
vt -0.645205915 0.75100565 0
vt -0.911357462 0.878858924 0
vt -0.965486288 0.78816539 0
vt 0.516616583 1.00483799 0
vt 0.579937458 0.982815504 0
vt -0.770943761 0.966242194 0
vt 0.525118947 0.716682196 0
vt 0.489177197 0.720405996 0
vt -0.818367958 0.650940299 0
vt -0.692352414 0.656290591 0
vt -0.928230941 0.702838778 0
vt 0.637604892 0.980416715 0
vt -0.7125597 0.995579422 0
vt -0.65655148 0.824522674 0
vt -0.919781208 0.674646556 0
vt -0.922774196 1.01077902 0
vt -0.760925233 1.00620234 0
vt 0.445728213 0.855331481 0
vt -0.8436566 0.731140912 0
vt -0.772887349 0.857680917 0
vt 0.726042151 0.875605822 0
vt 0.561985731 0.797995508 0
vt -0.932809234 0.632083178 0
vt -0.737382472 0.907790542 0
vt -0.929052174 0.637280047 0
vt 0.526649654 0.647393286 0
vt -0.85041064 0.918458343 0
vt -0.853492379 1.02633047 0
vt 0.483969539 0.695048988 0
vt -0.676427782 0.731921852 0
vt -0.849857628 1.01706505 0
vt -0.713356197 0.656088412 0
vt -0.861681461 0.738779008 0
vt 0.585380316 1.02020252 0
vt -0.905265689 0.832083941 0
vt 0.632623971 0.904224455 0
vt -0.709650457 0.699508429 0
vt -0.783613622 0.849228203 0
vt 0.695906222 0.852440119 0
vt 0.54036057 0.977352262 0
vt 0.803434193 0.795226514 0
vt 0.754243791 0.627349198 0
vt -0.878086865 0.901434362 0
vt 0.620228171 0.891560197 0
vt 0.60238117 0.842082441 0
vt 0.785091877 0.667098522 0
vt 0.573695302 0.763754427 0
vt -0.806623042 0.801480293 0
vt -0.842294991 0.946605563 0
vt 0.567602098 0.770344853 0
vt -0.78558439 0.732921839 0
vt 0.697477818 0.747891307 0
vt 0.510972261 1.013152 0
vt 0.52436924 0.710408986 0
vt 0.49501282 0.680036664 0
vt 0.57923162 0.802043021 0
vt -0.76837039 1.00779951 0
vt 0.673703671 1.00422728 0
vt -0.878330708 0.868842959 0
vt -0.671077013 0.670234442 0
vt 0.548590302 0.862798214 0
vt -0.931173384 0.692989111 0
vt -0.751349151 0.733647585 0
vt 0.555290878 0.888303995 0
vt -0.694186032 0.81917268 0
vt -0.633000791 0.649907827 0
vt -0.713831902 0.863152027 0
vt -0.84937048 1.00077391 0
vt -0.879184723 0.956488967 0
vt -0.786704421 0.61433816 0
vt 0.553163588 0.980059564 0
vt -0.910897255 0.943171978 0
vt -0.686578274 1.01970398 0
vt -0.733004987 0.79279387 0
vt 0.664064467 0.969256878 0
vt 0.581208825 0.763286948 0
vt -0.687559545 0.792086184 0
vt 0.692872047 0.916094184 0
vt 0.501707494 0.718259752 0
vt -0.911608696 1.00744867 0
vt 0.554848313 0.795009673 0
vt 0.551760077 0.767257392 0
vt -0.925638378 0.677281141 0
vt -0.702262759 0.855505109 0
vt -0.926834404 1.01994848 0
vt 0.731916904 0.806903541 0
vt -0.657698929 0.780744672 0
vt 0.735582352 0.873186469 0
vt 0.58794111 0.933861613 0
vt 0.54012543 0.8776685 0
vt 0.766625047 0.838225901 0
vt -0.94014746 0.841555536 0
vt -0.753216565 1.00625193 0
vt 0.778959811 0.677418709 0
vt 0.74643755 0.752931416 0
vt 0.757721305 0.811781108 0
vt -0.695211411 0.742546737 0
vt -0.940919757 0.675976813 0
vt -0.98672235 0.685617745 0
vt -0.658946753 0.830098391 0
vt -0.840482712 0.922610402 0
vt 0.533466399 0.874386191 0
vt -0.956096828 0.868361115 0
vt -0.982756555 0.661223412 0
vt -0.75262779 0.7568959 0
vt 0.787651598 0.809820354 0
vt -0.72011739 0.765144527 0
vt -0.701411963 0.93251133 0
vt 0.452002674 0.826044738 0
vt 0.618340313 0.739615083 0
vt -0.846222997 1.00779951 0
vt 0.753261566 0.739417195 0
vt -0.87880677 0.834085584 0
vt -0.687662125 0.827151239 0
vt -0.805728495 0.855448306 0
vt 0.567446232 0.817480087 0
vt 0.702137172 1.01417458 0
vt 0.442674369 0.807963371 0
vt 0.544618249 0.858748257 0
vt 0.515208364 0.6919716 0
vt 0.485402346 0.838663876 0
vt 0.540657341 0.792879045 0
vt 0.625794768 0.991899669 0
vt 0.505274117 1.02142954 0
vt -0.767037988 0.795529068 0
vt 0.702377796 0.7832582 0
vt 0.59073931 1.0040226 0
vt 0.591371596 0.962126672 0
vt -0.867231607 0.826686084 0
vt -0.89269346 0.693986595 0
vt 0.447610229 0.716474593 0
vt 0.638678372 0.921409786 0
vt -0.751565814 0.942327976 0
vt -0.793829322 0.842623174 0
vt 0.708343148 0.962445557 0
vt 0.640525162 0.723843396 0
vt 0.552207112 0.806616724 0
vt 0.441191107 0.636419952 0
vt 0.6051296 0.878157854 0
vt 0.582561672 0.719660401 0
vt -0.753829241 0.917477906 0
vt -0.842588365 0.998534322 0
vt -0.808961093 0.662850082 0
vt 0.745231986 0.871229649 0
vt -0.687961757 0.800646245 0
vt -0.727928519 0.766652524 0
vt -0.682771564 1.02899194 0
vt -0.965803742 0.648023546 0
vt 0.799702585 0.676032841 0
vt 0.599173129 0.847956359 0
vt 0.694356322 0.925782442 0
vt -0.772150278 0.998534322 0
vt 0.696824789 0.935290396 0
vt -0.757997513 0.6926952 0
vt 0.469989002 0.664890409 0
vt -0.912992716 0.858799994 0
vt 0.570839763 1.03700042 0
vt 0.658311486 0.868662715 0
vt 0.682751834 0.737351894 0
vt 0.64477402 0.92069459 0
vt 0.71782279 0.979709506 0
vt -0.684464037 0.740128934 0
vt -0.756896198 0.946972847 0
vt -0.757761717 0.922411919 0
vt 0.741464972 0.833737671 0
vt 0.712979555 0.971135378 0
vt 0.568233311 0.910671949 0
vt 0.719841659 0.712724924 0
vt 0.722857475 0.988175511 0
vt 0.704047859 0.953588486 0
vt 0.700172305 0.944539249 0
vt 0.658966184 0.96571964 0
vt -0.674480438 0.71916461 0
vt -0.775930166 0.989268899 0
vt -0.629361629 0.67902869 0
vt -0.971904993 0.628873646 0
vt -0.770313203 0.907156587 0
vt -0.838953674 0.989268899 0
vt 0.686373472 0.78830415 0
vt 0.681340337 0.801482916 0
vt 0.550604641 0.891471624 0
vt -0.930991352 1.02907491 0
vt 0.473120093 0.774995208 0
vt -0.960731387 0.688853204 0
vt -0.873455763 0.815888107 0
vt 0.754942536 0.869590402 0
vt -0.660274684 0.672893345 0
vt -0.8901667 0.752320051 0
vt 0.764689922 0.868177712 0
vt 0.706254184 0.866489232 0
vt -0.787671864 0.90541476 0
vt -0.746308327 0.755000889 0
vt 0.637635589 0.705572426 0
vt 0.6299088 0.987193763 0
vt -0.635493219 0.768784046 0
vt -0.988021195 0.654864192 0
vt 0.650975943 0.634396374 0
vt 0.729206502 0.758189499 0
vt -0.9316172 0.862751365 0
vt 0.766319394 0.73221916 0
vt -0.865505099 0.755750835 0
vt -0.774414122 0.729622006 0
vt -0.650828302 0.741292059 0
vt 0.781853437 0.653459072 0
vt 0.740805268 0.73769933 0
vt -0.779709995 0.980003476 0
vt 0.604096889 1.00237978 0
vt 0.728823721 0.696215808 0
vt 0.787266254 0.860222518 0
vt -0.837394416 0.700630605 0
vt 0.774462819 0.866949081 0
vt 0.728014827 0.996566713 0
vt -0.727493465 0.640684903 0
vt -0.723199308 0.979150057 0
vt -0.700552225 0.841930449 0
vt -0.965568066 0.770972848 0
vt -0.989060342 0.696848989 0
vt -0.806350708 0.644785106 0
vt 0.747087598 0.628420532 0
vt -0.97537297 0.693718731 0
vt -0.946357727 0.622273505 0
vt 0.557062447 0.666927278 0
vt -0.673603892 0.745898962 0
vt 0.572996974 0.980286598 0
vt 0.776973248 0.698015928 0
vt -0.756479263 0.851954281 0
vt 0.688663781 0.734437227 0
vt -0.700862706 0.997643471 0
vt -0.912090421 0.840971649 0
vt 0.680480599 0.870046258 0
vt -0.970517099 0.804129779 0
vt -0.8521052 0.866158783 0
vt 0.695470512 0.81201905 0
vt -0.642727494 0.821198285 0
vt 0.702177942 0.776616693 0
vt 0.784251869 0.865854263 0
vt 0.499168575 0.691471636 0
vt 0.733278096 1.00489295 0
vt -0.686489344 0.679344773 0
vt 0.689474225 0.96364516 0
vt -0.835319042 0.980003476 0
vt -0.654224157 0.856374383 0
vt -0.699111283 0.737151265 0
vt 0.766045272 0.820394874 0
vt 0.464870453 0.67048347 0
vt -0.820822775 0.615419447 0
vt 0.563219547 0.662217915 0
vt -0.830825269 0.857361674 0
vt 0.697275281 0.641496599 0
vt -0.943956494 0.810308039 0
vt -0.637414217 0.65427047 0
vt 0.794048786 0.864831328 0
vt -0.628877103 0.704336464 0
vt -0.847217858 0.737118304 0
vt 0.707536757 1.03537905 0
vt -0.68328166 0.615706921 0
vt -0.722612083 0.879034579 0
vt -0.754410625 0.967756033 0
vt 0.447765499 0.65260464 0
vt 0.614898443 0.864459574 0
vt 0.665932477 0.792471826 0
vt -0.91452992 0.933879018 0
vt -0.783489823 0.970738113 0
vt -0.889780402 0.73987329 0
vt -0.853510439 0.913519323 0
vt -0.848713219 0.860738218 0
vt -0.657965243 0.81900239 0
vt -0.710078478 0.937746525 0
vt 0.568683088 1.02941227 0
vt 0.803850293 0.863852978 0
vt 0.769799292 0.75982517 0
vt -0.740952194 0.631585836 0
vt 0.65516609 0.686522305 0
vt -0.914985359 0.892540991 0
vt 0.566316009 1.01959515 0
vt -0.831684351 0.970738113 0
vt 0.624861062 0.942729533 0
vt -0.665502012 0.832257509 0
vt -0.724103689 0.865163743 0
vt -0.659799993 0.712263763 0
vt 0.517624319 0.736423492 0
vt 0.539072394 0.69180429 0
vt -0.99182415 0.856656075 0
vt 0.481414646 0.701752663 0
vt 0.676131606 0.737010419 0
vt -0.639000952 0.664959908 0
vt 0.614616752 0.935228229 0
vt -0.727620125 0.918663323 0
vt 0.537972093 0.818148077 0
vt 0.60465014 0.695328355 0
vt 0.738598466 1.0131824 0
vt -0.951724648 0.63324815 0
vt -0.659968853 0.686328053 0
vt -0.951390743 0.761014879 0
vt 0.71134311 0.791991174 0
vt 0.698072553 0.648085415 0
vt 0.606535494 0.633863568 0
vt -0.808903992 0.69800663 0
vt 0.691715717 0.80676651 0
vt 0.545743704 0.636259615 0
vt -0.643866956 0.676361501 0
vt -0.913658857 0.653439105 0
vt 0.46236819 0.817950428 0
vt 0.472443253 0.671132684 0
vt -0.653422654 0.766459286 0
vt -0.82804966 0.96147269 0
vt -0.707360506 0.68004334 0
vt -0.823510945 0.790821373 0
vt 0.500627458 0.741360724 0
vt -0.877661765 0.920980036 0
vt -0.643553555 0.643273354 0
vt -0.986297488 0.648285687 0
vt 0.600163639 0.836749077 0
vt -0.770409644 0.637224436 0
vt 0.784786761 0.660128772 0
vt 0.476719111 0.865975797 0
vt -0.755889356 0.662351251 0
vt -0.802458227 0.777440667 0
vt 0.648338437 0.960777521 0
vt -0.719057143 0.661734104 0
vt -0.701933622 0.627026737 0
vt 0.647997379 0.72400856 0
vt 0.558929503 0.956532717 0
vt -0.710056901 0.89885211 0
vt -0.964999676 0.801450074 0
vt -0.787269771 0.96147269 0
vt -0.860405922 0.826202571 0
vt 0.481427789 0.634744704 0
vt -0.66216433 0.719604552 0
vt 0.496879816 0.65237397 0
vt 0.57403791 1.01193535 0
vt -0.722523332 0.770961881 0
vt 0.526155531 0.633152068 0
vt 0.687446177 0.873186231 0
vt 0.717730582 0.690888464 0
vt 0.74266541 0.747162342 0
vt -0.79959774 0.757350445 0
vt 0.727285802 1.02229381 0
vt -0.936344445 0.775870562 0
vt -0.682189345 0.694634199 0
vt -0.847380638 0.85353148 0
vt 0.675375581 0.875722051 0
vt 0.561615884 0.741559923 0
vt -0.831763804 0.734394372 0
vt 0.52474767 0.822744489 0
vt 0.783723533 0.847671509 0
vt 0.745131791 0.807842016 0
vt -0.881667435 0.967597902 0
vt -0.854972422 0.693044722 0
vt 0.614847481 0.915411353 0
vt 0.666234553 0.963146448 0
vt 0.680560768 0.655015588 0
vt -0.822118938 0.675296605 0
vt -0.824414968 0.952207327 0
vt -0.762530625 0.927239597 0
vt -0.763313353 0.909682691 0
vt -0.730677009 0.728859246 0
vt -0.769264579 0.700556695 0
vt 0.458642542 0.825214148 0
vt 0.717755735 0.705713272 0
vt 0.573225379 0.800410688 0
vt -0.971221745 0.790981948 0
vt 0.801843286 0.756328225 0
vt -0.869751871 0.711301684 0
vt -0.734701335 0.678457379 0
vt -0.799926579 0.860677898 0
vt -0.743625641 0.651363611 0
vt -0.858455896 0.934888899 0
vt 0.458238721 0.852401912 0
vt -0.625442624 0.854921818 0
vt -0.918737054 0.78040731 0
vt 0.7439695 1.02143955 0
vt 0.723379493 0.731003344 0
vt 0.720736921 0.736764908 0
vt -0.716673613 0.650327742 0
vt -0.875603139 0.802839816 0
vt 0.546232522 0.84498775 0
vt -0.650762737 0.718906641 0
vt 0.632627845 0.825436056 0
vt -0.7910496 0.952207327 0
vt -0.971074343 0.783687115 0
vt -0.98685503 0.641784132 0
vt 0.758408725 0.788758755 0
vt 0.728269279 1.0095067 0
vt -0.971696436 0.719798863 0
vt 0.464723855 0.647187948 0
vt 0.765198469 0.644352555 0
vt 0.558644116 1.03422189 0
vt -0.786928773 0.620173275 0
vt -0.728683889 0.881990671 0
vt 0.549467862 0.959366381 0
vt -0.794697106 0.831815362 0
vt -0.7008425 0.835682094 0
vt 0.682611346 0.83354187 0
vt 0.564440668 1.03802717 0
vt -0.697538376 0.92328763 0
vt -0.688218355 0.837631106 0
vt -0.83536303 0.841543078 0
vt -0.81492883 0.826607823 0
vt -0.877945304 0.653258681 0
vt -0.830938637 0.935943425 0
vt 0.627326012 0.627478659 0
vt -0.820780337 0.942941904 0
vt 0.628714681 0.777042091 0
vt 0.784697413 0.628066599 0
vt -0.702477932 0.862387776 0
vt 0.470749825 0.716871083 0
vt -0.708040059 0.78243798 0
vt -0.896292388 0.740360677 0
vt -0.667825103 0.630286217 0
vt -0.91748333 0.64054805 0
vt -0.74755764 0.74484247 0
vt -0.865016401 0.74523133 0
vt -0.758673966 0.686177969 0
vt 0.709226131 0.679972053 0
vt 0.673893929 1.01572311 0
vt -0.907120764 0.91540134 0
vt 0.762136102 0.626996636 0
vt 0.694729924 0.634483635 0
vt -0.621587813 0.613417864 0
vt 0.695815086 0.767174423 0
vt -0.862967193 0.960472643 0
vt -0.886032581 0.716603994 0
vt -0.910095155 0.796767771 0
vt -0.855041027 0.962098479 0
vt -0.661790848 0.626990438 0
vt -0.941682041 0.883095801 0
vt 0.550011516 0.777292311 0
vt 0.436094403 0.627442002 0
vt -0.66406846 0.692203224 0
vt 0.764276147 0.63315022 0
vt -0.955309689 0.663652778 0
vt -0.807252407 0.747213066 0
vt 0.617490113 0.654527426 0
vt 0.646463513 0.96730113 0
vt 0.722803473 0.646601558 0
vt 0.642136991 0.672162831 0
vt -0.737104595 0.71231246 0
vt 0.6952613 1.01353264 0
vt -0.794829428 0.942941904 0
vt -0.817145646 0.933676481 0
vt -0.687757909 0.821378231 0
vt 0.55447793 0.772337794 0
vt -0.800189078 0.917601109 0
vt 0.631566703 0.958410501 0
vt 0.806367636 0.626039505 0
vt -0.972042501 0.623191893 0
vt -0.655000329 0.699761212 0
vt 0.60816884 0.730380297 0
vt 0.640585184 0.692897379 0
vt 0.790331364 0.749859273 0
vt -0.993420482 0.614422381 0
vt -0.740852773 0.743406296 0
vt -0.742508471 0.864193499 0
vt 0.518842518 0.7156896 0
vt 0.573626459 0.770146966 0
vt -0.809876323 0.915145695 0
vt -0.813511014 0.924411118 0
vt -0.740320206 0.689048946 0
vt 0.455505669 0.774878919 0
vt -0.764424205 0.834691346 0
vt -0.726353467 0.949802577 0
vt -0.988177538 0.736430109 0
vt 0.792643845 0.805413365 0
vt 0.713846207 0.77780211 0
vt 0.55006355 0.819193721 0
vt -0.710489094 0.958124399 0
vt 0.719067395 0.847559631 0
vt 0.780421674 0.859152079 0
vt -0.696429431 0.731469691 0
vt 0.594924629 0.93052119 0
vt -0.764087379 0.90384084 0
vt -0.748916447 0.837767303 0
vt -0.673318386 0.626338899 0
vt 0.444340736 0.767008245 0
vt -0.967139363 0.686011493 0
vt -0.965062618 0.620869517 0
vt -0.854962468 0.885039032 0
vt 0.717164814 0.698381066 0
vt 0.786352038 0.648221493 0
vt -0.830961347 0.918341517 0
vt -0.919356585 0.925112724 0
vt -0.695081055 0.667288959 0
vt 0.73207432 0.794368565 0
vt 0.718139291 0.759754777 0
vt -0.697118938 0.875453413 0
vt 0.668656826 1.02106416 0
vt 0.607077301 0.981541872 0
vt 0.442038715 0.716088593 0
vt -0.699121714 1.02123702 0
vt -0.822764575 0.766233861 0
vt 0.679851592 0.823262513 0
vt 0.677455723 0.725727439 0
vt 0.542531013 0.716521323 0
vt -0.652899563 0.663029552 0
vt -0.708124161 1.00570583 0
vt -0.673747659 0.795024633 0
vt 0.436201215 0.637203932 0
vt -0.798609376 0.933676481 0
vt 0.806464911 0.63572669 0
vt -0.855404377 0.755335987 0
vt -0.633644938 0.860708117 0
vt -0.993519425 0.624187231 0
vt -0.621577382 0.62315762 0
vt 0.657833934 0.761875451 0
vt 0.755295455 0.745988846 0
vt -0.770821154 0.870808244 0
vt -0.820262671 0.743227601 0
vt -0.627851367 0.622410417 0
vt -0.974206567 0.673075855 0
vt -0.789946139 0.652274489 0
vt 0.480313838 0.640610576 0
vt 0.46057272 0.805580258 0
vt -0.770581722 0.949257433 0
vt -0.74201256 0.858515084 0
vt -0.744514227 0.910143316 0
vt 0.77174747 0.642421246 0
vt 0.693324208 0.741636574 0
vt 0.553511083 0.881705403 0
vt -0.621566892 0.632897377 0
vt -0.938883841 0.807256639 0
vt -0.977522135 0.857737124 0
vt 0.436307997 0.646965861 0
vt 0.72364372 0.680375397 0
vt -0.737394154 1.01183522 0
vt 0.576187432 1.03109884 0
vt 0.574968636 0.986749947 0
vt 0.491116911 0.645617008 0
vt 0.732089698 0.860711634 0
vt -0.802389205 0.924411118 0
vt 0.562460959 0.805234492 0
vt -0.928959966 0.770610571 0
vt -0.900375128 0.877961278 0
vt 0.667135417 0.786208868 0
vt -0.824055374 0.785060942 0
vt -0.627276599 0.68550384 0
vt -0.720200837 1.0064646 0
vt -0.906467378 0.765850902 0
vt -0.972866535 0.861819804 0
vt -0.781607926 0.807915092 0
vt -0.806169033 0.915145695 0
vt -0.702061534 0.778294086 0
vt 0.679520667 0.743326783 0
vt 0.643567979 0.77720499 0
vt -0.750123322 0.850670874 0
vt 0.594269395 0.784154296 0
vt -0.671379745 0.83553189 0
vt -0.670715094 0.828248024 0
vt -0.891233325 0.959355354 0
vt -0.881148875 0.839442551 0
vt 0.507008016 0.702004075 0
vt 0.660445988 0.692768753 0
vt 0.482454717 0.67701149 0
vt -0.692487895 0.914640427 0
vt 0.806562304 0.645413697 0
vt -0.773656726 0.921361208 0
vt 0.449257702 0.640960217 0
vt -0.719911516 0.922118664 0
vt -0.930854559 0.756456196 0
vt -0.83502394 0.964467168 0
vt -0.993618369 0.633952022 0
vt 0.748480141 0.67084378 0
vt -0.631797254 0.821780503 0
vt -0.74084729 0.989955842 0
vt -0.665940046 0.746302903 0
vt -0.693426728 0.881696165 0
vt -0.87445122 0.838238358 0
vt -0.901226401 0.772364736 0
vt -0.717568815 0.67422086 0
vt -0.707663238 0.893010616 0
vt 0.740865409 0.720264673 0
vt -0.869844437 0.821113527 0
vt 0.436414808 0.65672785 0
vt -0.913504541 0.885385633 0
vt -0.671403229 0.863871217 0
vt 0.514646053 0.777408123 0
vt -0.621556461 0.642637134 0
vt -0.919058681 0.85759747 0
vt -0.709150612 0.77472496 0
vt 0.443009019 0.642637372 0
vt -0.910785913 0.631232977 0
vt -0.975820005 0.868745625 0
vt 0.467708111 0.735186338 0
vt -0.979909182 0.684665859 0
vt -0.907194018 0.620765567 0
vt -0.983798265 0.862669468 0
vt 0.597714543 0.914012194 0
vt -0.967578292 0.716334283 0
vt 0.778395951 0.744744837 0
vt -0.859810352 0.980985403 0
vt 0.544102013 1.00016761 0
vt 0.625589907 0.863538384 0
vt -0.67706877 0.75041616 0
vt 0.454903424 0.809213459 0
vt 0.576560557 0.740763783 0
vt -0.76686579 0.827844441 0
vt 0.590183854 0.698196769 0
vt 0.729710102 0.771870375 0
vt -0.873472989 0.614793718 0
vt -0.982414424 0.702848017 0
vt -0.8555758 0.860547423 0
vt -0.83031714 0.69842726 0
vt 0.781507075 0.772171438 0
vt 0.584269047 0.929244995 0
vt -0.923567712 0.764410615 0
vt -0.932332397 0.890900791 0
vt -0.73249191 0.804789007 0
vt -0.683713734 0.673637092 0
vt -0.78475368 0.929988325 0
vt 0.445164263 0.82652986 0
vt -0.711288571 0.710024118 0
vt 0.46648261 0.659240186 0
vt -0.965298831 0.722466171 0
vt -0.925009966 0.916843414 0
vt -0.993717313 0.643716812 0
vt -0.648077607 0.701848328 0
vt -0.747229457 0.760972857 0
vt 0.806659639 0.655100703 0
vt 0.43652159 0.66648984 0
vt -0.695036829 0.836996436 0
vt -0.910199404 0.779154778 0
vt -0.62154603 0.65237689 0
vt 0.738468111 0.807106674 0
vt 0.547283709 0.795619965 0
vt -0.883577764 0.909225106 0
vt 0.5416435 0.647447824 0
vt 0.720484197 0.808089375 0
vt 0.531161487 0.862775862 0
vt -0.641791642 0.866572142 0
vt -0.967922747 0.874926329 0
vt -0.743693471 0.725343943 0
vt -0.75750649 0.652965307 0
vt -0.801512122 0.697109818 0
vt -0.779403448 0.62229687 0
vt 0.565896511 0.736628413 0
vt -0.884359598 0.920651793 0
vt -0.943114817 0.835051775 0
vt 0.64607358 0.794010043 0
vt -0.661111474 0.812526107 0
vt 0.756392598 0.66047889 0
vt -0.768471003 0.931899011 0
vt -0.651747227 0.642421722 0
vt 0.753665626 0.785057962 0
vt 0.650979936 0.769769192 0
vt -0.932807803 0.675791502 0
vt 0.473379165 0.685496747 0
vt -0.686570287 0.906554699 0
vt -0.874422908 0.692080855 0
vt 0.59978056 0.797813654 0
vt -0.725446582 0.761352956 0
vt 0.806756973 0.664787889 0
vt 0.499662519 0.870795071 0
vt -0.796039045 0.866341472 0
vt -0.993816257 0.653481603 0
vt 0.456566572 0.696484625 0
vt 0.495771736 0.722318053 0
vt -0.97356379 0.827725589 0
vt 0.722613037 0.695366025 0
vt -0.85267669 0.848143578 0
vt -0.621535599 0.662116706 0
vt 0.436628401 0.676251769 0
vt -0.718367338 1.02987385 0
vt 0.612159431 0.794229507 0
vt -0.750151753 1.01955044 0
vt 0.773018599 0.799492419 0
vt 0.653866947 0.692625523 0
vt 0.540010631 1.02936208 0
vt -0.678918064 0.879353821 0
vt 0.67452991 0.785230637 0
vt -0.68964386 0.785301924 0
vt 0.697032034 0.72401166 0
vt 0.600817025 0.873304725 0
vt -0.700743139 0.818419755 0
vt -0.64984417 0.872563899 0
vt -0.865499258 0.937606931 0
vt -0.792044997 0.657975554 0
vt 0.739486992 0.794677436 0
vt 0.689403355 0.830114424 0
vt 0.57070595 0.939738035 0
vt -0.732837796 0.946586609 0
vt -0.909673154 0.760210097 0
vt -0.735536695 0.980394542 0
vt -0.679990768 0.898990512 0
vt 0.542060614 1.02392888 0
vt 0.714851201 0.810906172 0
vt -0.766700864 0.859987557 0
vt 0.720728099 1.0076673 0
vt -0.669792354 0.735554338 0
vt -0.905432343 0.838105977 0
vt 0.513543069 0.747043967 0
vt -0.672915339 0.891881824 0
vt 0.528126538 0.686743319 0
vt 0.69131279 0.970305681 0
vt 0.557507753 0.660315096 0
vt 0.481676191 0.867676377 0
vt -0.660032511 0.704830766 0
vt 0.583632231 0.870954752 0
vt 0.628505409 0.683411777 0
vt 0.436735213 0.686013758 0
vt 0.544606984 0.814141572 0
vt 0.806854248 0.674474955 0
vt -0.744361579 0.776827037 0
vt -0.931276441 0.909024477 0
vt -0.621525168 0.671856403 0
vt -0.993915319 0.663246393 0
vt -0.921833515 0.633756757 0
vt 0.552903533 0.708610952 0
vt 0.574230134 1.0184741 0
vt 0.753459513 0.655077577 0
vt -0.960144162 0.881254852 0
vt 0.740836918 0.669848025 0
vt 0.683650136 0.80732131 0
vt 0.682916343 0.667760074 0
vt -0.626892924 0.777895272 0
vt 0.791456282 0.6628443 0
vt -0.780560434 0.923546612 0
vt -0.924753308 0.644254804 0
vt -0.758988678 0.68011111 0
vt -0.621514678 0.68159616 0
vt 0.501859725 0.671732187 0
vt -0.70580864 0.713022768 0
vt -0.914238453 0.911585808 0
vt 0.436841995 0.695775747 0
vt -0.899064124 0.829546273 0
vt -0.713804483 0.856688499 0
vt -0.93801868 0.901608825 0
vt -0.854925334 0.92363286 0
vt 0.637475848 0.973913312 0
vt -0.904822767 0.686742604 0
vt -0.657756686 0.878738165 0
vt -0.870280743 0.723258376 0
vt -0.964490533 0.614979625 0
vt -0.700471938 0.639699757 0
vt -0.746571779 0.916970789 0
vt 0.763865232 0.813712358 0
vt -0.953095675 0.715582252 0
vt -0.761566281 0.850754023 0
vt 0.620269656 0.924968958 0
vt -0.702386856 0.897968054 0
vt -0.994014263 0.673011184 0
vt 0.446734786 0.635590434 0
vt -0.94323498 0.640166402 0
vt 0.659478068 0.647054017 0
vt -0.945131004 0.894544542 0
vt 0.806951523 0.684162021 0
vt -0.820101976 0.894772232 0
vt 0.662929237 0.873470545 0
vt 0.709102988 0.752628267 0
vt 0.436948806 0.705537677 0
vt -0.621504247 0.691335917 0
vt -0.732209682 0.614771008 0
vt 0.668545485 0.973109186 0
vt 0.592335522 0.730067909 0
vt -0.863081515 1.0004859 0
vt 0.479936033 0.843021393 0
vt 0.681471527 0.905820847 0
vt 0.560031772 0.883232534 0
vt 0.807048917 0.693849087 0
vt 0.665270627 0.760455906 0
vt 0.508609176 0.756410837 0
vt -0.947995842 0.777802289 0
vt -0.994113207 0.682775974 0
vt -0.706319094 0.980519891 0
vt 0.533715665 1.00983667 0
vt -0.875659525 0.994498193 0
vt 0.577832818 1.00075948 0
vt 0.566604555 0.810854554 0
vt 0.606759369 0.889026582 0
vt -0.955617845 0.832417071 0
vt -0.882564545 0.822723925 0
vt 0.622695565 0.850150049 0
vt -0.762656927 0.70280987 0
vt -0.884246826 0.710377097 0
vt -0.859921515 0.928207219 0
vt -0.701030076 0.801808953 0
vt -0.740441024 0.664839029 0
vt 0.437055588 0.715299606 0
vt 0.666594386 0.946691215 0
vt -0.621493816 0.701075673 0
vt -0.743961573 0.82243669 0
vt -0.8143664 0.908450186 0
vt 0.486760646 0.70695138 0
vt 0.528102219 0.654080808 0
vt -0.862136364 0.696004808 0
vt -0.994212151 0.692540824 0
vt 0.607084751 0.836097777 0
vt 0.807146251 0.703536153 0
vt -0.685490191 0.659668624 0
vt 0.507442594 0.750534475 0
vt -0.80167681 0.868021429 0
vt -0.952528715 0.887777448 0
vt 0.503330827 0.696653187 0
vt -0.863977194 0.842886925 0
vt -0.929246306 0.720595002 0
vt -0.665471673 0.885155201 0
vt -0.707162142 0.63642031 0
vt 0.674251437 0.639393628 0
vt -0.621483386 0.710815549 0
vt 0.571098566 0.82262516 0
vt 0.437162399 0.725061595 0
vt 0.549642444 1.02391899 0
vt 0.565316617 0.977961481 0
vt 0.788221598 0.736596048 0
vt -0.91324389 0.748351634 0
vt 0.729835927 0.765207052 0
vt -0.950094283 0.651412249 0
vt -0.78291738 0.751119256 0
vt -0.911014438 1.00032341 0
vt -0.758041143 0.698720872 0
vt 0.753223896 0.752288222 0
vt -0.650361896 0.658497989 0
vt -0.911515117 0.865760207 0
vt 0.437269211 0.734823585 0
vt 0.482785404 0.712463915 0
vt -0.755886853 0.953742385 0
vt 0.650152922 0.827026427 0
vt -0.747957349 0.772580922 0
vt -0.994311094 0.702305615 0
vt -0.621472955 0.720555305 0
vt 0.807243586 0.713223219 0
vt 0.802928567 0.833604813 0
vt 0.743463278 0.727803469 0
vt 0.79723233 0.82901907 0
vt 0.615658462 0.963800371 0
vt 0.56322372 0.823496342 0
vt -0.886929452 0.793594956 0
vt 0.567072868 0.893618464 0
vt -0.718242168 0.950450659 0
vt -0.775589883 0.704746604 0
vt -0.633343697 0.747997046 0
vt 0.751463711 0.809822559 0
vt -0.827031255 0.613777518 0
vt -0.855699837 0.768625021 0
vt 0.597093761 0.646020949 0
vt 0.643134117 0.915150702 0
vt -0.983359158 0.719199181 0
vt 0.659059525 0.937688351 0
vt -0.755539596 0.986291349 0
vt 0.437375993 0.744585514 0
vt -0.621462464 0.730295002 0
vt 0.80734086 0.722910345 0
vt -0.994410157 0.712070405 0
vt 0.604684472 0.679330766 0
vt -0.889264107 0.772034645 0
vt 0.636033416 0.733694017 0
vt 0.595235705 0.868313313 0
vt -0.707566261 0.693912745 0
vt 0.585907817 0.92008388 0
vt -0.777603269 0.91630733 0
vt 0.627453029 0.770515978 0
vt 0.444009423 0.844027042 0
vt 0.578702509 0.810048044 0
vt 0.712879777 0.999835968 0
vt 0.77091825 0.83287406 0
vt 0.749374568 0.802602172 0
vt 0.77327776 0.755481303 0
vt -0.776410699 0.974929214 0
vt 0.56637758 0.712264121 0
vt -0.802067935 0.733784974 0
vt -0.859452903 0.871727765 0
vt 0.564138234 0.843651295 0
vt 0.667312205 0.907543182 0
vt -0.810163736 0.90433532 0
vt -0.796606362 0.801757574 0
vt -0.621452034 0.740034699 0
vt -0.781013131 0.720815361 0
vt 0.46873188 0.779219747 0
vt 0.437482804 0.754347444 0
vt -0.867172956 0.981528878 0
vt -0.739486396 0.700370371 0
vt 0.647766352 0.737842262 0
vt -0.710895717 0.673867106 0
vt -0.994509101 0.721835196 0
vt 0.656164408 0.767296493 0
vt -0.915062189 0.614742696 0
vt -0.746953011 0.62710911 0
vt 0.807438135 0.73259747 0
vt -0.783018053 0.899923623 0
vt -0.791990995 0.631982744 0
vt 0.767956018 0.803373814 0
vt -0.825278282 0.625941873 0
vt -0.772813916 0.863747597 0
vt -0.890573621 0.665736735 0
vt 0.598890603 0.863717139 0
vt 0.437589586 0.764109373 0
vt -0.621441603 0.749774456 0
vt -0.808116436 0.681026936 0
vt 0.807535529 0.742284536 0
vt 0.468080163 0.675844133 0
vt -0.994608045 0.731599987 0
vt 0.517668962 0.646816969 0
vt -0.636513948 0.644556344 0
vt 0.529389083 0.786243618 0
vt 0.620442331 0.702804267 0
vt 0.759515285 0.764759481 0
vt 0.437696397 0.773871422 0
vt -0.621431231 0.759514332 0
vt -0.794595778 0.706018448 0
vt 0.546375811 0.771739185 0
vt -0.994706988 0.741364777 0
vt 0.807632864 0.751971543 0
vt -0.699565709 0.621316791 0
vt -0.665663123 0.622258723 0
vt -0.791618705 0.778750718 0
vt -0.725649595 0.831419468 0
vt -0.621420741 0.769254088 0
vt -0.911246657 0.769675851 0
vt 0.437803209 0.783633351 0
vt -0.758355141 0.737204671 0
vt -0.780968606 0.791395426 0
vt 0.703085959 0.72039175 0
vt 0.713203669 0.863498926 0
vt -0.686868787 0.868971467 0
vt -0.972832978 0.809235275 0
vt 0.56944865 0.650890887 0
vt 0.807730138 0.761658669 0
vt 0.599939287 0.634947777 0
vt -0.994805932 0.751129627 0
vt -0.916630447 0.869269133 0
vt -0.62141031 0.778993845 0
vt 0.43791002 0.793395281 0
vt 0.625347495 0.888019562 0
vt -0.725634933 0.708389461 0
vt -0.890110016 0.92440784 0
vt 0.438016802 0.80315721 0
vt -0.621399879 0.788733602 0
vt 0.608057737 0.906196058 0
vt -0.695813537 0.852328777 0
vt -0.761770666 0.823508918 0
vt 0.492944568 0.793463826 0
vt -0.713787615 0.692795396 0
vt 0.454639614 0.819866955 0
vt -0.871609688 0.939991891 0
vt -0.921434343 0.770050764 0
vt -0.764425278 1.00072479 0
vt 0.582114697 0.846562505 0
vt -0.994904876 0.760894418 0
vt 0.807827473 0.771345735 0
vt -0.893642247 0.73394233 0
vt 0.725829959 1.00344908 0
vt 0.609528184 0.859299004 0
vt -0.734248698 0.753601849 0
vt -0.880014598 0.815966487 0
vt 0.438123584 0.812919199 0
vt 0.783658683 0.761368096 0
vt 0.777632952 0.647274613 0
vt -0.621389389 0.798473299 0
vt -0.774180889 0.745223224 0
vt 0.807924747 0.78103286 0
vt -0.995003819 0.770659208 0
vt 0.455443352 0.787520826 0
vt -0.945481896 0.628500044 0
vt 0.777739823 0.658848882 0
vt 0.501454234 0.678201437 0
vt 0.663071573 0.855603516 0
vt -0.716915071 0.698407054 0
vt 0.57596314 0.720174849 0
vt 0.750941515 0.827816188 0
vt -0.988746345 0.794905066 0
vt -0.68110013 0.745230377 0
vt 0.666549921 0.650428176 0
vt 0.60926038 0.762889564 0
vt -0.875549078 1.04181731 0
vt 0.769969523 0.815614164 0
vt -0.995102763 0.780423999 0
vt 0.808022082 0.790719867 0
vt 0.747238278 0.734415174 0
vt 0.62030673 0.830998659 0
vt -0.621379018 0.808213115 0
vt 0.438230395 0.822681189 0
vt -0.781698942 0.872297585 0
vt 0.563026547 0.966758013 0
vt 0.586429656 0.724989414 0
vt 0.733907759 0.670710385 0
vt -0.784421206 0.836212754 0
vt 0.677764475 0.900469124 0
vt -0.693956375 0.719248652 0
vt -0.942713261 0.871663153 0
vt -0.843087792 0.768004298 0
vt -0.951559663 0.741523683 0
vt 0.700946927 0.799990356 0
vt -0.680796206 0.628203094 0
vt 0.681040943 0.983358443 0
vt 0.485658467 0.795732617 0
vt -0.852351248 0.897239625 0
vt -0.734894395 0.884609222 0
vt -0.995201707 0.790188789 0
vt 0.438337207 0.832443118 0
vt 0.808119416 0.800406933 0
vt -0.729085088 1.0079627 0
vt 0.473607183 0.843794644 0
vt 0.808216751 0.810094059 0
vt -0.621368527 0.817952871 0
vt 0.586088598 0.945131481 0
vt -0.995300651 0.79995358 0
vt 0.459271103 0.728566706 0
vt -0.852653384 0.940145612 0
vt 0.670073509 0.766664982 0
vt 0.558085501 0.975267649 0
vt -0.626049578 0.764161706 0
vt -0.826116085 0.940521598 0
vt 0.555967987 0.986686826 0
vt -0.835802555 0.861550331 0
vt 0.545759797 0.690535605 0
vt 0.47234869 0.710106611 0
vt -0.857852459 0.955845177 0
vt -0.759770572 0.61430037 0
vt -0.801105201 0.763582885 0
vt 0.740349829 0.852072775 0
vt -0.713243306 1.03538775 0
vt -0.913369119 0.711215436 0
vt -0.85701865 0.891645372 0
vt -0.697399616 0.660106361 0
vt -0.826332569 0.619610727 0
vt -0.967303276 0.832237363 0
vt -0.74748522 1.03852141 0
vt -0.818850517 0.821476519 0
vt 0.531036973 0.739510238 0
vt 0.476976603 0.771018207 0
vt 0.64770925 0.668292403 0
vt 0.515849888 0.831243813 0
vt -0.684364259 0.896095216 0
vt -0.653350711 0.834313095 0
vt 0.59002167 0.777205527 0
vt 0.451120079 0.798365474 0
vt -0.807450354 0.729517102 0
vt -0.670815885 0.802319527 0
vt 0.689090371 0.836499751 0
vt -0.970396638 0.732741833 0
vt -0.719775021 0.945056617 0
vt 0.438444018 0.842205048 0
vt 0.6262936 0.933240473 0
vt -0.882200539 0.804494739 0
vt 0.681594968 0.661512792 0
vt 0.485254735 0.856115878 0
vt 0.808314085 0.819781184 0
vt -0.995399714 0.80971837 0
vt -0.705266833 0.875093222 0
vt 0.754540741 0.692141533 0
vt 0.663710296 0.798866093 0
vt -0.621358097 0.827692628 0
vt 0.602096677 0.684649706 0
vt -0.915348232 0.765415788 0
vt -0.677077055 0.801154673 0
vt 0.771909714 0.744416654 0
vt 0.745220125 0.770636499 0
vt 0.456848025 0.766783714 0
vt 0.80841136 0.82946825 0
vt -0.995498657 0.819483221 0
vt 0.462638766 0.695613384 0
vt -0.953111529 0.708645761 0
vt 0.642730951 0.888767779 0
vt -0.956127048 0.651033223 0
vt 0.661493719 0.988486171 0
vt -0.805238903 0.702730656 0
vt 0.607912242 0.670657873 0
vt -0.654925883 0.840095878 0
vt 0.604230106 0.793377995 0
vt -0.77979213 0.814319789 0
vt 0.739387572 0.695863962 0
vt 0.479704082 0.798863828 0
vt 0.672119319 1.02634466 0
vt -0.890804827 1.00468826 0
vt -0.675896883 0.823785305 0
vt -0.811940372 0.642520666 0
vt 0.683400869 0.753861725 0
vt 0.767693162 0.715209126 0
vt -0.838239312 0.666266799 0
vt -0.94982332 0.721330941 0
vt 0.618965507 0.814444661 0
vt -0.701870501 0.743821084 0
vt 0.715162754 1.03267574 0
vt -0.806706905 0.723691583 0
vt 0.520086527 0.836663783 0
vt 0.735407174 0.769261062 0
vt -0.787891567 0.923628926 0
vt -0.740035415 0.875764012 0
vt 0.547567546 0.832088232 0
vt -0.899004221 0.794202209 0
vt 0.630587697 0.945346773 0
vt 0.622854471 0.856687725 0
vt -0.821410954 0.880414248 0
vt 0.608943403 0.866076946 0
vt -0.813745618 0.682561398 0
vt -0.703366041 0.807884157 0
vt 0.662190199 0.746205747 0
vt 0.593266606 0.805944383 0
vt -0.739449322 0.816380739 0
vt -0.823372006 0.754202783 0
vt -0.694998622 0.768687606 0
vt 0.467225581 0.772908211 0
vt 0.808508694 0.839155316 0
vt -0.930460632 0.855620503 0
vt -0.995597601 0.829248011 0
vt -0.940386891 0.877121031 0
vt -0.692558765 0.622229815 0
vt 0.674559295 1.03216207 0
vt -0.760022938 0.626352966 0
vt -0.790777802 0.766498804 0
vt 0.701097369 0.976779878 0
vt 0.578354955 0.866294861 0
vt -0.89901799 1.03428435 0
vt -0.851089954 0.630111456 0
vt -0.873268366 0.734586358 0
vt 0.73262161 0.709637582 0
vt 0.695438623 0.754869282 0
vt 0.631459415 0.890495479 0
vt -0.777953148 0.94866991 0
vt -0.714930356 0.843459606 0
vt 0.490267545 0.628026664 0
vt 0.502291501 0.724577785 0
vt -0.872183919 0.763745189 0
vt -0.849125445 0.755572557 0
vt 0.589492738 0.973725557 0
vt 0.668976307 0.726160407 0
vt -0.779794872 0.934660852 0
vt 0.782264948 0.700507224 0
vt -0.762003899 0.657716036 0
vt -0.989476442 0.75648576 0
vt -0.825598836 0.747457862 0
vt 0.769893348 0.765872359 0
vt 0.657737374 0.634274662 0
vt 0.594646752 0.936117947 0
vt -0.744729221 0.943745911 0
vt -0.824741602 0.651927888 0
vt -0.882221878 0.647262633 0
vt 0.642542005 0.71773535 0
vt -0.764938474 0.807157218 0
vt -0.674417198 0.632984459 0
vt -0.687566459 0.716271222 0
vt -0.902994037 1.01007104 0
vt -0.868088067 0.786629736 0
vt 0.522167206 0.642273128 0
vt 0.648845792 0.891908646 0
vt 0.682322979 1.04735315 0
vt 0.589849591 0.980363429 0
vt -0.89568615 0.895582139 0
vt 0.481428862 0.758803666 0
vt -0.744222462 0.852790236 0
vt 0.716276526 0.663513005 0
vt 0.448196441 0.861381292 0
vt 0.4385508 0.851967037 0
vt -0.73552537 0.962762117 0
vt 0.44551459 0.838356555 0
vt -0.70237577 0.848531425 0
vt -0.87062782 0.642459273 0
vt -0.721636117 0.739034951 0
vt -0.621347666 0.837432384 0
vt -0.743690908 1.02162087 0
vt 0.479172349 0.690074027 0
vt -0.721869528 0.960449338 0
vt 0.573987365 0.965057909 0
vt -0.97710216 0.804133892 0
vt -0.855673909 0.820140064 0
vt 0.591443121 0.879058421 0
vt 0.675897896 0.833849847 0
vt 0.453577757 0.651516497 0
vt -0.899741471 1.01646912 0
vt -0.921123266 0.616615057 0
vt -0.794495463 0.887633681 0
vt -0.876411319 0.636874914 0
vt -0.874019086 0.927522779 0
vt 0.618956089 0.99417913 0
vt -0.80549103 0.692192793 0
vt -0.835683167 0.64255029 0
vt 0.613277555 0.775919139 0
vt -0.689511418 0.777838528 0
vt 0.679867148 0.851548195 0
vt -0.698037684 0.693772793 0
vt 0.671304762 0.645333409 0
vt 0.721481919 0.71975261 0
vt 0.51756382 1.01370633 0
vt -0.87935698 0.74637574 0
vt 0.612087607 0.658598959 0
vt -0.72894758 0.799191952 0
vt -0.700176537 0.764111698 0
vt -0.729245186 0.976295114 0
vt -0.693106532 0.869201899 0
vt 0.668967426 0.832107186 0
vt 0.791286051 0.792645693 0
vt 0.657155633 0.797819614 0
vt 0.652509093 0.805766046 0
vt -0.972587407 0.798163474 0
vt 0.559393644 0.861243188 0
vt -0.995795488 0.848777592 0
vt 0.673286438 0.933736145 0
vt 0.76927042 0.772749603 0
vt 0.808703363 0.858529449 0
vt -0.862919509 0.99454385 0
vt 0.513419211 0.657465637 0
vt -0.707320869 0.825926542 0
vt -0.814139247 0.616349995 0
vt -0.724907756 0.85499537 0
vt 0.655050457 0.949038863 0
vt -0.81553936 0.882554471 0
vt 0.558201253 0.631607711 0
vt 0.494363517 0.739018857 0
vt 0.551368952 0.632938206 0
vt -0.902945757 0.800192833 0
vt -0.718359768 0.708999038 0
vt -0.876510859 0.875439286 0
vt 0.561212778 0.944678664 0
vt 0.591962039 0.797594786 0
vt 0.692689061 1.00693834 0
vt -0.801492155 0.640081823 0
vt -0.713671625 1.00290835 0
vt 0.629913032 0.669295907 0
vt 0.605512321 0.661304176 0
vt 0.614642859 0.908088624 0
vt 0.693416417 0.870629787 0
vt 0.501307487 0.635381937 0
vt -0.923677385 0.880439043 0
vt 0.643667042 0.747837007 0
vt 0.648551762 0.947364211 0
vt -0.859146476 0.712634385 0
vt -0.904247284 0.675419748 0
vt 0.673234463 0.822465718 0
vt 0.67778331 0.71845156 0
vt 0.490373522 0.799598157 0
vt 0.536305904 0.787779927 0
vt -0.671890378 0.849857807 0
vt -0.944271326 0.680690646 0
vt -0.866295576 1.04525816 0
vt -0.719191074 0.999038756 0
vt 0.561479151 0.791559935 0
vt 0.693380237 1.02069831 0
vt 0.547845602 1.02988982 0
vt 0.614318907 0.827116072 0
vt 0.444390535 0.760816634 0
vt 0.796680748 0.801243901 0
vt 0.545127332 0.806987524 0
vt -0.836382687 0.818855345 0
vt -0.746814489 0.969841123 0
vt 0.675830901 0.771290898 0
vt -0.646017432 0.638037145 0
vt -0.796788752 0.737946749 0
vt -0.793545365 0.853122234 0
vt 0.58206284 0.827233613 0
vt 0.734336734 0.656545103 0
vt 0.46789968 0.760477841 0
vt -0.872807384 0.792322278 0
vt 0.555098951 0.895477951 0
vt -0.978734255 0.838930249 0
vt 0.609137654 0.823463857 0
vt 0.63825202 0.928808808 0
vt 0.645900488 0.805318892 0
vt -0.774534941 0.764449894 0
vt 0.559737504 0.766612172 0
vt 0.443602383 0.70976156 0
vt -0.735097587 0.918292224 0
vt 0.597992301 0.953073919 0
vt 0.670506179 0.993524492 0
vt 0.571197927 0.697595239 0
vt 0.661660433 0.726435423 0
vt -0.825868368 0.772158444 0
vt 0.736620307 0.644217908 0
vt 0.742817461 0.84604466 0
vt -0.727407932 0.849498808 0
vt -0.848288417 0.903508127 0
vt -0.725777984 0.912783444 0
vt 0.55501163 1.00922835 0
vt -0.718146801 0.758267581 0
vt -0.665016651 0.709239066 0
vt -0.928691983 0.876320243 0
vt 0.599479139 0.920617819 0
vt -0.711763561 0.94500792 0
vt -0.696478486 0.901039839 0
vt 0.564111829 0.640775919 0
vt 0.605928063 0.847980797 0
vt -0.718919635 0.853951991 0
vt 0.508681715 0.831041336 0
vt 0.520504296 0.686662912 0
vt 0.626712978 0.90148145 0
vt -0.861056566 1.02923536 0
vt -0.899239004 0.746636808 0
vt -0.642180502 0.769068956 0
vt 0.650788963 0.775966763 0
vt 0.520130277 0.797383964 0
vt -0.714325666 1.01070631 0
vt -0.903549552 0.958346128 0
vt 0.687116444 0.651950121 0
vt -0.865078568 0.720913231 0
vt -0.979207873 0.644246101 0
vt 0.719376862 1.02666974 0
vt 0.703601062 0.702790916 0
vt -0.681821525 0.836912692 0
vt -0.797006309 0.744390011 0
vt 0.627088904 0.806985378 0
vt 0.718616188 0.854242802 0
vt -0.834306955 0.923915505 0
vt -0.841252863 0.901905656 0
vt 0.799026191 0.858640194 0
vt 0.466307282 0.70657438 0
vt -0.699622989 0.679820538 0
vt 0.666763127 0.849565744 0
vt -0.829803646 0.808736563 0
vt 0.777033091 0.690955937 0
vt -0.958931446 0.769880593 0
vt -0.761606812 0.817017734 0
vt -0.836037099 0.80395782 0
vt 0.619421244 0.79150337 0
vt 0.562010229 0.911430418 0
vt 0.482938766 0.628884017 0
vt -0.836499691 0.636099339 0
vt 0.581762254 0.99639374 0
vt 0.564962149 0.693555832 0
vt -0.876688421 0.710122287 0
vt -0.912442565 0.643258691 0
vt -0.90872854 0.813893437 0
vt 0.55510956 0.782325566 0
vt 0.456500292 0.758925676 0
vt 0.634496212 0.715200603 0
vt 0.632010221 0.874074101 0
vt 0.575228274 0.746648192 0
vt -0.902942121 0.896382213 0
vt -0.97521621 0.765419483 0
vt 0.582357883 0.839613199 0
vt -0.716650665 0.714522064 0
vt -0.979113877 0.832318425 0
vt 0.571658909 0.862354934 0
vt 0.6703614 0.715287983 0
vt -0.792322159 0.748947084 0
vt 0.61135751 0.746900022 0
vt 0.44161576 0.661935806 0
vt 0.792017639 0.62735188 0
vt -0.681365728 0.818775833 0
vt -0.726462901 0.89261204 0
vt 0.639119625 0.764439821 0
vt -0.871039569 0.892265797 0
vt -0.840436876 0.72554487 0
vt 0.588390112 1.01470184 0
vt 0.766231775 0.796661019 0
vt 0.567890763 0.962001383 0
vt 0.563725352 0.917069435 0
vt 0.694873095 0.832583904 0
vt 0.808606029 0.848842382 0
vt -0.9072963 0.669487417 0
vt -0.90557605 0.731374562 0
vt -0.757380426 0.875979364 0
vt -0.621337175 0.847172141 0
vt -0.776283562 0.909661651 0
vt 0.660108149 0.816868126 0
vt -0.995696545 0.839012802 0
vt 0.438657582 0.861729026 0
vt -0.809829235 0.687322259 0
vt 0.650760353 0.749376118 0
vt -0.758866191 0.940240502 0
vt -0.891915977 0.700699329 0
vt -0.896018684 0.687247097 0
vt -0.90544498 0.806846023 0
vt -0.703440428 0.684937298 0
vt -0.737199068 0.900630295 0
vt 0.493421733 0.819421947 0
vt -0.980203807 0.667910039 0
vt 0.75312984 0.816650748 0
vt -0.931689978 0.807210028 0
vt 0.631855309 0.702544332 0
vt 0.68757391 0.709176421 0
vt 0.504060924 0.648847759 0
vt -0.88362509 0.960930228 0
vt -0.701290905 0.879930556 0
vt 0.775503993 0.632950783 0
vt 0.502594173 0.787820041 0
vt 0.671492279 1.01067042 0
vt -0.747647882 0.678497434 0
vt 0.564291537 0.939509094 0
vt 0.489040792 0.651427031 0
vt 0.742419243 0.648552835 0
vt 0.584047377 0.731202543 0
vt 0.455975533 0.628816843 0
vt 0.470888078 0.865029097 0
vt 0.770627439 0.635883152 0
vt -0.687849581 0.723361254 0
vt 0.601165771 0.748014033 0
vt -0.766396999 0.813234508 0
vt -0.640355527 0.725883186 0
vt 0.563200176 1.03079438 0
vt -0.79997319 0.673983693 0
vt -0.837664962 0.835980415 0
vt 0.51301235 0.686513662 0
vt 0.605977654 0.743919969 0
vt 0.527530372 0.674580038 0
vt -0.769747853 0.960903645 0
vt 0.753400505 0.792179883 0
vt 0.520153224 0.817962408 0
vt 0.710583687 0.706053019 0
vt -0.749320686 0.801193953 0
vt -0.737778723 0.84920752 0
vt 0.561146021 0.928093672 0
vt -0.852712333 0.676023483 0
vt 0.690790474 0.842737973 0
vt -0.772610247 0.625855982 0
vt -0.915089428 1.01261854 0
vt 0.637109697 0.955200195 0
vt -0.676326334 0.646958649 0
vt 0.76399523 0.76916486 0
vt 0.661582053 0.824165046 0
vt 0.526421666 0.667708457 0
vt -0.898056805 0.900972188 0
vt 0.442961574 0.695397556 0
vt -0.842128932 0.815241337 0
vt -0.861237764 0.949018955 0
vt -0.64243722 0.697249055 0
vt 0.515141666 0.753688812 0
vt 0.705405056 0.846714735 0
vt -0.764322579 0.725814879 0
vt 0.540883422 0.64090848 0
vt -0.950381815 0.639432907 0
vt -0.692665517 0.795556009 0
vt 0.659700632 0.878798008 0
vt 0.574424982 0.907774329 0
vt -0.689849138 0.685177982 0
vt 0.500469863 0.704345882 0
vt 0.561653018 0.77273792 0
vt 0.729321897 0.65981853 0
vt 0.552343369 0.849377096 0
vt -0.961772919 0.751030862 0
vt 0.637031555 0.898795605 0
vt -0.807485044 0.789471328 0
vt 0.794648051 0.811312914 0
vt -0.932607889 0.686896443 0
vt -0.841959119 0.641346753 0
vt -0.776043534 0.809497237 0
vt 0.683366239 0.721514463 0
vt 0.602649927 0.673947453 0
vt 0.789871335 0.720446885 0
vt 0.470087767 0.653502941 0
vt 0.486341476 0.824848235 0
vt -0.676613152 0.697023332 0
vt -0.885290265 0.728319824 0
vt 0.746353447 0.741096079 0
vt 0.595146298 0.874453545 0
vt -0.968735695 0.743587732 0
vt 0.460822254 0.676999271 0
vt 0.4825432 0.752148867 0
vt 0.626559794 0.908316195 0
vt 0.471108943 0.728619695 0
vt 0.683952987 0.89195472 0
vt -0.800986052 0.890044093 0
vt -0.651967883 0.652830064 0
vt 0.614656866 0.720873654 0
vt -0.725518286 1.00219119 0
vt 0.506461561 0.667492211 0
vt 0.771639585 0.709523439 0
vt -0.642000675 0.756901205 0
vt -0.63541019 0.700103045 0
vt 0.631714284 0.911589324 0
vt -0.917716622 0.64746964 0
vt 0.775520146 0.739188254 0
vt 0.55668515 0.802190125 0
vt -0.89255929 0.811290503 0
vt 0.594624221 0.685223877 0
vt -0.63902241 0.76250422 0
vt -0.821076095 0.737330735 0
vt 0.653622687 0.942366779 0
vt 0.497575909 0.852169454 0
vt 0.613893151 0.840109766 0
vt 0.783586502 0.710149825 0
vt 0.479796499 0.792270064 0
vt -0.921343982 0.722063601 0
vt -0.772742927 0.613725722 0
vt -0.723415554 0.872022927 0
vt 0.580963194 0.707573652 0
vt 0.507860243 0.855107963 0
vt -0.688179612 0.698611557 0
vt -0.958830535 0.694732547 0
vt -0.772996306 0.631772339 0
vt -0.815783739 0.876949608 0
vt -0.6899212 0.671874225 0
vt -0.655995369 0.629285276 0
vt 0.656404793 0.900031686 0
vt -0.855526447 0.665786862 0
vt -0.771410406 0.739837527 0
vt -0.97798878 0.771733701 0
vt -0.731757939 0.647335529 0
vt -0.633410513 0.625634015 0
vt -0.96510905 0.781487882 0
vt 0.669460952 0.748692274 0
vt 0.650828242 0.837858081 0
vt -0.767844677 0.801656961 0
vt 0.795061707 0.632388234 0
vt -0.89053905 0.993216753 0
vt -0.882185817 0.926355302 0
vt 0.748043358 0.72350204 0
vt -0.94396472 0.662766874 0
vt 0.556748807 0.99820894 0
vt -0.760267794 0.67071718 0
vt -0.774091125 0.77072829 0
vt 0.648392498 0.884789586 0
vt -0.919982791 0.746883273 0
vt 0.473760724 0.636639833 0
vt -0.806079745 0.759001315 0
vt -0.770611227 0.80792731 0
vt -0.86812216 0.636846602 0
vt -0.812338114 0.79906863 0
vt 0.642911375 0.983657897 0
vt 0.519113421 0.743307054 0
vt -0.62601614 0.822351158 0
vt -0.953995883 0.86067915 0
vt 0.660005212 0.793257356 0
vt -0.916198075 0.81720823 0
vt -0.775552928 0.697889686 0
vt -0.740515709 0.719010234 0
vt 0.662854791 0.950809181 0
vt -0.898862004 0.939544737 0
vt -0.734598935 0.767881453 0
vt -0.910191774 0.715800166 0
vt -0.883733094 0.974233389 0
vt -0.707746446 0.66707617 0
vt 0.78871274 0.633492768 0
vt 0.800480485 0.806933045 0
vt -0.752835572 0.682561755 0
vt 0.567768097 0.802876294 0
vt -0.716166914 0.962899745 0
vt -0.873194993 0.881819546 0
vt -0.877904177 0.759728849 0
vt -0.911922097 0.834680617 0
vt 0.759677172 0.782877028 0
vt 0.609473526 0.770099461 0
vt 0.619864821 0.649541199 0
vt 0.692848563 0.877214968 0
vt -0.7911461 0.742072463 0
vt -0.683092773 0.798358023 0
vt 0.705936193 0.998789191 0
vt 0.613784611 0.888826847 0
vt -0.809317052 0.632907093 0
vt 0.616839767 0.901869893 0
vt -0.9768489 0.786350548 0
vt 0.524774671 0.765839577 0
vt 0.686293125 0.852641106 0
vt -0.878985524 0.983772159 0
vt -0.718692183 0.752011001 0
vt -0.759763002 0.775010467 0
vt -0.959112763 0.709947765 0
vt -0.854119718 0.650376856 0
vt -0.714313626 0.79408437 0
vt 0.524674416 1.00477839 0
vt 0.667897701 0.639122307 0
vt 0.617477298 0.66445142 0
vt 0.61346966 0.922922492 0
vt 0.622769058 0.744192898 0
vt 0.671043336 0.938338101 0
vt -0.777860343 0.961904466 0
vt -0.707012117 0.796530008 0
vt -0.978803754 0.61496073 0
vt 0.621179998 0.621878505 0
vt 0.48710227 0.844705522 0
vt -0.792737544 0.928656578 0
vt 0.675601959 0.987572789 0
vt -0.944286227 0.760115921 0
vt -0.629048288 0.69160217 0
vt -0.812038422 0.704258084 0
vt 0.788367689 0.698788762 0
vt -0.649680734 0.676860988 0
vt 0.57055223 0.955954373 0
vt 0.456974775 0.832265377 0
vt -0.745715499 0.782049119 0
vt -0.889271975 0.916903973 0
vt -0.690326869 0.750320137 0
vt 0.574329734 0.667631805 0
vt 0.598369837 0.879352987 0
vt 0.626179755 0.894512177 0
vt 0.676995516 0.711976945 0
vt 0.512794971 0.711942196 0
vt 0.64391911 0.698883653 0
vt -0.705708563 0.705544591 0
vt -0.948084116 0.613471866 0
vt 0.607981026 0.93624717 0
vt 0.631285548 0.879625797 0
vt -0.730725706 1.03809071 0
vt 0.480279058 0.660164952 0
vt 0.499594241 0.81787014 0
vt 0.602542758 0.760614455 0
vt -0.885562479 0.867476821 0
vt 0.643654943 0.825039864 0
vt 0.611172438 0.62191534 0
vt 0.615624547 0.808125079 0
vt 0.756048679 0.805096149 0
vt 0.631187558 0.621841669 0
vt -0.784270525 0.626162469 0
vt 0.614651918 0.758920491 0
vt -0.713437974 0.919464886 0
vt -0.802748799 0.82401216 0
vt -0.919217527 1.01778793 0
vt 0.687720001 0.677640676 0
vt 0.728729784 0.684486866 0
vt 0.637127697 0.800040364 0
vt -0.96043247 0.81356585 0
vt 0.649216473 0.810592592 0
vt -0.645267129 0.715608001 0
vt 0.770301163 0.750309944 0
vt -0.755561352 0.636734366 0
vt 0.585207701 0.693610191 0
vt 0.796931326 0.752461672 0
vt -0.639833212 0.73199445 0
vt -0.733983099 0.7061674 0
vt 0.60403657 0.916557431 0
vt 0.56991595 0.916912258 0
vt -0.716647744 0.899859428 0
vt -0.866814375 0.926079571 0
vt -0.701167166 0.869604349 0
vt 0.469619006 0.630147278 0
vt 0.552354097 0.841917872 0
vt -0.9717834 0.617031455 0
vt 0.788118184 0.788014829 0
vt 0.661965489 0.897114277 0
vt -0.699547231 0.716987848 0
vt 0.650381982 0.763053358 0
vt -0.864400566 0.684020817 0
vt -0.958202839 0.609446168 0
vt -0.903708279 0.973257601 0
vt -0.989826977 0.809141815 0
vt 0.553156137 0.835596144 0
vt 0.601164937 0.621952295 0
vt -0.847533226 0.693746388 0
vt 0.633015335 0.842199624 0
vt 0.551970065 0.639191329 0
vt -0.873059154 0.86416918 0
vt -0.816339016 0.900715351 0
vt 0.618942022 0.969195604 0
vt -0.768619776 0.707160056 0
vt 0.7827335 0.814670861 0
vt -0.743724287 0.9034971 0
vt -0.955621839 0.810247838 0
vt 0.566334009 0.76378262 0
vt 0.537718773 1.01934183 0
vt -0.856743097 0.843142152 0
vt -0.876406014 0.95073539 0
vt -0.882502794 0.891182005 0
vt 0.480490208 0.683512032 0
vt -0.862864554 0.702502847 0
vt 0.681425512 0.70863843 0
vt 0.585525274 0.959672093 0
vt 0.575180769 0.661415517 0
vt -0.727616608 0.743821859 0
vt -0.846114278 0.95189482 0
vt 0.562947452 0.669756472 0
vt 0.568847001 0.794954181 0
vt -0.833258808 0.679920137 0
vt 0.687082529 0.867202103 0
vt -0.804775357 0.668847501 0
vt -0.752552211 0.880206525 0
vt -0.844164789 0.742305994 0
vt 0.586519301 0.966823757 0
vt -0.883823454 0.897055507 0
vt -0.727683246 0.619893014 0
vt -0.959457517 0.791638672 0
vt -0.692756653 0.692168355 0
vt -0.798502743 0.66020143 0
vt 0.454271495 0.738456488 0
vt -0.874289572 0.659512103 0
vt 0.50641489 0.808827996 0
vt -0.783807278 0.918345273 0
vt -0.694771409 0.642919362 0
vt -0.823176384 0.806071579 0
vt 0.531701565 0.747616529 0
vt -0.769158661 0.98726958 0
vt -0.957899511 0.630728364 0
vt 0.637819469 0.739401162 0
vt -0.771200418 0.754956961 0
vt -0.784862339 0.781369388 0
vt 0.709761441 0.660998523 0
vt 0.559985995 1.00423181 0
vt -0.827578068 0.6090976 0
vt -0.797433972 0.609017193 0
vt 0.449561 0.629756331 0
vt -0.74339366 1.03272212 0
vt -0.957360268 0.75635618 0
vt -0.777300537 0.867877662 0
vt -0.797351658 0.847819209 0
vt -0.695085406 0.699692309 0
vt 0.791989446 0.823782563 0
vt -0.791646183 0.772311687 0
vt 0.582695186 0.682302117 0
vt -0.794211209 0.754854441 0
vt -0.9247334 0.758087277 0
vt 0.591157436 0.621989131 0
vt 0.589223921 0.790144742 0
vt -0.839564443 0.679359734 0
vt -0.733236849 0.934973478 0
vt -0.761575401 0.708901286 0
vt 0.706642807 0.817067623 0
vt -0.806356966 0.818599045 0
vt 0.643222511 0.976860404 0
vt 0.636369705 0.778462172 0
vt -0.707476079 0.767636657 0
vt 0.783820152 0.681436062 0
vt 0.641195059 0.621804714 0
vt 0.655409932 0.894173861 0
vt -0.663902879 0.668084681 0
vt -0.898582399 0.924942136 0
vt -0.979386747 0.620533347 0
vt 0.801931858 0.669377804 0
vt -0.707902133 0.629784524 0
vt -0.756719708 0.730770648 0
vt -0.8376261 0.609124422 0
vt -0.847674191 0.609151185 0
vt 0.654290497 0.863556981 0
vt 0.748803735 0.78895998 0
vt -0.820840716 0.827183902 0
vt -0.938851535 0.730866432 0
vt -0.810189843 0.753248572 0
vt -0.790118754 0.728663623 0
vt -0.897630095 0.704744697 0
vt -0.785822034 0.715696096 0
vt 0.620659649 0.73381424 0
vt -0.940423489 0.800532103 0
vt -0.892987132 1.01255083 0
vt -0.740581632 0.785806179 0
vt -0.904642463 1.02135611 0
vt 0.513912261 0.856663525 0
vt -0.849071443 0.885614336 0
vt 0.683030069 0.964759588 0
vt -0.799151063 0.818000436 0
vt -0.86430496 0.873939991 0
vt 0.621541262 0.685787022 0
vt -0.684237897 0.843552828 0
vt 0.583127081 0.806276619 0
vt 0.74149251 0.656620681 0
vt -0.872571588 0.746232867 0
vt 0.562401891 0.784113824 0
vt -0.770123959 0.655736744 0
vt 0.690922618 0.639844179 0
vt 0.620547771 0.931233466 0
vt 0.592852533 0.657608151 0
vt 0.581149936 0.622026086 0
vt -0.791489959 0.6861462 0
vt 0.469207704 0.833719254 0
vt -0.761902273 0.74243319 0
vt -0.702144861 0.791387081 0
vt 0.705701411 0.872700095 0
vt 0.478592694 0.764972866 0
vt -0.725250304 0.804716885 0
vt 0.487099975 0.640204906 0
vt -0.777337849 0.608963609 0
vt 0.786989927 0.729987979 0
vt -0.787385941 0.608990431 0
vt -0.877883732 0.642697573 0
vt 0.501253128 0.781929314 0
vt 0.622659683 0.963688433 0
vt 0.478874058 0.7079795 0
vt 0.66121006 0.621730924 0
vt -0.677413404 0.689997256 0
vt 0.730943024 0.867229402 0
vt 0.53950882 0.871738255 0
vt 0.682226717 0.648189604 0
vt -0.898977995 0.822883904 0
vt -0.898095071 0.978010058 0
vt -0.817530036 0.609070778 0
vt 0.656025112 1.00685179 0
vt 0.559092164 0.901513159 0
vt 0.611689687 0.813188732 0
vt -0.796787381 0.824521303 0
vt -0.908491254 0.908559799 0
vt 0.635669291 0.941894114 0
vt -0.711803257 0.716950357 0
vt -0.780445576 0.745323837 0
vt -0.759961843 0.810236871 0
vt -0.935399055 0.880215526 0
vt 0.797005653 0.852394521 0
vt 0.700098693 0.806795776 0
vt 0.493600637 0.686746478 0
vt -0.828669727 0.904560447 0
vt -0.878368139 0.97250551 0
vt 0.775670409 0.789219201 0
vt 0.598467112 0.766129494 0
vt -0.654535532 0.682061493 0
vt 0.584573328 0.877177119 0
vt 0.539648294 0.8542943 0
vt -0.693719923 1.02457309 0
vt 0.651202559 0.621767879 0
vt -0.781245947 0.90577352 0
vt -0.767289758 0.608936787 0
vt 0.56129843 0.933549047 0
vt 0.457704902 0.721831799 0
vt -0.883147478 0.740362823 0
vt -0.745118439 0.889425695 0
vt 0.700661242 1.02108181 0
vt 0.571664035 1.02455461 0
vt 0.709735632 0.84190774 0
vt -0.961056709 0.828505158 0
vt 0.780188859 0.664417207 0
vt 0.599757969 0.742163837 0
vt -0.629295766 0.697816551 0
vt -0.903464139 0.997180223 0
vt -0.807482004 0.609044015 0
vt -0.921704173 0.872973204 0
vt -0.913640618 0.686824322 0
vt -0.926675498 0.750185013 0
vt 0.468303561 0.792902648 0
vt 0.549685478 0.744954407 0
vt 0.593893826 0.70793736 0
vt 0.476041168 0.629937232 0
vt -0.772134781 0.943265557 0
vt 0.583244264 0.861545265 0
vt 0.564678073 0.747439682 0
vt -0.857722282 0.609178066 0
vt 0.581975162 0.745307326 0
vt -0.894990742 0.919876277 0
vt 0.545965731 1.01803946 0
vt 0.654150665 0.67988497 0
vt -0.793102741 0.860053778 0
vt -0.708379209 0.78964144 0
vt 0.53189373 0.995673299 0
vt -0.711605132 0.875974834 0
vt -0.802847683 0.633247852 0
vt 0.487788498 0.742406964 0
vt -0.863612413 1.01175737 0
vt 0.567012727 0.88641417 0
vt -0.796263397 0.795414925 0
vt -0.866684973 0.848491013 0
vt 0.589791119 0.736326933 0
vt 0.459637344 0.634486318 0
vt -0.938033998 0.823545992 0
vt 0.703064203 0.840114951 0
vt 0.558285475 0.696081638 0
vt -0.971827567 0.645842791 0
vt 0.561134934 0.622099876 0
vt -0.658172131 0.795463979 0
vt 0.72562027 0.725993216 0
vt -0.971932292 0.706208467 0
vt 0.441044748 0.6225425 0
vt -0.926440418 0.837244809 0
vt 0.583140135 0.952133417 0
vt 0.517958164 0.708995044 0
vt 0.681225061 0.621657133 0
vt 0.595563889 0.978622496 0
vt -0.757241726 0.608909965 0
vt -0.660603583 0.806003988 0
vt 0.58920753 0.824128687 0
vt -0.857323527 0.791031957 0
vt 0.476896644 0.69666326 0
vt -0.821373343 0.664277434 0
vt 0.592332542 0.765984118 0
vt -0.667754352 0.796194851 0
vt -0.823625505 0.687188745 0
vt -0.889981866 0.634397984 0
vt -0.788310647 0.674903154 0
vt 0.443149596 0.730086029 0
vt 0.65690589 0.971819639 0
vt 0.593546331 0.813350201 0
vt -0.986826539 0.629490197 0
vt -0.867770314 0.609204888 0
vt -0.908876419 0.929926276 0
vt -0.938106656 0.609392524 0
vt -0.890089273 0.847008288 0
vt 0.534300685 1.03207219 0
vt 0.654596984 0.887921274 0
vt -0.859154642 0.660194159 0
vt 0.783520222 0.688138247 0
vt 0.516625583 0.68095386 0
vt -0.817521572 0.815305471 0
vt 0.767287552 0.852981031 0
vt -0.864867687 0.614598691 0
vt -0.737145603 0.60885632 0
vt -0.844241679 0.958010733 0
vt 0.631512642 0.658579171 0
vt 0.54260844 0.800022662 0
vt -0.7068308 0.923217952 0
vt -0.65745163 0.849898636 0
vt 0.461165696 0.772085369 0
vt -0.794255257 0.648021281 0
vt -0.877818406 0.60923171 0
vt -0.685860395 0.622531772 0
vt 0.801315248 0.621214449 0
vt -0.931932569 0.6682145 0
vt -0.869099736 0.75106442 0
vt -0.970920682 0.821336269 0
vt -0.666809201 0.608668685 0
vt 0.633720875 0.63934648 0
vt 0.614155114 0.701642931 0
vt 0.556193829 0.755062878 0
vt 0.597770929 0.725047708 0
vt 0.648731172 0.877451301 0
vt 0.791307747 0.621251345 0
vt 0.666919827 0.742610455 0
vt 0.463089138 0.629249096 0
vt 0.645494998 0.853912532 0
vt -0.730664492 0.821403265 0
vt -0.793609858 0.679391682 0
vt -0.947452426 0.747811377 0
vt -0.869198442 0.810851693 0
vt -0.648062408 0.799297035 0
vt 0.442557275 0.749348938 0
vt -0.978542924 0.707924128 0
vt 0.688583314 0.671085298 0
vt 0.559029043 0.711755812 0
vt -0.851083696 0.660103559 0
vt 0.58336246 0.856232405 0
vt -0.985353887 0.83044368 0
vt 0.701226592 0.85121727 0
vt -0.835885346 0.947404504 0
vt 0.64904213 0.916422427 0
vt -0.633678436 0.845476091 0
vt 0.461059749 0.62246871 0
vt -0.883592129 0.775569797 0
vt 0.570997596 0.751437545 0
vt 0.707300723 0.673404992 0
vt 0.768709362 0.721235752 0
vt 0.704055905 0.734653473 0
vt 0.494366497 0.709517002 0
vt -0.818381131 0.839531064 0
vt -0.739148974 1.03941548 0
vt -0.65563786 0.801156998 0
vt -0.839952707 0.968707263 0
vt 0.591263175 0.635025501 0
vt 0.559327364 0.830082357 0
vt 0.63190484 0.974752545 0
vt -0.886695683 0.816319764 0
vt -0.700272679 0.710289299 0
vt 0.490535408 0.726779282 0
vt -0.970346332 0.698957622 0
vt -0.833354771 0.622013032 0
vt -0.944304705 0.846484601 0
vt 0.681518793 0.99584192 0
vt 0.762708604 0.685126543 0
vt 0.717659056 0.793212593 0
vt 0.48107484 0.622394919 0
vt -0.759776056 0.620082438 0
vt 0.720623851 0.748070002 0
vt 0.695793569 0.68673569 0
vt 0.614894211 0.882123351 0
vt 0.58688122 0.656007469 0
vt -0.742953956 0.896170795 0
vt 0.781300247 0.6212883 0
vt 0.672412157 0.815928876 0
vt -0.676457345 0.614251196 0
vt -0.887380719 0.99908793 0
vt 0.597873747 0.899649382 0
vt -0.682718158 0.702484608 0
vt 0.571453035 0.67768383 0
vt -0.727062166 0.98985517 0
vt 0.621382475 0.723067999 0
vt 0.761280298 0.842466235 0
vt -0.833949804 0.868367076 0
vt 0.555705786 0.81642431 0
vt 0.505270541 0.837926447 0
vt 0.539726019 0.634214342 0
vt -0.943728149 0.735565841 0
vt 0.451052248 0.622505665 0
vt 0.660538077 0.959940314 0
vt -0.701873004 0.663863838 0
vt 0.674836516 0.981271386 0
vt -0.666962683 0.681484938 0
vt 0.630073786 0.884893239 0
vt -0.830582201 0.686694086 0
vt -0.892852545 0.818827152 0
vt -0.924787581 0.809285223 0
vt -0.887866497 0.609258533 0
vt -0.854813635 0.644304574 0
vt 0.667079091 0.999996603 0
vt -0.784889638 0.937770665 0
vt 0.531798482 0.699799418 0
vt 0.518411934 0.764544427 0
vt 0.489892185 0.85058105 0
vt 0.639719009 0.658141613 0
vt 0.63228941 0.803402603 0
vt 0.508442044 0.638340235 0
vt -0.747193694 0.608883083 0
vt 0.802549005 0.776683867 0
vt -0.875809193 0.740767539 0
vt 0.577006221 0.859212995 0
vt 0.571142435 0.622062922 0
vt -0.858954549 0.72466594 0
vt 0.49108234 0.622358084 0
vt -0.839685023 0.762094021 0
vt -0.719905555 0.915989399 0
vt -0.735193074 0.994501173 0
vt 0.475854784 0.749036372 0
vt -0.840494335 0.974862337 0
vt -0.852972806 0.74964565 0
vt -0.876773834 0.821987629 0
vt 0.637346745 0.892538488 0
vt 0.645733774 0.753436148 0
vt -0.633594394 0.85561496 0
vt -0.897975683 0.722830713 0
vt -0.775385797 0.691565096 0
vt 0.619487166 0.717476666 0
vt 0.695616126 0.961775005 0
vt -0.844378293 0.882121086 0
vt -0.981735229 0.632375002 0
vt -0.856400788 0.700208187 0
vt 0.628288507 0.852318883 0
vt -0.865920782 0.970253229 0
vt -0.868294358 0.837251782 0
vt -0.708991587 0.970163584 0
vt -0.718020976 1.0178957 0
vt 0.539617956 0.847712755 0
vt 0.502684176 0.804027021 0
vt 0.529663622 0.627720296 0
vt -0.924736977 0.842760861 0
vt -0.872497499 0.769828081 0
vt 0.615593493 0.627502322 0
vt -0.650164902 0.804786563 0
vt -0.833796561 0.740341663 0
vt 0.579218209 0.881122887 0
vt -0.915998399 0.899126828 0
vt -0.8791278 0.999240398 0
vt -0.918132901 0.793576002 0
vt 0.596534967 0.639901936 0
vt 0.677209795 0.992864013 0
vt -0.732284725 0.698943496 0
vt 0.682177007 1.00205779 0
vt -0.715918124 0.727580369 0
vt 0.699696243 0.76133436 0
vt 0.553711057 0.76168412 0
vt -0.976942301 0.793228447 0
vt -0.945853412 0.730363369 0
vt 0.567289412 0.828006089 0
vt -0.823794186 0.842743456 0
vt -0.873768687 0.625383556 0
vt 0.761285126 0.62136209 0
vt 0.75012958 0.758509398 0
vt 0.457125306 0.781319916 0
vt 0.671217561 0.621694088 0
vt -0.763541758 0.983511209 0
vt -0.862215996 0.620359063 0
vt 0.536634684 0.742634773 0
vt 0.634760022 0.727753699 0
vt -0.667315066 0.686817884 0
vt 0.712570548 0.798313797 0
vt 0.643109083 0.951351762 0
vt 0.674753547 0.923163235 0
vt -0.851975381 0.794182062 0
vt -0.989389777 0.816482723 0
vt -0.743819535 1.01482594 0
vt -0.976286292 0.662622809 0
vt 0.751277626 0.621398926 0
vt 0.645770848 0.772136033 0
vt -0.836812377 0.917125165 0
vt -0.808065832 0.736213565 0
vt 0.691232562 0.621620297 0
vt -0.91543442 0.824021041 0
vt 0.787309647 0.837588072 0
vt -0.851143837 0.879182935 0
vt 0.471067309 0.622431874 0
vt -0.737498581 0.822030365 0
vt 0.556705356 0.720389009 0
vt 0.615513682 0.895733356 0
vt 0.512235463 0.740109801 0
vt -0.739842534 0.948128521 0
vt 0.642288208 0.783134222 0
vt 0.465291083 0.82313782 0
vt -0.915899813 0.726377308 0
vt -0.978298903 0.609499812 0
vt 0.449822545 0.711211085 0
vt 0.538662255 0.711111128 0
vt -0.865147352 0.715009034 0
vt -0.706242442 0.887407601 0
vt -0.884887695 0.64008373 0
vt -0.848890483 0.817386389 0
vt -0.926608384 0.656484067 0
vt -0.887468576 0.879369497 0
vt 0.464006394 0.724639297 0
vt 0.680926919 0.686810017 0
vt 0.541119874 0.622173667 0
vt -0.761786938 0.7977283 0
vt 0.513941288 0.675758004 0
vt 0.481356114 0.828442693 0
vt -0.727097511 0.608829498 0
vt -0.746377647 0.788687944 0
vt -0.664570868 0.860152364 0
vt -0.896809042 0.634781778 0
vt -0.85499388 0.785123646 0
vt -0.754804552 0.862521648 0
vt 0.551127434 0.622136712 0
vt 0.601905167 0.976975858 0
vt 0.702126503 0.636069059 0
vt 0.485601366 0.763689637 0
vt -0.866749644 0.648201764 0
vt -0.832535923 0.615467429 0
vt -0.823132038 0.699406147 0
vt 0.644389272 0.840160847 0
vt -0.897914529 0.609285295 0
vt -0.627060831 0.737791121 0
vt 0.699342608 0.6555053 0
vt 0.588557303 0.99802053 0
vt -0.871878445 0.904902339 0
vt -0.728642344 0.961328328 0
vt 0.600514352 0.888954103 0
vt -0.695406854 0.628348529 0
vt -0.834868968 0.660683036 0
vt -0.950512946 0.68242836 0
vt -0.956148863 0.683993757 0
vt -0.787389636 0.806068718 0
vt -0.646713138 0.608615041 0
vt -0.949288487 0.834511995 0
vt 0.511097372 0.622284293 0
vt -0.649495482 0.755815446 0
vt 0.531112373 0.622210503 0
vt -0.908815622 0.615640998 0
vt 0.637190342 0.987309098 0
vt -0.646595359 0.723070383 0
vt -0.68451035 0.758393526 0
vt -0.804105997 0.849053502 0
vt -0.73457998 0.635607898 0
vt 0.499950796 0.834517777 0
vt 0.642857611 0.867007136 0
vt -0.855185211 0.620469272 0
vt -0.885160625 0.851020694 0
vt -0.844896853 0.627293885 0
vt 0.649396122 0.701056898 0
vt -0.904957771 0.825491667 0
vt -0.908216059 1.03259659 0
vt 0.653302252 0.816006362 0
vt 0.701240122 0.621583343 0
vt -0.671857774 0.857155442 0
vt -0.842257321 0.755877852 0
vt 0.489254296 0.76931715 0
vt -0.717049479 0.608802676 0
vt -0.844553053 0.615524828 0
vt 0.731262624 0.621472597 0
vt 0.771292686 0.621325135 0
vt 0.596315145 0.791818082 0
vt -0.82702136 0.877333283 0
vt -0.64767766 0.68346554 0
vt -0.790167272 0.940797389 0
vt -0.750518262 0.820511281 0
vt 0.741067827 0.681753993 0
vt -0.751045763 1.01241648 0
vt -0.816773295 0.68769908 0
vt 0.501089871 0.622321188 0
vt -0.686905384 0.608722329 0
vt 0.581349432 0.666887164 0
vt 0.790540934 0.850400031 0
vt 0.572753668 0.890992939 0
vt 0.594278693 0.771727383 0
vt -0.626617074 0.608561397 0
vt 0.654457331 0.628513336 0
vt 0.449050546 0.776338995 0
vt 0.800927222 0.728064716 0
vt 0.442746937 0.702748239 0
vt 0.711907804 0.86903441 0
vt 0.566877902 1.04441905 0
vt -0.677247822 0.86100173 0
vt -0.779468417 0.785796225 0
vt -0.853932738 0.972347319 0
vt -0.858183265 0.67953527 0
vt 0.725139558 0.857633293 0
vt 0.521104872 0.622247458 0
vt -0.889435291 0.891582429 0
vt -0.973169625 0.835645854 0
vt -0.749018729 0.949252784 0
vt -0.640969038 0.798540652 0
vt 0.654089808 0.881405592 0
vt -0.855138302 0.837794542 0
vt -0.729932368 0.712889433 0
vt -0.743967414 0.713415742 0
vt 0.757595658 0.771405876 0
vt 0.539915323 0.84159714 0
vt 0.611638248 0.650897503 0
vt -0.790408671 0.7999686 0
vt -0.859210193 1.01726437 0
vt -0.748700321 0.639422238 0
vt 0.769482851 0.809634507 0
vt 0.568992376 0.671972334 0
vt 0.588540435 0.830550969 0
vt 0.606107175 0.987895787 0
vt 0.488667369 0.713932097 0
vt 0.781010985 0.778092623 0
vt 0.711247623 0.621546507 0
vt -0.852603257 0.929754674 0
vt 0.737111568 0.663418472 0
vt 0.741270125 0.621435761 0
vt -0.96454078 0.704845011 0
vt -0.842090726 0.808140218 0
vt 0.44857052 0.734574795 0
vt 0.463491768 0.754173398 0
vt 0.578322351 0.902298093 0
vt 0.496941298 0.806679726 0
vt -0.76089263 0.71510309 0
vt -0.907962561 0.609312117 0
vt 0.721255124 0.621509552 0
vt -0.941974401 0.706374466 0
vt -0.923548222 0.650104225 0
vt -0.871070385 0.910709262 0
vt 0.590224862 0.642393887 0
vt 0.648350835 0.986349642 0
vt 0.790065169 0.669519544 0
vt 0.627862215 0.763554037 0
vt 0.689481556 0.926045895 0
vt 0.610029161 0.781835794 0
vt -0.627348244 0.744921029 0
vt 0.588408887 0.743545055 0
vt -0.804767609 0.657537043 0
vt -0.726454318 0.660809398 0
vt -0.781314433 0.88314718 0
vt -0.734303176 0.62868613 0
vt -0.632164419 0.711449087 0
vt -0.847173095 0.911390424 0
vt 0.611031115 0.676303446 0
vt -0.707001448 0.608775914 0
vt 0.62811029 0.712424159 0
vt 0.652573228 0.976144493 0
vt 0.557415903 0.673909545 0
vt -0.986063242 0.70844692 0
vt 0.461317301 0.785615742 0
vt -0.632505834 0.793113232 0
vt -0.640428185 0.719114244 0
vt 0.507647455 0.632729173 0
vt -0.742353857 0.964850366 0
vt -0.839339793 0.91153872 0
vt 0.620127976 0.785836577 0
vt 0.533701837 0.8566854 0
vt 0.648485839 0.820791423 0
vt -0.823673129 0.709256172 0
vt -0.722380877 1.01272333 0
vt -0.788572252 0.83151263 0
vt -0.782868922 0.830240726 0
vt 0.566498458 0.72963196 0
vt -0.923997819 0.853180468 0
vt -0.714335859 0.632664561 0
vt -0.960199356 0.820807099 0
vt 0.461472631 0.747459412 0
vt 0.625033498 0.981622994 0
vt 0.473383039 0.702970505 0
vt 0.547619224 0.737781644 0
vt -0.807626009 0.773249805 0
vt -0.636665106 0.608588219 0
vt 0.632539332 0.836249828 0
vt -0.865829408 0.915465713 0
vt -0.690236568 0.899883747 0
vt 0.792035341 0.755813181 0
vt 0.550872087 0.812142551 0
vt 0.77103889 0.669751346 0
vt -0.864714801 0.78004384 0
vt 0.609215736 0.912330031 0
vt -0.8324911 0.703210711 0
vt -0.918010592 0.60933888 0
vt -0.805768251 0.830297351 0
vt -0.642131627 0.840221584 0
vt 0.709415257 0.877015293 0
vt -0.988346934 0.609526634 0
vt 0.640356481 0.637968361 0
vt 0.794288576 0.732069016 0
vt 0.665273786 0.933274746 0
vt 0.559178412 1.01639175 0
vt 0.577898204 0.873769999 0
vt 0.785449743 0.820821702 0
vt 0.593883157 0.94725883 0
vt -0.752046704 0.739914179 0
vt -0.894227862 0.92978704 0
vt 0.574936807 0.913876832 0
vt 0.680864275 1.03507376 0
vt 0.615140617 0.928871155 0
vt -0.712997019 0.762500167 0
vt 0.759980798 0.704173148 0
vt 0.636653066 0.90849179 0
vt 0.671045005 0.754673004 0
vt 0.760036588 0.729827225 0
vt -0.715977013 0.940082431 0
vt 0.631936967 0.739362299 0
vt -0.661140621 0.873754978 0
vt -0.829988539 0.632173598 0
vt 0.533228815 0.732180536 0
vt 0.461596578 0.684088349 0
vt 0.707390249 0.774413347 0
vt -0.669365764 0.697419763 0
vt 0.781600237 0.825782299 0
vt 0.732149065 1.0263052 0
vt -0.9602862 0.671817124 0
vt 0.670773923 0.709084392 0
vt 0.773052216 0.850282133 0
vt 0.698647439 1.00081909 0
vt 0.650431514 0.92994678 0
vt -0.948733211 0.675577402 0
vt -0.766090155 0.7791695 0
vt 0.485730648 0.662239194 0
vt -0.652626038 0.783557594 0
vt -0.87228632 0.685768008 0
vt -0.710282266 1.02945089 0
vt -0.691022038 0.737172484 0
vt -0.722639322 0.714394391 0
vt -0.877728045 0.620186329 0
vt 0.791720271 0.644055903 0
vt -0.666499853 0.865691125 0
vt 0.567393661 0.788365841 0
vt 0.491059273 0.657653689 0
vt 0.666268468 0.81456244 0
vt 0.485469162 0.774758041 0
vt 0.556414425 0.96841526 0
vt 0.464725763 0.730470002 0
vt -0.946867645 0.767104864 0
vt -0.697023034 0.615682244 0
vt 0.539454639 0.7295385 0
vt -0.660328269 0.836453378 0
vt 0.535108089 0.705598295 0
vt 0.779828608 0.801300406 0
vt -0.893023849 0.640427709 0
vt -0.807783961 0.638318956 0
vt 0.799239159 0.662792623 0
vt -0.714390337 0.780516744 0
vt 0.628996551 0.963723302 0
vt -0.88936913 0.615895152 0
vt 0.471395105 0.64764905 0
vt 0.594944537 0.820361853 0
vt 0.679232836 0.881582975 0
vt -0.737781703 0.85478127 0
vt 0.629883289 0.8202914 0
vt -0.812226951 0.858744383 0
vt 0.735508561 0.762014747 0
vt -0.893086553 0.746636629 0
vt -0.791144371 0.692443252 0
vt -0.881087899 0.704084873 0
vt -0.710927784 0.808025062 0
vt -0.937125802 0.858761549 0
vt 0.802310944 0.848410249 0
vt -0.964764953 0.627692997 0
vt 0.689142823 0.664342105 0
vt -0.747830808 0.82706064 0
vt -0.972095728 0.652753532 0
vt 0.521620691 0.866106153 0
vt 0.527912557 1.01023793 0
vt 0.600981951 0.997870326 0
vt -0.697785616 1.01056123 0
vt 0.44515872 0.849164426 0
vt 0.615505755 0.644359112 0
vt 0.666116416 0.914043546 0
vt 0.674684763 0.974446595 0
vt 0.78199625 0.633803904 0
vt -0.695203841 0.774984777 0
vt -0.914522886 0.670034826 0
vt -0.625239074 0.839894772 0
vt 0.602689207 0.894409478 0
vt -0.688276589 0.80771333 0
vt -0.852434218 0.854821026 0
vt 0.744257152 0.827174544 0
vt -0.805729985 0.651459992 0
vt -0.727550268 0.703042567 0
vt -0.712761819 0.619478762 0
vt -0.737286329 1.00574017 0
vt -0.784212172 0.867045045 0
vt 0.771645904 0.701830804 0
vt 0.544574499 1.01160932 0
vt -0.926339746 0.783826768 0
vt -0.725436687 0.934258342 0
vt 0.595285058 0.827142417 0
vt -0.627554715 0.78459239 0
vt 0.504256248 0.850201428 0
vt 0.652592659 0.997276843 0
vt 0.660720885 0.862426758 0
vt -0.675358951 0.725309014 0
vt 0.711052299 1.02826428 0
vt 0.506192029 0.81537807 0
vt 0.619725406 0.65929085 0
vt -0.954682708 0.839770555 0
vt 0.631753504 0.864769161 0
vt 0.608496249 0.929640174 0
vt -0.8931849 0.670327902 0
vt -0.903803349 0.648546517 0
vt -0.689350605 0.855125964 0
vt -0.762384534 0.887473583 0
vt 0.764258027 0.761713088 0
vt -0.814023972 0.725043595 0
vt 0.796787202 0.778637826 0
vt -0.683339 0.734341025 0
vt -0.669903755 0.644735157 0
vt 0.728048623 0.750926733 0
vt -0.928058624 0.609365702 0
vt 0.506219387 0.762196898 0
vt 0.46866253 0.747484326 0
vt -0.786907315 0.879944324 0
vt 0.580568016 0.989422917 0
vt -0.877208591 0.630733669 0
vt -0.721912742 0.783087432 0
vt 0.737784803 0.82721895 0
vt 0.718046665 0.66911155 0
vt -0.767067075 0.77281934 0
vt -0.736271322 0.831104577 0
vt 0.631803215 0.981835663 0
vt 0.502535522 0.628526986 0
vt -0.78505975 0.945494711 0
vt -0.745874524 0.93774879 0
vt -0.944644868 0.795264065 0
vt -0.96785742 0.840302527 0
vt 0.568538487 0.664943218 0
vt -0.79345727 0.663510919 0
vt -0.771084726 0.973345459 0
vt 0.520948172 0.635950804 0
vt -0.668799996 0.615234613 0
vt -0.734546423 0.741009831 0
vt 0.699677885 1.0077467 0
vt 0.535122931 0.754893184 0
vt 0.588334143 0.668935895 0
vt -0.915815175 0.659850419 0
vt 0.703169644 0.981980145 0
vt -0.971900582 0.758006036 0
vt -0.831670582 0.627278626 0
vt 0.677558899 0.910599768 0
vt -0.667517781 0.715555489 0
vt -0.776000619 0.820222616 0
vt 0.65861249 0.716174662 0
vt 0.685261905 0.970758677 0
vt 0.637774289 0.833160996 0
vt -0.907717586 1.01433504 0
vt 0.551043928 0.751057208 0
vt -0.916149616 0.693919897 0
vt -0.797445118 0.684689939 0
vt 0.798061907 0.823123217 0
vt -0.719210804 0.889195085 0
vt 0.577954054 0.678598344 0
vt 0.454559118 0.745407045 0
vt 0.663931131 0.7113989 0
vt -0.650514722 0.734874725 0
vt 0.513651192 0.873927474 0
vt -0.784770608 0.657688797 0
vt 0.612587392 0.694561779 0
vt -0.916769981 1.03088343 0
vt 0.597108543 0.907050967 0
vt 0.57724005 0.71380651 0
vt 0.448376119 0.646838665 0
vt -0.858579218 0.672109544 0
vt 0.617606699 0.941261411 0
vt -0.89524591 0.776301503 0
vt 0.802428007 0.818999588 0
vt -0.951835334 0.846139312 0
vt -0.982217193 0.732913017 0
vt -0.984681845 0.812451899 0
vt -0.771044135 0.980510235 0
vt -0.775756776 0.758217096 0
vt 0.609155118 0.883289039 0
vt -0.863694906 0.854406714 0
vt 0.612596989 0.846780419 0
vt 0.656283259 0.721746027 0
vt -0.896084487 0.664357424 0
vt -0.839207113 0.797601104 0
vt -0.974922836 0.746028662 0
vt -0.74599874 0.877678514 0
vt -0.907149613 0.774106562 0
vt -0.864525378 0.676713467 0
vt -0.85253787 0.872635961 0
vt -0.827239811 0.692941427 0
vt 0.604017317 0.941512883 0
vt -0.890216708 0.684901774 0
vt 0.765366971 0.782827675 0
vt -0.960256755 0.776051641 0
vt -0.945497453 0.692927718 0
vt 0.561248124 0.950725853 0
vt 0.595319271 0.719554901 0
vt -0.746705055 0.686253548 0
vt -0.944746435 0.867667735 0
vt -0.74910748 1.00046337 0
vt 0.567228138 1.01366985 0
vt 0.488459826 0.749174953 0
vt -0.895989895 0.616556644 0
vt 0.470305622 0.740581214 0
vt -0.877799213 0.697850525 0
vt -0.837010205 0.825096071 0
vt -0.962291658 0.869473159 0
vt -0.968250871 0.60947299 0
vt -0.783079565 0.80149281 0
vt -0.796968102 0.788407743 0
vt 0.527586281 0.797784686 0
vt 0.653809965 0.832651198 0
vt -0.92937696 0.682005107 0
vt -0.689121306 0.730364621 0
vt 0.532895029 1.02433789 0
vt -0.939768016 0.746202409 0
vt -0.906645596 0.922591627 0
vt -0.875205457 0.786051512 0
vt -0.696953416 0.608749092 0
vt -0.765977561 0.891309023 0
vt 0.589915633 0.889669657 0
vt -0.847732663 0.620861113 0
vt -0.738787532 0.969573796 0
vt 0.627003074 0.756991923 0
vt 0.492070585 0.856334686 0
vt -0.648260951 0.856449246 0
vt 0.627341688 0.689691961 0
vt 0.603442967 0.970423639 0
vt 0.516218841 0.814024508 0
vt 0.687665522 0.982707083 0
vt -0.919710875 0.666773081 0
vt 0.796554744 0.709441841 0
vt -0.66765064 0.637525678 0
vt 0.640640855 0.789329767 0
vt -0.676889241 0.780916214 0
vt 0.636510491 0.669003069 0
vt -0.735906422 0.929751039 0
vt -0.732675672 1.00071514 0
vt 0.64269346 0.881257892 0
vt 0.571226239 0.842277765 0
vt -0.869832397 0.61992383 0
vt -0.748900652 0.963119328 0
vt -0.646348476 0.708863676 0
vt 0.62617439 0.915144324 0
vt 0.580122948 0.957373321 0
vt -0.945441663 0.788389206 0
vt 0.659457266 0.921843886 0
vt -0.635013163 0.723161459 0
vt -0.762622118 0.95108217 0
vt -0.896484852 1.00772047 0
vt 0.746761322 0.81525594 0
vt -0.841030598 0.695420146 0
vt -0.840363503 0.648457825 0
vt -0.870292962 1.02282858 0
vt -0.838279486 0.897983015 0
vt -0.674812615 0.808451295 0
vt 0.583493829 0.674759924 0
vt 0.582897663 0.888196409 0
vt -0.769211113 0.877334595 0
vt -0.895034313 0.845179021 0
vt -0.961361527 0.842120111 0
vt -0.680963933 0.641722798 0
vt -0.80167079 0.798670352 0
vt -0.826194704 0.928668797 0
vt -0.962527037 0.634995818 0
vt -0.866193295 0.931628406 0
vt 0.562149405 0.683375359 0
vt 0.695511818 1.03418684 0
vt -0.965264499 0.79522413 0
vt -0.811238348 0.813488245 0
vt 0.511712432 0.825349391 0
vt -0.989400804 0.721346021 0
vt -0.979939163 0.740034044 0
vt -0.641496956 0.618445218 0
vt -0.916430593 0.799559712 0
vt 0.699821174 1.03855026 0
vt 0.720678031 0.833912015 0
vt -0.838280618 0.885912955 0
vt -0.894020021 0.877988935 0
vt -0.63781333 0.836394489 0
vt 0.539258659 0.669628203 0
vt -0.829508901 0.77696079 0
vt 0.738126934 0.7044608 0
vt 0.753556728 0.84075439 0
vt -0.934196889 0.707324445 0
vt -0.716104448 0.826932788 0
vt -0.787007034 0.6633178 0
vt -0.840491652 0.655635834 0
vt 0.730119884 0.853046536 0
vt -0.935929477 0.769696832 0
vt 0.598983169 0.858520806 0
vt 0.51191175 0.6700899 0
vt 0.5830428 0.700555205 0
vt -0.919805825 0.787209153 0
vt 0.731612146 0.628124356 0
vt -0.892945707 0.832602561 0
vt -0.838511407 0.615954101 0
vt 0.728293598 0.7200495 0
vt 0.545603931 0.667396903 0
vt 0.697768331 0.845167041 0
vt -0.850622118 0.9352777 0
vt -0.938013434 0.671095431 0
vt -0.708638728 0.743865728 0
vt -0.859954119 0.905068994 0
vt -0.761374712 0.989664793 0
vt -0.842771173 0.85983777 0
vt 0.774763525 0.722737253 0
vt 0.700732231 0.86334151 0
vt 0.568163157 0.681924522 0
vt 0.726849914 0.714044571 0
vt -0.966457903 0.710787416 0
vt 0.511615157 0.767023861 0
vt -0.98333168 0.759386659 0
vt -0.739507139 0.804844677 0
vt 0.794955373 0.681619465 0
vt 0.491191953 0.783806086 0
vt 0.698735416 0.730023861 0
vt -0.793679714 0.814052165 0
vt -0.897531092 0.80534023 0
vt 0.459617943 0.702921331 0
vt -0.95816642 0.847537398 0
vt 0.617133319 0.851669788 0
vt 0.78626132 0.639755368 0
vt 0.698093414 0.706829965 0
vt -0.917497277 0.716359258 0
vt -0.70694685 0.737920761 0
vt -0.73453635 0.865198433 0
vt -0.783654273 0.669133782 0
vt 0.710615218 0.736185789 0
vt 0.658503771 0.844176173 0
vt 0.494643718 0.831418514 0
vt 0.515833974 0.84362042 0
vt 0.576580763 0.702739 0
vt -0.876072526 0.675666213 0
vt -0.639478445 0.712133706 0
vt -0.865434051 0.908549309 0
vt 0.746618629 0.776814342 0
vt -0.74984467 0.900274456 0
vt -0.83339709 0.762657583 0
vt 0.767736614 0.739168823 0
vt -0.840689421 0.719509125 0
vt -0.84227562 0.841675282 0
vt -0.924316883 0.742384315 0
vt 0.464841366 0.86411202 0
vt -0.66190356 0.616091728 0
vt 0.625797629 0.637920558 0
vt 0.779326499 0.85255754 0
vt 0.7551139 0.649278462 0
vt -0.837979496 0.791419387 0
vt -0.754957259 0.763787806 0
vt 0.653684139 0.646664739 0
vt -0.790646672 0.899256766 0
vt -0.932988644 0.655095398 0
vt -0.826147616 0.892324448 0
vt -0.849319696 0.806154132 0
vt 0.703148961 0.97011596 0
vt 0.57820785 0.782405317 0
vt -0.770731568 0.833812952 0
vt 0.609628022 0.918279469 0
vt 0.762118101 0.824861586 0
vt 0.67247957 0.882210314 0
vt 0.724405289 0.769896507 0
vt 0.471558064 0.767183542 0
vt 0.724380553 0.794277251 0
vt -0.820026517 0.720574439 0
vt 0.684430242 0.761506975 0
vt 0.748146772 0.821632981 0
vt -0.718771636 0.720831692 0
vt 0.734299779 0.716605306 0
vt 0.629762471 0.633114398 0
vt -0.745594561 0.816640496 0
vt -0.706360161 0.837274253 0
vt 0.596251607 0.63124609 0
vt 0.648284853 0.864095986 0
vt 0.800471961 0.683208168 0
vt -0.903782308 0.927706003 0
vt -0.901105642 0.759410024 0
vt -0.98510623 0.723950803 0
vt 0.545094669 0.673930287 0
vt 0.461823434 0.76128298 0
vt -0.89034152 0.872534633 0
vt 0.620279074 0.755845547 0
vt -0.921929061 0.833816707 0
vt -0.631347537 0.734667838 0
vt 0.538488209 0.677999914 0
vt 0.745949626 0.840257585 0
vt 0.641376913 0.938959718 0
vt -0.829846025 0.643534601 0
vt 0.754061103 0.834017336 0
vt 0.666412711 0.86786288 0
vt 0.703944325 0.642559171 0
vt -0.79758507 0.90037626 0
vt -0.883477509 1.04025352 0
vt -0.633517325 0.685291231 0
vt -0.742876768 0.799433112 0
vt -0.756556749 1.00047898 0
vt -0.796239555 0.894446194 0
vt 0.588527977 0.949987352 0
vt 0.619809806 0.691559494 0
vt 0.683876634 0.922670662 0
vt -0.685964108 0.709516943 0
vt 0.522185326 0.85009259 0
vt -0.706092 1.02088785 0
vt 0.728882074 0.845668793 0
vt -0.777593851 0.852318645 0
vt 0.452857077 0.675707042 0
vt 0.752786815 0.853032529 0
vt -0.969056487 0.750875235 0
vt 0.785650253 0.854519308 0
vt -0.848763585 0.983162761 0
vt -0.760300934 0.995689988 0
vt -0.84939611 0.841424763 0
vt -0.87917006 0.796825826 0
vt 0.652614295 0.671012998 0
vt 0.545561433 0.680115879 0
vt 0.549090266 0.96645689 0
vt 0.447378337 0.699348748 0
vt 0.589375794 0.674110055 0
vt -0.645234644 0.815920353 0
vt 0.541920781 0.704450488 0
vt 0.667703807 0.900920272 0
vt 0.69288826 0.787563443 0
vt 0.695764959 1.02737212 0
vt 0.718519568 0.63416183 0
vt 0.497675836 0.645437241 0
vt 0.721151173 0.787696421 0
vt 0.739856958 0.628254175 0
vt -0.643702209 0.7876724 0
vt 0.52691108 0.999284506 0
vt 0.702597797 0.963947058 0
vt 0.511553824 0.651148796 0
vt -0.905099988 0.755093277 0
vt 0.550979018 0.685300767 0
vt 0.725369215 0.782946289 0
vt 0.691955209 0.704443753 0
vt -0.651234806 0.62555933 0
vt 0.450510979 0.843841434 0
vt -0.729121685 0.77293551 0
vt -0.917861521 0.879206836 0
vt 0.718418956 0.773265481 0
vt -0.679949045 0.769025385 0
vt 0.456104487 0.846755147 0
vt 0.663115203 0.773608148 0
vt 0.552163482 0.69872427 0
vt -0.86978215 0.854321539 0
vt 0.621424913 0.626059771 0
vt 0.519678295 0.652172565 0
vt -0.638787568 0.688407183 0
vt 0.564315677 0.851273358 0
vt -0.950700939 0.872558892 0
vt -0.965328872 0.848238587 0
vt 0.755377352 0.858083189 0
vt -0.705512285 0.659548938 0
vt -0.712062001 0.931942403 0
vt 0.575398088 0.828864217 0
vt 0.50101006 0.685153425 0
vt 0.711740673 0.62965405 0
vt 0.782131493 0.64362973 0
vt -0.688350618 0.628957629 0
vt 0.717276275 0.627543986 0
vt 0.730514944 0.817303956 0
vt 0.563995659 0.833580732 0
vt -0.688069344 0.635152638 0
vt -0.732884169 0.90380168 0
vt 0.558236718 0.846123636 0
vt -0.760847747 0.857607663 0
vt 0.743932068 0.641454518 0
vt -0.659327626 0.640165269 0
vt -0.96700263 0.654107451 0
vt -0.983963668 0.855031729 0
vt 0.570588887 0.832897127 0
vt 0.490670025 0.670157313 0
vt -0.772257686 0.852083266 0
vt -0.737892687 0.779661357 0
vt -0.872443199 0.831998646 0
vt -0.81404978 0.629639328 0
vt 0.563331485 0.75319469 0
vt -0.889880657 1.0358485 0
vt 0.475779772 0.823052466 0
vt 0.687024236 0.954209805 0
vt 0.672447681 0.912280917 0
vt 0.53694123 0.98366046 0
vt 0.507801294 0.785064757 0
vt 0.531004727 0.838319778 0
vt -0.983212054 0.849983394 0
vt -0.734662652 0.774786592 0
vt -0.8735255 0.826471865 0
vt 0.465823263 0.80527848 0
vt 0.689631701 0.944917977 0
vt 0.67525959 0.804373264 0
vt 0.671164095 0.952024698 0
vt -0.645298123 0.663471937 0
vt -0.92075485 0.909568489 0
vt 0.481681526 0.821442544 0
vt 0.766863644 0.859914899 0
vt 0.522428632 0.878216445 0
vt -0.702279449 0.69917357 0
vt 0.686504006 0.819616139 0
vt 0.46613124 0.811706126 0
vt -0.846538603 0.96450907 0
vt -0.97375685 0.686947763 0
vt 0.712233305 0.686158955 0
vt -0.88513273 0.833658993 0
vt -0.893984139 0.79879719 0
vt 0.521974087 0.843267381 0
vt 0.719115436 0.868448436 0
vt -0.889990449 0.836354613 0
vt 0.565300584 0.872711658 0
vt -0.979619265 0.626473069 0
vt -0.796316624 0.873139799 0
vt -0.706794262 0.655075908 0
vt 0.683729768 0.944625497 0
vt 0.552282512 1.04110169 0
vt 0.520044148 0.730223954 0
vt 0.702836692 0.768722773 0
vt 0.502248883 0.865118504 0
vt -0.861807823 0.808647692 0
vt -0.828548491 0.637861848 0
vt -0.904927671 0.903511107 0
vt -0.648470581 0.669441044 0
vt -0.834580004 0.901452065 0
vt 0.705291808 0.629751861 0
vt -0.629308164 0.63651818 0
vt 0.540633857 0.83659935 0
vt -0.663375556 0.778225958 0
vt -0.774527192 0.882181585 0
vt -0.708609104 0.881607354 0
vt 0.676491082 0.628546774 0
vt -0.844916284 0.939315617 0
vt -0.629689395 0.643695712 0
vt -0.94185847 0.781139672 0
vt 0.527993083 0.869724751 0
vt 0.601457477 0.934593081 0
vt 0.508136451 0.682167172 0
vt 0.562418401 0.6278162 0
vt -0.690315187 0.704929292 0
vt -0.892656624 0.865866959 0
vt 0.794141352 0.650274217 0
vt -0.926158905 0.628955126 0
vt -0.914993167 0.621029139 0
vt -0.683748603 0.666733027 0
vt -0.862457752 0.987494886 0
vt 0.731091619 0.731330335 0
vt -0.951463401 0.73505348 0
vt -0.707845032 0.844619393 0
vt -0.713981926 0.926231384 0
vt -0.921552122 0.682663739 0
vt 0.48084572 0.810716748 0
vt 0.462832987 0.837192535 0
vt 0.460582137 0.641332388 0
vt -0.952268064 0.773141086 0
vt 0.483145356 0.6548841 0
g panel0
f 4756/4756 5930/5930 3632/3632
f 1667/1667 158/158 3632/3632
f 374/374 5170/5170 2116/2116
f 3059/3059 888/888 466/466
f 4602/4602 161/161 3400/3400
f 4309/4309 1749/1749 1866/1866
f 373/373 6372/6372 1876/1876
f 3017/3017 430/430 6019/6019
f 3267/3267 34/34 1880/1880
f 5520/5520 900/900 2562/2562
f 6067/6067 752/752 2468/2468
f 6302/6302 36/36 4016/4016
f 5607/5607 5190/5190 35/35
f 3530/3530 1734/1734 2812/2812
f 3435/3435 149/149 2575/2575
f 5899/5899 406/406 2863/2863
f 455/455 836/836 1753/1753
f 3887/3887 5415/5415 666/666
f 1645/1645 5720/5720 6378/6378
f 1645/1645 5682/5682 4033/4033
f 4515/4515 822/822 66/66
f 822/822 4502/4502 66/66
f 2603/2603 667/667 583/583
f 5778/5778 48/48 6283/6283
f 6088/6088 823/823 2733/2733
f 2319/2319 3083/3083 668/668
f 5727/5727 3045/3045 3252/3252
f 4232/4232 57/57 3396/3396
f 6394/6394 3500/3500 3396/3396
f 5095/5095 4939/4939 1994/1994
f 55/55 2364/2364 4114/4114
f 54/54 1994/1994 4060/4060
f 4526/4526 855/855 6362/6362
f 829/829 6278/6278 2604/2604
f 1808/1808 3800/3800 3372/3372
f 4435/4435 4437/4437 1760/1760
f 80/80 4083/4083 3850/3850
f 4906/4906 5374/5374 1895/1895
f 3884/3884 4906/4906 1895/1895
f 6003/6003 550/550 1940/1940
f 2356/2356 970/970 731/731
f 5003/5003 2570/2570 2124/2124
f 2372/2372 2367/2367 1775/1775
f 2483/2483 444/444 2941/2941
f 3626/3626 5298/5298 5110/5110
f 461/461 5617/5617 2633/2633
f 386/386 6000/6000 2626/2626
f 3783/3783 100/100 2500/2500
f 3197/3197 114/114 3009/3009
f 3869/3869 6132/6132 445/445
f 6124/6124 365/365 6279/6279
f 365/365 6124/6124 2139/2139
f 106/106 2317/2317 105/105
f 4686/4686 3869/3869 5957/5957
f 3952/3952 5874/5874 2317/2317
f 4711/4711 5858/5858 3412/3412
f 365/365 2139/2139 832/832
f 111/111 832/832 3399/3399
f 3518/3518 142/142 2068/2068
f 1948/1948 2919/2919 4586/4586
f 4416/4416 1649/1649 1814/1814
f 839/839 6272/6272 4005/4005
f 3771/3771 4140/4140 3420/3420
f 3654/3654 2581/2581 3049/3049
f 6369/6369 2200/2200 368/368
f 2200/2200 128/128 129/129
f 5748/5748 5/5 126/126
f 6285/6285 136/136 5418/5418
f 3618/3618 5151/5151 3369/3369
f 133/133 2599/2599 2920/2920
f 3738/3738 133/133 2920/2920
f 2650/2650 2846/2846 429/429
f 31/31 817/817 5577/5577
f 3032/3032 28/28 3235/3235
f 4165/4165 5027/5027 4406/4406
f 5021/5021 3234/3234 5552/5552
f 2220/2220 2475/2475 3247/3247
f 21/21 5407/5407 5650/5650
f 449/449 4917/4917 4724/4724
f 4194/4194 180/180 3752/3752
f 2117/2117 2698/2698 671/671
f 640/640 451/451 2096/2096
f 2650/2650 2718/2718 2846/2846
f 6229/6229 3267/3267 4531/4531
f 3732/3732 428/428 1792/1792
f 5135/5135 4824/4824 2444/2444
f 1913/1913 148/148 2575/2575
f 834/834 3550/3550 1902/1902
f 3047/3047 2981/2981 397/397
f 6384/6384 2981/2981 3047/3047
f 3519/3519 834/834 3324/3324
f 3572/3572 2958/2958 5846/5846
f 470/470 3274/3274 607/607
f 5849/5849 5745/5745 1762/1762
f 6151/6151 47/47 6283/6283
f 379/379 736/736 488/488
f 53/53 1994/1994 4939/4939
f 4143/4143 5358/5358 3156/3156
f 457/457 942/942 4782/4782
f 2859/2859 3242/3242 672/672
f 81/81 2844/2844 3825/3825
f 441/441 732/732 5365/5365
f 3098/3098 2126/2126 2582/2582
f 4916/4916 4948/4948 3394/3394
f 5118/5118 6347/6347 1915/1915
f 3061/3061 2633/2633 1989/1989
f 3415/3415 3783/3783 2500/2500
f 99/99 3415/3415 3775/3775
f 3826/3826 101/101 4554/4554
f 114/114 3197/3197 3413/3413
f 103/103 3250/3250 3905/3905
f 110/110 2139/2139 109/109
f 3480/3480 3821/3821 1941/1941
f 2813/2813 839/839 4005/4005
f 368/368 2200/2200 4841/4841
f 840/840 131/131 2608/2608
f 2028/2028 3127/3127 565/565
f 4187/4187 179/179 1746/1746
f 4973/4973 6287/6287 3349/3349
f 4938/4938 4187/4187 1746/1746
f 3520/3520 153/153 2663/2663
f 2216/2216 644/644 2252/2252
f 5412/5412 2810/2810 5798/5798
f 4649/4649 6081/6081 600/600
f 5230/5230 747/747 377/377
f 3459/3459 1654/1654 3555/3555
f 2954/2954 773/773 1684/1684
f 5340/5340 32/32 2878/2878
f 611/611 434/434 6246/6246
f 5961/5961 2998/2998 837/837
f 2442/2442 632/632 845/845
f 3001/3001 3047/3047 397/397
f 741/741 1899/1899 552/552
f 412/412 487/487 472/472
f 5626/5626 50/50 4032/4032
f 2992/2992 544/544 5530/5530
f 2880/2880 776/776 2809/2809
f 5726/5726 47/47 6151/6151
f 4169/4169 56/56 3500/3500
f 4567/4567 5396/5396 2230/2230
f 4603/4603 72/72 729/729
f 4650/4650 74/74 1760/1760
f 3246/3246 2449/2449 2265/2265
f 2160/2160 3266/3266 503/503
f 3804/3804 6164/6164 2140/2140
f 738/738 677/677 387/387
f 1786/1786 443/443 831/831
f 5212/5212 5857/5857 1706/1706
f 5234/5234 5354/5354 2424/2424
f 4879/4879 477/477 4201/4201
f 4608/4608 849/849 360/360
f 4167/4167 643/643 1818/1818
f 450/450 531/531 2016/2016
f 4843/4843 4089/4089 4499/4499
f 6148/6148 5057/5057 1670/1670
f 6187/6187 2150/2150 1702/1702
f 611/611 6246/6246 3534/3534
f 6346/6346 1692/1692 1897/1897
f 4550/4550 4931/4931 1922/1922
f 2509/2509 435/435 4634/4634
f 5432/5432 30/30 6391/6391
f 5492/5492 2582/2582 2126/2126
f 4909/4909 2640/2640 710/710
f 5690/5690 3910/3910 379/379
f 4700/4700 5092/5092 3140/3140
f 2528/2528 853/853 4357/4357
f 5385/5385 5743/5743 3018/3018
f 874/874 543/543 3213/3213
f 5512/5512 4029/4029 613/613
f 4870/4870 4982/4982 2759/2759
f 4254/4254 1676/1676 1932/1932
f 743/743 855/855 4526/4526
f 4241/4241 551/551 436/436
f 1838/1838 857/857 4550/4550
f 3152/3152 2999/2999 4808/4808
f 1798/1798 442/442 1978/1978
f 5018/5018 2930/2930 4374/4374
f 5894/5894 2783/2783 598/598
f 2534/2534 746/746 3693/3693
f 6271/6271 976/976 6289/6289
f 4618/4618 3896/3896 778/778
f 5545/5545 859/859 5770/5770
f 5990/5990 5248/5248 5174/5174
f 3669/3669 2672/2672 1896/1896
f 2595/2595 751/751 4021/4021
f 4925/4925 2400/2400 647/647
f 5492/5492 860/860 609/609
f 4018/4018 5299/5299 3005/3005
f 2480/2480 707/707 2596/2596
f 2522/2522 2956/2956 5299/5299
f 2964/2964 469/469 658/658
f 4701/4701 861/861 500/500
f 5423/5423 4371/4371 730/730
f 2528/2528 4736/4736 853/853
f 711/711 472/472 487/487
f 3205/3205 2272/2272 394/394
f 3032/3032 5552/5552 3092/3092
f 4291/4291 2105/2105 415/415
f 522/522 575/575 754/754
f 2826/2826 754/754 575/575
f 522/522 754/754 4801/4801
f 3020/3020 2695/2695 974/974
f 573/573 751/751 2595/2595
f 5567/5567 755/755 418/418
f 5515/5515 5773/5773 4396/4396
f 2716/2716 691/691 424/424
f 867/867 716/716 4587/4587
f 4942/4942 421/421 2913/2913
f 2597/2597 913/913 2765/2765
f 5796/5796 1743/1743 1967/1967
f 4995/4995 4937/4937 508/508
f 3670/3670 3076/3076 3975/3975
f 628/628 560/560 1747/1747
f 3899/3899 629/629 3563/3563
f 3812/3812 2191/2191 3365/3365
f 425/425 870/870 352/352
f 3354/3354 846/846 474/474
f 352/352 760/760 694/694
f 2643/2643 871/871 466/466
f 4645/4645 160/160 4758/4758
f 429/429 815/815 5498/5498
f 4266/4266 6372/6372 3017/3017
f 6258/6258 2557/2557 2083/2083
f 5974/5974 6168/6168 873/873
f 462/462 2357/2357 3277/3277
f 5127/5127 3975/3975 3076/3076
f 6388/6388 971/971 3716/3716
f 3401/3401 148/148 1913/1913
f 533/533 920/920 2282/2282
f 4695/4695 5597/5597 675/675
f 2711/2711 6217/6217 812/812
f 3779/3779 2695/2695 5980/5980
f 358/358 696/696 2701/2701
f 3227/3227 2904/2904 580/580
f 2849/2849 595/595 2486/2486
f 4120/4120 918/918 2251/2251
f 6316/6316 2634/2634 6280/6280
f 1833/1833 6399/6399 3462/3462
f 5434/5434 3269/3269 4785/4785
f 4401/4401 62/62 823/823
f 1852/1852 601/601 5072/5072
f 2992/2992 667/667 2603/2603
f 743/743 4526/4526 2140/2140
f 4903/4903 855/855 743/743
f 5203/5203 527/527 806/806
f 1705/1705 704/704 3705/3705
f 5648/5648 641/641 1698/1698
f 3314/3314 441/441 5365/5365
f 3774/3774 603/603 3746/3746
f 1648/1648 2518/2518 1706/1706
f 1827/1827 445/445 6279/6279
f 3506/3506 143/143 5388/5388
f 3447/3447 121/121 2309/2309
f 4945/4945 2649/2649 3422/3422
f 3937/3937 839/839 2813/2813
f 763/763 2457/2457 1948/1948
f 2407/2407 2309/2309 3741/3741
f 5247/5247 5258/5258 3071/3071
f 1882/1882 700/700 558/558
f 2405/2405 2581/2581 3654/3654
f 5277/5277 2036/2036 5100/5100
f 4414/4414 172/172 2967/2967
f 4103/4103 173/173 4863/4863
f 5754/5754 26/26 3127/3127
f 559/559 6176/6176 4907/4907
f 4771/4771 638/638 463/463
f 5161/5161 5569/5569 391/391
f 4635/4635 701/701 3299/3299
f 517/517 451/451 640/640
f 2306/2306 3087/3087 579/579
f 3659/3659 4400/4400 702/702
f 3005/3005 883/883 574/574
f 1877/1877 884/884 3036/3036
f 662/662 455/455 3251/3251
f 88/88 734/734 2958/2958
f 5141/5141 459/459 4823/4823
f 885/885 1976/1976 6023/6023
f 3785/3785 95/95 3590/3590
f 96/96 2483/2483 3784/3784
f 1629/1629 610/610 1989/1989
f 3424/3424 124/124 4140/4140
f 2089/2089 5927/5927 5151/5151
f 5111/5111 3895/3895 1772/1772
f 814/814 644/644 3059/3059
f 3724/3724 1733/1733 3079/3079
f 6080/6080 3142/3142 6238/6238
f 644/644 2216/2216 888/888
f 4755/4755 871/871 2643/2643
f 4684/4684 5191/5191 590/590
f 5592/5592 425/425 5547/5547
f 5485/5485 6021/6021 720/720
f 1973/1973 810/810 706/706
f 3874/3874 4555/4555 453/453
f 3936/3936 4741/4741 645/645
f 3085/3085 2951/2951 607/607
f 2008/2008 470/470 607/607
f 3374/3374 2065/2065 5981/5981
f 438/438 875/875 5167/5167
f 770/770 489/489 2717/2717
f 5396/5396 3929/3929 3660/3660
f 1944/1944 5980/5980 3020/3020
f 3514/3514 5540/5540 1692/1692
f 1946/1946 409/409 2353/2353
f 4865/4865 5854/5854 2033/2033
f 404/404 708/708 771/771
f 5933/5933 2072/2072 4366/4366
f 2046/2046 477/477 3174/3174
f 458/458 6023/6023 2548/2548
f 477/477 2476/2476 885/885
f 771/771 2134/2134 404/404
f 4828/4828 4808/4808 2999/2999
f 6047/6047 944/944 6389/6389
f 447/447 763/763 3071/3071
f 4568/4568 6390/6390 6312/6312
f 478/478 895/895 637/637
f 505/505 929/929 755/755
f 5144/5144 4782/4782 3575/3575
f 2774/2774 898/898 3793/3793
f 663/663 956/956 1709/1709
f 2284/2284 658/658 2547/2547
f 5791/5791 5520/5520 5614/5614
f 5597/5597 4385/4385 3095/3095
f 4902/4902 521/521 775/775
f 2322/2322 2916/2916 5093/5093
f 4770/4770 4793/4793 354/354
f 5038/5038 868/868 4107/4107
f 378/378 3044/3044 4895/4895
f 1790/1790 1643/1643 5534/5534
f 5500/5500 776/776 2880/2880
f 2428/2428 736/736 379/379
f 1862/1862 940/940 3493/3493
f 3720/3720 750/750 1906/1906
f 3172/3172 542/542 1795/1795
f 626/626 865/865 6241/6241
f 5869/5869 5899/5899 2321/2321
f 511/511 759/759 1850/1850
f 3215/3215 817/817 2272/2272
f 5683/5683 4752/4752 506/506
f 6172/6172 858/858 2607/2607
f 4158/4158 5299/5299 2956/2956
f 4701/4701 4817/4817 861/861
f 5366/5366 5191/5191 4684/4684
f 5177/5177 5246/5246 3537/3537
f 6038/6038 4868/4868 422/422
f 3030/3030 606/606 2047/2047
f 4798/4798 906/906 792/792
f 5175/5175 359/359 4769/4769
f 6077/6077 1651/1651 584/584
f 551/551 820/820 491/491
f 4212/4212 4419/4419 4689/4689
f 5896/5896 4197/4197 908/908
f 598/598 5346/5346 5683/5683
f 6053/6053 867/867 2184/2184
f 630/630 804/804 911/911
f 5490/5490 912/912 486/486
f 4672/4672 5728/5728 594/594
f 2165/2165 2152/2152 1674/1674
f 2594/2594 628/628 1747/1747
f 4810/4810 4812/4812 3235/3235
f 512/512 1999/1999 1687/1687
f 4525/4525 2683/2683 2439/2439
f 2157/2157 3258/3258 5200/5200
f 6185/6185 633/633 2316/2316
f 5866/5866 760/760 4459/4459
f 2557/2557 451/451 517/517
f 6180/6180 426/426 6291/6291
f 917/917 749/749 2563/2563
f 3344/3344 518/518 2438/2438
f 4208/4208 2895/2895 639/639
f 4705/4705 6219/6219 3797/3797
f 3008/3008 873/873 6168/6168
f 507/507 1813/1813 6213/6213
f 747/747 5230/5230 2700/2700
f 2694/2694 2869/2869 574/574
f 470/470 2008/2008 4559/4559
f 2567/2567 575/575 5774/5774
f 2397/2397 4470/4470 5205/5205
f 437/437 6196/6196 4659/4659
f 4120/4120 3726/3726 918/918
f 6139/6139 808/808 1685/1685
f 2984/2984 2749/2749 2885/2885
f 1854/1854 5861/5861 524/524
f 5947/5947 785/785 3198/3198
f 4674/4674 808/808 6139/6139
f 5819/5819 5719/5719 3055/3055
f 5189/5189 3134/3134 657/657
f 5879/5879 603/603 2966/2966
f 3386/3386 831/831 3320/3320
f 3087/3087 6404/6404 520/520
f 5711/5711 6187/6187 1702/1702
f 778/778 902/902 6241/6241
f 904/904 405/405 873/873
f 2282/2282 2995/2995 546/546
f 2110/2110 2473/2473 1650/1650
f 527/527 5819/5819 705/705
f 3095/3095 2883/2883 2478/2478
f 666/666 957/957 2416/2416
f 596/596 898/898 2927/2927
f 4571/4571 2577/2577 1964/1964
f 4928/4928 3064/3064 4209/4209
f 2310/2310 537/537 3911/3911
f 4070/4070 1924/1924 3664/3664
f 2196/2196 669/669 1715/1715
f 612/612 845/845 3807/3807
f 3454/3454 939/939 6339/6339
f 3597/3597 4892/4892 790/790
f 2432/2432 1954/1954 2029/2029
f 5133/5133 2839/2839 4576/4576
f 3177/3177 906/906 4798/4798
f 2301/2301 971/971 4242/4242
f 544/544 3217/3217 400/400
f 3193/3193 545/545 3448/3448
f 4508/4508 787/787 5485/5485
f 5018/5018 4374/4374 4403/4403
f 526/526 922/922 5839/5839
f 1676/1676 4254/4254 793/793
f 6300/6300 5430/5430 813/813
f 3751/3751 4845/4845 2699/2699
f 2432/2432 3028/3028 2365/2365
f 5193/5193 1734/1734 4016/4016
f 5997/5997 2389/2389 5270/5270
f 3692/3692 554/554 3459/3459
f 716/716 867/867 6053/6053
f 4587/4587 4367/4367 4983/4983
f 3700/3700 551/551 491/491
f 552/552 4559/4559 741/741
f 2233/2233 1875/1875 2733/2733
f 723/723 2751/2751 1852/1852
f 6163/6163 5513/5513 2767/2767
f 2262/2262 415/415 4469/4469
f 4279/4279 1663/1663 4494/4494
f 445/445 1827/1827 5957/5957
f 5996/5996 4053/4053 4818/4818
f 2978/2978 556/556 2300/2300
f 670/670 447/447 3297/3297
f 739/739 972/972 3945/3945
f 739/739 557/557 925/925
f 2298/2298 795/795 655/655
f 428/428 2635/2635 561/561
f 42/42 836/836 5440/5440
f 5152/5152 397/397 2981/2981
f 5893/5893 4956/4956 2867/2867
f 705/705 806/806 527/527
f 471/471 5029/5029 3374/3374
f 563/563 355/355 2561/2561
f 364/364 555/555 2978/2978
f 4467/4467 2445/2445 2974/2974
f 1726/1726 700/700 1882/1882
f 5702/5702 25/25 2028/2028
f 5185/5185 2201/2201 6408/6408
f 4825/4825 5572/5572 566/566
f 2374/2374 721/721 479/479
f 351/351 695/695 567/567
f 568/568 6255/6255 6021/6021
f 5805/5805 773/773 2954/2954
f 637/637 3349/3349 2395/2395
f 5997/5997 549/549 2192/2192
f 3668/3668 929/929 505/505
f 406/406 587/587 2507/2507
f 6067/6067 570/570 3403/3403
f 2238/2238 389/389 920/920
f 2062/2062 857/857 1838/1838
f 506/506 756/756 2800/2800
f 4396/4396 2671/2671 407/407
f 3622/3622 573/573 5773/5773
f 5817/5817 2642/2642 3111/3111
f 4689/4689 5915/5915 581/581
f 3185/3185 863/863 2601/2601
f 416/416 3103/3103 2902/2902
f 3266/3266 2160/2160 663/663
f 3203/3203 6358/6358 3058/3058
f 439/439 703/703 519/519
f 3278/3278 884/884 1877/1877
f 2071/2071 933/933 5669/5669
f 5535/5535 2079/2079 1995/1995
f 1875/1875 2233/2233 934/934
f 4502/4502 822/822 582/582
f 2866/2866 583/583 667/667
f 3366/3366 936/936 935/935
f 3898/3898 5355/5355 5830/5830
f 2041/2041 3036/3036 454/454
f 4119/4119 3268/3268 4488/4488
f 5156/5156 3211/3211 3041/3041
f 6336/6336 444/444 699/699
f 661/661 5617/5617 461/461
f 3014/3014 569/569 2202/2202
f 5869/5869 587/587 406/406
f 2826/2826 575/575 5379/5379
f 2373/2373 5853/5853 5236/5236
f 5652/5652 547/547 1925/1925
f 3957/3957 797/797 3436/3436
f 5366/5366 2296/2296 2854/2854
f 2354/2354 783/783 3545/3545
f 2297/2297 396/396 2622/2622
f 2512/2512 591/591 2622/2622
f 5852/5852 2712/2712 501/501
f 5503/5503 5409/5409 5576/5576
f 3909/3909 5635/5635 3451/3451
f 4263/4263 1768/1768 500/500
f 5383/5383 5818/5818 517/517
f 5602/5602 517/517 640/640
f 3269/3269 712/712 2683/2683
f 596/596 518/518 2314/2314
f 3536/3536 3258/3258 3822/3822
f 432/432 799/799 546/546
f 5620/5620 938/938 5486/5486
f 4758/4758 160/160 3400/3400
f 6405/6405 5170/5170 3478/3478
f 3445/3445 1664/1664 2161/2161
f 2635/2635 2161/2161 4639/4639
f 3549/3549 154/154 4309/4309
f 5831/5831 819/819 2228/2228
f 2097/2097 2577/2577 5824/5824
f 5861/5861 3600/3600 524/524
f 5793/5793 4329/4329 826/826
f 970/970 602/602 5637/5637
f 602/602 970/970 2356/2356
f 413/413 3746/3746 1921/1921
f 5879/5879 2966/2966 2929/2929
f 605/605 604/604 2067/2067
f 2441/2441 605/605 2044/2044
f 2379/2379 605/605 2067/2067
f 4816/4816 4980/4980 2323/2323
f 5240/5240 725/725 3430/3430
f 5746/5746 174/174 5014/5014
f 790/790 606/606 939/939
f 4552/4552 5574/5574 2951/2951
f 5201/5201 930/930 2910/2910
f 4001/4001 571/571 940/940
f 5712/5712 609/609 6230/6230
f 6212/6212 2242/2242 4714/4714
f 386/386 737/737 3173/3173
f 3425/3425 5/5 5748/5748
f 5955/5955 5312/5312 3114/3114
f 457/457 811/811 2239/2239
f 509/509 1708/1708 1700/1700
f 5923/5923 776/776 5500/5500
f 359/359 6077/6077 614/614
f 5382/5382 5610/5610 5852/5852
f 444/444 2483/2483 5593/5593
f 476/476 2077/2077 2033/2033
f 2863/2863 2446/2446 819/819
f 6405/6405 5342/5342 3214/3214
f 2606/2606 412/412 1630/1630
f 435/435 1963/1963 1630/1630
f 2247/2247 696/696 5394/5394
f 6145/6145 6260/6260 2315/2315
f 4697/4697 4555/4555 3874/3874
f 932/932 520/520 4833/4833
f 497/497 3205/3205 2704/2704
f 638/638 949/949 463/463
f 682/682 958/958 794/794
f 5471/5471 2069/2069 3136/3136
f 5439/5439 929/929 3668/3668
f 5050/5050 6100/6100 2705/2705
f 630/630 912/912 5490/5490
f 4485/4485 515/515 911/911
f 2636/2636 2933/2933 631/631
f 573/573 3622/3622 947/947
f 756/756 866/866 2903/2903
f 915/915 2316/2316 1643/1643
f 4937/4937 4995/4995 1733/1733
f 2320/2320 6188/6188 2713/2713
f 3670/3670 3407/3407 2113/2113
f 436/436 2267/2267 6317/6317
f 399/399 890/890 4572/4572
f 5571/5571 4902/4902 783/783
f 4252/4252 454/454 608/608
f 5932/5932 2356/2356 2231/2231
f 2341/2341 3247/3247 6262/6262
f 463/463 622/622 2655/2655
f 6328/6328 1818/1818 895/895
f 3944/3944 5892/5892 4981/4981
f 463/463 949/949 4226/4226
f 428/428 561/561 4208/4208
f 3723/3723 374/374 4224/4224
f 4996/4996 2693/2693 950/950
f 6340/6340 640/640 2096/2096
f 876/876 1748/1748 589/589
f 4352/4352 642/642 766/766
f 725/725 5240/5240 6071/6071
f 1858/1858 5048/5048 4503/4503
f 6006/6006 2964/2964 6017/6017
f 422/422 515/515 3936/3936
f 4623/4623 4871/4871 1914/1914
f 6263/6263 357/357 2393/2393
f 5839/5839 2230/2230 951/951
f 429/429 872/872 647/647
f 482/482 5005/5005 3575/3575
f 4157/4157 3773/3773 2961/2961
f 843/843 5397/5397 2840/2840
f 659/659 928/928 952/952
f 4780/4780 5133/5133 2792/2792
f 548/548 842/842 3028/3028
f 759/759 4882/4882 497/497
f 372/372 4074/4074 5628/5628
f 918/918 6196/6196 437/437
f 5864/5864 3814/3814 3244/3244
f 616/616 803/803 6335/6335
f 5913/5913 657/657 3993/3993
f 5716/5716 539/539 3101/3101
f 5011/5011 954/954 485/485
f 527/527 5203/5203 5719/5719
f 652/652 928/928 5412/5412
f 3966/3966 5360/5360 4895/4895
f 3553/3553 2587/2587 2109/2109
f 4205/4205 367/367 3166/3166
f 3959/3959 962/962 3370/3370
f 2584/2584 412/412 472/472
f 4065/4065 5837/5837 552/552
f 4674/4674 583/583 2866/2866
f 61/61 825/825 2319/2319
f 5167/5167 3083/3083 438/438
f 4986/4986 4976/4976 381/381
f 4326/4326 1715/1715 3913/3913
f 3568/3568 82/82 1808/1808
f 139/139 6272/6272 2405/2405
f 4137/4137 180/180 4194/4194
f 882/882 6404/6404 671/671
f 6247/6247 2858/2858 2428/2428
f 3596/3596 355/355 4050/4050
f 2868/2868 1885/1885 2411/2411
f 460/460 724/724 6368/6368
f 5569/5569 4649/4649 391/391
f 2322/2322 1982/1982 710/710
f 2998/2998 5961/5961 675/675
f 677/677 2077/2077 3204/3204
f 2780/2780 677/677 3204/3204
f 3535/3535 5234/5234 2737/2737
f 2530/2530 865/865 5012/5012
f 4822/4822 805/805 2128/2128
f 5673/5673 2589/2589 616/616
f 701/701 4635/4635 6127/6127
f 4831/4831 4106/4106 354/354
f 3261/3261 3861/3861 1850/1850
f 642/642 5154/5154 3964/3964
f 624/624 794/794 958/958
f 353/353 2812/2812 3018/3018
f 4697/4697 685/685 3184/3184
f 592/592 5046/5046 4769/4769
f 5183/5183 689/689 686/686
f 3499/3499 706/706 810/810
f 4858/4858 2304/2304 2568/2568
f 3118/3118 835/835 4400/4400
f 2296/2296 499/499 687/687
f 648/648 805/805 5153/5153
f 394/394 900/900 688/688
f 6095/6095 2330/2330 420/420
f 5010/5010 5763/5763 4509/4509
f 798/798 780/780 3180/3180
f 6060/6060 4197/4197 691/691
f 5771/5771 899/899 4852/4852
f 762/762 2380/2380 1865/1865
f 5759/5759 5103/5103 5488/5488
f 632/632 2442/2442 4741/4741
f 515/515 2828/2828 3237/3237
f 534/534 5055/5055 2255/2255
f 4190/4190 3008/3008 960/960
f 3218/3218 567/567 695/695
f 5759/5759 695/695 5462/5462
f 6133/6133 696/696 503/503
f 402/402 4871/4871 2315/2315
f 5467/5467 704/704 5877/5877
f 1705/1705 456/456 1698/1698
f 4866/4866 1804/1804 5163/5163
f 2103/2103 585/585 1956/1956
f 2407/2407 700/700 1726/1726
f 448/448 881/881 3947/3947
f 369/369 565/565 5993/5993
f 5554/5554 4984/4984 5280/5280
f 619/619 3764/3764 4883/4883
f 4891/4891 2517/2517 1877/1877
f 519/519 703/703 4848/4848
f 697/697 704/704 1705/1705
f 801/801 1837/1837 964/964
f 6217/6217 3218/3218 434/434
f 3965/3965 585/585 362/362
f 3689/3689 3786/3786 3965/3965
f 6008/6008 5834/5834 2935/2935
f 4697/4697 706/706 3499/3499
f 5444/5444 5951/5951 5771/5771
f 3126/3126 572/572 1922/1922
f 5182/5182 2012/2012 6047/6047
f 965/965 5620/5620 5486/5486
f 5931/5931 5134/5134 5765/5765
f 674/674 2916/2916 2640/2640
f 4793/4793 2784/2784 1982/1982
f 483/483 946/946 3695/3695
f 537/537 2197/2197 4448/4448
f 3138/3138 782/782 2961/2961
f 4648/4648 3044/3044 5923/5923
f 968/968 487/487 4575/4575
f 502/502 6371/6371 2378/2378
f 4285/4285 4525/4525 2439/2439
f 712/712 3269/3269 633/633
f 2752/2752 2105/2105 4291/4291
f 713/713 4291/4291 2262/2262
f 3441/3441 593/593 3569/3569
f 4197/4197 5051/5051 691/691
f 4367/4367 4587/4587 716/716
f 6235/6235 6137/6137 6155/6155
f 544/544 922/922 3283/3283
f 773/773 975/975 393/393
f 2069/2069 2667/2667 3136/3136
f 5537/5537 621/621 2135/2135
f 891/891 4326/4326 3464/3464
f 4867/4867 2273/2273 390/390
f 4321/4321 5501/5501 1925/1925
f 6021/6021 967/967 568/568
f 627/627 4983/4983 2374/2374
f 5426/5426 5798/5798 2810/2810
f 3038/3038 665/665 722/722
f 875/875 438/438 2189/2189
f 3710/3710 5192/5192 553/553
f 561/561 2635/2635 4639/4639
f 372/372 5628/5628 4565/4565
f 711/711 487/487 968/968
f 4575/4575 4357/4357 901/901
f 3944/3944 4973/4973 3349/3349
f 1956/1956 673/673 724/724
f 460/460 444/444 6336/6336
f 5741/5741 5380/5380 913/913
f 2599/2599 2260/2260 3073/3073
f 2050/2050 726/726 2527/2527
f 5446/5446 936/936 3366/3366
f 5239/5239 965/965 2764/2764
f 6355/6355 969/969 671/671
f 6372/6372 373/373 2018/2018
f 4530/4530 68/68 3085/3085
f 3274/3274 470/470 5837/5837
f 2251/2251 437/437 2396/2396
f 4470/4470 1892/1892 3885/3885
f 6394/6394 827/827 809/809
f 4094/4094 6179/6179 5889/5889
f 4606/4606 73/73 2217/2217
f 3580/3580 5846/5846 2471/2471
f 6029/6029 6013/6013 382/382
f 2676/2676 730/730 4371/4371
f 5808/5808 878/878 1724/1724
f 1739/1739 1659/1659 2411/2411
f 5565/5565 2871/2871 3149/3149
f 5388/5388 2124/2124 3272/3272
f 733/733 368/368 4002/4002
f 3378/3378 560/560 2125/2125
f 5532/5532 22/22 4917/4917
f 3512/3512 89/89 3519/3519
f 2561/2561 735/735 4870/4870
f 769/769 736/736 2428/2428
f 5138/5138 4467/4467 2974/2974
f 4865/4865 2077/2077 1905/1905
f 557/557 739/739 3945/3945
f 4322/4322 5393/5393 3889/3889
f 3513/3513 4005/4005 6272/6272
f 4613/4613 3685/3685 2266/2266
f 4322/4322 972/972 3483/3483
f 2969/2969 925/925 557/557
f 370/370 3029/3029 2647/2647
f 474/474 2065/2065 2431/2431
f 5019/5019 2059/2059 2924/2924
f 2059/2059 4082/4082 4903/4903
f 4852/4852 5444/5444 5771/5771
f 1756/1756 3011/3011 2353/2353
f 3781/3781 732/732 744/744
f 4438/4438 387/387 677/677
f 745/745 5907/5907 1669/1669
f 2327/2327 2969/2969 1636/1636
f 5248/5248 3261/3261 1816/1816
f 2105/2105 748/748 5313/5313
f 3988/3988 917/917 2563/2563
f 5286/5286 2373/2373 382/382
f 750/750 490/490 1663/1663
f 4050/4050 927/927 3334/3334
f 5069/5069 361/361 2621/2621
f 5057/5057 1879/1879 4334/4334
f 947/947 751/751 573/573
f 4915/4915 5817/5817 3111/3111
f 752/752 3403/3403 722/722
f 5455/5455 3011/3011 1756/1756
f 5134/5134 709/709 2667/2667
f 5375/5375 3075/3075 1709/1709
f 6222/6222 2414/2414 2332/2332
f 6049/6049 5132/5132 1962/1962
f 2057/2057 2247/2247 5429/5429
f 503/503 696/696 2247/2247
f 755/755 625/625 2130/2130
f 755/755 2130/2130 418/418
f 5830/5830 4907/4907 880/880
f 5653/5653 2991/2991 5141/5141
f 4960/4960 2953/2953 804/804
f 5273/5273 2943/2943 5866/5866
f 3887/3887 4280/4280 3108/3108
f 759/759 511/511 655/655
f 4476/4476 715/715 6277/6277
f 352/352 5633/5633 760/760
f 421/421 2804/2804 5794/5794
f 5550/5550 5838/5838 2982/2982
f 3391/3391 147/147 3795/3795
f 6083/6083 1700/1700 2926/2926
f 670/670 763/763 447/447
f 2967/2967 2032/2032 764/764
f 5781/5781 5264/5264 2846/2846
f 3385/3385 2408/2408 430/430
f 2301/2301 4242/4242 5818/5818
f 1921/1921 766/766 6100/6100
f 767/767 586/586 1864/1864
f 4632/4632 1772/1772 3228/3228
f 3723/3723 5170/5170 374/374
f 927/927 563/563 2759/2759
f 736/736 769/769 3334/3334
f 771/771 708/708 3891/3891
f 477/477 2046/2046 4462/4462
f 5438/5438 4608/4608 6254/6254
f 1904/1904 2412/2412 1905/1905
f 4821/4821 393/393 975/975
f 1684/1684 393/393 4312/4312
f 1686/1686 774/774 4051/4051
f 2662/2662 775/775 521/521
f 3129/3129 3044/3044 378/378
f 2901/2901 5276/5276 380/380
f 494/494 6289/6289 976/976
f 4633/4633 6219/6219 5346/5346
f 4419/4419 4212/4212 6218/6218
f 780/780 436/436 690/690
f 504/504 5051/5051 5668/5668
f 408/408 764/764 3463/3463
f 2943/2943 3007/3007 3130/3130
f 5273/5273 5866/5866 4459/4459
f 652/652 5798/5798 2840/2840
f 508/508 692/692 2152/2152
f 5231/5231 3914/3914 4812/4812
f 486/486 3899/3899 4157/4157
f 521/521 4902/4902 5571/5571
f 2869/2869 3111/3111 574/574
f 522/522 4801/4801 2215/2215
f 741/741 4559/4559 1892/1892
f 525/525 717/717 3198/3198
f 747/747 2700/2700 5687/5687
f 528/528 731/731 5850/5850
f 3211/3211 5156/5156 1885/1885
f 3433/3433 2573/2573 530/530
f 520/520 882/882 4675/4675
f 5073/5073 532/532 1807/1807
f 889/889 5485/5485 2110/2110
f 943/943 787/787 4508/4508
f 4582/4582 433/433 535/535
f 536/536 6149/6149 6189/6189
f 789/789 4832/4832 4107/4107
f 4892/4892 2472/2472 790/790
f 6189/6189 5077/5077 1926/1926
f 5501/5501 791/791 4472/4472
f 6305/6305 392/392 2062/2062
f 549/549 5997/5997 5270/5270
f 5143/5143 3178/3178 2995/2995
f 489/489 1857/1857 4323/4323
f 682/682 794/794 5848/5848
f 462/462 746/746 2202/2202
f 107/107 108/108 3869/3869
f 555/555 556/556 2978/2978
f 3619/3619 670/670 3297/3297
f 3742/3742 838/838 5258/5258
f 6273/6273 5014/5014 1883/1883
f 566/566 6281/6281 796/796
f 746/746 2534/2534 3014/3014
f 5027/5027 4165/4165 2187/2187
f 472/472 711/711 2617/2617
f 3974/3974 3782/3782 916/916
f 2081/2081 5783/5783 744/744
f 799/799 1820/1820 546/546
f 4795/4795 800/800 608/608
f 4860/4860 800/800 4796/4796
f 5345/5345 2444/2444 2148/2148
f 5342/5342 803/803 616/616
f 4827/4827 781/781 2953/2953
f 630/630 4700/4700 804/804
f 529/529 2073/2073 5042/5042
f 806/806 521/521 636/636
f 807/807 665/665 3038/3038
f 548/548 3028/3028 3903/3903
f 808/808 2866/2866 2922/2922
f 4460/4460 685/685 4286/4286
f 771/771 4694/4694 3284/3284
f 810/810 1973/1973 5536/5536
f 5536/5536 395/395 5139/5139
f 4788/4788 5765/5765 4048/4048
f 2069/2069 718/718 5959/5959
f 3948/3948 3034/3034 3844/3844
f 457/457 964/964 811/811
f 5911/5911 3034/3034 375/375
f 3899/3899 3563/3563 3773/3773
f 513/513 3105/3105 3841/3841
f 814/814 844/844 3214/3214
f 815/815 429/429 647/647
f 394/394 817/817 2878/2878
f 2272/2272 3205/3205 497/497
f 547/547 5652/5652 2446/2446
f 4370/4370 6003/6003 3509/3509
f 499/499 2973/2973 5910/5910
f 551/551 4241/4241 820/820
f 821/821 513/513 868/868
f 3910/3910 5690/5690 378/378
f 3977/3977 3274/3274 5208/5208
f 2112/2112 822/822 5208/5208
f 5787/5787 46/46 2634/2634
f 438/438 825/825 6088/6088
f 2417/2417 646/646 2669/2669
f 825/825 438/438 3083/3083
f 4315/4315 59/59 3763/3763
f 646/646 826/826 3763/3763
f 5905/5905 827/827 3396/3396
f 3655/3655 4603/4603 729/729
f 4595/4595 829/829 3451/3451
f 829/829 669/669 2196/2196
f 4802/4802 2/2 1895/1895
f 602/602 2356/2356 5932/5932
f 830/830 4859/4859 2740/2740
f 361/361 6243/6243 2740/2740
f 5110/5110 878/878 5792/5792
f 604/604 605/605 2441/2441
f 110/110 4/4 4749/4749
f 4293/4293 3053/3053 2323/2323
f 4427/4427 171/171 5453/5453
f 4522/4522 166/166 2236/2236
f 372/372 4565/4565 1664/1664
f 812/812 3517/3517 5052/5052
f 375/375 5135/5135 3324/3324
f 4842/4842 433/433 4582/4582
f 455/455 662/662 836/836
f 5236/5236 3254/3254 490/490
f 4541/4541 4823/4823 5841/5841
f 2629/2629 117/117 2879/2879
f 130/130 131/131 840/840
f 3073/3073 2608/2608 2599/2599
f 2688/2688 739/739 4380/4380
f 5977/5977 3619/3619 558/558
f 4080/4080 2409/2409 842/842
f 843/843 5426/5426 465/465
f 465/465 5397/5397 843/843
f 5179/5179 845/845 612/612
f 3147/3147 3708/3708 473/473
f 846/846 3354/3354 4029/4029
f 2719/2719 1976/1976 848/848
f 6254/6254 4608/4608 5854/5854
f 2218/2218 849/849 5438/5438
f 482/482 2182/2182 4008/4008
f 2131/2131 1787/1787 3086/3086
f 533/533 1787/1787 2131/2131
f 852/852 4157/4157 782/782
f 427/427 2549/2549 2390/2390
f 397/397 5152/5152 853/853
f 4969/4969 854/854 399/399
f 5753/5753 855/855 4903/4903
f 383/383 6362/6362 3156/3156
f 592/592 4311/4311 856/856
f 5576/5576 4715/4715 4934/4934
f 1807/1807 858/858 6172/6172
f 532/532 3521/3521 2783/2783
f 496/496 1628/1628 2195/2195
f 494/494 5809/5809 859/859
f 4705/4705 953/953 5475/5475
f 4089/4089 4843/4843 2400/2400
f 860/860 3114/3114 5312/5312
f 3135/3135 1701/1701 2214/2214
f 4946/4946 4494/4494 863/863
f 863/863 553/553 5192/5192
f 481/481 864/864 5515/5515
f 5525/5525 3035/3035 947/947
f 626/626 4996/4996 865/865
f 531/531 2125/2125 2530/2530
f 866/866 756/756 6058/6058
f 3754/3754 867/867 4587/4587
f 538/538 1959/1959 5335/5335
f 6080/6080 5794/5794 3142/3142
f 870/870 425/425 4926/4926
f 632/632 4741/4741 4926/4926
f 4755/4755 3632/3632 871/871
f 3983/3983 6298/6298 844/844
f 562/562 800/800 4795/4795
f 5114/5114 4795/4795 608/608
f 4385/4385 4695/4695 6178/6178
f 543/543 874/874 3819/3819
f 749/749 917/917 874/874
f 4731/4731 3084/3084 5167/5167
f 955/955 5203/5203 4796/4796
f 5286/5286 876/876 589/589
f 4449/4449 3746/3746 413/413
f 5069/5069 4828/4828 361/361
f 362/362 585/585 2103/2103
f 2785/2785 1941/1941 5928/5928
f 4616/4616 366/366 1636/1636
f 4664/4664 936/936 880/880
f 637/637 5892/5892 3944/3944
f 566/566 841/841 4973/4973
f 881/881 448/448 3234/3234
f 520/520 6404/6404 882/882
f 671/671 969/969 882/882
f 884/884 3278/3278 4148/4148
f 4201/4201 6023/6023 458/458
f 886/886 371/371 3183/3183
f 3558/3558 156/156 3579/3579
f 888/888 3059/3059 644/644
f 3904/3904 889/889 3025/3025
f 3904/3904 6021/6021 889/889
f 855/855 5753/5753 3156/3156
f 2541/2541 933/933 2071/2071
f 399/399 854/854 6216/6216
f 2990/2990 1637/1637 3494/3494
f 6354/6354 891/891 3464/3464
f 892/892 443/443 1786/1786
f 5211/5211 681/681 4879/4879
f 1818/1818 6328/6328 2672/2672
f 4089/4089 2400/2400 2546/2546
f 372/372 1664/1664 2236/2236
f 545/545 3025/3025 897/897
f 4839/4839 5891/5891 5252/5252
f 2774/2774 4283/4283 898/898
f 519/519 898/898 4283/4283
f 5771/5771 707/707 899/899
f 688/688 900/900 5520/5520
f 394/394 2878/2878 900/900
f 4411/4411 2679/2679 4784/4784
f 662/662 3251/3251 2679/2679
f 903/903 5770/5770 5174/5174
f 3896/3896 495/495 979/979
f 5723/5723 910/910 904/904
f 426/426 821/821 3537/3537
f 5292/5292 5728/5728 4817/4817
f 4638/4638 4160/4160 1813/1813
f 2872/2872 4915/4915 4277/4277
f 5852/5852 501/501 4715/4715
f 3022/3022 3195/3195 907/907
f 909/909 2495/2495 2507/2507
f 910/910 506/506 2800/2800
f 405/405 904/904 910/910
f 2828/2828 4485/4485 781/781
f 515/515 2702/2702 911/911
f 630/630 2702/2702 2659/2659
f 3899/3899 912/912 629/629
f 5380/5380 2839/2839 913/913
f 513/513 821/821 4285/4285
f 414/414 5514/5514 915/915
f 578/578 3782/3782 3974/3974
f 916/916 595/595 2849/2849
f 5434/5434 6399/6399 3987/3987
f 4680/4680 2414/2414 6222/6222
f 3244/3244 918/918 3726/3726
f 2251/2251 2396/2396 728/728
f 3342/3342 954/954 5011/5011
f 4397/4397 531/531 450/450
f 977/977 2238/2238 4507/4507
f 389/389 960/960 920/920
f 6085/6085 3172/3172 4999/4999
f 581/581 1961/1961 2848/2848
f 651/651 1754/1754 921/921
f 922/922 544/544 400/400
f 400/400 1932/1932 922/922
f 4249/4249 3957/3957 923/923
f 923/923 3436/3436 2228/2228
f 1650/1650 924/924 2184/2184
f 5487/5487 6053/6053 924/924
f 2327/2327 925/925 2969/2969
f 2688/2688 4380/4380 4919/4919
f 563/563 927/927 4050/4050
f 3173/3173 3061/3061 610/610
f 652/652 952/952 928/928
f 659/659 5511/5511 928/928
f 4205/4205 2762/2762 2036/2036
f 388/388 5851/5851 4875/4875
f 929/929 5439/5439 2578/2578
f 625/625 755/755 929/929
f 574/574 883/883 6090/6090
f 401/401 1906/1906 1984/1984
f 575/575 2567/2567 2123/2123
f 597/597 6139/6139 3362/3362
f 578/578 3974/3974 931/931
f 5784/5784 932/932 452/452
f 579/579 5784/5784 3485/3485
f 580/580 3048/3048 933/933
f 582/582 2646/2646 1762/1762
f 935/935 936/936 4664/4664
f 5030/5030 937/937 3991/3991
f 799/799 938/938 5620/5620
f 432/432 2192/2192 938/938
f 5058/5058 3600/3600 785/785
f 3008/3008 6168/6168 960/960
f 977/977 939/939 389/389
f 940/940 3249/3249 777/777
f 377/377 747/747 2126/2126
f 3534/3534 942/942 2239/2239
f 425/425 2371/2371 5807/5807
f 539/539 5716/5716 5179/5179
f 612/612 4971/4971 2926/2926
f 945/945 5854/5854 4865/4865
f 2509/2509 5570/5570 435/435
f 5335/5335 4839/4839 946/946
f 946/946 483/483 2351/2351
f 5092/5092 5490/5490 486/486
f 2722/2722 2743/2743 3140/3140
f 3035/3035 5525/5525 2933/2933
f 424/424 751/751 947/947
f 6058/6058 2232/2232 5421/5421
f 424/424 947/947 3035/3035
f 5252/5252 5891/5891 2588/2588
f 3779/3779 5941/5941 3315/3315
f 637/637 895/895 5892/5892
f 2627/2627 2815/2815 5105/5105
f 371/371 2201/2201 5041/5041
f 626/626 2693/2693 4996/4996
f 5672/5672 679/679 950/950
f 648/648 773/773 5805/5805
f 4656/4656 680/680 4457/4457
f 3678/3678 4133/4133 4371/4371
f 652/652 2165/2165 952/952
f 3973/3973 4546/4546 3917/3917
f 6344/6344 969/969 6355/6355
f 562/562 2485/2485 2867/2867
f 663/663 2160/2160 2814/2814
f 2814/2814 956/956 663/663
f 666/666 2021/2021 957/957
f 3227/3227 2617/2617 2904/2904
f 796/796 5348/5348 449/449
f 958/958 682/682 2528/2528
f 958/958 617/617 1963/1963
f 3050/3050 3118/3118 4400/4400
f 959/959 3135/3135 523/523
f 959/959 523/523 4581/4581
f 4741/4741 3936/3936 3750/3750
f 5568/5568 5143/5143 960/960
f 920/920 960/960 5143/5143
f 4082/4082 358/358 2701/2701
f 2701/2701 6260/6260 961/961
f 6140/6140 698/698 6242/6242
f 887/887 5280/5280 4984/4984
f 4355/4355 3752/3752 2009/2009
f 457/457 5144/5144 964/964
f 4862/4862 965/965 5239/5239
f 537/537 5614/5614 4531/4531
f 716/716 5487/5487 4367/4367
f 3154/3154 568/568 967/967
f 6021/6021 3904/3904 967/967
f 901/901 4784/4784 4575/4575
f 727/727 882/882 969/969
f 6388/6388 765/765 4242/4242
f 972/972 739/739 446/446
f 973/973 2564/2564 360/360
f 761/761 4133/4133 3678/3678
f 410/410 4441/4441 3314/3314
f 2695/2695 3020/3020 5980/5980
f 402/402 2917/2917 2695/2695
f 975/975 773/773 648/648
f 6241/6241 6235/6235 6271/6271
f 790/790 939/939 977/977
f 389/389 2238/2238 977/977
f 978/978 2484/2484 3058/3058
f 3949/3949 4272/4272 4093/4093
f 5901/5901 5567/5567 979/979
f 505/505 755/755 5567/5567
f 3021/3021 2667/2667 1625/1625
f 709/709 1625/1625 2667/2667
f 1902/1902 1627/1627 5052/5052
f 1654/1654 1902/1902 90/90
f 516/516 536/536 1628/1628
f 487/487 412/412 2606/2606
f 412/412 2212/2212 1630/1630
f 2085/2085 1765/1765 1631/1631
f 5938/5938 1765/1765 5543/5543
f 2969/2969 5100/5100 1636/1636
f 3254/3254 5873/5873 1637/1637
f 1748/1748 1637/1637 5873/5873
f 2023/2023 366/366 1649/1649
f 1640/1640 615/615 6086/6086
f 2429/2429 1643/1643 4362/4362
f 915/915 1643/1643 2429/2429
f 1753/1753 1645/1645 4033/4033
f 1648/1648 772/772 4462/4462
f 5967/5967 4509/4509 728/728
f 2473/2473 1907/1907 1650/1650
f 5055/5055 5547/5547 2255/2255
f 2028/2028 5814/5814 5985/5985
f 5543/5543 1651/1651 1662/1662
f 1651/1651 5543/5543 1976/1976
f 6347/6347 3211/3211 673/673
f 3734/3734 498/498 4994/4994
f 4565/4565 5811/5811 2237/2237
f 561/561 4639/4639 1766/1766
f 550/550 4370/4370 3459/3459
f 1627/1627 1654/1654 4370/4370
f 1659/1659 3574/3574 2411/2411
f 1662/1662 359/359 5694/5694
f 1662/1662 5694/5694 5938/5938
f 5902/5902 4279/4279 2386/2386
f 4958/4958 158/158 1667/1667
f 1800/1800 403/403 1669/1669
f 1669/1669 1720/1720 745/745
f 1879/1879 5057/5057 6148/6148
f 1670/1670 5057/5057 2395/2395
f 4158/4158 5656/5656 5299/5299
f 5187/5187 1674/1674 2152/2152
f 2839/2839 5380/5380 5187/5187
f 3411/3411 3166/3166 5418/5418
f 3166/3166 3411/3411 1911/1911
f 2719/2719 5783/5783 1679/1679
f 4312/4312 1700/1700 6083/6083
f 1854/1854 3206/3206 1685/1685
f 2481/2481 786/786 1685/1685
f 1708/1708 509/509 1686/1686
f 1686/1686 509/509 774/774
f 2569/2569 2231/2231 1687/1687
f 2231/2231 2569/2569 5932/5932
f 1692/1692 4326/4326 891/891
f 6318/6318 1696/1696 510/510
f 509/509 1700/1700 4312/4312
f 959/959 4436/4436 5098/5098
f 4185/4185 2481/2481 1701/1701
f 2150/2150 1769/1769 1702/1702
f 4885/4885 1702/1702 1769/1769
f 5857/5857 772/772 1706/1706
f 1648/1648 1706/1706 772/772
f 3146/3146 1707/1707 2571/2571
f 1686/1686 758/758 1708/1708
f 1708/1708 758/758 3108/3108
f 6137/6137 6235/6235 6241/6241
f 5557/5557 1640/1640 4597/4597
f 1715/1715 4326/4326 3794/3794
f 1862/1862 3493/3493 6323/6323
f 1723/1723 772/772 5857/5857
f 1724/1724 4049/4049 2336/2336
f 6338/6338 3049/3049 1911/1911
f 3562/3562 3654/3654 6338/6338
f 5522/5522 4342/4342 3626/3626
f 1830/1830 1733/1733 3724/3724
f 5484/5484 6226/6226 3530/3530
f 504/504 5668/5668 1735/1735
f 5389/5389 2032/2032 2257/2257
f 693/693 6311/6311 899/899
f 5795/5795 1659/1659 6256/6256
f 4277/4277 2354/2354 905/905
f 393/393 1684/1684 773/773
f 4277/4277 1743/1743 2872/2872
f 3873/3873 1783/1783 1746/1746
f 2298/2298 3222/3222 1747/1747
f 3222/3222 2594/2594 1747/1747
f 1698/1698 456/456 1748/1748
f 1637/1637 1748/1748 456/456
f 3930/3930 2216/2216 1749/1749
f 501/501 6364/6364 1750/1750
f 4798/4798 651/651 921/921
f 5646/5646 43/43 1753/1753
f 1645/1645 1753/1753 43/43
f 1870/1870 3406/3406 1754/1754
f 4466/4466 5332/5332 1756/1756
f 1756/1756 753/753 4701/4701
f 92/92 5795/5795 554/554
f 621/621 2704/2704 1759/1759
f 6013/6013 6029/6029 1760/1760
f 1761/1761 3075/3075 5375/5375
f 582/582 1762/1762 65/65
f 1631/1631 1765/1765 5938/5938
f 1652/1652 2237/2237 1766/1766
f 1766/1766 2237/2237 1971/1971
f 4277/4277 905/905 1768/1768
f 1768/1768 905/905 2854/2854
f 5186/5186 5958/5958 1769/1769
f 1769/1769 5958/5958 2521/2521
f 2357/2357 6370/6370 3895/3895
f 6370/6370 3228/3228 1772/1772
f 2367/2367 4777/4777 1775/1775
f 1775/1775 119/119 1941/1941
f 3030/3030 452/452 4544/4544
f 932/932 4833/4833 452/452
f 4269/4269 4664/4664 6176/6176
f 4258/4258 5222/5222 4488/4488
f 878/878 5808/5808 1786/1786
f 4042/4042 2351/2351 1787/1787
f 1629/1629 615/615 1788/1788
f 428/428 639/639 1792/1792
f 2220/2220 1793/1793 1883/1883
f 1625/1625 709/709 6202/6202
f 542/542 2796/2796 1795/1795
f 2264/2264 1804/1804 4866/4866
f 4598/4598 5073/5073 1807/1807
f 577/577 1810/1810 3772/3772
f 4160/4160 5292/5292 1813/1813
f 1649/1649 366/366 1814/1814
f 1814/1814 366/366 4616/4616
f 2523/2523 5882/5882 1818/1818
f 6007/6007 5327/5327 3854/3854
f 5014/5014 2475/2475 1883/1883
f 1787/1787 533/533 1820/1820
f 1820/1820 533/533 2282/2282
f 4584/4584 162/162 2503/2503
f 1792/1792 2503/2503 162/162
f 5874/5874 3952/3952 3250/3250
f 697/697 6203/6203 5877/5877
f 2006/2006 856/856 1826/1826
f 6279/6279 5392/5392 1827/1827
f 555/555 1827/1827 556/556
f 869/869 508/508 4937/4937
f 4581/4581 1833/1833 4436/4436
f 964/964 1837/1837 811/811
f 1826/1826 5503/5503 572/572
f 3735/3735 2208/2208 5161/5161
f 4108/4108 1844/1844 547/547
f 5915/5915 3397/3397 1961/1961
f 2751/2751 2767/2767 1852/1852
f 5058/5058 1852/1852 2767/2767
f 1982/1982 2784/2784 1853/1853
f 1853/1853 2784/2784 2182/2182
f 808/808 1854/1854 1685/1685
f 4870/4870 6323/6323 4982/4982
f 4064/4064 1700/1700 1708/1708
f 4764/4764 3366/3366 4260/4260
f 1858/1858 935/935 5870/5870
f 940/940 1862/1862 3249/3249
f 1999/1999 512/512 1865/1865
f 1865/1865 512/512 3529/3529
f 1749/1749 600/600 1866/1866
f 153/153 1866/1866 2663/2663
f 5359/5359 1870/1870 3704/3704
f 2914/2914 723/723 5040/5040
f 1875/1875 723/723 2189/2189
f 2663/2663 600/600 1876/1876
f 5643/5643 4891/4891 4158/4158
f 5190/5190 5607/5607 1880/1880
f 5441/5441 564/564 1882/1882
f 1726/1726 1882/1882 564/564
f 4269/4269 1883/1883 1793/1793
f 3211/3211 1885/1885 673/673
f 2916/2916 3117/3117 1890/1890
f 3117/3117 2916/2916 674/674
f 4735/4735 1892/1892 2215/2215
f 5967/5967 3885/3885 4735/4735
f 77/77 1895/1895 5921/5921
f 895/895 478/478 1896/1896
f 1896/1896 478/478 4334/4334
f 5540/5540 1897/1897 1692/1692
f 4203/4203 1899/1899 2397/2397
f 3550/3550 90/90 1902/1902
f 1627/1627 1902/1902 1654/1654
f 6084/6084 2889/2889 1904/1904
f 3742/3742 1904/1904 838/838
f 677/677 738/738 1905/1905
f 1904/1904 1905/1905 738/738
f 4714/4714 1629/1629 1788/1788
f 1663/1663 5902/5902 750/750
f 3031/3031 924/924 1907/1907
f 1650/1650 1907/1907 924/924
f 2219/2219 480/480 5339/5339
f 5024/5024 4361/4361 3218/3218
f 398/398 5763/5763 3003/3003
f 586/586 767/767 5851/5851
f 5851/5851 767/767 3476/3476
f 761/761 1913/1913 431/431
f 6263/6263 2449/2449 1914/1914
f 1914/1914 2449/2449 3246/3246
f 6347/6347 585/585 1915/1915
f 1915/1915 585/585 3965/3965
f 5070/5070 5953/5953 373/373
f 1754/1754 651/651 1916/1916
f 5406/5406 2560/2560 1917/1917
f 393/393 4821/4821 774/774
f 774/774 509/509 393/393
f 442/442 766/766 1921/1921
f 1922/1922 707/707 2480/2480
f 775/775 1923/1923 4684/4684
f 588/588 1924/1924 4070/4070
f 5501/5501 4321/4321 813/813
f 743/743 2140/2140 2924/2924
f 554/554 1940/1940 550/550
f 572/572 3126/3126 1931/1931
f 1932/1932 1676/1676 684/684
f 4840/4840 605/605 2379/2379
f 6007/6007 615/615 1640/1640
f 566/566 5572/5572 841/841
f 1940/1940 1739/1739 5637/5637
f 423/423 6371/6371 3849/3849
f 6296/6296 714/714 4079/4079
f 3821/3821 5928/5928 1941/1941
f 1775/1775 1941/1941 2785/2785
f 2208/2208 3735/3735 2073/2073
f 690/690 436/436 6317/6317
f 634/634 1944/1944 2267/2267
f 1770/1770 2353/2353 409/409
f 4947/4947 4586/4586 3443/3443
f 763/763 1948/1948 4766/4766
f 2432/2432 2365/2365 1954/1954
f 6380/6380 1954/1954 2365/2365
f 724/724 699/699 1956/1956
f 2103/2103 1956/1956 699/699
f 6236/6236 1957/1957 4661/4661
f 5891/5891 1959/1959 2588/2588
f 1959/1959 5891/5891 5335/5335
f 468/468 4206/4206 2550/2550
f 5763/5763 5010/5010 1962/1962
f 1630/1630 1963/1963 617/617
f 1964/1964 2577/2577 2097/2097
f 950/950 679/679 5012/5012
f 594/594 1967/1967 1743/1743
f 4160/4160 1967/1967 594/594
f 6333/6333 965/965 5486/5486
f 3146/3146 6346/6346 1707/1707
f 2639/2639 2079/2079 1970/1970
f 5535/5535 618/618 2049/2049
f 727/727 969/969 1971/1971
f 3808/3808 5706/5706 2879/2879
f 2550/2550 686/686 1973/1973
f 1973/1973 686/686 689/689
f 4595/4595 5375/5375 669/669
f 1761/1761 5375/5375 4595/4595
f 1651/1651 1976/1976 2719/2719
f 3036/3036 2041/2041 1877/1877
f 830/830 493/493 1978/1978
f 1798/1798 1978/1978 4646/4646
f 354/354 851/851 4008/4008
f 1853/1853 710/710 1982/1982
f 485/485 1982/1982 2322/2322
f 1984/1984 5219/5219 4794/4794
f 461/461 2633/2633 3061/3061
f 2938/2938 6289/6289 1991/1991
f 1/1 1994/1994 5479/5479
f 5199/5199 1995/1995 3048/3048
f 1687/1687 1999/1999 2569/2569
f 4439/4439 3730/3730 4413/4413
f 4080/4080 5550/5550 2409/2409
f 1826/1826 1931/1931 2006/2006
f 4498/4498 6147/6147 3184/3184
f 2527/2527 726/726 2008/2008
f 2008/2008 726/726 4217/4217
f 8/8 5436/5436 4043/4043
f 6027/6027 3891/3891 708/708
f 2623/2623 6027/6027 708/708
f 2452/2452 364/364 2013/2013
f 2013/2013 364/364 2978/2978
f 2016/2016 679/679 1670/1670
f 3818/3818 4567/4567 3450/3450
f 809/809 3929/3929 3818/3818
f 6372/6372 2018/2018 430/430
f 6176/6176 559/559 2019/2019
f 4863/4863 5660/5660 3745/3745
f 6270/6270 2212/2212 2021/2021
f 2584/2584 2212/2212 412/412
f 885/885 848/848 1976/1976
f 3148/3148 2327/2327 2023/2023
f 1754/1754 1916/1916 1870/1870
f 3402/3402 146/146 5365/5365
f 1954/1954 640/640 6340/6340
f 3463/3463 2032/2032 5389/5389
f 388/388 4875/4875 5277/5277
f 3355/3355 4205/4205 2036/2036
f 5672/5672 5465/5465 6390/6390
f 1698/1698 697/697 1705/1705
f 5656/5656 2041/2041 454/454
f 5656/5656 4158/4158 2041/2041
f 6279/6279 365/365 2044/2044
f 1978/1978 442/442 4859/4859
f 613/613 2049/2049 618/618
f 1648/1648 2046/2046 4218/4218
f 398/398 3003/3003 2848/2848
f 2472/2472 2796/2796 2047/2047
f 1753/1753 836/836 42/42
f 1970/1970 2049/2049 3203/3203
f 416/416 2902/2902 5969/5969
f 4911/4911 3839/3839 3159/3159
f 5464/5464 4911/4911 473/473
f 2514/2514 5288/5288 2055/2055
f 6113/6113 2055/2055 5288/5288
f 576/576 4949/4949 2057/2057
f 2814/2814 2160/2160 2057/2057
f 621/621 2058/2058 1816/1816
f 1908/1908 2058/2058 5537/5537
f 3741/3741 2688/2688 5691/5691
f 392/392 857/857 2062/2062
f 2429/2429 4362/4362 1732/1732
f 2431/2431 2065/2065 4588/4588
f 4030/4030 363/363 2067/2067
f 661/661 2067/2067 363/363
f 142/142 833/833 2068/2068
f 2068/2068 833/833 4816/4816
f 770/770 5777/5777 5333/5333
f 5471/5471 3219/3219 718/718
f 2071/2071 3062/3062 2622/2622
f 1804/1804 443/443 2072/2072
f 2072/2072 443/443 892/892
f 529/529 6187/6187 2073/2073
f 1804/1804 2072/2072 5557/5557
f 2012/2012 476/476 6047/6047
f 1905/1905 2077/2077 677/677
f 373/373 5953/5953 5078/5078
f 2512/2512 3062/3062 2079/2079
f 1995/1995 2079/2079 3062/3062
f 1679/1679 2081/2081 5740/5740
f 765/765 2083/2083 2557/2557
f 2408/2408 3385/3385 5926/5926
f 1912/1912 588/588 3690/3690
f 2713/2713 6188/6188 6258/6258
f 3192/3192 5652/5652 2097/2097
f 1899/1899 2274/2274 2099/2099
f 2646/2646 2112/2112 2099/2099
f 2103/2103 699/699 5327/5327
f 362/362 2103/2103 879/879
f 2105/2105 2752/2752 683/683
f 1709/1709 956/956 3847/3847
f 3049/3049 2581/2581 2109/2109
f 4616/4616 2109/2109 3685/3685
f 2761/2761 2110/2110 1650/1650
f 889/889 2110/2110 3025/3025
f 3734/3734 4994/4994 4886/4886
f 2112/2112 2646/2646 582/582
f 3407/3407 948/948 2113/2113
f 2113/2113 948/948 5292/5292
f 4349/4349 4578/4578 3858/3858
f 553/553 5769/5769 4349/4349
f 2786/2786 3423/3423 6352/6352
f 6226/6226 818/818 4016/4016
f 671/671 6404/6404 2117/2117
f 698/698 6263/6263 1914/1914
f 1724/1724 2336/2336 5454/5454
f 3781/3781 4948/4948 4916/4916
f 1984/1984 2386/2386 2123/2123
f 2518/2518 2124/2124 2339/2339
f 560/560 628/628 2125/2125
f 377/377 2126/2126 3098/3098
f 4536/4536 689/689 5559/5559
f 5039/5039 2128/2128 4670/4670
f 2128/2128 5039/5039 2318/2318
f 3734/3734 4886/4886 2130/2130
f 571/571 793/793 6204/6204
f 489/489 4323/4323 4254/4254
f 4834/4834 4507/4507 2131/2131
f 4507/4507 4834/4834 570/570
f 4059/4059 5907/5907 2134/2134
f 5791/5791 4448/4448 2135/2135
f 5339/5339 5537/5537 2135/2135
f 109/109 2139/2139 6132/6132
f 832/832 2139/2139 110/110
f 6068/6068 4430/4430 919/919
f 6399/6399 5434/5434 2141/2141
f 3918/3918 4503/4503 3859/3859
f 4568/4568 6312/6312 3669/3669
f 498/498 2142/2142 4406/4406
f 4748/4748 4666/4666 5103/5103
f 4666/4666 4748/4748 2380/2380
f 6164/6164 2148/2148 1837/1837
f 638/638 2149/2149 6406/6406
f 2150/2150 6187/6187 529/529
f 4967/4967 5186/5186 2150/2150
f 1826/1826 572/572 1931/1931
f 5189/5189 5819/5819 4430/4430
f 5093/5093 5687/5687 2155/2155
f 3258/3258 3536/3536 5200/5200
f 1940/1940 6256/6256 1739/1739
f 2431/2431 2157/2157 5200/5200
f 2057/2057 2160/2160 2247/2247
f 1970/1970 2079/2079 5535/5535
f 2635/2635 164/164 2161/2161
f 100/100 2163/2163 2500/2500
f 2053/2053 2165/2165 1674/1674
f 952/952 2165/2165 2053/2053
f 3293/3293 4550/4550 857/857
f 4176/4176 514/514 4325/4325
f 400/400 3217/3217 4176/4176
f 3112/3112 676/676 6151/6151
f 482/482 649/649 2182/2182
f 1853/1853 2182/2182 649/649
f 3019/3019 5364/5364 2183/2183
f 115/115 2183/2183 5364/5364
f 867/867 2560/2560 2184/2184
f 515/515 422/422 2702/2702
f 5178/5178 2187/2187 2578/2578
f 2187/2187 5178/5178 2534/2534
f 2737/2737 385/385 678/678
f 438/438 6088/6088 2189/2189
f 2192/2192 549/549 779/779
f 6123/6123 494/494 859/859
f 496/496 2195/2195 6165/6165
f 650/650 3793/3793 2196/2196
f 2196/2196 6278/6278 829/829
f 3356/3356 5765/5765 2197/2197
f 128/128 2200/2200 6369/6369
f 371/371 6408/6408 2201/2201
f 2202/2202 2357/2357 462/462
f 2204/2204 2631/2631 6273/6273
f 2073/2073 2589/2589 5673/5673
f 2182/2182 2784/2784 4770/4770
f 2021/2021 2212/2212 2584/2584
f 869/869 1830/1830 2213/2213
f 2213/2213 1830/1830 5155/5155
f 3135/3135 2214/2214 862/862
f 1892/1892 784/784 2215/2215
f 2215/2215 784/784 4217/4217
f 686/686 1960/1960 4927/4927
f 4985/4985 3930/3930 3584/3584
f 72/72 4606/4606 5125/5125
f 3179/3179 3053/3053 2218/2218
f 2218/2218 3053/3053 849/849
f 3247/3247 2341/2341 2220/2220
f 1793/1793 2220/2220 2341/2341
f 1759/1759 688/688 5791/5791
f 1885/1885 4800/4800 2411/2411
f 5687/5687 5093/5093 1890/1890
f 2012/2012 5182/5182 3901/3901
f 2446/2446 3192/3192 2228/2228
f 3192/3192 2446/2446 5652/5652
f 4467/4467 2163/2163 2445/2445
f 2929/2929 2618/2618 6103/6103
f 1687/1687 2231/2231 2618/2618
f 2760/2760 691/691 2716/2716
f 4455/4455 5745/5745 2233/2233
f 5745/5745 4455/4455 64/64
f 166/166 896/896 2236/2236
f 2236/2236 896/896 5744/5744
f 5811/5811 656/656 2237/2237
f 920/920 533/533 2238/2238
f 2131/2131 2238/2238 533/533
f 2239/2239 811/811 5254/5254
f 3780/3780 98/98 2242/2242
f 2242/2242 98/98 2626/2626
f 2243/2243 1999/1999 1865/1865
f 5627/5627 4424/4424 728/728
f 2370/2370 391/391 2252/2252
f 694/694 2255/2255 5547/5547
f 2019/2019 559/559 2257/2257
f 1735/1735 2257/2257 559/559
f 134/134 3369/3369 4786/4786
f 551/551 3700/3700 436/436
f 4237/4237 3961/3961 2744/2744
f 4668/4668 2264/2264 3320/3320
f 1804/1804 2264/2264 4668/4668
f 84/84 2265/2265 3758/3758
f 2266/2266 2581/2581 2405/2405
f 2647/2647 2748/2748 6262/6262
f 2389/2389 660/660 768/768
f 5111/5111 660/660 4304/4304
f 2267/2267 3700/3700 4237/4237
f 634/634 2267/2267 2744/2744
f 6114/6114 584/584 1679/1679
f 497/497 4882/4882 2272/2272
f 4867/4867 6189/6189 2273/2273
f 6189/6189 4867/4867 536/536
f 1899/1899 4203/4203 2274/2274
f 1820/1820 2282/2282 546/546
f 396/396 2297/2297 2284/2284
f 5876/5876 4935/4935 6017/6017
f 2047/2047 606/606 2472/2472
f 790/790 2472/2472 606/606
f 1698/1698 641/641 3960/3960
f 4828/4828 5636/5636 2658/2658
f 4808/4808 4828/4828 5069/5069
f 1893/1893 385/385 5829/5829
f 905/905 5191/5191 2854/2854
f 2296/2296 5366/5366 2304/2304
f 1747/1747 560/560 2298/2298
f 795/795 2298/2298 4240/4240
f 3135/3135 959/959 5098/5098
f 3733/3733 3675/3675 3406/3406
f 2708/2708 5169/5169 4947/4947
f 2973/2973 499/499 2304/2304
f 2296/2296 2304/2304 499/499
f 4967/4967 2306/2306 579/579
f 2306/2306 529/529 5042/5042
f 2407/2407 5928/5928 2309/2309
f 2309/2309 5928/5928 3821/3821
f 411/411 2310/2310 3911/3911
f 709/709 5931/5931 1794/1794
f 2604/2604 2314/2314 3740/3740
f 402/402 2315/2315 2917/2917
f 1643/1643 2316/2316 5534/5534
f 2317/2317 5874/5874 105/105
f 4898/4898 2317/2317 106/106
f 2318/2318 5998/5998 480/480
f 2128/2128 2318/2318 480/480
f 3472/3472 4372/4372 2319/2319
f 61/61 2319/2319 4372/4372
f 2320/2320 5078/5078 5953/5953
f 406/406 5899/5899 5869/5869
f 2321/2321 819/819 5831/5831
f 6068/6068 2322/2322 5093/5093
f 2323/2323 3053/3053 3179/3179
f 4325/4325 3388/3388 4588/4588
f 1636/1636 366/366 2327/2327
f 2327/2327 366/366 2023/2023
f 4513/4513 4057/4057 4042/4042
f 5070/5070 373/373 1876/1876
f 5619/5619 2332/2332 4720/4720
f 2332/2332 5619/5619 4035/4035
f 2327/2327 3148/3148 925/925
f 4721/4721 5587/5587 2335/2335
f 727/727 1971/1971 5404/5404
f 2885/2885 2787/2787 5063/5063
f 2274/2274 5063/5063 2787/2787
f 1706/1706 2518/2518 2339/2339
f 1973/1973 689/689 395/395
f 5870/5870 2341/2341 5048/5048
f 2342/2342 2943/2943 3130/3130
f 2213/2213 2342/2342 3130/3130
f 2237/2237 656/656 5404/5404
f 5610/5610 2350/2350 2712/2712
f 1829/1829 2350/2350 5610/5610
f 483/483 3086/3086 2351/2351
f 1787/1787 2351/2351 3086/3086
f 427/427 6222/6222 2549/2549
f 2476/2476 772/772 1723/1723
f 1756/1756 2353/2353 4466/4466
f 905/905 2354/2354 3545/3545
f 1651/1651 6077/6077 1662/1662
f 2357/2357 2202/2202 6370/6370
f 3648/3648 122/122 3452/3452
f 446/446 4945/4945 972/972
f 940/940 571/571 6204/6204
f 1994/1994 54/54 2364/2364
f 4692/4692 2365/2365 842/842
f 2860/2860 2365/2365 4692/4692
f 2367/2367 2372/2372 385/385
f 6298/6298 3983/3983 3330/3330
f 2252/2252 644/644 2370/2370
f 2370/2370 644/644 814/814
f 2371/2371 787/787 943/943
f 5397/5397 4988/4988 2840/2840
f 556/556 5392/5392 3731/3731
f 5772/5772 4102/4102 2372/2372
f 678/678 2372/2372 4102/4102
f 750/750 3720/3720 5236/5236
f 479/479 5824/5824 2374/2374
f 2374/2374 5824/5824 2577/2577
f 2939/2939 908/908 2376/2376
f 5051/5051 4197/4197 5896/5896
f 646/646 2417/2417 5793/5793
f 3471/3471 2632/2632 2378/2378
f 502/502 2378/2378 2632/2632
f 661/661 4818/4818 2379/2379
f 3903/3903 3028/3028 3370/3370
f 2105/2105 5313/5313 415/415
f 762/762 5032/5032 2380/2380
f 6007/6007 4307/4307 615/615
f 3362/3362 931/931 3822/3822
f 745/745 1720/1720 4342/4342
f 5195/5195 2384/2384 4576/4576
f 4279/4279 5902/5902 1663/1663
f 2826/2826 5379/5379 3488/3488
f 2061/2061 558/558 700/700
f 2389/2389 768/768 5270/5270
f 4373/4373 2390/2390 4612/4612
f 2390/2390 4373/4373 5863/5863
f 637/637 2395/2395 478/478
f 437/437 5205/5205 2396/2396
f 2396/2396 4470/4470 3885/3885
f 2397/2397 5205/5205 4659/4659
f 492/492 3152/3152 5555/5555
f 780/780 690/690 3180/3180
f 3522/3522 139/139 2405/2405
f 2266/2266 2405/2405 6272/6272
f 2407/2407 5691/5691 700/700
f 2004/2004 4439/4439 2409/2409
f 2009/2009 5280/5280 4355/4355
f 3742/3742 2412/2412 1904/1904
f 945/945 2412/2412 3742/3742
f 2214/2214 1701/1701 3206/3206
f 2414/2414 4680/4680 3138/3138
f 847/847 2415/2415 2364/2364
f 1652/1652 2161/2161 1664/1664
f 580/580 933/933 2416/2416
f 3409/3409 2416/2416 2541/2541
f 426/426 6180/6180 2486/2486
f 6372/6372 430/430 3017/3017
f 816/816 6019/6019 2408/2408
f 6378/6378 44/44 6313/6313
f 5775/5775 6316/6316 6313/6313
f 2160/2160 503/503 2247/2247
f 571/571 4001/4001 2425/2425
f 2425/2425 4001/4001 4131/4131
f 4281/4281 4841/4841 2200/2200
f 831/831 878/878 1786/1786
f 3138/3138 4132/4132 3666/3666
f 915/915 2429/2429 414/414
f 4138/4138 2431/2431 5200/5200
f 2431/2431 4138/4138 474/474
f 2314/2314 518/518 423/423
f 2438/2438 596/596 2927/2927
f 2683/2683 712/712 2439/2439
f 2439/2439 712/712 5514/5514
f 385/385 2372/2372 678/678
f 2044/2044 5858/5858 2441/2441
f 2964/2964 645/645 2442/2442
f 532/532 5073/5073 926/926
f 2444/2444 5345/5345 2958/2958
f 4301/4301 2445/2445 2163/2163
f 2978/2978 2445/2445 4301/4301
f 2228/2228 819/819 2446/2446
f 547/547 2446/2446 2863/2863
f 1808/1808 3372/3372 2449/2449
f 2265/2265 3372/3372 3758/3758
f 520/520 4675/4675 4598/4598
f 2452/2452 2013/2013 3998/3998
f 763/763 670/670 2457/2457
f 3838/3838 4416/4416 2457/2457
f 766/766 442/442 1798/1798
f 441/441 744/744 732/732
f 2081/2081 744/744 441/441
f 752/752 2537/2537 2468/2468
f 1795/1795 2468/2468 3172/3172
f 179/179 2470/2470 1746/1746
f 4848/4848 4612/4612 2549/2549
f 87/87 5846/5846 3580/3580
f 1795/1795 2796/2796 2472/2472
f 2473/2473 2110/2110 787/787
f 2371/2371 2473/2473 787/787
f 4313/4313 2475/2475 175/175
f 944/944 4737/4737 6389/6389
f 2476/2476 477/477 4462/4462
f 2452/2452 3250/3250 3952/3952
f 835/835 4582/4582 2478/2478
f 484/484 2478/2478 788/788
f 4400/4400 3659/3659 3927/3927
f 1922/1922 2480/2480 3126/3126
f 1685/1685 3206/3206 2481/2481
f 1701/1701 2481/2481 3206/3206
f 2483/2483 96/96 6286/6286
f 3177/3177 3675/3675 3733/3733
f 2144/2144 6155/6155 2594/2594
f 4632/4632 2321/2321 5632/5632
f 5632/5632 5270/5270 4632/4632
f 4654/4654 2485/2485 562/562
f 4525/4525 914/914 2486/2486
f 480/480 2219/2219 2128/2128
f 1759/1759 2135/2135 621/621
f 2863/2863 406/406 2495/2495
f 425/425 5807/5807 4926/4926
f 2498/2498 943/943 4971/4971
f 542/542 3172/3172 6085/6085
f 639/639 2503/2503 1792/1792
f 4546/4546 2503/2503 639/639
f 5409/5409 5503/5503 1826/1826
f 5576/5576 5409/5409 4715/4715
f 587/587 569/569 2507/2507
f 2507/2507 569/569 3621/3621
f 4498/4498 4460/4460 2006/2006
f 2089/2089 5418/5418 367/367
f 2079/2079 2639/2639 2512/2512
f 847/847 2364/2364 55/55
f 2055/2055 5066/5066 2514/2514
f 2514/2514 5066/5066 3448/3448
f 1948/1948 2457/2457 2919/2919
f 5307/5307 4315/4315 3763/3763
f 2564/2564 2518/2518 1648/1648
f 2564/2564 3338/3338 2518/2518
f 2521/2521 701/701 6127/6127
f 4018/4018 4464/4464 2522/2522
f 4464/4464 5794/5794 2804/2804
f 2604/2604 593/593 3451/3451
f 6286/6286 5593/5593 2483/2483
f 719/719 2219/2219 5339/5339
f 5739/5739 672/672 5374/5374
f 4413/4413 409/409 6311/6311
f 643/643 2523/2523 1818/1818
f 2425/2425 4560/4560 3450/3450
f 607/607 2951/2951 2527/2527
f 6207/6207 2528/2528 4357/4357
f 440/440 3242/3242 2859/2859
f 411/411 1880/1880 5607/5607
f 2530/2530 2125/2125 628/628
f 2187/2187 2534/2534 481/481
f 4854/4854 2535/2535 2811/2811
f 807/807 2537/2537 665/665
f 2537/2537 807/807 962/962
f 558/558 4750/4750 1882/1882
f 702/702 5071/5071 6037/6037
f 1630/1630 2212/2212 435/435
f 2071/2071 396/396 2541/2541
f 2541/2541 396/396 2547/2547
f 4822/4822 3587/3587 4788/4788
f 2219/2219 3587/3587 4822/4822
f 2546/2546 896/896 4089/4089
f 4166/4166 3887/3887 3409/3409
f 1973/1973 706/706 2550/2550
f 2550/2550 706/706 3874/3874
f 2557/2557 6258/6258 451/451
f 683/683 748/748 2105/2105
f 6293/6293 4758/4758 2116/2116
f 3335/3335 6024/6024 5077/5077
f 355/355 676/676 2561/2561
f 2561/2561 676/676 3112/3112
f 749/749 5534/5534 2563/2563
f 2563/2563 5534/5534 2316/2316
f 4085/4085 4737/4737 3703/3703
f 360/360 2564/2564 3703/3703
f 4688/4688 2029/2029 2096/2096
f 726/726 2567/2567 5774/5774
f 2050/2050 2567/2567 726/726
f 2304/2304 5366/5366 2568/2568
f 2351/2351 4042/4042 4924/4924
f 511/511 2298/2298 655/655
f 2569/2569 1999/1999 715/715
f 2569/2569 715/715 4476/4476
f 2570/2570 5003/5003 3502/3502
f 144/144 2570/2570 3502/3502
f 439/439 4283/4283 4148/4148
f 5070/5070 530/530 2573/2573
f 1742/1742 538/538 5335/5335
f 1696/1696 693/693 6096/6096
f 2252/2252 1749/1749 2216/2216
f 2786/2786 3716/3716 2575/2575
f 2577/2577 4571/4571 627/627
f 2374/2374 2577/2577 627/627
f 2578/2578 2142/2142 625/625
f 929/929 2578/2578 625/625
f 4185/4185 4436/4436 3462/3462
f 2500/2500 2163/2163 4467/4467
f 2581/2581 2266/2266 3685/3685
f 860/860 5492/5492 674/674
f 5406/5406 2761/2761 2184/2184
f 2584/2584 3227/3227 957/957
f 2021/2021 2584/2584 957/957
f 2046/2046 4085/4085 3703/3703
f 2587/2587 2762/2762 4205/4205
f 2588/2588 948/948 3407/3407
f 616/616 2589/2589 464/464
f 2563/2563 2316/2316 3988/3988
f 2594/2594 3222/3222 4308/4308
f 4619/4619 4021/4021 2171/2171
f 3927/3927 2596/2596 3050/3050
f 2480/2480 2596/2596 3927/3927
f 4786/4786 2599/2599 3667/3667
f 2260/2260 2599/2599 4786/4786
f 5192/5192 2601/2601 863/863
f 1991/1991 494/494 6123/6123
f 4925/4925 4661/4661 2400/2400
f 2157/2157 3388/3388 5733/5733
f 3217/3217 2992/2992 2603/2603
f 1630/1630 617/617 2606/2606
f 2606/2606 617/617 4357/4357
f 858/858 2630/2630 2607/2607
f 904/904 2607/2607 2630/2630
f 2067/2067 661/661 2379/2379
f 938/938 799/799 432/432
f 3918/3918 3769/3769 2523/2523
f 131/131 132/132 2608/2608
f 2920/2920 2599/2599 2608/2608
f 828/828 729/729 4844/4844
f 507/507 1924/1924 588/588
f 1912/1912 507/507 588/588
f 5276/5276 736/736 3380/3380
f 2233/2233 5745/5745 934/934
f 472/472 2617/2617 3227/3227
f 512/512 1687/1687 5507/5507
f 528/528 4451/4451 2621/2621
f 2297/2297 2622/2622 591/591
f 708/708 404/404 2623/2623
f 3204/3204 476/476 2623/2623
f 532/532 858/858 1807/1807
f 3470/3470 151/151 6019/6019
f 3763/3763 6231/6231 6171/6171
f 5909/5909 2627/2627 3183/3183
f 5041/5041 5909/5909 371/371
f 5954/5954 2183/2183 3352/3352
f 117/117 2629/2629 3468/3468
f 2607/2607 904/904 2778/2778
f 3228/3228 6370/6370 587/587
f 4099/4099 2191/2191 3368/3368
f 1989/1989 2633/2633 2881/2881
f 4019/4019 5539/5539 52/52
f 53/53 4939/4939 5489/5489
f 3114/3114 860/860 674/674
f 6316/6316 5787/5787 2634/2634
f 3732/3732 2635/2635 428/428
f 164/164 2635/2635 4539/4539
f 462/462 3277/3277 2636/2636
f 3923/3923 2903/2903 866/866
f 2484/2484 2639/2639 1970/1970
f 2639/2639 2484/2484 4899/4899
f 1760/1760 6029/6029 4650/4650
f 466/466 3579/3579 2643/2643
f 157/157 2643/2643 3593/3593
f 2242/2242 2626/2626 6000/6000
f 934/934 5849/5849 5350/5350
f 177/177 3029/3029 370/370
f 1686/1686 2678/2678 758/758
f 2649/2649 4945/4945 446/446
f 429/429 5498/5498 2650/2650
f 170/170 2650/2650 4453/4453
f 579/579 3485/3485 5186/5186
f 583/583 2157/2157 5733/5733
f 2655/2655 2748/2748 2647/2647
f 740/740 2655/2655 2647/2647
f 5636/5636 3571/3571 2658/2658
f 2658/2658 3571/3571 5369/5369
f 3147/3147 473/473 3265/3265
f 3084/3084 4911/4911 5464/5464
f 77/77 5921/5921 4950/4950
f 958/958 2528/2528 6207/6207
f 789/789 4729/4729 1889/1889
f 418/418 2130/2130 4306/4306
f 2498/2498 632/632 4926/4926
f 521/521 806/806 2662/2662
f 2662/2662 806/806 705/705
f 2663/2663 1866/1866 600/600
f 2667/2667 3021/3021 3136/3136
f 4143/4143 6145/6145 2668/2668
f 646/646 6171/6171 2669/2669
f 3123/3123 2845/2845 2671/2671
f 407/407 2671/2671 2845/2845
f 5244/5244 4167/4167 3437/3437
f 3267/3267 2562/2562 33/33
f 469/469 2442/2442 845/845
f 1650/1650 2184/2184 2761/2761
f 752/752 722/722 665/665
f 6364/6364 730/730 2676/2676
f 2330/2330 5559/5559 5183/5183
f 4980/4980 4816/4816 833/833
f 5415/5415 2678/2678 2021/2021
f 758/758 2678/2678 5415/5415
f 854/854 3858/3858 6216/6216
f 6216/6216 3858/3858 3494/3494
f 1961/1961 2687/2687 3709/3709
f 2649/2649 446/446 3741/3741
f 739/739 2688/2688 446/446
f 5064/5064 4145/4145 2982/2982
f 4306/4306 2693/2693 626/626
f 418/418 4306/4306 902/902
f 574/574 930/930 2694/2694
f 2694/2694 930/930 5201/5201
f 974/974 2695/2695 2917/2917
f 3478/3478 803/803 5342/5342
f 722/722 5472/5472 4845/4845
f 5834/5834 6008/6008 2700/2700
f 2155/2155 2700/2700 6008/6008
f 4903/4903 4082/4082 961/961
f 6346/6346 2485/2485 1707/1707
f 427/427 5863/5863 852/852
f 1816/1816 4529/4529 2704/2704
f 1759/1759 2704/2704 3205/3205
f 2008/2008 607/607 2527/2527
f 642/642 2705/2705 6100/6100
f 3937/3937 2708/2708 3443/3443
f 3091/3091 1733/1733 4995/4995
f 4102/4102 3238/3238 678/678
f 812/812 376/376 2711/2711
f 2711/2711 376/376 3026/3026
f 2350/2350 730/730 2712/2712
f 2712/2712 730/730 6364/6364
f 1923/1923 433/433 2568/2568
f 4719/4719 786/786 6225/6225
f 2716/2716 3035/3035 3100/3100
f 2716/2716 3100/3100 5421/5421
f 403/403 1720/1720 1669/1669
f 4176/4176 2717/2717 400/400
f 170/170 2718/2718 2650/2650
f 1679/1679 584/584 2719/2719
f 1651/1651 2719/2719 584/584
f 1960/1960 686/686 2550/2550
f 757/757 2722/2722 4119/4119
f 2236/2236 1664/1664 3445/3445
f 1991/1991 4920/4920 5430/5430
f 476/476 3204/3204 2077/2077
f 129/129 5461/5461 2200/2200
f 5307/5307 5905/5905 4265/4265
f 692/692 508/508 869/869
f 1908/1908 5738/5738 2058/2058
f 4434/4434 63/63 2733/2733
f 2424/2424 2294/2294 2737/2737
f 385/385 2737/2737 5829/5829
f 2507/2507 2495/2495 406/406
f 2621/2621 361/361 2740/2740
f 6243/6243 361/361 2658/2658
f 757/757 2743/2743 2722/2722
f 4960/4960 2743/2743 757/757
f 3961/3961 4237/4237 2262/2262
f 6107/6107 2744/2744 3961/3961
f 2748/2748 2655/2655 622/622
f 3859/3859 622/622 3769/3769
f 4558/4558 3732/3732 1792/1792
f 2751/2751 723/723 2914/2914
f 2749/2749 2751/2751 2914/2914
f 2251/2251 918/918 437/437
f 5333/5333 2759/2759 4982/4982
f 3101/3101 4280/4280 4166/4166
f 5583/5583 2760/2760 2232/2232
f 2760/2760 5583/5583 5975/5975
f 897/897 2761/2761 5406/5406
f 897/897 3025/3025 2761/2761
f 2587/2587 3553/3553 2762/2762
f 3553/3553 5100/5100 2762/2762
f 6282/6282 2763/2763 6220/6220
f 5511/5511 659/659 2764/2764
f 2764/2764 659/659 3661/3661
f 4286/4286 5046/5046 4460/4460
f 4681/4681 5513/5513 862/862
f 720/720 2771/2771 467/467
f 3146/3146 2571/2571 2774/2774
f 2774/2774 2571/2571 4283/4283
f 3149/3149 3019/3019 5565/5565
f 5565/5565 2264/2264 4866/4866
f 2607/2607 2778/2778 5353/5353
f 668/668 6231/6231 3472/3472
f 4438/4438 5354/5354 5234/5234
f 2783/2783 5894/5894 858/858
f 532/532 2783/2783 858/858
f 5072/5072 875/875 2189/2189
f 4793/4793 4770/4770 2784/2784
f 1726/1726 5772/5772 2785/2785
f 2575/2575 149/149 2786/2786
f 5350/5350 4417/4417 2787/2787
f 2274/2274 2787/2787 4417/4417
f 5507/5507 2966/2966 3774/3774
f 518/518 4035/4035 423/423
f 4771/4771 2149/2149 638/638
f 2384/2384 3002/3002 2792/2792
f 5276/5276 4754/4754 380/380
f 542/542 5266/5266 2796/2796
f 408/408 5781/5781 764/764
f 5975/5975 5828/5828 2376/2376
f 2800/2800 3176/3176 405/405
f 2800/2800 405/405 910/910
f 2470/2470 4194/4194 6025/6025
f 4942/4942 2804/2804 421/421
f 2804/2804 4942/4942 2956/2956
f 4638/4638 5741/5741 2597/2597
f 1964/1964 540/540 4472/4472
f 2752/2752 2763/2763 3022/3022
f 816/816 2408/2408 5926/5926
f 4099/4099 2632/2632 3471/3471
f 2901/2901 380/380 2809/2809
f 846/846 5512/5512 380/380
f 4928/4928 4209/4209 5412/5412
f 2810/2810 721/721 4983/4983
f 2535/2535 2884/2884 2811/2811
f 5346/5346 2811/2811 4752/4752
f 1734/1734 37/37 2812/2812
f 38/38 2812/2812 5302/5302
f 3524/3524 141/141 2813/2813
f 2813/2813 141/141 2068/2068
f 2057/2057 4949/4949 2814/2814
f 2814/2814 4292/4292 475/475
f 2845/2845 5027/5027 407/407
f 2310/2310 5931/5931 3356/3356
f 818/818 1794/1794 411/411
f 4934/4934 501/501 1750/1750
f 793/793 4254/4254 4323/4323
f 2826/2826 3068/3068 6049/6049
f 440/440 2859/2859 876/876
f 5286/5286 4437/4437 876/876
f 2314/2314 2604/2604 6278/6278
f 1669/1669 5907/5907 4059/4059
f 4281/4281 6071/6071 4298/4298
f 4646/4646 2831/2831 5338/5338
f 107/107 4686/4686 106/106
f 357/357 3089/3089 2393/2393
f 5467/5467 3089/3089 704/704
f 3551/3551 4378/4378 2089/2089
f 2187/2187 4165/4165 2578/2578
f 913/913 2839/2839 5133/5133
f 2840/2840 2152/2152 2165/2165
f 2840/2840 2165/2165 652/652
f 2701/2701 696/696 6133/6133
f 2495/2495 909/909 5661/5661
f 5901/5901 5661/5661 909/909
f 626/626 6241/6241 902/902
f 2844/2844 3343/3343 4083/4083
f 3851/3851 4406/4406 2845/2845
f 6016/6016 5264/5264 2939/2939
f 429/429 2846/2846 6016/6016
f 5627/5627 2848/2848 1961/1961
f 5444/5444 5910/5910 5951/5951
f 565/565 5572/5572 5814/5814
f 4899/4899 5000/5000 2849/2849
f 916/916 2849/2849 5000/5000
f 1772/1772 4632/4632 768/768
f 910/910 5723/5723 5683/5683
f 2854/2854 2296/2296 500/500
f 1768/1768 2854/2854 500/500
f 6019/6019 430/430 2408/2408
f 6151/6151 6283/6283 3112/3112
f 2858/2858 769/769 2428/2428
f 672/672 641/641 2859/2859
f 2859/2859 641/641 5648/5648
f 2860/2860 5217/5217 3991/3991
f 518/518 596/596 2438/2438
f 5207/5207 4211/4211 6149/6149
f 2866/2866 808/808 4674/4674
f 1932/1932 400/400 2717/2717
f 4956/4956 955/955 2867/2867
f 562/562 2867/2867 955/955
f 3364/3364 2868/2868 3574/3574
f 2869/2869 2694/2694 783/783
f 2354/2354 2869/2869 783/783
f 4978/4978 2871/2871 3672/3672
f 2872/2872 2900/2900 5817/5817
f 4416/4416 3838/3838 1649/1649
f 4167/4167 2285/2285 643/643
f 913/913 5133/5133 2765/2765
f 521/521 5571/5571 636/636
f 1670/1670 2395/2395 4804/4804
f 817/817 31/31 2878/2878
f 1770/1770 3730/3730 4381/4381
f 618/618 2880/2880 613/613
f 5615/5615 2881/2881 5529/5529
f 2881/2881 5615/5615 5163/5163
f 1707/1707 2485/2485 4654/4654
f 3875/3875 4654/4654 5114/5114
f 634/634 2744/2744 6107/6107
f 6178/6178 6037/6037 2883/2883
f 6037/6037 6178/6178 963/963
f 4752/4752 2884/2884 5049/5049
f 5346/5346 4752/4752 5683/5683
f 2749/2749 2787/2787 2885/2885
f 6084/6084 5681/5681 2889/2889
f 2124/2124 2570/2570 2339/2339
f 6368/6368 2868/2868 3364/3364
f 5975/5975 5782/5782 5828/5828
f 1899/1899 741/741 2397/2397
f 6180/6180 2849/2849 2486/2486
f 1916/1916 651/651 2676/2676
f 2895/2895 6355/6355 3917/3917
f 727/727 5073/5073 4675/4675
f 665/665 2537/2537 752/752
f 5217/5217 510/510 6321/6321
f 5353/5353 620/620 2607/2607
f 900/900 32/32 2562/2562
f 653/653 2900/2900 4780/4780
f 2642/2642 2900/2900 653/653
f 2809/2809 776/776 2901/2901
f 2901/2901 3129/3129 5690/5690
f 828/828 4794/4794 2902/2902
f 2050/2050 2902/2902 5219/5219
f 3923/3923 350/350 2903/2903
f 4403/4403 350/350 4304/4304
f 2239/2239 5254/5254 3844/3844
f 4327/4327 2904/2904 2617/2617
f 5288/5288 2514/2514 516/516
f 3296/3296 5320/5320 760/760
f 2910/2910 800/800 4860/4860
f 3346/3346 5374/5374 4906/4906
f 1674/1674 5187/5187 5380/5380
f 2813/2813 2068/2068 6052/6052
f 2914/2914 5040/5040 934/934
f 2916/2916 2322/2322 6186/6186
f 2640/2640 2916/2916 6186/6186
f 979/979 495/495 6276/6276
f 6260/6260 6145/6145 961/961
f 974/974 2917/2917 2701/2701
f 2367/2367 385/385 1893/1893
f 2919/2919 4416/4416 4613/4613
f 2608/2608 132/132 2920/2920
f 6/6 2920/2920 132/132
f 1989/1989 2881/2881 6086/6086
f 525/525 2922/2922 4653/4653
f 808/808 2922/2922 1854/1854
f 2809/2809 613/613 2880/2880
f 3700/3700 491/491 713/713
f 2262/2262 4237/4237 713/713
f 543/543 3819/3819 5045/5045
f 2059/2059 743/743 2924/2924
f 801/801 2924/2924 2140/2140
f 1700/1700 4064/4064 2926/2926
f 2926/2926 4064/4064 612/612
f 898/898 519/519 2927/2927
f 2438/2438 2927/2927 3189/3189
f 6103/6103 2356/2356 731/731
f 528/528 2929/2929 731/731
f 2930/2930 5018/5018 3178/3178
f 5838/5838 5550/5550 4080/4080
f 666/666 2416/2416 3409/3409
f 4725/4725 631/631 4270/4270
f 3100/3100 2933/2933 4811/4811
f 484/484 788/788 5834/5834
f 2935/2935 788/788 535/535
f 4009/4009 4991/4991 3771/3771
f 6220/6220 820/820 5531/5531
f 2938/2938 6300/6300 495/495
f 3896/3896 4618/4618 495/495
f 2595/2595 4021/4021 4619/4619
f 2376/2376 5828/5828 2939/2939
f 5642/5642 49/49 3656/3656
f 840/840 2608/2608 3073/3073
f 444/444 460/460 2941/2941
f 3590/3590 460/460 6345/6345
f 6193/6193 3003/3003 2413/2413
f 1865/1865 2380/2380 2243/2243
f 2231/2231 2356/2356 6103/6103
f 4541/4541 2085/2085 4823/4823
f 6015/6015 5288/5288 496/496
f 6113/6113 5288/5288 6015/6015
f 496/496 516/516 1628/1628
f 3034/3034 5911/5911 3956/3956
f 2083/2083 5325/5325 2713/2713
f 172/172 4103/4103 2967/2967
f 2272/2272 817/817 394/394
f 2844/2844 81/81 6351/6351
f 82/82 3568/3568 3803/3803
f 684/684 922/922 1932/1932
f 609/609 860/860 6230/6230
f 2416/2416 933/933 2541/2541
f 69/69 5574/5574 4552/4552
f 5969/5969 5574/5574 416/416
f 1820/1820 799/799 4513/4513
f 911/911 804/804 2953/2953
f 4827/4827 2953/2953 4960/4960
f 568/568 3154/3154 2954/2954
f 2804/2804 2956/2956 2522/2522
f 2922/2922 2866/2866 667/667
f 3572/3572 88/88 2958/2958
f 2444/2444 2958/2958 734/734
f 2310/2310 411/411 1794/1794
f 1870/1870 1916/1916 431/431
f 3899/3899 3773/3773 4157/4157
f 2961/2961 3841/3841 4132/4132
f 543/543 3950/3950 3213/3213
f 515/515 4485/4485 2828/2828
f 32/32 900/900 2878/2878
f 2442/2442 469/469 2964/2964
f 2702/2702 4868/4868 2659/2659
f 2967/2967 764/764 5453/5453
f 5277/5277 2969/2969 557/557
f 1686/1686 4051/4051 2678/2678
f 2148/2148 3804/3804 5345/5345
f 2171/2171 1735/1735 559/559
f 2304/2304 4858/4858 2973/2973
f 2300/2300 3731/3731 2974/2974
f 5878/5878 2974/2974 5996/5996
f 1723/1723 5025/5025 5783/5783
f 1679/1679 5783/5783 2081/2081
f 2445/2445 2978/2978 2300/2300
f 2445/2445 2300/2300 2974/2974
f 6156/6156 5505/5505 3653/3653
f 1897/1897 2485/2485 6346/6346
f 901/901 5152/5152 4784/4784
f 1850/1850 759/759 4529/4529
f 4827/4827 5588/5588 3007/3007
f 2885/2885 3814/3814 2984/2984
f 5513/5513 6163/6163 2984/2984
f 2610/2610 6188/6188 2986/2986
f 2986/2986 6188/6188 2320/2320
f 2546/2546 2400/2400 4661/4661
f 2655/2655 1783/1783 463/463
f 174/174 5746/5746 4363/4363
f 147/147 761/761 3795/3795
f 3455/3455 3431/3431 1676/1676
f 3286/3286 717/717 5530/5530
f 2992/2992 717/717 4653/4653
f 502/502 6296/6296 4079/4079
f 457/457 2239/2239 942/942
f 546/546 2995/2995 5997/5997
f 907/907 683/683 3022/3022
f 675/675 3098/3098 2998/2998
f 2999/2999 3152/3152 492/492
f 1800/1800 2999/2999 3933/3933
f 2698/2698 2117/2117 6335/6335
f 1924/1924 1959/1959 538/538
f 6283/6283 48/48 3833/3833
f 654/654 842/842 2409/2409
f 4369/4369 391/391 2370/2370
f 5743/5743 5385/5385 39/39
f 40/40 3001/3001 5356/5356
f 2502/2502 5529/5529 5617/5617
f 2071/2071 2622/2622 396/396
f 6247/6247 2428/2428 379/379
f 3901/3901 2831/2831 6027/6027
f 3005/3005 3111/3111 2642/2642
f 2913/2913 421/421 3007/3007
f 3454/3454 3008/3008 4190/4190
f 873/873 3008/3008 2778/2778
f 3650/3650 2335/2335 5032/5032
f 2871/2871 3009/3009 3149/3149
f 5455/5455 5910/5910 3011/3011
f 5910/5910 5455/5455 499/499
f 4771/4771 6025/6025 2149/2149
f 3751/3751 2982/2982 5838/5838
f 2752/2752 4098/4098 2763/2763
f 5008/5008 5636/5636 1800/1800
f 879/879 5933/5933 362/362
f 2783/2783 3521/3521 3797/3797
f 2202/2202 746/746 3014/3014
f 3014/3014 2534/2534 5178/5178
f 2373/2373 5286/5286 5853/5853
f 2220/2220 1883/1883 2475/2475
f 6019/6019 151/151 3017/3017
f 3496/3496 4266/4266 3017/3017
f 3018/3018 5743/5743 3811/3811
f 3811/3811 5743/5743 4736/4736
f 3019/3019 5954/5954 3320/3320
f 5565/5565 3019/3019 2264/2264
f 3020/3020 3151/3151 690/690
f 1944/1944 3020/3020 690/690
f 3021/3021 5484/5484 794/794
f 624/624 3021/3021 794/794
f 500/500 2296/2296 687/687
f 5522/5522 745/745 4342/4342
f 2997/2997 683/683 907/907
f 2752/2752 3022/3022 683/683
f 2623/2623 476/476 2012/2012
f 3025/3025 2110/2110 2761/2761
f 2712/2712 6364/6364 501/501
f 842/842 2365/2365 3028/3028
f 3370/3370 3028/3028 2432/2432
f 4938/4938 3029/3029 4233/4233
f 2647/2647 3029/3029 740/740
f 2047/2047 452/452 3030/3030
f 1984/1984 1906/1906 5902/5902
f 1907/1907 534/534 3031/3031
f 966/966 3031/3031 4063/4063
f 4812/4812 3032/3032 3235/3235
f 2032/2032 2967/2967 3745/3745
f 3956/3956 5911/5911 6217/6217
f 3956/3956 434/434 611/611
f 3192/3192 2097/2097 5824/5824
f 2933/2933 3100/3100 3035/3035
f 424/424 3035/3035 2716/2716
f 3036/3036 884/884 608/608
f 454/454 3036/3036 608/608
f 4845/4845 4314/4314 3038/3038
f 3903/3903 4314/4314 548/548
f 877/877 4451/4451 3041/3041
f 5156/5156 5850/5850 4800/4800
f 2522/2522 5299/5299 4018/4018
f 4648/4648 3966/3966 3044/3044
f 3045/3045 5727/5727 51/51
f 5539/5539 4019/4019 3045/3045
f 2273/2273 1926/1926 791/791
f 4676/4676 604/604 2441/2441
f 2097/2097 540/540 1964/1964
f 3047/3047 3001/3001 40/40
f 41/41 6384/6384 5629/5629
f 359/359 5175/5175 941/941
f 2904/2904 3048/3048 580/580
f 3048/3048 2904/2904 5199/5199
f 2109/2109 1911/1911 3049/3049
f 1911/1911 2109/2109 2587/2587
f 5951/5951 3050/3050 2596/2596
f 3050/3050 5951/5951 2973/2973
f 6147/6147 4498/4498 2006/2006
f 973/973 3053/3053 4293/4293
f 360/360 849/849 973/973
f 2512/2512 6291/6291 591/591
f 2863/2863 2495/2495 4108/4108
f 527/527 5719/5719 5819/5819
f 3055/3055 5719/5719 4956/4956
f 6358/6358 3949/3949 3058/3058
f 3058/3058 3949/3949 4093/4093
f 24/24 2028/2028 5985/5985
f 466/466 3983/3983 3059/3059
f 3059/3059 3983/3983 844/844
f 1989/1989 610/610 3061/3061
f 5878/5878 3061/3061 3173/3173
f 2071/2071 5669/5669 3062/3062
f 1995/1995 3062/3062 5669/5669
f 4720/4720 3138/3138 3666/3666
f 867/867 3754/3754 3335/3335
f 3997/3997 3185/3185 4998/4998
f 3050/3050 2973/2973 3118/3118
f 2669/2669 824/824 5301/5301
f 3071/3071 763/763 4766/4766
f 2764/2764 965/965 6333/6333
f 3343/3343 6351/6351 5467/5467
f 2260/2260 725/725 3073/3073
f 1793/1793 2341/2341 5870/5870
f 4817/4817 5728/5728 4263/4263
f 408/408 908/908 5264/5264
f 4853/4853 5333/5333 5777/5777
f 1761/1761 417/417 3075/3075
f 3075/3075 417/417 4299/4299
f 4381/4381 3076/3076 1770/1770
f 5670/5670 3092/3092 27/27
f 1733/1733 3091/3091 3079/3079
f 4063/4063 2255/2255 3079/3079
f 5085/5085 1999/1999 2243/2243
f 5258/5258 5247/5247 3742/3742
f 3082/3082 351/351 567/567
f 3957/3957 5410/5410 797/797
f 3191/3191 668/668 3083/3083
f 825/825 3083/3083 2319/2319
f 3839/3839 4911/4911 3084/3084
f 3736/3736 3086/3086 483/483
f 2411/2411 4800/4800 3304/3304
f 520/520 932/932 3087/3087
f 3087/3087 932/932 579/579
f 4252/4252 930/930 6090/6090
f 5548/5548 704/704 3089/3089
f 465/465 966/966 3091/3091
f 3091/3091 966/966 4063/4063
f 4314/4314 4845/4845 5838/5838
f 3092/3092 448/448 5604/5604
f 2330/2330 5587/5587 4721/4721
f 2416/2416 957/957 580/580
f 5818/5818 5383/5383 2301/2301
f 5934/5934 3045/3045 4019/4019
f 2880/2880 5199/5199 5500/5500
f 2309/2309 121/121 2649/2649
f 4695/4695 4385/4385 5597/5597
f 1793/1793 935/935 4664/4664
f 5133/5133 4780/4780 2765/2765
f 1897/1897 2867/2867 2485/2485
f 3100/3100 4811/4811 5421/5421
f 6058/6058 5421/5421 866/866
f 2547/2547 658/658 3101/3101
f 469/469 3101/3101 658/658
f 2055/2055 2318/2318 680/680
f 2902/2902 3103/3103 828/828
f 603/603 5879/5879 2740/2740
f 2711/2711 3026/3026 3082/3082
f 1959/1959 6213/6213 2588/2588
f 5514/5514 414/414 3105/3105
f 3105/3105 414/414 4132/4132
f 1761/1761 5635/5635 417/417
f 630/630 911/911 2702/2702
f 5681/5681 6084/6084 3238/3238
f 5441/5441 5681/5681 564/564
f 3737/3737 2367/2367 1893/1893
f 539/539 4064/4064 3108/3108
f 3650/3650 5061/5061 5050/5050
f 1921/1921 6100/6100 5061/5061
f 574/574 3111/3111 3005/3005
f 3112/3112 1717/1717 735/735
f 2561/2561 3112/3112 735/735
f 948/948 6213/6213 1813/1813
f 2588/2588 6213/6213 948/948
f 2315/2315 4623/4623 2668/2668
f 877/877 3041/3041 4392/4392
f 2640/2640 3114/3114 674/674
f 756/756 2903/2903 3176/3176
f 951/951 2417/2417 3708/3708
f 2126/2126 747/747 3117/3117
f 3117/3117 747/747 5687/5687
f 5298/5298 878/878 5110/5110
f 2019/2019 2631/2631 2204/2204
f 4842/4842 4858/4858 2568/2568
f 2671/2671 3643/3643 3123/3123
f 353/353 682/682 5848/5848
f 658/658 6017/6017 2964/2964
f 2480/2480 3764/3764 3126/3126
f 448/448 3947/3947 5604/5604
f 25/25 3127/3127 2028/2028
f 5132/5132 6049/6049 3068/3068
f 3108/3108 758/758 3887/3887
f 620/620 3030/3030 4544/4544
f 3129/3129 2901/2901 776/776
f 3129/3129 776/776 5923/5923
f 2771/2771 2926/2926 467/467
f 5244/5244 3437/3437 419/419
f 2273/2273 791/791 390/390
f 2941/2941 95/95 3784/3784
f 3993/3993 2935/2935 535/535
f 664/664 3135/3135 862/862
f 5448/5448 5741/5741 1912/1912
f 2134/2134 2780/2780 404/404
f 4920/4920 4867/4867 390/390
f 2512/2512 2622/2622 3062/3062
f 5863/5863 5092/5092 852/852
f 3007/3007 421/421 3130/3130
f 6333/6333 797/797 5410/5410
f 3030/3030 620/620 4977/4977
f 3032/3032 3092/3092 5670/5670
f 3142/3142 3002/3002 2384/2384
f 3142/3142 2384/2384 5195/5195
f 653/653 3002/3002 4464/4464
f 3075/3075 798/798 5296/5296
f 3018/3018 2812/2812 38/38
f 475/475 956/956 2814/2814
f 958/958 1963/1963 624/624
f 650/650 3146/3146 2774/2774
f 1715/1715 3794/3794 650/650
f 693/693 4931/4931 3293/3293
f 899/899 4931/4931 693/693
f 3147/3147 3265/3265 3283/3283
f 2029/2029 541/541 2432/2432
f 2023/2023 4141/4141 3148/3148
f 3148/3148 4141/4141 5977/5977
f 3009/3009 5364/5364 3149/3149
f 2998/2998 3098/3098 2582/2582
f 403/403 3933/3933 4049/4049
f 3151/3151 3180/3180 690/690
f 974/974 3151/3151 3020/3020
f 5118/5118 4808/4808 877/877
f 4656/4656 967/967 3193/3193
f 3156/3156 5358/5358 383/383
f 4845/4845 3751/3751 5838/5838
f 5139/5139 1631/1631 4382/4382
f 3891/3891 493/493 4694/4694
f 3839/3839 5947/5947 3159/3159
f 785/785 5947/5947 5058/5058
f 5330/5330 2954/2954 1684/1684
f 5672/5672 1879/1879 6148/6148
f 2476/2476 848/848 885/885
f 1911/1911 2587/2587 3166/3166
f 1877/1877 2517/2517 3278/3278
f 848/848 2476/2476 1723/1723
f 582/582 822/822 2112/2112
f 1946/1946 2353/2353 3011/3011
f 2134/2134 771/771 3284/3284
f 1844/1844 1925/1925 547/547
f 682/682 3811/3811 2528/2528
f 3172/3172 2468/2468 2537/2537
f 3172/3172 2537/2537 962/962
f 3173/3173 737/737 5138/5138
f 1829/1829 5610/5610 6114/6114
f 2966/2966 2618/2618 2929/2929
f 4868/4868 6038/6038 1889/1889
f 2046/2046 3174/3174 4085/4085
f 2922/2922 525/525 1854/1854
f 382/382 2373/2373 5034/5034
f 756/756 3176/3176 2800/2800
f 2478/2478 484/484 3095/3095
f 904/904 873/873 2778/2778
f 4396/4396 5773/5773 4428/4428
f 937/937 5030/5030 3177/3177
f 660/660 2389/2389 3178/3178
f 2995/2995 3178/3178 2389/2389
f 2218/2218 1918/1918 5169/5169
f 2671/2671 4396/4396 3898/3898
f 3180/3180 3151/3151 503/503
f 3180/3180 503/503 3266/3266
f 5423/5423 5740/5740 4441/4441
f 2627/2627 5105/5105 3183/3183
f 3184/3184 6147/6147 619/619
f 3184/3184 619/619 4555/4555
f 1946/1946 4852/4852 409/409
f 3185/3185 3068/3068 4946/4946
f 3189/3189 2927/2927 4848/4848
f 3655/3655 3103/3103 4580/4580
f 5430/5430 2938/2938 1991/1991
f 3084/3084 5464/5464 3191/3191
f 3191/3191 824/824 668/668
f 2992/2992 3217/3217 544/544
f 2895/2895 4546/4546 639/639
f 3192/3192 923/923 2228/2228
f 6173/6173 2439/2439 5514/5514
f 2439/2439 6173/6173 4285/4285
f 607/607 3274/3274 3085/3085
f 2032/2032 3745/3745 2257/2257
f 3154/3154 967/967 4656/4656
f 3193/3193 967/967 3904/3904
f 3851/3851 2845/2845 3123/3123
f 724/724 673/673 6368/6368
f 2763/2763 6290/6290 3022/3022
f 4101/4101 604/604 4676/4676
f 2192/2192 5405/5405 6010/6010
f 1743/1743 5796/5796 2872/2872
f 2547/2547 396/396 2284/2284
f 2059/2059 358/358 4082/4082
f 2155/2155 3134/3134 5189/5189
f 3083/3083 5167/5167 3191/3191
f 4569/4569 3114/3114 2640/2640
f 2964/2964 6006/6006 645/645
f 3058/3058 2484/2484 3203/3203
f 3203/3203 2484/2484 1970/1970
f 2623/2623 404/404 3204/3204
f 2780/2780 3204/3204 404/404
f 6362/6362 855/855 3156/3156
f 394/394 688/688 3205/3205
f 1759/1759 3205/3205 688/688
f 1854/1854 524/524 3206/3206
f 2214/2214 3206/3206 524/524
f 3021/3021 624/624 3136/3136
f 2749/2749 2984/2984 6163/6163
f 6347/6347 5118/5118 4392/4392
f 3282/3282 3212/3212 4909/4909
f 942/942 3212/3212 3282/3282
f 1766/1766 4127/4127 561/561
f 5264/5264 5781/5781 408/408
f 3082/3082 567/567 2711/2711
f 3055/3055 919/919 4430/4430
f 2233/2233 2733/2733 63/63
f 421/421 6080/6080 3130/3130
f 3213/3213 2687/2687 3397/3397
f 3214/3214 464/464 4605/4605
f 6291/6291 426/426 4972/4972
f 2065/2065 474/474 5981/5981
f 525/525 3198/3198 5861/5861
f 3440/3440 3215/3215 4882/4882
f 6391/6391 3215/3215 4810/4810
f 111/111 5858/5858 832/832
f 2603/2603 514/514 3217/3217
f 4812/4812 3914/3914 3032/3032
f 1904/1904 2889/2889 838/838
f 3178/3178 5143/5143 5568/5568
f 5901/5901 6276/6276 5661/5661
f 3219/3219 4821/4821 718/718
f 3222/3222 2298/2298 511/511
f 1850/1850 3222/3222 511/511
f 2792/2792 3002/3002 653/653
f 6406/6406 2815/2815 2627/2627
f 6406/6406 2627/2627 4000/4000
f 2523/2523 2201/2201 5185/5185
f 837/837 2087/2087 420/420
f 779/779 5405/5405 2192/2192
f 2059/2059 5019/5019 5394/5394
f 3551/3551 3430/3430 4378/4378
f 3430/3430 5948/5948 5414/5414
f 580/580 957/957 3227/3227
f 472/472 3227/3227 2584/2584
f 587/587 5869/5869 3228/3228
f 3910/3910 6247/6247 379/379
f 4029/4029 5512/5512 846/846
f 3127/3127 26/26 5604/5604
f 3269/3269 2683/2683 3570/3570
f 3331/3331 3234/3234 5021/5021
f 5680/5680 29/29 3235/3235
f 392/392 6305/6305 4475/4475
f 2828/2828 4459/4459 3237/3237
f 3237/3237 5633/5633 3750/3750
f 3535/3535 3238/3238 387/387
f 678/678 3238/3238 3535/3535
f 6391/6391 3235/3235 29/29
f 4435/4435 3242/3242 440/440
f 76/76 3242/3242 4706/4706
f 664/664 3814/3814 5864/5864
f 3244/3244 6196/6196 918/918
f 3288/3288 3246/3246 2265/2265
f 5358/5358 4143/4143 3288/3288
f 3303/3303 3247/3247 2475/2475
f 370/370 3247/3247 3303/3303
f 4045/4045 4032/4032 3252/3252
f 3863/3863 5682/5682 6247/6247
f 455/455 4033/4033 5337/5337
f 3582/3582 3515/3515 3249/3249
f 3986/3986 3250/3250 103/103
f 104/104 3250/3250 3986/3986
f 455/455 5337/5337 3251/3251
f 2679/2679 3251/3251 5360/5360
f 3350/3350 5985/5985 4825/4825
f 23/23 5985/5985 3350/3350
f 3252/3252 3045/3045 4976/4976
f 5984/5984 5522/5522 3626/3626
f 2294/2294 5522/5522 5984/5984
f 3386/3386 3253/3253 5792/5792
f 3253/3253 3386/3386 3352/3352
f 2990/2990 3254/3254 1637/1637
f 490/490 3254/3254 2990/2990
f 115/115 5364/5364 3410/3410
f 3258/3258 2157/2157 583/583
f 3258/3258 583/583 4674/4674
f 3861/3861 3261/3261 5990/5990
f 3213/3213 749/749 874/874
f 3286/3286 3265/3265 3159/3159
f 2632/2632 6296/6296 502/502
f 6296/6296 2632/2632 3368/3368
f 663/663 5296/5296 3266/3266
f 3180/3180 3266/3266 798/798
f 5228/5228 34/34 3267/3267
f 703/703 3268/3268 4612/4612
f 2517/2517 3268/3268 6299/6299
f 3987/3987 3269/3269 5434/5434
f 633/633 3269/3269 3987/3987
f 4676/4676 2441/2441 4711/4711
f 113/113 4676/4676 3417/3417
f 3323/3323 3302/3302 3705/3705
f 3338/3338 3272/3272 2124/2124
f 3338/3338 4293/4293 3272/3272
f 3085/3085 3274/3274 3977/3977
f 2357/2357 5654/5654 3277/3277
f 3277/3277 350/350 3923/3923
f 4475/4475 1696/1696 6096/6096
f 3278/3278 2517/2517 6299/6299
f 439/439 3278/3278 703/703
f 697/697 1698/1698 3960/3960
f 3342/3342 4956/4956 5893/5893
f 1853/1853 649/649 3282/3282
f 3282/3282 649/649 4782/4782
f 922/922 526/526 3283/3283
f 3147/3147 3283/3283 526/526
f 3284/3284 5008/5008 4059/4059
f 3198/3198 717/717 3286/3286
f 2265/2265 84/84 3288/3288
f 3288/3288 84/84 3702/3702
f 857/857 6096/6096 3293/3293
f 693/693 3293/3293 6096/6096
f 760/760 5866/5866 3296/3296
f 4728/4728 4750/4750 3297/3297
f 558/558 3297/3297 4750/4750
f 3959/3959 541/541 3299/3299
f 2029/2029 3299/3299 541/541
f 104/104 3986/3986 3/3
f 3302/3302 4468/4468 3705/3705
f 2475/2475 4313/4313 3303/3303
f 3303/3303 176/176 4275/4275
f 970/970 5637/5637 3304/3304
f 2411/2411 3304/3304 1739/1739
f 4856/4856 3678/3678 3314/3314
f 4572/4572 6245/6245 3315/3315
f 3019/3019 3320/3320 2264/2264
f 3302/3302 3323/3323 890/890
f 89/89 834/834 3519/3519
f 3324/3324 834/834 3517/3517
f 3632/3632 5930/5930 3330/3330
f 795/795 4240/4240 5021/5021
f 3378/3378 4240/4240 560/560
f 927/927 471/471 3334/3334
f 736/736 3334/3334 3380/3380
f 867/867 3335/3335 2560/2560
f 2124/2124 2518/2518 3338/3338
f 973/973 3338/3338 2564/2564
f 1897/1897 5540/5540 5893/5893
f 4831/4831 3514/3514 4106/4106
f 2844/2844 6351/6351 3343/3343
f 2438/2438 3189/3189 3344/3344
f 3866/3866 3823/3823 3346/3346
f 3823/3823 3866/3866 79/79
f 4804/4804 3349/3349 6287/6287
f 2395/2395 3349/3349 4804/4804
f 3352/3352 116/116 3468/3468
f 796/796 3350/3350 4825/4825
f 4724/4724 3350/3350 449/449
f 3253/3253 3352/3352 2629/2629
f 3354/3354 4138/4138 742/742
f 3354/3354 742/742 6358/6358
f 3355/3355 4875/4875 3476/3476
f 5948/5948 3355/3355 3476/3476
f 2197/2197 537/537 3356/3356
f 2310/2310 3356/3356 537/537
f 3362/3362 4719/4719 578/578
f 3767/3767 94/94 3364/3364
f 3365/3365 1790/1790 5534/5534
f 2191/2191 6218/6218 3368/3368
f 6296/6296 3368/3368 6218/6218
f 5151/5151 5927/5927 3369/3369
f 2260/2260 3369/3369 5927/5927
f 962/962 807/807 3370/3370
f 3800/3800 83/83 3372/3372
f 2449/2449 3372/3372 2265/2265
f 5029/5029 356/356 3374/3374
f 2065/2065 3374/3374 356/356
f 4397/4397 3640/3640 3378/3378
f 4754/4754 471/471 3374/3374
f 3334/3334 471/471 3380/3380
f 3380/3380 471/471 4754/4754
f 2083/2083 3385/3385 5325/5325
f 3288/3288 3702/3702 5358/5358
f 3352/3352 3386/3386 5954/5954
f 4325/4325 514/514 3388/3388
f 514/514 5733/5733 3388/3388
f 5829/5829 3808/3808 1893/1893
f 4856/4856 146/146 3391/3391
f 4948/4948 144/144 3394/3394
f 6394/6394 3396/3396 827/827
f 3213/3213 3397/3397 5972/5972
f 4749/4749 4/4 3399/3399
f 4224/4224 374/374 3400/3400
f 761/761 147/147 3401/3401
f 5472/5472 722/722 3403/3403
f 5359/5359 971/971 3406/3406
f 2301/2301 3406/3406 971/971
f 126/126 733/733 5748/5748
f 5748/5748 4009/4009 3771/3771
f 3009/3009 114/114 3410/3410
f 3543/3543 137/137 3411/3411
f 1911/1911 3411/3411 6338/6338
f 5858/5858 111/111 3412/3412
f 4101/4101 113/113 3413/3413
f 737/737 386/386 3415/3415
f 2626/2626 3415/3415 386/386
f 3417/3417 4711/4711 112/112
f 3303/3303 4313/4313 176/176
f 4140/4140 124/124 3420/3420
f 2649/2649 121/121 3422/3422
f 2786/2786 149/149 3423/3423
f 725/725 4378/4378 3430/3430
f 5948/5948 3430/3430 3551/3551
f 2230/2230 684/684 3431/3431
f 1676/1676 3431/3431 684/684
f 6187/6187 5711/5711 3433/3433
f 2575/2575 148/148 3435/3435
f 2228/2228 3436/3436 5831/5831
f 2672/2672 3669/3669 3437/3437
f 655/655 5231/5231 3440/3440
f 3440/3440 4812/4812 4810/4810
f 4079/4079 714/714 3441/3441
f 5531/5531 3441/3441 6282/6282
f 1948/1948 4586/4586 4947/4947
f 3443/3443 4586/4586 5895/5895
f 4535/4535 165/165 3445/3445
f 2183/2183 115/115 3446/3446
f 3821/3821 120/120 3447/3447
f 4211/4211 5207/5207 3448/3448
f 2514/2514 3448/3448 5207/5207
f 2425/2425 3450/3450 3455/3455
f 2604/2604 3451/3451 829/829
f 4945/4945 122/122 3648/3648
f 3454/3454 5353/5353 2778/2778
f 1676/1676 793/793 3455/3455
f 2425/2425 3455/3455 571/571
f 92/92 554/554 3692/3692
f 550/550 3459/3459 554/554
f 6399/6399 2141/2141 3462/3462
f 4185/4185 3462/3462 2141/2141
f 764/764 2032/2032 3463/3463
f 956/956 3464/3464 3847/3847
f 2378/2378 1789/1789 3471/3471
f 3471/3471 1789/1789 4362/4362
f 4359/4359 60/60 3472/3472
f 5948/5948 3476/3476 5414/5414
f 3973/3973 5657/5657 3478/3478
f 648/648 5805/5805 4670/4670
f 1941/1941 119/119 3480/3480
f 3648/3648 123/123 3483/3483
f 3424/3424 3483/3483 123/123
f 932/932 5784/5784 579/579
f 5958/5958 3485/3485 5266/5266
f 2386/2386 4279/4279 3488/3488
f 4946/4946 4279/4279 4494/4494
f 3494/3494 4468/4468 3302/3302
f 3017/3017 151/151 3496/3496
f 810/810 3753/3753 3499/3499
f 6394/6394 847/847 3500/3500
f 847/847 4169/4169 3500/3500
f 3502/3502 5003/5003 143/143
f 6092/6092 3219/3219 2509/2509
f 5570/5570 2509/2509 3219/3219
f 833/833 142/142 3506/3506
f 3026/3026 4590/4590 3509/3509
f 734/734 88/88 3512/3512
f 6272/6272 139/139 3513/3513
f 1692/1692 891/891 3514/3514
f 3514/3514 891/891 6354/6354
f 4032/4032 3515/3515 3656/3656
f 3249/3249 3515/3515 4045/4045
f 3324/3324 3517/3517 375/375
f 2068/2068 141/141 3518/3518
f 3324/3324 734/734 3519/3519
f 3512/3512 3519/3519 734/734
f 3520/3520 4266/4266 152/152
f 532/532 926/926 3521/3521
f 656/656 3521/3521 926/926
f 3401/3401 1913/1913 761/761
f 2813/2813 4005/4005 3524/3524
f 5862/5862 762/762 3529/3529
f 1865/1865 3529/3529 762/762
f 2812/2812 353/353 3530/3530
f 5484/5484 3530/3530 5848/5848
f 6246/6246 850/850 3534/3534
f 3534/3534 850/850 3212/3212
f 738/738 387/387 6084/6084
f 426/426 3537/3537 4972/4972
f 3488/3488 3068/3068 2826/2826
f 3543/3543 5418/5418 136/136
f 3545/3545 4902/4902 590/590
f 3545/3545 590/590 5191/5191
f 1866/1866 153/153 3549/3549
f 3550/3550 834/834 89/89
f 367/367 4205/4205 3551/3551
f 2109/2109 2581/2581 3685/3685
f 2109/2109 4616/4616 3553/3553
f 378/378 4895/4895 3554/3554
f 3251/3251 3554/3554 5360/5360
f 1654/1654 90/90 3555/3555
f 4985/4985 155/155 6200/6200
f 2879/2879 117/117 3559/3559
f 3049/3049 6338/6338 3654/3654
f 3773/3773 3563/3563 3841/3841
f 6351/6351 3803/3803 3568/3568
f 3849/3849 5871/5871 3569/3569
f 2683/2683 595/595 3570/3570
f 916/916 3570/3570 595/595
f 5636/5636 5008/5008 3571/3571
f 3284/3284 3571/3571 5008/5008
f 1659/1659 5795/5795 3574/3574
f 3364/3364 3574/3574 3767/3767
f 457/457 4782/4782 5144/5144
f 482/482 3575/3575 649/649
f 4777/4777 118/118 3576/3576
f 466/466 6200/6200 3579/3579
f 3558/3558 3579/3579 6200/6200
f 2471/2471 86/86 3580/3580
f 3249/3249 1862/1862 3582/3582
f 1717/1717 3582/3582 1862/1862
f 2216/2216 3930/3930 4985/4985
f 2219/2219 719/719 3587/3587
f 2197/2197 3587/3587 719/719
f 95/95 2941/2941 3590/3590
f 460/460 3590/3590 2941/2941
f 3593/3593 3579/3579 156/156
f 5151/5151 135/135 6285/6285
f 3454/3454 2778/2778 3008/3008
f 2858/2858 2223/2223 3596/3596
f 6280/6280 3596/3596 2223/2223
f 790/790 977/977 3597/3597
f 570/570 3597/3597 4507/4507
f 4755/4755 157/157 3598/3598
f 4681/4681 862/862 3600/3600
f 2214/2214 3600/3600 862/862
f 3369/3369 134/134 3618/3618
f 3297/3297 558/558 3619/3619
f 4141/4141 3619/3619 5977/5977
f 3668/3668 3621/3621 4069/4069
f 2507/2507 3621/3621 909/909
f 4270/4270 5525/5525 3622/3622
f 947/947 3622/3622 5525/5525
f 3534/3534 2239/2239 611/611
f 383/383 85/85 3635/3635
f 5127/5127 4145/4145 3636/3636
f 3640/3640 4505/4505 4747/4747
f 4764/4764 419/419 3643/3643
f 3123/3123 3643/3643 419/419
f 3648/3648 3483/3483 972/972
f 4945/4945 3648/3648 972/972
f 762/762 5862/5862 3650/3650
f 5061/5061 3650/3650 5862/5862
f 801/801 964/964 3653/3653
f 3653/3653 964/964 384/384
f 3654/3654 3562/3562 138/138
f 2405/2405 3654/3654 3522/3522
f 729/729 828/828 3655/3655
f 3103/3103 3655/3655 828/828
f 2319/2319 668/668 3472/3472
f 3515/3515 3582/3582 3656/3656
f 3833/3833 5642/5642 3656/3656
f 2183/2183 3446/3446 116/116
f 3658/3658 4536/4536 5176/5176
f 4883/4883 3764/3764 3659/3659
f 2480/2480 3659/3659 3764/3764
f 3929/3929 4329/4329 3660/3660
f 3660/3660 4329/4329 5793/5793
f 4070/4070 3664/3664 3661/3661
f 1924/1924 538/538 3664/3664
f 4862/4862 3664/3664 5028/5028
f 3590/3590 3364/3364 94/94
f 6323/6323 4870/4870 735/735
f 414/414 2429/2429 3666/3666
f 1732/1732 3666/3666 2429/2429
f 2599/2599 133/133 3667/3667
f 3621/3621 3668/3668 909/909
f 6312/6312 5376/5376 3669/3669
f 5332/5332 4466/4466 3670/3670
f 3076/3076 3670/3670 4466/4466
f 2502/2502 5617/5617 3672/3672
f 3177/3177 921/921 3675/3675
f 1754/1754 3675/3675 921/921
f 4366/4366 892/892 3689/3689
f 5454/5454 3786/3786 3689/3689
f 588/588 3661/3661 3690/3690
f 952/952 3690/3690 659/659
f 5252/5252 3407/3407 3975/3975
f 3459/3459 91/91 3692/3692
f 864/864 481/481 3693/3693
f 2534/2534 3693/3693 481/481
f 3636/3636 5064/5064 3695/3695
f 4057/4057 4513/4513 3696/3696
f 799/799 3696/3696 4513/4513
f 2564/2564 1648/1648 4218/4218
f 2046/2046 3703/3703 4218/4218
f 1870/1870 431/431 3704/3704
f 1913/1913 3704/3704 431/431
f 2468/2468 4892/4892 6067/6067
f 3147/3147 526/526 3708/3708
f 3708/3708 526/526 951/951
f 635/635 4424/4424 3709/3709
f 1961/1961 3709/3709 5627/5627
f 3710/3710 4349/4349 854/854
f 3710/3710 854/854 4969/4969
f 5359/5359 3704/3704 3716/3716
f 4078/4078 5034/5034 3720/3720
f 2373/2373 3720/3720 5034/5034
f 530/530 2208/2208 3433/3433
f 3050/3050 4400/4400 3927/3927
f 2503/2503 4546/4546 3723/3723
f 5170/5170 3723/3723 3973/3973
f 3079/3079 5320/5320 3724/3724
f 3724/3724 3296/3296 5155/5155
f 523/523 3726/3726 4581/4581
f 3730/3730 4439/4439 2004/2004
f 556/556 3731/3731 2300/2300
f 4539/4539 2635/2635 3732/3732
f 3406/3406 2301/2301 3733/3733
f 3733/3733 2301/2301 5383/5383
f 625/625 2142/2142 3734/3734
f 498/498 3734/3734 2142/2142
f 4369/4369 2589/2589 3735/3735
f 2073/2073 3735/3735 2589/2589
f 3403/3403 570/570 3736/3736
f 3736/3736 570/570 4834/4834
f 2879/2879 3559/3559 3737/3737
f 3737/3737 118/118 4777/4777
f 2920/2920 6/6 3738/3738
f 3569/3569 593/593 3740/3740
f 2604/2604 3740/3740 593/593
f 446/446 2688/2688 3741/3741
f 945/945 3742/3742 5247/5247
f 2257/2257 3745/3745 5660/5660
f 603/603 4859/4859 3746/3746
f 1921/1921 3746/3746 442/442
f 3749/3749 6286/6286 96/96
f 870/870 4741/4741 3750/3750
f 3237/3237 3750/3750 3936/3936
f 2954/2954 3154/3154 5805/5805
f 2982/2982 3751/3751 5064/5064
f 4112/4112 181/181 3752/3752
f 2009/2009 3752/3752 181/181
f 810/810 6035/6035 3753/3753
f 2113/2113 753/753 3670/3670
f 3335/3335 3754/3754 6024/6024
f 765/765 6388/6388 5926/5926
f 816/816 5926/5926 6388/6388
f 3758/3758 3372/3372 83/83
f 619/619 1931/1931 3764/3764
f 3126/3126 3764/3764 1931/1931
f 5795/5795 92/92 3765/3765
f 628/628 6155/6155 6137/6137
f 2530/2530 628/628 6137/6137
f 622/622 4226/4226 3769/3769
f 2523/2523 3769/3769 2201/2201
f 2411/2411 3574/3574 2868/2868
f 2961/2961 3773/3773 3841/3841
f 2618/2618 2966/2966 5507/5507
f 603/603 3774/3774 2966/2966
f 2626/2626 98/98 3775/3775
f 2414/2414 3138/3138 4720/4720
f 6242/6242 402/402 3779/3779
f 2695/2695 3779/3779 402/402
f 2242/2242 97/97 3780/3780
f 5025/5025 5857/5857 3781/3781
f 3781/3781 5857/5857 5212/5212
f 4785/4785 3570/3570 3782/3782
f 3782/3782 3570/3570 916/916
f 3783/3783 3415/3415 99/99
f 4832/4832 5177/5177 3537/3537
f 3590/3590 94/94 3785/3785
f 5635/5635 3909/3909 5531/5531
f 3441/3441 3909/3909 593/593
f 368/368 733/733 6369/6369
f 898/898 596/596 3793/3793
f 6346/6346 3146/3146 3794/3794
f 627/627 4571/4571 3754/3754
f 3391/3391 3795/3795 4856/4856
f 2081/2081 441/441 4441/4441
f 4705/4705 1957/1957 6219/6219
f 3800/3800 1808/1808 82/82
f 797/797 5405/5405 3436/3436
f 3803/3803 6351/6351 81/81
f 3804/3804 4526/4526 5747/5747
f 845/845 632/632 3807/3807
f 2498/2498 3807/3807 632/632
f 3737/3737 1893/1893 3808/3808
f 5984/5984 3808/3808 5829/5829
f 682/682 353/353 3811/3811
f 3018/3018 3811/3811 353/353
f 3365/3365 5972/5972 3812/3812
f 3812/3812 5972/5972 3397/3397
f 4325/4325 4588/4588 5777/5777
f 6196/6196 3244/3244 3814/3814
f 3450/3450 4560/4560 3818/3818
f 809/809 3818/3818 4094/4094
f 874/874 1833/1833 3819/3819
f 3819/3819 1833/1833 4581/4581
f 6067/6067 4892/4892 3597/3597
f 3821/3821 3480/3480 120/120
f 3362/3362 3822/3822 597/597
f 3346/3346 3823/3823 6265/6265
f 3653/3653 384/384 6156/6156
f 6156/6156 384/384 5005/5005
f 2844/2844 80/80 3825/3825
f 2163/2163 100/100 3826/3826
f 3656/3656 3582/3582 3833/3833
f 5809/5809 2144/2144 3836/3836
f 2594/2594 3836/3836 2144/2144
f 2457/2457 670/670 3838/3838
f 3619/3619 4141/4141 3838/3838
f 3839/3839 3084/3084 4731/4731
f 3563/3563 868/868 3841/3841
f 3956/3956 611/611 3844/3844
f 2239/2239 3844/3844 611/611
f 5410/5410 3957/3957 3064/3064
f 3464/3464 3913/3913 3847/3847
f 844/844 814/814 3059/3059
f 3569/3569 3740/3740 3849/3849
f 423/423 3849/3849 2314/2314
f 3823/3823 79/79 3850/3850
f 836/836 6384/6384 5440/5440
f 3123/3123 5376/5376 3851/3851
f 6312/6312 3851/3851 5376/5376
f 3852/3852 4554/4554 101/101
f 444/444 5593/5593 3854/3854
f 3854/3854 802/802 4307/4307
f 5048/5048 2748/2748 3859/3859
f 622/622 3859/3859 2748/2748
f 5251/5251 3836/3836 3861/3861
f 6247/6247 3910/3910 3863/3863
f 5337/5337 4033/4033 3863/3863
f 3346/3346 78/78 3866/3866
f 445/445 5957/5957 3869/3869
f 107/107 3869/3869 4686/4686
f 1746/1746 2470/2470 3873/3873
f 3873/3873 2470/2470 6025/6025
f 2550/2550 3874/3874 468/468
f 4148/4148 2571/2571 3875/3875
f 1707/1707 3875/3875 2571/2571
f 2562/2562 3267/3267 6229/6229
f 1880/1880 3911/3911 3267/3267
f 586/586 3883/3883 4991/4991
f 1895/1895 2/2 3884/3884
f 3535/3535 2737/2737 678/678
f 5851/5851 3889/3889 586/586
f 433/433 1923/1923 535/535
f 3640/3640 881/881 3331/3331
f 3331/3331 881/881 3234/3234
f 3891/3891 6027/6027 2831/2831
f 493/493 3891/3891 2831/2831
f 5720/5720 44/44 6378/6378
f 6370/6370 1772/1772 3895/3895
f 6345/6345 460/460 6368/6368
f 979/979 418/418 3896/3896
f 902/902 3896/3896 418/418
f 3898/3898 5446/5446 3643/3643
f 5962/5962 5859/5859 3901/3901
f 3901/3901 5859/5859 5338/5338
f 3370/3370 807/807 3903/3903
f 3038/3038 3903/3903 807/807
f 3025/3025 545/545 3904/3904
f 2452/2452 102/102 3905/3905
f 3451/3451 593/593 3909/3909
f 5531/5531 3909/3909 3441/3441
f 3863/3863 3910/3910 3554/3554
f 669/669 3913/3913 1715/1715
f 3032/3032 3914/3914 5552/5552
f 2698/2698 5657/5657 3917/3917
f 2523/2523 643/643 3918/3918
f 2285/2285 3918/3918 643/643
f 3277/3277 3923/3923 2636/2636
f 3929/3929 5396/5396 4567/4567
f 1749/1749 4309/4309 3930/3930
f 3584/3584 3930/3930 154/154
f 2992/2992 5530/5530 717/717
f 2999/2999 492/492 3933/3933
f 2336/2336 3933/3933 492/492
f 3237/3237 3936/3936 515/515
f 2813/2813 6052/6052 3937/3937
f 3937/3937 6052/6052 2708/2708
f 449/449 5348/5348 3942/3942
f 5105/5105 3942/3942 4126/4126
f 637/637 3944/3944 3349/3349
f 4322/4322 6057/6057 3945/3945
f 557/557 3945/3945 6057/6057
f 3947/3947 5993/5993 3127/3127
f 3320/3320 5954/5954 3386/3386
f 3506/3506 5388/5388 833/833
f 550/550 6003/6003 4370/4370
f 5135/5135 375/375 3948/3948
f 3034/3034 3948/3948 375/375
f 6358/6358 742/742 3949/3949
f 3536/3536 3949/3949 742/742
f 3709/3709 3950/3950 635/635
f 2452/2452 3952/3952 364/364
f 3403/3403 752/752 6067/6067
f 3844/3844 3034/3034 3956/3956
f 3436/3436 923/923 3957/3957
f 3064/3064 3957/3957 4249/4249
f 3299/3299 701/701 3959/3959
f 962/962 3959/3959 4999/4999
f 641/641 5739/5739 3960/3960
f 2262/2262 4469/4469 3961/3961
f 6215/6215 5841/5841 3964/3964
f 1915/1915 3965/3965 5555/5555
f 3966/3966 4648/4648 711/711
f 968/968 3966/3966 711/711
f 177/177 370/370 4275/4275
f 3303/3303 4275/4275 370/370
f 3478/3478 5170/5170 3973/3973
f 5000/5000 978/978 3974/3974
f 931/931 3974/3974 4093/4093
f 5252/5252 3975/3975 5127/5127
f 822/822 4515/4515 3977/3977
f 3977/3977 67/67 4530/4530
f 33/33 2562/2562 5291/5291
f 466/466 871/871 3983/3983
f 3330/3330 3983/3983 871/871
f 3988/3988 3987/3987 917/917
f 3988/3988 2316/2316 633/633
f 3987/3987 3988/3988 633/633
f 6281/6281 3944/3944 4142/4142
f 937/937 5602/5602 3991/3991
f 3991/3991 5764/5764 2860/2860
f 2662/2662 657/657 5913/5913
f 3134/3134 3993/3993 657/657
f 5132/5132 3068/3068 3997/3997
f 3185/3185 3997/3997 3068/3068
f 3852/3852 102/102 3998/3998
f 2452/2452 3998/3998 102/102
f 949/949 638/638 4000/4000
f 6406/6406 4000/4000 638/638
f 940/940 777/777 4001/4001
f 368/368 1864/1864 4002/4002
f 4005/4005 3513/3513 140/140
f 4008/4008 4292/4292 4642/4642
f 4009/4009 5748/5748 733/733
f 4002/4002 4009/4009 733/733
f 6226/6226 4016/4016 1734/1734
f 3005/3005 2642/2642 4018/4018
f 653/653 4018/4018 2642/2642
f 4019/4019 4939/4939 5124/5124
f 751/751 504/504 4021/4021
f 4021/4021 504/504 1735/1735
f 2984/2984 664/664 5513/5513
f 3135/3135 664/664 5864/5864
f 5375/5375 1709/1709 3847/3847
f 2183/2183 116/116 3352/3352
f 3689/3689 3965/3965 362/362
f 3354/3354 6358/6358 4029/4029
f 2067/2067 604/604 4030/4030
f 3197/3197 4030/4030 4101/4101
f 3515/3515 4032/4032 4045/4045
f 1753/1753 4033/4033 455/455
f 423/423 4035/4035 6371/6371
f 2009/2009 181/181 4043/4043
f 430/430 2018/2018 3385/3385
f 3249/3249 4045/4045 777/777
f 2393/2393 3568/3568 6308/6308
f 969/969 6344/6344 1971/1971
f 1766/1766 1971/1971 4127/4127
f 4048/4048 2069/2069 5959/5959
f 4788/4788 4048/4048 5959/5959
f 6384/6384 41/41 5440/5440
f 1724/1724 1720/1720 4049/4049
f 1720/1720 403/403 4049/4049
f 3334/3334 769/769 4050/4050
f 4051/4051 6092/6092 2509/2509
f 4051/4051 2509/2509 4634/4634
f 3731/3731 4840/4840 4053/4053
f 2379/2379 4053/4053 4840/4840
f 3696/3696 4862/4862 4057/4057
f 4057/4057 4862/4862 5028/5028
f 1994/1994 1/1 4060/4060
f 3031/3031 534/534 4063/4063
f 6352/6352 3423/3423 150/150
f 1899/1899 2099/2099 4065/4065
f 2112/2112 4065/4065 2099/2099
f 3621/3621 569/569 4069/4069
f 3014/3014 4069/4069 569/569
f 5744/5744 2546/2546 4074/4074
f 2546/2546 5744/5744 896/896
f 4844/4844 5125/5125 4078/4078
f 3441/3441 3569/3569 4079/4079
f 842/842 548/548 4080/4080
f 5838/5838 4080/4080 4314/4314
f 6265/6265 3823/3823 4083/4083
f 3850/3850 4083/4083 3823/3823
f 3174/3174 893/893 4085/4085
f 6389/6389 4085/4085 893/893
f 3974/3974 978/978 4093/4093
f 3818/3818 4560/4560 4094/4094
f 3471/3471 1790/1790 4099/4099
f 4099/4099 1790/1790 3365/3365
f 3413/3413 3197/3197 4101/4101
f 5681/5681 3238/3238 4102/4102
f 173/173 4103/4103 4391/4391
f 2967/2967 4103/4103 3745/3745
f 3368/3368 2632/2632 4099/4099
f 4106/4106 6354/6354 851/851
f 354/354 4106/4106 851/851
f 868/868 3563/3563 4107/4107
f 4107/4107 629/629 4729/4729
f 5661/5661 4108/4108 2495/2495
f 3883/3883 4140/4140 3771/3771
f 3752/3752 180/180 4112/4112
f 4099/4099 3365/3365 2191/2191
f 2364/2364 54/54 4114/4114
f 3521/3521 4481/4481 3797/3797
f 2642/2642 5817/5817 2900/2900
f 4424/4424 635/635 4120/4120
f 3726/3726 4120/4120 635/635
f 3942/3942 5348/5348 4126/4126
f 6355/6355 2895/2895 4127/4127
f 4127/4127 2895/2895 4208/4208
f 4986/4986 381/381 4131/4131
f 2961/2961 4132/4132 3138/3138
f 3838/3838 670/670 3619/3619
f 761/761 431/431 4133/4133
f 1916/1916 4133/4133 431/431
f 2470/2470 179/179 4137/4137
f 474/474 4138/4138 3354/3354
f 3058/3058 4093/4093 978/978
f 3883/3883 5393/5393 4140/4140
f 3424/3424 4140/4140 3483/3483
f 2023/2023 1649/1649 4141/4141
f 3838/3838 4141/4141 1649/1649
f 796/796 4142/4142 5348/5348
f 2668/2668 3246/3246 4143/4143
f 3288/3288 4143/4143 3246/3246
f 3636/3636 4145/4145 5064/5064
f 3875/3875 884/884 4148/4148
f 3772/3772 4361/4361 577/577
f 577/577 4361/4361 5024/5024
f 2961/2961 782/782 4157/4157
f 486/486 4157/4157 852/852
f 2041/2041 4158/4158 4891/4891
f 2267/2267 436/436 3700/3700
f 4160/4160 4638/4638 2597/2597
f 2578/2578 4165/4165 2142/2142
f 2541/2541 2547/2547 4166/4166
f 3101/3101 4166/4166 2547/2547
f 1818/1818 2672/2672 4167/4167
f 4169/4169 847/847 55/55
f 887/887 2149/2149 4171/4171
f 6025/6025 4194/4194 4171/4171
f 4089/4089 896/896 167/167
f 896/896 4510/4510 167/167
f 2481/2481 4185/4185 786/786
f 4187/4187 4938/4938 178/178
f 960/960 389/389 4190/4190
f 939/939 4190/4190 389/389
f 4171/4171 4194/4194 4355/4355
f 4197/4197 6060/6060 2376/2376
f 908/908 4197/4197 2376/2376
f 3396/3396 3500/3500 4232/4232
f 3174/3174 477/477 4879/4879
f 4201/4201 477/477 885/885
f 4203/4203 4659/4659 5063/5063
f 2274/2274 4203/4203 5063/5063
f 3420/3420 125/125 3771/3771
f 4206/4206 5961/5961 1960/1960
f 2550/2550 4206/4206 1960/1960
f 4127/4127 4208/4208 561/561
f 479/479 721/721 4209/4209
f 2810/2810 4209/4209 721/721
f 3448/3448 545/545 4211/4211
f 897/897 4211/4211 545/545
f 621/621 5537/5537 2058/2058
f 4212/4212 4689/4689 907/907
f 3195/3195 4212/4212 907/907
f 3720/3720 1906/1906 4078/4078
f 401/401 4078/4078 1906/1906
f 2215/2215 4217/4217 522/522
f 4218/4218 3703/3703 2564/2564
f 530/530 5161/5161 2208/2208
f 428/428 4208/4208 639/639
f 3400/3400 161/161 4224/4224
f 2503/2503 4224/4224 4584/4584
f 5041/5041 2201/2201 4226/4226
f 3769/3769 4226/4226 2201/2201
f 4232/4232 3500/3500 56/56
f 3029/3029 177/177 4233/4233
f 4237/4237 3700/3700 713/713
f 483/483 3695/3695 4238/4238
f 2699/2699 4238/4238 3695/3695
f 2298/2298 560/560 4240/4240
f 3331/3331 4240/4240 3378/3378
f 4299/4299 417/417 4241/4241
f 820/820 4241/4241 417/417
f 2557/2557 4242/4242 765/765
f 5824/5824 479/479 4249/4249
f 3064/3064 4249/4249 479/479
f 608/608 800/800 4252/4252
f 2910/2910 4252/4252 800/800
f 1932/1932 2717/2717 4254/4254
f 489/489 4254/4254 2717/2717
f 5220/5220 3082/3082 6277/6277
f 3026/3026 6277/6277 3082/3082
f 748/748 2413/2413 4257/4257
f 3997/3997 4257/4257 5132/5132
f 2517/2517 4891/4891 4258/4258
f 623/623 4258/4258 5643/5643
f 935/935 1858/1858 4260/4260
f 2285/2285 4260/4260 1858/1858
f 4817/4817 4263/4263 861/861
f 2309/2309 2649/2649 3741/3741
f 5905/5905 57/57 4265/4265
f 4266/4266 3496/3496 152/152
f 4266/4266 3520/3520 2663/2663
f 5000/5000 4899/4899 978/978
f 1883/1883 4269/4269 2204/2204
f 3622/3622 864/864 4270/4270
f 4270/4270 864/864 3693/3693
f 796/796 449/449 3350/3350
f 3822/3822 931/931 4272/4272
f 4093/4093 4272/4272 931/931
f 2869/2869 2354/2354 4915/4915
f 3488/3488 4279/4279 4946/4946
f 3101/3101 539/539 4280/4280
f 3108/3108 4280/4280 539/539
f 2200/2200 5461/5461 4281/4281
f 6071/6071 4281/4281 5461/5461
f 6132/6132 6124/6124 445/445
f 4285/4285 6173/6173 513/513
f 914/914 4285/4285 821/821
f 3314/3314 3678/3678 410/410
f 685/685 3499/3499 4286/4286
f 4270/4270 3693/3693 4725/4725
f 2752/2752 4291/4291 4098/4098
f 4008/4008 851/851 4292/4292
f 475/475 4292/4292 851/851
f 973/973 4293/4293 3338/3338
f 3108/3108 4064/4064 1708/1708
f 4415/4415 4841/4841 4298/4298
f 4281/4281 4298/4298 4841/4841
f 4299/4299 4241/4241 780/780
f 4299/4299 780/780 798/798
f 2163/2163 4554/4554 4301/4301
f 4301/4301 3998/3998 2013/2013
f 4304/4304 5654/5654 5111/5111
f 4306/4306 4886/4886 2693/2693
f 802/802 1788/1788 4307/4307
f 615/615 4307/4307 1788/1788
f 3222/3222 1850/1850 4308/4308
f 3861/3861 4308/4308 1850/1850
f 3930/3930 4309/4309 154/154
f 856/856 4311/4311 4715/4715
f 6083/6083 6255/6255 5330/5330
f 4080/4080 548/548 4314/4314
f 3038/3038 4314/4314 3903/3903
f 4315/4315 5307/5307 58/58
f 1925/1925 1844/1844 4321/4321
f 2638/2638 4321/4321 1844/1844
f 3889/3889 6057/6057 4322/4322
f 793/793 4323/4323 6204/6204
f 3464/3464 4326/4326 3913/3913
f 4327/4327 4648/4648 5923/5923
f 5500/5500 4327/4327 5923/5923
f 809/809 827/827 4329/4329
f 5905/5905 4329/4329 827/827
f 2049/2049 613/613 4029/4029
f 1896/1896 4334/4334 4568/4568
f 5014/5014 174/174 4337/4337
f 2848/2848 3003/3003 4660/4660
f 3626/3626 4342/4342 5298/5298
f 629/629 912/912 2659/2659
f 630/630 2659/2659 912/912
f 473/473 3708/3708 5301/5301
f 3858/3858 854/854 4349/4349
f 553/553 4349/4349 3710/3710
f 4352/4352 1798/1798 5338/5338
f 5280/5280 887/887 4355/4355
f 4171/4171 4355/4355 887/887
f 4166/4166 3409/3409 2541/2541
f 853/853 901/901 4357/4357
f 3977/3977 4515/4515 67/67
f 4359/4359 6231/6231 59/59
f 3648/3648 3452/3452 123/123
f 6246/6246 434/434 4361/4361
f 3218/3218 4361/4361 434/434
f 1732/1732 4362/4362 1789/1789
f 2631/2631 4863/4863 5746/5746
f 778/778 3896/3896 902/902
f 3689/3689 362/362 4366/4366
f 5933/5933 4366/4366 362/362
f 4367/4367 5487/5487 966/966
f 465/465 4367/4367 966/966
f 4605/4605 464/464 4369/4369
f 2589/2589 4369/4369 464/464
f 3509/3509 4590/4590 4370/4370
f 4371/4371 5423/5423 410/410
f 3678/3678 4371/4371 410/410
f 4372/4372 3472/3472 60/60
f 4119/4119 2722/2722 4373/4373
f 3140/3140 4373/4373 2722/2722
f 2930/2930 5974/5974 4374/4374
f 3176/3176 4374/4374 5974/5974
f 4378/4378 5927/5927 2089/2089
f 4070/4070 3661/3661 588/588
f 3284/3284 4059/4059 2134/2134
f 739/739 925/925 4380/4380
f 3148/3148 4380/4380 925/925
f 3730/3730 2004/2004 4381/4381
f 2982/2982 4381/4381 2004/2004
f 3415/3415 2626/2626 3775/3775
f 5938/5938 5694/5694 4382/4382
f 6178/6178 2883/2883 4385/4385
f 3095/3095 4385/4385 2883/2883
f 4103/4103 172/172 4391/4391
f 3041/3041 3211/3211 4392/4392
f 6347/6347 4392/4392 3211/3211
f 2643/2643 3579/3579 3593/3593
f 3898/3898 4396/4396 5355/5355
f 3378/3378 2125/2125 4397/4397
f 531/531 4397/4397 2125/2125
f 4546/4546 2895/2895 3917/3917
f 458/458 5211/5211 4201/4201
f 4400/4400 835/835 5071/5071
f 825/825 61/61 4401/4401
f 838/838 2889/2889 4728/4728
f 2889/2889 5441/5441 4728/4728
f 4374/4374 3176/3176 4403/4403
f 2903/2903 4403/4403 3176/3176
f 498/498 4406/4406 3851/3851
f 1643/1643 1790/1790 4362/4362
f 3471/3471 4362/4362 1790/1790
f 2981/2981 662/662 4411/4411
f 2679/2679 4411/4411 662/662
f 3730/3730 1770/1770 4413/4413
f 409/409 4413/4413 1770/1770
f 4298/4298 5414/5414 4415/4415
f 2457/2457 4416/4416 2919/2919
f 2646/2646 2099/2099 4417/4417
f 2274/2274 4417/4417 2099/2099
f 6218/6218 2191/2191 4419/4419
f 4419/4419 2191/2191 3812/3812
f 728/728 4424/4424 2251/2251
f 2718/2718 170/170 4427/4427
f 4396/4396 4428/4428 5355/5355
f 3055/3055 4430/4430 5819/5819
f 2733/2733 823/823 4434/4434
f 4706/4706 3242/3242 4435/4435
f 483/483 4238/4238 3736/3736
f 3462/3462 4436/4436 1833/1833
f 350/350 4403/4403 2903/2903
f 4437/4437 4435/4435 440/440
f 876/876 4437/4437 440/440
f 677/677 2780/2780 4438/4438
f 5354/5354 4438/4438 2780/2780
f 4413/4413 5623/5623 4439/4439
f 2409/2409 4439/4439 5521/5521
f 3314/3314 4441/4441 441/441
f 4445/4445 4969/4969 6107/6107
f 3961/3961 4445/4445 6107/6107
f 2197/2197 719/719 4448/4448
f 2135/2135 4448/4448 719/719
f 413/413 3529/3529 4449/4449
f 4449/4449 512/512 5507/5507
f 528/528 5850/5850 4451/4451
f 3041/3041 4451/4451 5850/5850
f 4453/4453 5498/5498 169/169
f 2233/2233 63/63 4455/4455
f 5039/5039 5805/5805 4457/4457
f 3237/3237 4459/4459 5633/5633
f 592/592 856/856 4460/4460
f 2006/2006 4460/4460 856/856
f 2046/2046 1648/1648 4462/4462
f 2804/2804 2522/2522 4464/4464
f 653/653 4464/4464 4018/4018
f 6293/6293 4465/4465 4758/4758
f 2353/2353 1770/1770 4466/4466
f 3076/3076 4466/4466 1770/1770
f 2500/2500 4467/4467 737/737
f 3494/3494 1637/1637 4468/4468
f 456/456 4468/4468 1637/1637
f 2601/2601 5192/5192 4469/4469
f 3961/3961 4469/4469 4445/4445
f 2397/2397 741/741 4470/4470
f 4470/4470 741/741 1892/1892
f 813/813 791/791 5501/5501
f 1926/1926 4472/4472 791/791
f 6321/6321 510/510 4475/4475
f 1696/1696 4475/4475 510/510
f 469/469 845/845 5716/5716
f 3521/3521 656/656 4481/4481
f 953/953 4481/4481 656/656
f 815/815 168/168 4482/4482
f 911/911 2953/2953 4485/4485
f 781/781 4485/4485 2953/2953
f 4488/4488 3268/3268 2517/2517
f 4258/4258 4488/4488 2517/2517
f 553/553 4494/4494 5769/5769
f 3509/3509 6337/6337 4476/4476
f 746/746 4725/4725 3693/3693
f 5521/5521 510/510 5227/5227
f 5217/5217 5227/5227 510/510
f 3184/3184 685/685 4498/4498
f 4460/4460 4498/4498 685/685
f 2733/2733 1875/1875 6088/6088
f 2189/2189 6088/6088 1875/1875
f 582/582 65/65 4502/4502
f 3918/3918 2285/2285 4503/4503
f 1858/1858 4503/4503 2285/2285
f 6287/6287 841/841 4505/4505
f 369/369 4505/4505 841/841
f 2215/2215 4801/4801 4735/4735
f 3597/3597 977/977 4507/4507
f 720/720 467/467 4508/4508
f 467/467 943/943 4508/4508
f 5763/5763 398/398 4509/4509
f 728/728 4509/4509 398/398
f 4510/4510 896/896 166/166
f 4352/4352 766/766 1798/1798
f 4042/4042 1787/1787 4513/4513
f 1820/1820 4513/4513 1787/1787
f 3447/3447 2309/2309 3821/3821
f 3445/3445 165/165 4522/4522
f 2486/2486 595/595 4525/4525
f 2683/2683 4525/4525 595/595
f 2844/2844 4083/4083 80/80
f 4082/4082 2701/2701 961/961
f 3267/3267 3911/3911 4531/4531
f 2161/2161 164/164 4535/4535
f 3658/3658 395/395 4536/4536
f 689/689 4536/4536 395/395
f 3732/3732 163/163 4539/4539
f 2548/2548 1765/1765 4541/4541
f 1765/1765 2085/2085 4541/4541
f 2982/2982 4145/4145 4381/4381
f 1922/1922 572/572 4550/4550
f 1838/1838 4550/4550 572/572
f 4554/4554 3852/3852 3998/3998
f 4301/4301 4554/4554 3998/3998
f 619/619 963/963 4555/4555
f 453/453 4555/4555 963/963
f 1792/1792 162/162 4558/4558
f 2008/2008 784/784 4559/4559
f 4131/4131 381/381 4560/4560
f 6179/6179 6314/6314 381/381
f 456/456 1705/1705 4468/4468
f 3705/3705 4468/4468 1705/1705
f 5574/5574 69/69 4563/4563
f 2237/2237 1652/1652 4565/4565
f 1664/1664 4565/4565 1652/1652
f 3450/3450 4567/4567 3431/3431
f 4541/4541 458/458 2548/2548
f 4334/4334 1879/1879 4568/4568
f 6390/6390 4568/4568 1879/1879
f 2640/2640 4909/4909 4569/4569
f 850/850 4569/4569 3212/3212
f 1964/1964 6024/6024 4571/4571
f 3754/3754 4571/4571 6024/6024
f 3315/3315 5941/5941 4572/4572
f 399/399 4572/4572 6223/6223
f 692/692 4576/4576 5187/5187
f 4578/4578 4349/4349 5769/5769
f 490/490 4578/4578 5769/5769
f 3103/3103 70/70 4580/4580
f 3819/3819 4581/4581 5045/5045
f 2478/2478 4582/4582 788/788
f 2919/2919 5895/5895 4586/4586
f 3754/3754 4587/4587 627/627
f 2065/2065 356/356 4588/4588
f 5777/5777 4588/4588 356/356
f 3026/3026 376/376 4590/4590
f 1627/1627 4590/4590 376/376
f 355/355 563/563 4050/4050
f 669/669 829/829 4595/4595
f 1640/1640 6086/6086 4597/4597
f 2881/2881 4597/4597 6086/6086
f 1807/1807 4544/4544 4598/4598
f 4598/4598 4544/4544 4833/4833
f 3400/3400 160/160 4602/4602
f 4603/4603 3655/3655 71/71
f 3214/3214 4605/4605 814/814
f 360/360 894/894 4608/4608
f 5565/5565 3672/3672 2871/2871
f 908/908 408/408 4610/4610
f 3463/3463 4610/4610 408/408
f 5863/5863 427/427 2390/2390
f 4373/4373 4612/4612 3268/3268
f 5932/5932 2569/2569 4476/4476
f 2919/2919 4613/4613 5895/5895
f 1814/1814 4616/4616 3685/3685
f 6289/6289 2938/2938 4618/4618
f 495/495 4618/4618 2938/2938
f 2171/2171 4907/4907 4619/4619
f 5355/5355 4619/4619 5830/5830
f 3244/3244 3726/3726 523/523
f 1914/1914 3246/3246 4623/4623
f 2668/2668 4623/4623 3246/3246
f 4525/4525 4285/4285 914/914
f 4662/4662 75/75 4435/4435
f 598/598 2783/2783 4633/4633
f 3797/3797 4633/4633 2783/2783
f 435/435 2212/2212 4634/4634
f 4634/4634 2212/2212 6270/6270
f 3950/3950 3709/3709 2687/2687
f 3213/3213 3950/3950 2687/2687
f 37/37 1734/1734 5193/5193
f 2863/2863 4108/4108 547/547
f 3299/3299 4688/4688 4635/4635
f 1813/1813 507/507 4638/4638
f 1912/1912 4638/4638 507/507
f 1766/1766 4639/4639 1652/1652
f 914/914 821/821 426/426
f 2486/2486 914/914 426/426
f 4949/4949 576/576 4642/4642
f 4465/4465 159/159 4645/4645
f 1978/1978 493/493 4646/4646
f 2831/2831 4646/4646 493/493
f 4648/4648 4327/4327 2617/2617
f 699/699 444/444 3854/3854
f 1749/1749 2252/2252 4649/4649
f 391/391 4649/4649 2252/2252
f 3075/3075 4299/4299 798/798
f 4650/4650 6029/6029 73/73
f 2922/2922 667/667 4653/4653
f 2992/2992 4653/4653 667/667
f 1707/1707 4654/4654 3875/3875
f 3193/3193 5066/5066 4656/4656
f 3103/3103 416/416 70/70
f 4563/4563 70/70 416/416
f 2397/2397 4659/4659 4203/4203
f 2997/2997 581/581 4660/4660
f 2848/2848 4660/4660 581/581
f 2546/2546 4661/4661 4074/4074
f 1760/1760 74/74 4662/4662
f 5587/5587 2330/2330 4666/4666
f 4666/4666 2330/2330 6095/6095
f 831/831 443/443 4668/4668
f 1804/1804 4668/4668 443/443
f 4670/4670 2128/2128 805/805
f 648/648 4670/4670 805/805
f 1743/1743 4277/4277 4672/4672
f 1768/1768 4672/4672 4277/4277
f 3258/3258 4674/4674 597/597
f 4598/4598 4675/4675 5073/5073
f 4101/4101 4676/4676 113/113
f 427/427 852/852 4680/4680
f 3138/3138 4680/4680 782/782
f 3600/3600 5058/5058 4681/4681
f 2767/2767 4681/4681 5058/5058
f 2568/2568 4684/4684 1923/1923
f 1800/1800 3933/3933 403/403
f 4686/4686 5957/5957 4898/4898
f 106/106 4686/4686 4898/4898
f 885/885 6023/6023 4201/4201
f 581/581 2997/2997 4689/4689
f 907/907 4689/4689 2997/2997
f 525/525 4653/4653 717/717
f 842/842 654/654 4692/4692
f 4692/4692 654/654 5227/5227
f 4008/4008 4642/4642 482/482
f 6166/6166 6225/6225 6154/6154
f 552/552 470/470 4559/4559
f 493/493 5369/5369 4694/4694
f 3284/3284 4694/4694 3571/3571
f 675/675 4206/4206 4695/4695
f 453/453 4695/4695 468/468
f 3874/3874 706/706 4697/4697
f 2196/2196 3793/3793 6278/6278
f 3140/3140 2743/2743 4700/4700
f 804/804 4700/4700 2743/2743
f 1756/1756 4701/4701 5455/5455
f 4467/4467 5138/5138 737/737
f 3250/3250 2452/2452 3905/3905
f 2238/2238 2131/2131 4507/4507
f 727/727 4675/4675 882/882
f 3991/3991 5217/5217 5030/5030
f 953/953 4705/4705 4481/4481
f 775/775 4684/4684 590/590
f 3975/3975 3407/3407 3670/3670
f 4435/4435 75/75 4706/4706
f 2774/2774 3793/3793 650/650
f 1957/1957 4854/4854 6219/6219
f 3412/3412 112/112 4711/4711
f 4676/4676 4711/4711 3417/3417
f 2575/2575 3704/3704 1913/1913
f 2242/2242 6000/6000 4714/4714
f 4311/4311 5852/5852 4715/4715
f 3643/3643 5446/5446 4764/4764
f 3366/3366 4764/4764 5446/5446
f 3666/3666 1732/1732 4720/4720
f 2335/2335 5176/5176 4721/4721
f 4721/4721 4536/4536 5559/5559
f 3064/3064 479/479 4209/4209
f 5579/5579 23/23 4724/4724
f 3350/3350 4724/4724 23/23
f 746/746 462/462 4725/4725
f 631/631 4725/4725 462/462
f 1892/1892 4559/4559 784/784
f 3297/3297 447/447 4728/4728
f 838/838 4728/4728 5258/5258
f 4242/4242 971/971 6388/6388
f 629/629 2659/2659 4729/4729
f 1889/1889 4729/4729 4868/4868
f 4705/4705 3797/3797 4481/4481
f 2935/2935 3993/3993 3134/3134
f 875/875 601/601 4731/4731
f 3839/3839 4731/4731 601/601
f 4735/4735 4801/4801 5010/5010
f 3001/3001 397/397 4736/4736
f 853/853 4736/4736 397/397
f 3478/3478 5342/5342 6405/6405
f 6203/6203 697/697 3960/3960
f 944/944 894/894 4737/4737
f 3703/3703 4737/4737 894/894
f 2712/2712 5852/5852 5610/5610
f 2974/2974 3731/3731 5996/5996
f 3252/3252 4986/4986 4045/4045
f 4505/4505 369/369 4747/4747
f 5993/5993 4747/4747 369/369
f 4748/4748 5462/5462 5303/5303
f 2380/2380 4748/4748 2243/2243
f 3399/3399 832/832 4749/4749
f 110/110 4749/4749 832/832
f 3690/3690 3661/3661 659/659
f 1896/1896 4568/4568 3669/3669
f 1882/1882 4750/4750 5441/5441
f 2811/2811 2884/2884 4752/4752
f 6193/6193 2997/2997 4660/4660
f 2332/2332 3344/3344 6222/6222
f 3380/3380 4754/4754 5276/5276
f 2643/2643 157/157 4755/4755
f 3632/3632 158/158 4756/4756
f 3400/3400 374/374 4758/4758
f 2116/2116 4758/4758 374/374
f 5244/5244 419/419 4764/4764
f 4947/4947 1918/1918 4766/4766
f 3071/3071 4766/4766 1918/1918
f 1743/1743 4672/4672 594/594
f 359/359 614/614 4769/4769
f 354/354 4008/4008 4770/4770
f 2182/2182 4770/4770 4008/4008
f 468/468 3874/3874 453/453
f 3873/3873 4771/4771 1783/1783
f 4714/4714 1788/1788 6212/6212
f 6286/6286 6212/6212 802/802
f 3576/3576 119/119 4777/4777
f 1775/1775 4777/4777 119/119
f 4030/4030 604/604 4101/4101
f 2765/2765 4780/4780 5796/5796
f 2130/2130 625/625 3734/3734
f 3437/3437 3669/3669 5376/5376
f 3575/3575 4782/4782 649/649
f 2679/2679 968/968 4784/4784
f 3782/3782 6166/6166 4785/4785
f 3667/3667 134/134 4786/4786
f 3299/3299 2029/2029 4688/4688
f 805/805 4788/4788 5153/5153
f 1982/1982 485/485 4793/4793
f 954/954 4793/4793 485/485
f 3282/3282 4782/4782 942/942
f 828/828 401/401 4794/4794
f 1984/1984 4794/4794 401/401
f 562/562 4795/4795 4654/4654
f 6140/6140 357/357 698/698
f 6263/6263 698/698 357/357
f 800/800 562/562 4796/4796
f 955/955 4796/4796 562/562
f 792/792 1750/1750 4798/4798
f 651/651 4798/4798 1750/1750
f 4057/4057 1742/1742 4042/4042
f 3304/3304 4800/4800 970/970
f 1962/1962 4801/4801 754/754
f 1895/1895 77/77 4802/4802
f 3763/3763 59/59 6231/6231
f 3472/3472 6231/6231 4359/4359
f 1761/1761 3451/3451 5635/5635
f 2016/2016 4804/4804 450/450
f 4804/4804 2016/2016 1670/1670
f 3152/3152 4808/4808 5118/5118
f 3235/3235 6391/6391 4810/4810
f 3440/3440 4810/4810 3215/3215
f 2933/2933 2636/2636 4811/4811
f 866/866 4811/4811 3923/3923
f 4415/4415 767/767 1864/1864
f 655/655 795/795 5231/5231
f 3914/3914 5231/5231 795/795
f 2068/2068 4816/4816 6052/6052
f 4817/4817 4701/4701 753/753
f 2113/2113 4817/4817 753/753
f 578/578 931/931 3362/3362
f 661/661 461/461 4818/4818
f 4821/4821 3219/3219 6092/6092
f 6226/6226 1734/1734 3530/3530
f 1912/1912 3690/3690 2053/2053
f 4788/4788 805/805 4822/4822
f 459/459 2705/2705 4823/4823
f 5841/5841 4823/4823 3964/3964
f 4051/4051 4634/4634 2678/2678
f 1837/1837 2148/2148 4824/4824
f 2444/2444 4824/4824 2148/2148
f 3007/3007 2943/2943 4827/4827
f 781/781 4827/4827 2943/2943
f 354/354 954/954 4831/4831
f 3342/3342 4831/4831 954/954
f 3537/3537 5038/5038 4832/4832
f 3818/3818 3929/3929 4567/4567
f 452/452 4833/4833 4544/4544
f 4668/4668 3320/3320 831/831
f 2131/2131 3086/3086 4834/4834
f 3736/3736 4834/4834 3086/3086
f 3409/3409 3887/3887 666/666
f 4839/4839 3636/3636 3695/3695
f 605/605 4840/4840 2044/2044
f 4415/4415 1864/1864 4841/4841
f 368/368 4841/4841 1864/1864
f 4582/4582 835/835 4842/4842
f 3118/3118 4842/4842 835/835
f 3032/3032 5670/5670 28/28
f 815/815 647/647 4843/4843
f 2400/2400 4843/4843 647/647
f 4844/4844 4078/4078 401/401
f 828/828 4844/4844 401/401
f 626/626 902/902 4306/4306
f 3038/3038 722/722 4845/4845
f 2699/2699 4845/4845 5472/5472
f 3812/3812 3397/3397 5915/5915
f 2549/2549 3189/3189 4848/4848
f 393/393 509/509 4312/4312
f 409/409 4852/4852 6311/6311
f 356/356 5029/5029 5777/5777
f 2759/2759 4853/4853 927/927
f 4925/4925 5782/5782 6236/6236
f 2332/2332 4035/4035 3344/3344
f 3314/3314 5365/5365 4856/4856
f 146/146 4856/4856 5365/5365
f 4858/4858 4842/4842 3118/3118
f 2973/2973 4858/4858 3118/3118
f 1978/1978 4859/4859 830/830
f 806/806 636/636 4860/4860
f 2910/2910 4860/4860 636/636
f 2631/2631 5660/5660 4863/4863
f 772/772 2476/2476 4462/4462
f 945/945 4865/4865 2412/2412
f 642/642 6100/6100 766/766
f 4867/4867 4920/4920 1628/1628
f 536/536 4867/4867 1628/1628
f 2765/2765 1967/1967 2597/2597
f 4729/4729 2659/2659 4868/4868
f 422/422 4868/4868 2702/2702
f 4107/4107 4729/4729 789/789
f 2759/2759 563/563 4870/4870
f 2561/2561 4870/4870 563/563
f 402/402 6242/6242 4871/4871
f 1914/1914 4871/4871 698/698
f 2914/2914 934/934 5350/5350
f 2036/2036 4875/4875 3355/3355
f 3177/3177 4798/4798 921/921
f 681/681 893/893 4879/4879
f 3174/3174 4879/4879 893/893
f 759/759 655/655 4882/4882
f 3440/3440 4882/4882 655/655
f 1889/1889 6006/6006 6017/6017
f 4935/4935 1889/1889 6017/6017
f 3659/3659 702/702 4883/4883
f 963/963 4883/4883 6037/6037
f 4635/4635 2610/2610 4885/4885
f 2610/2610 4635/4635 4688/4688
f 2214/2214 524/524 3600/3600
f 2130/2130 4886/4886 4306/4306
f 459/459 2991/2991 4887/4887
f 2335/2335 4887/4887 5176/5176
f 4258/4258 4891/4891 5643/5643
f 2468/2468 1795/1795 4892/4892
f 2472/2472 4892/4892 1795/1795
f 3554/3554 4895/4895 5360/5360
f 555/555 364/364 4898/4898
f 4898/4898 364/364 3952/3952
f 5782/5782 5975/5975 2535/2535
f 4854/4854 5782/5782 2535/2535
f 2849/2849 6180/6180 4899/4899
f 2639/2639 4899/4899 6180/6180
f 775/775 590/590 4902/4902
f 783/783 4902/4902 3545/3545
f 4906/4906 3884/3884 78/78
f 3346/3346 4906/4906 78/78
f 4619/4619 4907/4907 5830/5830
f 3917/3917 5657/5657 3973/3973
f 2575/2575 3716/3716 3704/3704
f 2431/2431 4588/4588 3388/3388
f 710/710 1853/1853 4909/4909
f 3282/3282 4909/4909 1853/1853
f 4911/4911 3159/3159 3265/3265
f 473/473 4911/4911 3265/3265
f 3111/3111 2869/2869 4915/4915
f 4277/4277 4915/4915 2354/2354
f 3394/3394 145/145 4916/4916
f 732/732 4916/4916 145/145
f 4917/4917 3942/3942 5407/5407
f 4380/4380 3148/3148 4919/4919
f 2061/2061 4919/4919 5977/5977
f 1991/1991 2195/2195 4920/4920
f 1628/1628 4920/4920 2195/2195
f 2568/2568 433/433 4842/4842
f 5335/5335 946/946 4924/4924
f 2351/2351 4924/4924 946/946
f 653/653 4780/4780 2792/2792
f 872/872 5782/5782 4925/4925
f 4926/4926 4741/4741 870/870
f 3450/3450 3431/3431 3455/3455
f 704/704 5548/5548 3705/3705
f 1960/1960 837/837 4927/4927
f 420/420 4927/4927 837/837
f 3177/3177 3733/3733 937/937
f 899/899 707/707 4931/4931
f 1922/1922 4931/4931 707/707
f 486/486 912/912 3899/3899
f 1750/1750 792/792 4934/4934
f 2062/2062 4934/4934 792/792
f 4832/4832 789/789 4935/4935
f 1889/1889 4935/4935 789/789
f 1733/1733 1830/1830 4937/4937
f 869/869 4937/4937 1830/1830
f 1746/1746 740/740 4938/4938
f 3029/3029 4938/4938 740/740
f 3891/3891 4694/4694 771/771
f 2956/2956 4942/4942 623/623
f 3422/3422 122/122 4945/4945
f 863/863 3185/3185 4946/4946
f 3488/3488 4946/4946 3068/3068
f 3095/3095 484/484 5230/5230
f 4766/4766 1948/1948 4947/4947
f 2339/2339 2570/2570 4948/4948
f 144/144 4948/4948 2570/2570
f 4949/4949 4642/4642 4292/4292
f 2814/2814 4949/4949 4292/4292
f 5921/5921 76/76 4950/4950
f 645/645 4741/4741 2442/2442
f 1667/1667 7/7 4958/4958
f 804/804 2743/2743 4960/4960
f 3370/3370 541/541 3959/3959
f 4371/4371 4133/4133 2676/2676
f 2150/2150 529/529 4967/4967
f 2306/2306 4967/4967 529/529
f 4969/4969 6223/6223 6107/6107
f 3710/3710 4969/4969 4445/4445
f 943/943 467/467 4971/4971
f 2926/2926 4971/4971 467/467
f 4972/4972 3537/3537 5246/5246
f 1807/1807 620/620 4544/4544
f 4973/4973 3944/3944 6281/6281
f 3045/3045 5934/5934 4976/4976
f 606/606 3030/3030 4977/4977
f 5353/5353 4977/4977 620/620
f 4030/4030 3197/3197 4978/4978
f 2871/2871 4978/4978 3197/3197
f 5388/5388 3272/3272 4980/4980
f 4980/4980 3272/3272 4293/4293
f 6408/6408 4981/4981 5892/5892
f 3493/3493 1857/1857 4982/4982
f 2374/2374 4983/4983 721/721
f 4984/4984 5491/5491 5427/5427
f 3584/3584 155/155 4985/4985
f 491/491 4098/4098 713/713
f 3330/3330 871/871 3632/3632
f 1667/1667 3632/3632 4755/4755
f 4131/4131 777/777 4986/4986
f 4045/4045 4986/4986 777/777
f 508/508 2152/2152 4988/4988
f 2840/2840 4988/4988 2152/2152
f 5895/5895 839/839 3443/3443
f 3883/3883 3771/3771 4991/4991
f 1864/1864 4991/4991 4002/4002
f 1961/1961 3397/3397 2687/2687
f 5465/5465 4994/4994 6390/6390
f 475/475 851/851 6354/6354
f 3514/3514 6354/6354 4106/4106
f 4988/4988 5397/5397 4995/4995
f 950/950 5012/5012 4996/4996
f 865/865 4996/4996 5012/5012
f 4645/4645 4758/4758 4465/4465
f 3185/3185 2601/2601 4998/4998
f 415/415 4998/4998 2601/2601
f 3959/3959 701/701 4999/4999
f 2521/2521 4999/4999 701/701
f 3369/3369 2260/2260 4786/4786
f 2124/2124 5388/5388 5003/5003
f 143/143 5003/5003 5388/5388
f 4642/4642 576/576 5005/5005
f 6156/6156 5005/5005 576/576
f 1800/1800 1669/1669 5008/5008
f 4059/4059 5008/5008 1669/1669
f 4509/4509 5967/5967 5010/5010
f 5930/5930 4756/4756 159/159
f 4465/4465 5930/5930 159/159
f 3055/3055 5011/5011 919/919
f 2016/2016 531/531 5012/5012
f 2530/2530 5012/5012 531/531
f 4337/4337 175/175 5014/5014
f 2475/2475 5014/5014 175/175
f 4304/4304 660/660 5018/5018
f 6156/6156 5019/5019 5505/5505
f 3945/3945 972/972 4322/4322
f 3914/3914 795/795 5021/5021
f 3331/3331 5021/5021 4240/4240
f 2704/2704 621/621 1816/1816
f 4176/4176 4325/4325 770/770
f 5783/5783 5025/5025 744/744
f 2187/2187 481/481 5027/5027
f 407/407 5027/5027 5515/5515
f 538/538 1742/1742 5028/5028
f 4057/4057 5028/5028 1742/1742
f 5029/5029 471/471 927/927
f 4853/4853 5029/5029 927/927
f 5030/5030 906/906 3177/3177
f 2335/2335 5587/5587 5032/5032
f 2380/2380 5032/5032 5587/5587
f 3448/3448 5066/5066 3193/3193
f 4078/4078 5125/5125 5034/5034
f 382/382 5034/5034 2217/2217
f 3537/3537 821/821 5038/5038
f 868/868 5038/5038 821/821
f 4457/4457 680/680 5039/5039
f 723/723 1875/1875 5040/5040
f 934/934 5040/5040 1875/1875
f 4226/4226 949/949 5041/5041
f 5673/5673 6350/6350 5042/5042
f 5913/5913 1923/1923 775/775
f 3726/3726 635/635 5045/5045
f 5045/5045 635/635 3950/3950
f 5046/5046 4286/4286 5175/5175
f 4769/4769 5046/5046 5175/5175
f 2341/2341 6262/6262 5048/5048
f 2748/2748 5048/5048 6262/6262
f 2232/2232 6058/6058 5049/5049
f 2705/2705 459/459 5050/5050
f 5050/5050 459/459 4887/4887
f 504/504 751/751 5051/5051
f 424/424 5051/5051 751/751
f 1627/1627 376/376 5052/5052
f 812/812 5052/5052 376/376
f 5055/5055 534/534 1907/1907
f 2473/2473 5055/5055 1907/1907
f 4334/4334 478/478 5057/5057
f 5058/5058 5947/5947 601/601
f 1852/1852 5058/5058 601/601
f 5061/5061 5862/5862 413/413
f 1921/1921 5061/5061 413/413
f 3751/3751 2699/2699 5064/5064
f 3695/3695 5064/5064 2699/2699
f 2055/2055 680/680 5066/5066
f 4656/4656 5066/5066 680/680
f 877/877 4808/4808 5069/5069
f 6081/6081 5569/5569 5070/5070
f 5569/5569 6081/6081 4649/4649
f 835/835 2478/2478 5071/5071
f 2883/2883 5071/5071 2478/2478
f 3861/3861 3836/3836 4308/4308
f 2189/2189 723/723 5072/5072
f 5072/5072 723/723 1852/1852
f 727/727 926/926 5073/5073
f 1917/1917 2560/2560 5077/5077
f 3335/3335 5077/5077 2560/2560
f 360/360 3703/3703 894/894
f 5325/5325 2018/2018 5078/5078
f 373/373 5078/5078 2018/2018
f 4050/4050 769/769 3596/3596
f 2858/2858 3596/3596 769/769
f 3184/3184 4555/4555 4697/4697
f 2196/2196 1715/1715 650/650
f 5005/5005 482/482 4642/4642
f 6399/6399 917/917 3987/3987
f 5220/5220 715/715 5085/5085
f 1999/1999 5085/5085 715/715
f 2072/2072 892/892 4366/4366
f 486/486 852/852 5092/5092
f 3140/3140 5092/5092 5863/5863
f 4550/4550 3293/3293 4931/4931
f 2916/2916 1890/1890 5093/5093
f 1994/1994 2364/2364 5095/5095
f 2415/2415 5095/5095 2364/2364
f 3388/3388 2157/2157 2431/2431
f 778/778 6289/6289 4618/4618
f 4185/4185 1701/1701 5098/5098
f 3135/3135 5098/5098 1701/1701
f 2036/2036 2762/2762 5100/5100
f 1636/1636 5100/5100 3553/3553
f 3723/3723 4224/4224 2503/2503
f 5103/5103 4666/4666 6095/6095
f 5488/5488 5103/5103 6095/6095
f 3183/3183 5105/5105 4126/4126
f 785/785 3600/3600 5861/5861
f 3105/3105 4132/4132 3841/3841
f 1772/1772 768/768 5111/5111
f 660/660 5111/5111 768/768
f 608/608 884/884 5114/5114
f 3875/3875 5114/5114 884/884
f 4392/4392 5118/5118 877/877
f 4260/4260 3366/3366 935/935
f 2415/2415 5124/5124 5095/5095
f 4019/4019 5124/5124 5934/5934
f 5125/5125 4844/4844 729/729
f 72/72 5125/5125 729/729
f 544/544 3283/3283 5530/5530
f 3076/3076 4381/4381 5127/5127
f 4145/4145 5127/5127 4381/4381
f 4434/4434 823/823 62/62
f 2621/2621 4451/4451 5069/5069
f 4886/4886 4994/4994 5465/5465
f 3923/3923 4811/4811 2636/2636
f 3859/3859 3769/3769 3918/3918
f 5132/5132 4257/4257 2413/2413
f 1962/1962 5132/5132 2413/2413
f 3173/3173 610/610 386/386
f 4576/4576 2384/2384 5133/5133
f 2792/2792 5133/5133 2384/2384
f 4048/4048 5765/5765 5134/5134
f 709/709 5134/5134 5931/5931
f 415/415 2601/2601 4469/4469
f 2444/2444 734/734 5135/5135
f 2974/2974 5878/5878 5138/5138
f 3173/3173 5138/5138 5878/5878
f 395/395 3658/3658 5139/5139
f 5139/5139 3658/3658 5653/5653
f 2991/2991 459/459 5141/5141
f 2995/2995 2282/2282 5143/5143
f 920/920 5143/5143 2282/2282
f 354/354 4793/4793 954/954
f 3575/3575 384/384 5144/5144
f 964/964 5144/5144 384/384
f 4916/4916 732/732 3781/3781
f 5151/5151 3618/3618 135/135
f 718/718 975/975 5153/5153
f 648/648 5153/5153 975/975
f 5962/5962 5154/5154 5859/5859
f 3296/3296 2342/2342 5155/5155
f 2213/2213 5155/5155 2342/2342
f 3079/3079 3091/3091 4063/4063
f 1885/1885 5156/5156 4800/4800
f 3324/3324 5135/5135 734/734
f 5607/5607 35/35 6302/6302
f 391/391 4369/4369 5161/5161
f 3735/3735 5161/5161 4369/4369
f 1804/1804 5557/5557 5163/5163
f 5163/5163 5557/5557 4597/4597
f 3191/3191 5167/5167 3084/3084
f 128/128 6369/6369 127/127
f 4608/4608 5438/5438 849/849
f 1957/1957 4705/4705 5475/5475
f 4947/4947 5169/5169 1918/1918
f 6405/6405 599/599 5170/5170
f 2116/2116 5170/5170 599/599
f 5248/5248 5738/5738 5174/5174
f 903/903 5174/5174 5738/5738
f 3753/3753 941/941 5175/5175
f 5176/5176 4887/4887 2991/2991
f 3658/3658 5176/5176 2991/2991
f 5177/5177 4832/4832 4935/4935
f 2297/2297 5177/5177 5876/5876
f 2578/2578 5439/5439 5178/5178
f 2008/2008 4217/4217 784/784
f 501/501 4934/4934 4715/4715
f 612/612 4064/4064 5179/5179
f 539/539 5179/5179 4064/4064
f 3947/3947 3127/3127 5604/5604
f 3901/3901 5182/5182 5962/5962
f 4927/4927 420/420 5183/5183
f 2330/2330 5183/5183 420/420
f 6408/6408 5882/5882 5185/5185
f 2523/2523 5185/5185 5882/5882
f 4322/4322 3483/3483 5393/5393
f 3485/3485 5958/5958 5186/5186
f 2152/2152 692/692 5187/5187
f 2839/2839 5187/5187 4576/4576
f 2155/2155 5189/5189 4430/4430
f 3948/3948 5254/5254 4824/4824
f 1880/1880 34/34 5190/5190
f 3545/3545 5191/5191 905/905
f 4411/4411 5152/5152 2981/2981
f 4469/4469 5192/5192 4445/4445
f 3654/3654 138/138 3522/3522
f 4016/4016 36/36 5193/5193
f 692/692 869/869 5195/5195
f 3142/3142 5195/5195 6238/6238
f 2880/2880 618/618 5199/5199
f 1995/1995 5199/5199 618/618
f 3536/3536 742/742 5200/5200
f 4138/4138 5200/5200 742/742
f 4529/4529 1816/1816 3261/3261
f 2910/2910 636/636 5201/5201
f 2694/2694 5201/5201 5571/5571
f 2763/2763 4098/4098 6220/6220
f 2845/2845 4406/4406 5027/5027
f 806/806 4860/4860 5203/5203
f 4659/4659 5205/5205 437/437
f 6149/6149 536/536 5207/5207
f 516/516 5207/5207 536/536
f 3274/3274 5837/5837 5208/5208
f 2112/2112 5208/5208 4065/4065
f 4166/4166 4280/4280 3887/3887
f 5211/5211 5841/5841 6215/6215
f 1706/1706 2339/2339 5212/5212
f 4948/4948 5212/5212 2339/2339
f 2371/2371 943/943 5807/5807
f 3536/3536 4272/4272 3949/3949
f 3415/3415 2500/2500 737/737
f 5509/5509 20/20 5491/5491
f 5650/5650 5407/5407 5216/5216
f 5030/5030 5217/5217 6321/6321
f 4286/4286 3499/3499 3753/3753
f 4567/4567 2230/2230 3431/3431
f 2123/2123 2567/2567 5219/5219
f 2050/2050 5219/5219 2567/2567
f 5220/5220 5303/5303 351/351
f 3082/3082 5220/5220 351/351
f 3179/3179 5169/5169 2708/2708
f 4258/4258 623/623 5222/5222
f 2913/2913 5222/5222 623/623
f 485/485 919/919 5011/5011
f 4448/4448 5791/5791 5614/5614
f 5217/5217 2860/2860 5227/5227
f 4692/4692 5227/5227 2860/2860
f 5959/5959 718/718 5153/5153
f 3267/3267 33/33 5228/5228
f 4499/4499 4089/4089 167/167
f 928/928 5511/5511 4928/4928
f 2700/2700 5230/5230 5834/5834
f 3440/3440 5231/5231 4812/4812
f 5234/5234 3535/3535 387/387
f 4438/4438 5234/5234 387/387
f 2272/2272 4882/4882 3215/3215
f 5853/5853 3254/3254 5236/5236
f 2716/2716 2232/2232 2760/2760
f 3661/3661 3664/3664 5239/5239
f 4862/4862 5239/5239 3664/3664
f 2924/2924 5505/5505 5019/5019
f 3430/3430 5414/5414 5240/5240
f 5240/5240 5414/5414 4298/4298
f 5620/5620 965/965 4862/4862
f 2218/2218 5169/5169 3179/3179
f 4260/4260 2285/2285 5244/5244
f 2285/2285 4167/4167 5244/5244
f 5177/5177 2297/2297 5246/5246
f 591/591 5246/5246 2297/2297
f 3071/3071 6101/6101 5247/5247
f 945/945 5247/5247 5438/5438
f 1816/1816 2058/2058 5248/5248
f 5738/5738 5248/5248 2058/2058
f 2335/2335 3650/3650 4887/4887
f 859/859 5809/5809 5251/5251
f 3836/3836 5251/5251 5809/5809
f 5252/5252 5127/5127 3636/3636
f 2634/2634 676/676 6280/6280
f 811/811 1837/1837 5254/5254
f 4824/4824 5254/5254 1837/1837
f 4403/4403 4304/4304 5018/5018
f 5258/5258 4728/4728 447/447
f 3071/3071 5258/5258 447/447
f 4825/4825 5985/5985 5814/5814
f 757/757 5222/5222 2913/2913
f 908/908 2939/2939 5264/5264
f 2846/2846 5264/5264 6016/6016
f 3485/3485 5603/5603 5266/5266
f 2395/2395 5057/5057 478/478
f 2995/2995 2389/2389 5997/5997
f 4925/4925 647/647 872/872
f 5236/5236 3720/3720 2373/2373
f 4459/4459 2828/2828 5273/5273
f 781/781 5273/5273 2828/2828
f 2901/2901 488/488 5276/5276
f 736/736 5276/5276 488/488
f 557/557 388/388 5277/5277
f 2036/2036 5277/5277 4875/4875
f 3655/3655 4580/4580 71/71
f 4903/4903 743/743 2059/2059
f 3672/3672 363/363 4978/4978
f 4871/4871 6242/6242 698/698
f 516/516 496/496 5288/5288
f 2562/2562 32/32 5291/5291
f 1813/1813 5292/5292 948/948
f 1917/1917 4211/4211 897/897
f 3752/3752 4355/4355 4194/4194
f 663/663 1709/1709 5296/5296
f 3075/3075 5296/5296 1709/1709
f 1720/1720 1724/1724 5298/5298
f 878/878 5298/5298 1724/1724
f 3650/3650 5032/5032 762/762
f 1961/1961 581/581 5915/5915
f 3534/3534 3212/3212 942/942
f 5301/5301 3708/3708 2417/2417
f 2669/2669 5301/5301 2417/2417
f 2667/2667 2069/2069 5134/5134
f 2812/2812 37/37 5302/5302
f 2424/2424 2737/2737 5234/5234
f 5103/5103 5462/5462 4748/4748
f 5085/5085 5303/5303 5220/5220
f 5307/5307 3763/3763 826/826
f 5905/5905 5307/5307 826/826
f 2606/2606 4575/4575 487/487
f 1962/1962 5010/5010 4801/4801
f 3258/3258 597/597 3822/3822
f 6230/6230 860/860 5312/5312
f 748/748 4257/4257 5313/5313
f 415/415 5313/5313 4998/4998
f 2617/2617 711/711 4648/4648
f 3079/3079 2255/2255 5320/5320
f 760/760 5320/5320 694/694
f 3385/3385 2018/2018 5325/5325
f 5125/5125 4606/4606 2217/2217
f 3854/3854 5327/5327 699/699
f 4201/4201 5211/5211 4879/4879
f 6255/6255 568/568 5330/5330
f 2954/2954 5330/5330 568/568
f 3670/3670 753/753 5332/5332
f 1756/1756 5332/5332 753/753
f 1857/1857 489/489 5333/5333
f 770/770 5333/5333 489/489
f 5252/5252 2588/2588 3407/3407
f 3863/3863 3554/3554 5337/5337
f 3251/3251 5337/5337 3554/3554
f 4646/4646 5338/5338 1798/1798
f 480/480 1908/1908 5339/5339
f 616/616 464/464 5342/5342
f 3214/3214 5342/5342 464/464
f 3197/3197 3009/3009 2871/2871
f 3804/3804 5747/5747 5345/5345
f 2471/2471 5345/5345 5747/5747
f 598/598 4633/4633 5346/5346
f 4142/4142 886/886 5348/5348
f 3183/3183 4126/4126 886/886
f 4417/4417 5350/5350 5849/5849
f 3746/3746 4859/4859 442/442
f 2902/2902 4794/4794 5219/5219
f 4748/4748 5303/5303 2243/2243
f 5353/5353 6339/6339 4977/4977
f 6339/6339 5353/5353 3454/3454
f 2780/2780 2134/2134 5354/5354
f 5907/5907 5354/5354 2134/2134
f 4428/4428 2595/2595 5355/5355
f 4619/4619 5355/5355 2595/2595
f 3001/3001 39/39 5356/5356
f 3795/3795 761/761 3678/3678
f 2379/2379 4818/4818 4053/4053
f 3702/3702 85/85 5358/5358
f 383/383 5358/5358 85/85
f 3966/3966 968/968 5360/5360
f 2679/2679 5360/5360 968/968
f 940/940 6204/6204 3493/3493
f 3493/3493 6204/6204 1857/1857
f 3410/3410 5364/5364 3009/3009
f 732/732 145/145 5365/5365
f 3402/3402 5365/5365 145/145
f 2854/2854 5191/5191 5366/5366
f 493/493 830/830 5369/5369
f 2658/2658 5369/5369 6243/6243
f 4107/4107 3563/3563 629/629
f 2759/2759 5333/5333 4853/4853
f 552/552 1899/1899 4065/4065
f 4983/4983 627/627 4587/4587
f 825/825 823/823 6088/6088
f 672/672 5921/5921 5374/5374
f 1895/1895 5374/5374 5921/5921
f 3847/3847 3913/3913 5375/5375
f 669/669 5375/5375 3913/3913
f 3123/3123 419/419 5376/5376
f 3437/3437 5376/5376 419/419
f 4796/4796 5203/5203 4860/4860
f 4457/4457 3154/3154 4656/4656
f 2514/2514 5207/5207 516/516
f 6287/6287 4973/4973 841/841
f 575/575 2123/2123 5379/5379
f 2386/2386 5379/5379 2123/2123
f 5380/5380 5741/5741 5448/5448
f 1674/1674 5380/5380 5448/5448
f 4311/4311 592/592 5382/5382
f 614/614 5382/5382 4769/4769
f 5602/5602 937/937 5383/5383
f 3733/3733 5383/5383 937/937
f 3018/3018 38/38 5385/5385
f 4980/4980 833/833 5388/5388
f 2257/2257 1735/1735 5389/5389
f 4419/4419 3812/3812 5915/5915
f 4554/4554 2163/2163 3826/3826
f 4680/4680 852/852 782/782
f 5049/5049 506/506 4752/4752
f 1827/1827 5392/5392 556/556
f 3797/3797 6219/6219 4633/4633
f 3883/3883 586/586 5393/5393
f 3889/3889 5393/5393 586/586
f 2247/2247 5394/5394 5429/5429
f 2059/2059 5394/5394 358/358
f 3660/3660 951/951 5396/5396
f 2230/2230 5396/5396 951/951
f 465/465 3091/3091 5397/5397
f 4995/4995 5397/5397 3091/3091
f 5654/5654 3895/3895 5111/5111
f 3895/3895 5654/5654 2357/2357
f 18/18 2009/2009 5436/5436
f 4043/4043 5436/5436 2009/2009
f 978/978 4899/4899 2484/2484
f 6212/6212 1788/1788 802/802
f 656/656 926/926 5404/5404
f 727/727 5404/5404 926/926
f 779/779 5831/5831 5405/5405
f 3436/3436 5405/5405 5831/5831
f 2184/2184 2560/2560 5406/5406
f 4917/4917 5407/5407 21/21
f 502/502 4079/4079 5871/5871
f 1826/1826 856/856 5409/5409
f 4715/4715 5409/5409 856/856
f 4735/4735 5010/5010 5967/5967
f 4460/4460 5046/5046 592/592
f 928/928 4928/4928 5412/5412
f 2810/2810 5412/5412 4209/4209
f 3476/3476 767/767 5414/5414
f 4415/4415 5414/5414 767/767
f 2021/2021 666/666 5415/5415
f 758/758 5415/5415 3887/3887
f 4938/4938 4233/4233 178/178
f 367/367 5418/5418 3166/3166
f 866/866 5421/5421 4811/4811
f 2927/2927 519/519 4848/4848
f 730/730 2350/2350 5423/5423
f 5740/5740 5423/5423 2350/2350
f 4785/4785 3269/3269 3570/3570
f 465/465 5426/5426 4367/4367
f 5491/5491 2815/2815 5427/5427
f 6406/6406 5427/5427 2815/2815
f 559/559 4907/4907 2171/2171
f 2057/2057 5429/5429 576/576
f 2262/2262 4291/4291 415/415
f 390/390 813/813 5430/5430
f 2938/2938 5430/5430 6300/6300
f 6391/6391 29/29 5432/5432
f 757/757 5588/5588 4960/4960
f 2396/2396 5205/5205 4470/4470
f 6154/6154 5434/5434 4785/4785
f 2141/2141 5434/5434 6154/6154
f 2126/2126 3117/3117 5492/5492
f 674/674 5492/5492 3117/3117
f 5438/5438 5247/5247 6101/6101
f 2218/2218 5438/5438 6101/6101
f 3668/3668 4069/4069 5439/5439
f 2998/2998 609/609 5712/5712
f 5441/5441 4750/4750 4728/4728
f 3499/3499 685/685 4697/4697
f 5444/5444 4852/4852 1946/1946
f 3011/3011 5444/5444 1946/1946
f 4286/4286 3753/3753 5175/5175
f 3898/3898 5830/5830 5446/5446
f 2749/2749 2914/2914 5350/5350
f 1912/1912 2053/2053 5448/5448
f 1674/1674 5448/5448 2053/2053
f 5021/5021 5552/5552 3914/3914
f 1654/1654 3459/3459 4370/4370
f 5453/5453 5781/5781 2718/2718
f 4427/4427 5453/5453 2718/2718
f 3689/3689 892/892 5454/5454
f 1786/1786 5454/5454 892/892
f 5455/5455 4701/4701 687/687
f 499/499 5455/5455 687/687
f 3910/3910 378/378 3554/3554
f 4499/4499 168/168 4843/4843
f 815/815 4843/4843 168/168
f 2549/2549 4612/4612 2390/2390
f 129/129 130/130 5461/5461
f 840/840 5461/5461 130/130
f 3737/3737 3559/3559 118/118
f 695/695 351/351 5462/5462
f 5303/5303 5462/5462 351/351
f 3166/3166 2587/2587 4205/4205
f 5301/5301 824/824 5464/5464
f 3191/3191 5464/5464 824/824
f 2658/2658 361/361 4828/4828
f 950/950 2693/2693 5465/5465
f 4886/4886 5465/5465 2693/2693
f 3089/3089 5467/5467 2393/2393
f 3136/3136 5570/5570 5471/5471
f 3219/3219 5471/5471 5570/5570
f 365/365 832/832 5858/5858
f 3403/3403 3736/3736 5472/5472
f 2699/2699 5472/5472 4238/4238
f 2103/2103 5327/5327 879/879
f 3659/3659 2480/2480 3927/3927
f 953/953 4074/4074 5475/5475
f 1957/1957 5475/5475 4661/4661
f 1994/1994 53/53 5479/5479
f 3021/3021 1625/1625 5484/5484
f 5484/5484 1625/1625 6202/6202
f 3193/3193 3904/3904 545/545
f 2110/2110 5485/5485 787/787
f 5486/5486 6010/6010 797/797
f 924/924 3031/3031 5487/5487
f 966/966 5487/5487 3031/3031
f 5488/5488 2087/2087 1810/1810
f 577/577 5488/5488 1810/1810
f 4939/4939 52/52 5489/5489
f 5490/5490 5092/5092 4700/4700
f 630/630 5490/5490 4700/4700
f 2267/2267 4237/4237 2744/2744
f 2815/2815 5491/5491 5216/5216
f 609/609 2582/2582 5492/5492
f 3411/3411 5418/5418 3543/3543
f 3997/3997 4998/4998 4257/4257
f 2413/2413 748/748 6193/6193
f 952/952 2053/2053 3690/3690
f 4482/4482 169/169 5498/5498
f 2650/2650 5498/5498 4453/4453
f 863/863 4494/4494 553/553
f 4576/4576 692/692 5195/5195
f 4327/4327 5500/5500 2904/2904
f 4472/4472 540/540 5501/5501
f 1925/1925 5501/5501 5652/5652
f 4917/4917 449/449 3942/3942
f 5503/5503 5576/5576 1838/1838
f 572/572 5503/5503 1838/1838
f 2913/2913 623/623 4942/4942
f 2924/2924 801/801 5505/5505
f 3653/3653 5505/5505 801/801
f 4598/4598 4833/4833 520/520
f 1687/1687 2618/2618 5507/5507
f 4449/4449 5507/5507 3774/3774
f 5491/5491 4984/4984 5509/5509
f 5410/5410 3064/3064 5511/5511
f 4928/4928 5511/5511 3064/3064
f 613/613 2809/2809 5512/5512
f 380/380 5512/5512 2809/2809
f 3666/3666 4132/4132 414/414
f 664/664 862/862 5513/5513
f 2767/2767 5513/5513 4681/4681
f 712/712 6185/6185 5514/5514
f 6185/6185 712/712 633/633
f 4984/4984 5554/5554 19/19
f 5509/5509 4984/4984 19/19
f 4396/4396 407/407 5515/5515
f 481/481 5515/5515 5027/5027
f 2081/2081 4441/4441 5740/5740
f 1926/1926 2273/2273 6189/6189
f 679/679 2016/2016 5012/5012
f 2041/2041 4891/4891 1877/1877
f 5227/5227 654/654 5521/5521
f 2409/2409 5521/5521 654/654
f 2294/2294 2424/2424 5522/5522
f 745/745 5522/5522 2424/2424
f 4270/4270 631/631 5525/5525
f 2933/2933 5525/5525 631/631
f 3937/3937 3443/3443 839/839
f 5529/5529 2881/2881 2633/2633
f 5617/5617 5529/5529 2633/2633
f 6256/6256 554/554 5795/5795
f 5530/5530 3283/3283 3265/3265
f 3286/3286 5530/5530 3265/3265
f 2077/2077 4865/4865 2033/2033
f 4917/4917 21/21 5532/5532
f 3365/3365 5534/5534 5972/5972
f 1995/1995 618/618 5535/5535
f 5139/5139 6035/6035 5536/5536
f 810/810 5536/5536 6035/6035
f 3266/3266 5296/5296 798/798
f 5537/5537 5339/5339 1908/1908
f 3944/3944 4981/4981 4142/4142
f 3045/3045 51/51 5539/5539
f 5540/5540 3514/3514 4831/4831
f 3342/3342 5540/5540 4831/4831
f 1976/1976 5543/5543 6023/6023
f 1973/1973 395/395 5536/5536
f 5770/5770 903/903 5545/5545
f 496/496 5545/5545 6015/6015
f 2371/2371 425/425 5592/5592
f 352/352 5547/5547 425/425
f 1754/1754 3406/3406 3675/3675
f 3089/3089 357/357 5548/5548
f 6140/6140 5548/5548 357/357
f 2982/2982 2004/2004 5550/5550
f 2409/2409 5550/5550 2004/2004
f 2610/2610 2986/2986 5551/5551
f 2573/2573 5551/5551 2986/2986
f 6139/6139 597/597 4674/4674
f 3524/3524 4005/4005 140/140
f 3234/3234 448/448 5552/5552
f 3092/3092 5552/5552 448/448
f 5280/5280 18/18 5554/5554
f 3965/3965 3786/3786 5555/5555
f 492/492 5555/5555 3786/3786
f 3437/3437 4167/4167 2672/2672
f 4721/4721 5559/5559 2330/2330
f 4522/4522 2236/2236 3445/3445
f 4866/4866 2502/2502 5565/5565
f 3672/3672 5565/5565 2502/2502
f 883/883 3005/3005 5299/5299
f 418/418 979/979 5567/5567
f 505/505 5567/5567 5901/5901
f 960/960 6168/6168 5568/5568
f 5569/5569 5161/5161 530/530
f 5070/5070 5569/5569 530/530
f 3136/3136 624/624 5570/5570
f 1963/1963 5570/5570 624/624
f 783/783 2694/2694 5571/5571
f 636/636 5571/5571 5201/5201
f 565/565 369/369 5572/5572
f 841/841 5572/5572 369/369
f 6282/6282 3441/3441 714/714
f 4563/4563 416/416 5574/5574
f 2951/2951 5574/5574 5969/5969
f 5252/5252 3636/3636 4839/4839
f 4924/4924 1742/1742 5335/5335
f 4934/4934 2062/2062 5576/5576
f 1838/1838 5576/5576 2062/2062
f 1964/1964 4472/4472 1926/1926
f 817/817 30/30 5577/5577
f 705/705 5189/5189 657/657
f 1905/1905 2412/2412 4865/4865
f 1726/1726 564/564 5772/5772
f 4102/4102 5772/5772 564/564
f 1864/1864 586/586 4991/4991
f 4724/4724 22/22 5579/5579
f 5069/5069 4451/4451 877/877
f 2232/2232 5049/5049 5583/5583
f 2535/2535 5583/5583 2884/2884
f 5359/5359 3406/3406 1870/1870
f 868/868 513/513 3841/3841
f 6010/6010 5405/5405 797/797
f 2380/2380 5587/5587 4666/4666
f 5739/5739 5374/5374 3346/3346
f 757/757 2913/2913 5588/5588
f 3007/3007 5588/5588 2913/2913
f 760/760 5633/5633 4459/4459
f 3455/3455 793/793 571/571
f 3549/3549 4309/4309 1866/1866
f 3261/3261 1850/1850 4529/4529
f 5055/5055 2473/2473 5592/5592
f 2371/2371 5592/5592 2473/2473
f 5593/5593 6286/6286 802/802
f 3854/3854 5593/5593 802/802
f 3723/3723 4546/4546 3973/3973
f 3095/3095 377/377 5597/5597
f 3098/3098 5597/5597 377/377
f 5383/5383 517/517 5602/5602
f 452/452 2047/2047 5603/5603
f 2796/2796 5603/5603 2047/2047
f 5704/5704 27/27 5604/5604
f 3092/3092 5604/5604 27/27
f 3172/3172 962/962 4999/4999
f 5160/5160 6302/6302 35/35
f 5163/5163 4597/4597 2881/2881
f 5610/5610 5382/5382 614/614
f 6114/6114 5610/5610 614/614
f 4448/4448 5614/5614 537/537
f 3844/3844 5254/5254 3948/3948
f 3323/3323 3705/3705 5548/5548
f 3454/3454 4190/4190 939/939
f 2502/2502 4866/4866 5615/5615
f 5163/5163 5615/5615 4866/4866
f 661/661 363/363 5617/5617
f 3672/3672 5617/5617 363/363
f 4531/4531 5614/5614 5520/5520
f 901/901 853/853 5152/5152
f 4272/4272 3536/3536 3822/3822
f 1880/1880 411/411 3911/3911
f 1732/1732 1789/1789 5619/5619
f 2378/2378 5619/5619 1789/1789
f 3696/3696 5620/5620 4862/4862
f 1696/1696 6318/6318 6327/6327
f 4439/4439 5623/5623 5521/5521
f 4032/4032 49/49 5626/5626
f 728/728 398/398 5627/5627
f 2848/2848 5627/5627 398/398
f 4074/4074 953/953 5628/5628
f 4565/4565 5628/5628 5811/5811
f 3047/3047 40/40 5629/5629
f 3991/3991 5602/5602 5764/5764
f 435/435 5570/5570 1963/1963
f 2321/2321 779/779 5632/5632
f 549/549 5632/5632 779/779
f 352/352 870/870 5633/5633
f 3750/3750 5633/5633 870/870
f 3156/3156 5753/5753 4143/4143
f 5430/5430 4920/4920 390/390
f 5531/5531 820/820 5635/5635
f 417/417 5635/5635 820/820
f 4828/4828 2999/2999 5636/5636
f 1800/1800 5636/5636 2999/2999
f 4980/4980 4293/4293 2323/2323
f 3304/3304 5637/5637 1739/1739
f 4917/4917 22/22 4724/4724
f 591/591 4972/4972 5246/5246
f 4972/4972 591/591 6291/6291
f 5583/5583 5049/5049 2884/2884
f 5642/5642 3833/3833 48/48
f 1765/1765 2548/2548 5543/5543
f 4158/4158 2956/2956 5643/5643
f 623/623 5643/5643 2956/2956
f 3716/3716 971/971 5359/5359
f 6389/6389 5182/5182 6047/6047
f 4301/4301 2013/2013 2978/2978
f 6282/6282 6220/6220 5531/5531
f 1753/1753 42/42 5646/5646
f 1698/1698 1748/1748 5648/5648
f 5648/5648 1748/1748 876/876
f 5095/5095 5124/5124 4939/4939
f 500/500 687/687 4701/4701
f 823/823 825/825 4401/4401
f 5216/5216 20/20 5650/5650
f 3152/3152 5118/5118 1915/1915
f 4795/4795 5114/5114 4654/4654
f 5652/5652 5501/5501 540/540
f 2097/2097 5652/5652 540/540
f 2085/2085 1631/1631 5653/5653
f 5139/5139 5653/5653 1631/1631
f 5654/5654 4304/4304 350/350
f 3277/3277 5654/5654 350/350
f 5656/5656 6090/6090 883/883
f 5299/5299 5656/5656 883/883
f 3974/3974 916/916 5000/5000
f 2698/2698 803/803 5657/5657
f 3478/3478 5657/5657 803/803
f 6139/6139 4719/4719 3362/3362
f 5850/5850 5156/5156 3041/3041
f 5660/5660 2631/2631 2019/2019
f 2257/2257 5660/5660 2019/2019
f 4108/4108 5661/5661 1844/1844
f 5312/5312 3772/3772 1810/1810
f 5051/5051 5896/5896 5668/5668
f 1735/1735 5668/5668 5389/5389
f 4120/4120 2251/2251 4424/4424
f 933/933 3048/3048 5669/5669
f 2009/2009 18/18 5280/5280
f 3854/3854 4307/4307 6007/6007
f 950/950 5465/5465 5672/5672
f 7/7 1667/1667 3598/3598
f 3127/3127 5993/5993 565/565
f 616/616 6335/6335 5673/5673
f 2192/2192 432/432 5997/5997
f 3235/3235 28/28 5680/5680
f 4103/4103 4863/4863 3745/3745
f 2155/2155 4430/4430 6068/6068
f 4102/4102 564/564 5681/5681
f 2889/2889 5681/5681 5441/5441
f 1645/1645 6378/6378 5682/5682
f 506/506 910/910 5683/5683
f 598/598 5683/5683 5723/5723
f 2713/2713 5325/5325 2320/2320
f 5248/5248 5990/5990 3261/3261
f 6176/6176 880/880 4907/4907
f 3558/3558 6200/6200 155/155
f 3117/3117 5687/5687 1890/1890
f 5690/5690 379/379 488/488
f 4400/4400 5071/5071 702/702
f 4919/4919 2061/2061 5691/5691
f 700/700 5691/5691 2061/2061
f 2049/2049 1970/1970 5535/5535
f 4148/4148 4283/4283 2571/2571
f 6333/6333 5486/5486 797/797
f 2255/2255 4063/4063 534/534
f 4659/4659 6196/6196 5063/5063
f 359/359 941/941 5694/5694
f 4382/4382 5694/5694 941/941
f 5216/5216 5491/5491 20/20
f 3977/3977 4530/4530 3085/3085
f 2638/2638 813/813 4321/4321
f 2028/2028 24/24 5702/5702
f 5604/5604 26/26 5704/5704
f 5110/5110 3253/3253 5706/5706
f 2879/2879 5706/5706 2629/2629
f 3218/3218 695/695 5024/5024
f 2321/2321 4632/4632 5869/5869
f 3228/3228 5869/5869 4632/4632
f 1702/1702 5551/5551 5711/5711
f 3433/3433 5711/5711 5551/5551
f 2087/2087 837/837 5712/5712
f 2998/2998 5712/5712 837/837
f 3149/3149 5364/5364 3019/3019
f 3101/3101 469/469 5716/5716
f 6314/6314 6179/6179 4094/4094
f 5203/5203 955/955 5719/5719
f 5720/5720 1645/1645 43/43
f 904/904 2630/2630 5723/5723
f 598/598 5723/5723 5894/5894
f 3555/3555 91/91 3459/3459
f 6151/6151 46/46 5726/5726
f 813/813 390/390 791/791
f 3252/3252 50/50 5727/5727
f 5298/5298 4342/4342 1720/1720
f 5728/5728 5292/5292 4160/4160
f 594/594 5728/5728 4160/4160
f 463/463 1783/1783 4771/4771
f 2878/2878 31/31 5340/5340
f 2610/2610 5551/5551 4885/4885
f 1702/1702 4885/4885 5551/5551
f 5733/5733 514/514 2603/2603
f 583/583 5733/5733 2603/2603
f 5985/5985 23/23 5736/5736
f 5738/5738 5998/5998 6113/6113
f 903/903 5738/5738 6113/6113
f 5045/5045 3950/3950 543/543
f 641/641 672/672 5739/5739
f 2350/2350 1829/1829 5740/5740
f 1679/1679 5740/5740 1829/1829
f 913/913 2597/2597 5741/5741
f 1912/1912 5741/5741 4638/4638
f 2237/2237 5404/5404 1971/1971
f 39/39 3001/3001 5743/5743
f 5743/5743 3001/3001 4736/4736
f 2140/2140 4526/4526 3804/3804
f 4074/4074 372/372 5744/5744
f 2236/2236 5744/5744 372/372
f 650/650 3794/3794 3146/3146
f 64/64 4491/4491 5745/5745
f 934/934 5745/5745 5849/5849
f 2155/2155 6068/6068 5093/5093
f 4263/4263 5728/5728 4672/4672
f 4363/4363 5746/5746 4863/4863
f 4552/4552 2951/2951 68/68
f 3085/3085 68/68 2951/2951
f 422/422 3936/3936 6038/6038
f 4526/4526 6362/6362 5747/5747
f 2471/2471 5747/5747 6362/6362
f 3771/3771 125/125 5748/5748
f 3425/3425 5748/5748 125/125
f 4903/4903 961/961 5753/5753
f 5753/5753 961/961 6145/6145
f 3127/3127 25/25 5754/5754
f 4784/4784 5152/5152 4411/4411
f 3252/3252 4032/4032 50/50
f 4352/4352 5338/5338 5859/5859
f 4926/4926 5807/5807 2498/2498
f 3901/3901 5338/5338 2831/2831
f 5691/5691 2407/2407 3741/3741
f 2155/2155 5687/5687 2700/2700
f 899/899 6311/6311 4852/4852
f 5488/5488 577/577 5759/5759
f 695/695 5759/5759 5024/5024
f 4569/4569 4909/4909 3212/3212
f 2662/2662 705/705 657/657
f 1962/1962 2413/2413 5763/5763
f 3003/3003 5763/5763 2413/2413
f 4369/4369 2370/2370 4605/4605
f 640/640 1954/1954 5764/5764
f 5764/5764 1954/1954 6380/6380
f 5765/5765 4788/4788 3587/3587
f 6193/6193 4660/4660 3003/3003
f 5270/5270 768/768 4632/4632
f 4823/4823 2085/2085 5141/5141
f 4494/4494 1663/1663 5769/5769
f 490/490 5769/5769 1663/1663
f 5770/5770 859/859 5251/5251
f 5174/5174 5770/5770 5990/5990
f 5951/5951 2596/2596 5771/5771
f 707/707 5771/5771 2596/2596
f 5547/5547 5055/5055 5592/5592
f 2372/2372 1775/1775 5772/5772
f 2785/2785 5772/5772 1775/1775
f 5773/5773 5515/5515 864/864
f 3622/3622 5773/5773 864/864
f 575/575 522/522 5774/5774
f 5774/5774 522/522 4217/4217
f 6313/6313 44/44 5775/5775
f 1810/1810 2087/2087 5712/5712
f 4853/4853 5777/5777 5029/5029
f 3587/3587 2197/2197 5765/5765
f 436/436 780/780 4241/4241
f 6283/6283 47/47 5778/5778
f 5085/5085 2243/2243 5303/5303
f 2846/2846 2718/2718 5781/5781
f 764/764 5781/5781 5453/5453
f 2113/2113 5292/5292 4817/4817
f 2719/2719 848/848 5783/5783
f 1723/1723 5783/5783 848/848
f 3445/3445 2161/2161 4535/4535
f 3152/3152 1915/1915 5555/5555
f 452/452 5603/5603 5784/5784
f 3485/3485 5784/5784 5603/5603
f 5464/5464 473/473 5301/5301
f 5787/5787 6316/6316 45/45
f 2135/2135 1759/1759 5791/5791
f 3433/3433 5551/5551 2573/2573
f 878/878 831/831 5792/5792
f 3386/3386 5792/5792 831/831
f 694/694 5547/5547 352/352
f 6277/6277 715/715 5220/5220
f 411/411 5607/5607 818/818
f 826/826 646/646 5793/5793
f 3660/3660 5793/5793 2417/2417
f 5794/5794 4464/4464 3002/3002
f 3142/3142 5794/5794 3002/3002
f 4019/4019 52/52 4939/4939
f 3765/3765 93/93 5795/5795
f 3574/3574 5795/5795 93/93
f 5796/5796 4780/4780 2900/2900
f 2872/2872 5796/5796 2900/2900
f 4971/4971 612/612 3807/3807
f 5791/5791 688/688 5520/5520
f 5798/5798 5426/5426 843/843
f 2840/2840 5798/5798 843/843
f 2597/2597 1967/1967 4160/4160
f 2315/2315 4871/4871 4623/4623
f 4971/4971 3807/3807 2498/2498
f 4131/4131 4001/4001 777/777
f 3252/3252 4976/4976 4986/4986
f 4457/4457 5805/5805 3154/3154
f 5777/5777 770/770 4325/4325
f 2498/2498 5807/5807 943/943
f 718/718 4821/4821 975/975
f 619/619 4883/4883 963/963
f 380/380 4754/4754 5981/5981
f 4735/4735 3885/3885 1892/1892
f 1724/1724 5454/5454 5808/5808
f 1786/1786 5808/5808 5454/5454
f 4978/4978 363/363 4030/4030
f 494/494 976/976 5809/5809
f 2144/2144 5809/5809 976/976
f 5628/5628 953/953 5811/5811
f 656/656 5811/5811 953/953
f 4839/4839 3695/3695 946/946
f 566/566 796/796 4825/4825
f 5814/5814 2028/2028 565/565
f 4825/4825 5814/5814 5572/5572
f 5817/5817 4915/4915 2872/2872
f 718/718 2069/2069 5471/5471
f 4242/4242 2557/2557 5818/5818
f 517/517 5818/5818 2557/2557
f 5819/5819 5189/5189 705/705
f 4083/4083 3343/3343 6203/6203
f 5240/5240 4298/4298 6071/6071
f 3468/3468 2629/2629 3352/3352
f 696/696 358/358 5394/5394
f 4249/4249 923/923 5824/5824
f 3192/3192 5824/5824 923/923
f 4224/4224 161/161 4584/4584
f 5216/5216 5407/5407 5105/5105
f 5782/5782 872/872 5828/5828
f 2939/2939 5828/5828 6016/6016
f 3781/3781 5212/5212 4948/4948
f 5829/5829 2737/2737 2294/2294
f 5984/5984 5829/5829 2294/2294
f 880/880 936/936 5830/5830
f 5446/5446 5830/5830 936/936
f 4508/4508 5485/5485 720/720
f 1967/1967 2765/2765 5796/5796
f 5746/5746 5014/5014 6273/6273
f 770/770 2717/2717 4176/4176
f 5230/5230 484/484 5834/5834
f 2935/2935 5834/5834 788/788
f 600/600 1749/1749 4649/4649
f 4312/4312 5330/5330 1684/1684
f 470/470 552/552 5837/5837
f 5208/5208 5837/5837 4065/4065
f 922/922 684/684 5839/5839
f 2230/2230 5839/5839 684/684
f 4000/4000 2627/2627 5909/5909
f 5211/5211 458/458 5841/5841
f 4541/4541 5841/5841 458/458
f 6217/6217 434/434 3956/3956
f 930/930 4252/4252 2910/2910
f 2958/2958 5345/5345 5846/5846
f 2471/2471 5846/5846 5345/5345
f 3709/3709 4424/4424 5627/5627
f 794/794 5484/5484 5848/5848
f 353/353 5848/5848 3530/3530
f 6222/6222 427/427 4680/4680
f 5849/5849 1762/1762 2646/2646
f 3966/3966 4895/4895 3044/3044
f 731/731 970/970 5850/5850
f 4800/4800 5850/5850 970/970
f 3889/3889 5851/5851 6057/6057
f 5852/5852 4311/4311 5382/5382
f 3664/3664 538/538 5028/5028
f 4684/4684 2568/2568 5366/5366
f 5853/5853 5286/5286 589/589
f 5873/5873 3254/3254 5853/5853
f 5472/5472 3736/3736 4238/4238
f 4608/4608 894/894 5854/5854
f 944/944 5854/5854 894/894
f 5178/5178 5439/5439 4069/4069
f 2943/2943 5273/5273 781/781
f 3296/3296 3724/3724 5320/5320
f 519/519 4283/4283 439/439
f 5011/5011 3055/3055 4956/4956
f 2135/2135 719/719 5339/5339
f 1940/1940 5637/5637 602/602
f 2984/2984 3814/3814 664/664
f 2044/2044 365/365 5858/5858
f 5154/5154 4352/4352 5859/5859
f 4352/4352 5154/5154 642/642
f 5792/5792 3253/3253 5110/5110
f 2594/2594 4308/4308 3836/3836
f 3731/3731 5392/5392 4840/4840
f 5861/5861 1854/1854 525/525
f 3863/3863 4033/4033 5682/5682
f 3529/3529 413/413 5862/5862
f 3140/3140 5863/5863 4373/4373
f 4672/4672 1768/1768 4263/4263
f 2089/2089 367/367 3551/3551
f 888/888 2216/2216 4985/4985
f 3781/3781 744/744 5025/5025
f 3244/3244 523/523 5864/5864
f 3135/3135 5864/5864 523/523
f 3575/3575 5005/5005 384/384
f 3737/3737 4777/4777 2367/2367
f 2941/2941 3784/3784 2483/2483
f 5208/5208 822/822 3977/3977
f 2943/2943 2342/2342 5866/5866
f 3296/3296 5866/5866 2342/2342
f 65/65 1762/1762 4491/4491
f 5048/5048 1858/1858 5870/5870
f 3849/3849 6371/6371 5871/5871
f 502/502 5871/5871 6371/6371
f 5905/5905 3396/3396 57/57
f 5629/5629 6384/6384 3047/3047
f 5052/5052 3517/3517 834/834
f 6127/6127 4635/4635 4885/4885
f 6164/6164 3804/3804 2148/2148
f 5853/5853 589/589 5873/5873
f 1748/1748 5873/5873 589/589
f 3250/3250 104/104 5874/5874
f 105/105 5874/5874 104/104
f 5668/5668 4610/4610 5389/5389
f 2297/2297 5876/5876 2284/2284
f 5953/5953 2986/2986 2320/2320
f 3594/3594 136/136 6285/6285
f 1769/1769 2150/2150 5186/5186
f 6203/6203 3343/3343 5877/5877
f 5467/5467 5877/5877 3343/3343
f 4818/4818 461/461 5878/5878
f 3061/3061 5878/5878 461/461
f 3014/3014 5178/5178 4069/4069
f 2740/2740 5879/5879 2621/2621
f 2716/2716 5421/5421 2232/2232
f 3594/3594 6285/6285 135/135
f 5759/5759 577/577 5024/5024
f 5313/5313 4257/4257 4998/4998
f 4984/4984 5427/5427 887/887
f 2787/2787 2749/2749 5350/5350
f 5892/5892 895/895 5882/5882
f 1818/1818 5882/5882 895/895
f 4329/4329 3929/3929 809/809
f 1984/1984 2123/2123 5219/5219
f 3488/3488 5379/5379 2386/2386
f 6179/6179 2415/2415 5889/5889
f 847/847 5889/5889 2415/2415
f 3323/3323 5548/5548 6140/6140
f 5335/5335 5891/5891 4839/4839
f 6408/6408 5892/5892 5882/5882
f 2867/2867 1897/1897 5893/5893
f 3342/3342 5893/5893 5540/5540
f 6389/6389 4737/4737 4085/4085
f 5894/5894 5723/5723 2630/2630
f 858/858 5894/5894 2630/2630
f 3635/3635 86/86 383/383
f 4613/4613 2266/2266 5895/5895
f 908/908 4610/4610 5896/5896
f 5668/5668 5896/5896 4610/4610
f 3859/3859 4503/4503 5048/5048
f 704/704 697/697 5877/5877
f 3217/3217 514/514 4176/4176
f 2863/2863 819/819 5899/5899
f 2321/2321 5899/5899 819/819
f 5050/5050 4887/4887 3650/3650
f 4406/4406 2142/2142 4165/4165
f 979/979 6276/6276 5901/5901
f 3724/3724 5155/5155 1830/1830
f 750/750 5902/5902 1906/1906
f 5462/5462 5103/5103 5759/5759
f 703/703 4612/4612 4848/4848
f 6394/6394 5889/5889 847/847
f 4119/4119 4488/4488 5222/5222
f 757/757 4119/4119 5222/5222
f 826/826 4329/4329 5905/5905
f 4581/4581 4436/4436 959/959
f 745/745 2424/2424 5907/5907
f 5354/5354 5907/5907 2424/2424
f 5312/5312 5955/5955 3772/3772
f 3183/3183 371/371 5909/5909
f 4000/4000 5909/5909 5041/5041
f 2973/2973 5951/5951 5910/5910
f 3011/3011 5910/5910 5444/5444
f 3517/3517 812/812 5911/5911
f 6217/6217 5911/5911 812/812
f 2904/2904 5500/5500 5199/5199
f 1793/1793 4664/4664 4269/4269
f 4967/4967 579/579 5186/5186
f 3993/3993 535/535 5913/5913
f 1923/1923 5913/5913 535/535
f 4419/4419 5915/5915 4689/4689
f 3726/3726 5045/5045 4581/4581
f 672/672 3242/3242 5921/5921
f 76/76 5921/5921 3242/3242
f 951/951 526/526 5839/5839
f 4983/4983 4367/4367 5426/5426
f 4995/4995 508/508 4988/4988
f 2033/2033 5854/5854 944/944
f 5216/5216 5105/5105 2815/2815
f 4021/4021 1735/1735 2171/2171
f 5042/5042 2073/2073 5673/5673
f 5846/5846 87/87 3572/3572
f 5774/5774 4217/4217 726/726
f 5139/5139 4382/4382 6035/6035
f 3385/3385 2083/2083 5926/5926
f 765/765 5926/5926 2083/2083
f 609/609 2998/2998 2582/2582
f 4000/4000 5041/5041 949/949
f 4378/4378 725/725 5927/5927
f 2260/2260 5927/5927 725/725
f 3898/3898 3643/3643 2671/2671
f 1726/1726 5928/5928 2407/2407
f 2785/2785 5928/5928 1726/1726
f 6390/6390 1879/1879 5672/5672
f 4465/4465 6293/6293 5930/5930
f 3330/3330 5930/5930 6293/6293
f 1794/1794 5931/5931 2310/2310
f 2990/2990 4578/4578 490/490
f 4476/4476 6337/6337 5932/5932
f 602/602 5932/5932 6337/6337
f 879/879 1640/1640 5933/5933
f 5557/5557 5933/5933 1640/1640
f 5389/5389 4610/4610 3463/3463
f 4976/4976 5934/5934 381/381
f 3178/3178 5568/5568 2930/2930
f 1902/1902 5052/5052 834/834
f 5543/5543 1662/1662 5938/5938
f 1631/1631 5938/5938 4382/4382
f 5183/5183 686/686 4927/4927
f 3779/3779 5980/5980 5941/5941
f 2370/2370 814/814 4605/4605
f 2332/2332 2414/2414 4720/4720
f 3331/3331 3378/3378 3640/3640
f 5307/5307 4265/4265 58/58
f 500/500 861/861 4263/4263
f 3198/3198 3159/3159 5947/5947
f 601/601 5947/5947 3839/3839
f 3355/3355 5948/5948 3551/3551
f 4991/4991 4009/4009 4002/4002
f 2606/2606 4357/4357 4575/4575
f 779/779 2321/2321 5831/5831
f 3808/3808 2879/2879 3737/3737
f 3786/3786 5454/5454 2336/2336
f 492/492 3786/3786 2336/2336
f 3574/3574 93/93 3767/3767
f 3964/3964 5154/5154 6215/6215
f 3451/3451 1761/1761 4595/4595
f 5070/5070 2573/2573 5953/5953
f 2986/2986 5953/5953 2573/2573
f 675/675 5597/5597 3098/3098
f 3019/3019 2183/2183 5954/5954
f 5475/5475 4074/4074 4661/4661
f 4569/4569 850/850 5955/5955
f 6246/6246 5955/5955 850/850
f 1827/1827 555/555 5957/5957
f 4898/4898 5957/5957 555/555
f 5266/5266 542/542 5958/5958
f 2521/2521 5958/5958 542/542
f 2069/2069 4048/4048 5134/5134
f 6176/6176 4664/4664 880/880
f 837/837 1960/1960 5961/5961
f 675/675 5961/5961 4206/4206
f 893/893 681/681 5962/5962
f 5154/5154 5962/5962 681/681
f 4875/4875 5851/5851 3476/3476
f 4363/4363 4863/4863 173/173
f 5141/5141 2085/2085 5653/5653
f 728/728 2396/2396 5967/5967
f 3885/3885 5967/5967 2396/2396
f 2050/2050 2527/2527 5969/5969
f 2951/2951 5969/5969 2527/2527
f 5270/5270 5632/5632 549/549
f 2161/2161 1652/1652 4639/4639
f 1783/1783 2655/2655 740/740
f 1746/1746 1783/1783 740/740
f 1917/1917 897/897 5406/5406
f 5534/5534 749/749 5972/5972
f 3213/3213 5972/5972 749/749
f 5911/5911 375/375 3517/3517
f 5177/5177 4935/4935 5876/5876
f 909/909 3668/3668 505/505
f 873/873 405/405 5974/5974
f 3176/3176 5974/5974 405/405
f 3858/3858 4578/4578 2990/2990
f 3494/3494 3858/3858 2990/2990
f 5244/5244 4764/4764 4260/4260
f 2376/2376 6060/6060 5975/5975
f 2535/2535 5975/5975 5583/5583
f 3129/3129 378/378 5690/5690
f 558/558 2061/2061 5977/5977
f 3148/3148 5977/5977 4919/4919
f 4137/4137 4194/4194 2470/2470
f 3286/3286 3159/3159 3198/3198
f 5453/5453 171/171 4414/4414
f 1944/1944 634/634 5980/5980
f 5941/5941 5980/5980 634/634
f 474/474 846/846 5981/5981
f 380/380 5981/5981 846/846
f 4960/4960 5588/5588 4827/4827
f 5453/5453 4414/4414 2967/2967
f 3278/3278 439/439 4148/4148
f 5545/5545 6165/6165 859/859
f 4107/4107 4832/4832 5038/5038
f 4449/4449 3529/3529 512/512
f 6311/6311 5623/5623 4413/4413
f 3626/3626 5706/5706 5984/5984
f 3808/3808 5984/5984 5706/5706
f 5985/5985 5736/5736 24/24
f 5990/5990 5770/5770 5251/5251
f 3861/3861 5990/5990 5251/5251
f 3849/3849 3740/3740 2314/2314
f 3947/3947 881/881 5993/5993
f 4747/4747 5993/5993 881/881
f 4397/4397 450/450 6303/6303
f 4529/4529 759/759 497/497
f 2704/2704 4529/4529 497/497
f 4721/4721 5176/5176 4536/4536
f 3356/3356 5931/5931 5765/5765
f 2128/2128 2219/2219 4822/4822
f 5798/5798 652/652 5412/5412
f 3731/3731 4053/4053 5996/5996
f 546/546 5997/5997 432/432
f 2676/2676 4133/4133 1916/1916
f 4711/4711 2441/2441 5858/5858
f 5998/5998 5738/5738 1908/1908
f 480/480 5998/5998 1908/1908
f 421/421 5794/5794 6080/6080
f 5620/5620 3696/3696 799/799
f 6000/6000 386/386 610/610
f 1629/1629 6000/6000 610/610
f 3509/3509 6003/6003 6337/6337
f 5025/5025 1723/1723 5857/5857
f 6006/6006 1889/1889 6038/6038
f 5183/5183 5559/5559 689/689
f 4373/4373 3268/3268 4119/4119
f 1640/1640 879/879 6007/6007
f 5327/5327 6007/6007 879/879
f 2935/2935 3134/3134 6008/6008
f 2155/2155 6008/6008 3134/3134
f 541/541 3370/3370 2432/2432
f 2336/2336 4049/4049 3933/3933
f 5078/5078 2320/2320 5325/5325
f 6010/6010 5486/5486 938/938
f 2192/2192 6010/6010 938/938
f 3640/3640 4747/4747 881/881
f 1760/1760 4437/4437 6013/6013
f 382/382 6013/6013 5286/5286
f 6015/6015 5545/5545 903/903
f 6113/6113 6015/6015 903/903
f 6016/6016 5828/5828 872/872
f 6016/6016 872/872 429/429
f 3044/3044 3129/3129 5923/5923
f 658/658 2284/2284 6017/6017
f 5876/5876 6017/6017 2284/2284
f 4291/4291 713/713 4098/4098
f 816/816 150/150 6019/6019
f 3470/3470 6019/6019 150/150
f 6021/6021 6255/6255 720/720
f 889/889 6021/6021 5485/5485
f 3658/3658 2991/2991 5653/5653
f 6023/6023 5543/5543 2548/2548
f 1964/1964 1926/1926 6024/6024
f 5077/5077 6024/6024 1926/1926
f 4171/4171 2149/2149 6025/6025
f 3873/3873 6025/6025 4771/4771
f 4983/4983 5426/5426 2810/2810
f 3598/3598 1667/1667 4755/4755
f 6027/6027 2623/2623 2012/2012
f 3901/3901 6027/6027 2012/2012
f 463/463 4226/4226 622/622
f 5098/5098 4436/4436 4185/4185
f 382/382 2217/2217 6029/6029
f 73/73 6029/6029 2217/2217
f 4428/4428 5773/5773 573/573
f 535/535 788/788 4582/4582
f 1995/1995 5669/5669 3048/3048
f 4140/4140 5393/5393 3483/3483
f 5011/5011 4956/4956 3342/3342
f 2902/2902 2050/2050 5969/5969
f 1627/1627 4370/4370 4590/4590
f 4382/4382 941/941 6035/6035
f 3753/3753 6035/6035 941/941
f 4883/4883 702/702 6037/6037
f 2883/2883 6037/6037 5071/5071
f 5105/5105 5407/5407 3942/3942
f 6038/6038 3936/3936 645/645
f 6006/6006 6038/6038 645/645
f 5498/5498 815/815 4482/4482
f 5955/5955 3114/3114 4569/4569
f 4731/4731 5167/5167 875/875
f 3582/3582 1717/1717 3833/3833
f 4818/4818 5878/5878 5996/5996
f 476/476 2033/2033 6047/6047
f 944/944 6047/6047 2033/2033
f 5192/5192 3710/3710 4445/4445
f 2796/2796 5266/5266 5603/5603
f 1962/1962 754/754 6049/6049
f 2826/2826 6049/6049 754/754
f 6013/6013 4437/4437 5286/5286
f 4694/4694 5369/5369 3571/3571
f 3494/3494 3302/3302 6216/6216
f 5039/5039 4670/4670 5805/5805
f 5239/5239 2764/2764 3661/3661
f 4816/4816 2323/2323 6052/6052
f 3179/3179 6052/6052 2323/2323
f 2184/2184 924/924 6053/6053
f 716/716 6053/6053 5487/5487
f 1814/1814 3685/3685 4613/4613
f 2318/2318 5039/5039 680/680
f 5394/5394 5019/5019 5429/5429
f 4449/4449 3774/3774 3746/3746
f 5851/5851 388/388 6057/6057
f 557/557 6057/6057 388/388
f 5110/5110 5706/5706 3626/3626
f 756/756 506/506 6058/6058
f 5049/5049 6058/6058 506/506
f 4032/4032 3656/3656 49/49
f 4079/4079 3569/3569 5871/5871
f 691/691 2760/2760 6060/6060
f 5975/5975 6060/6060 2760/2760
f 4898/4898 3952/3952 2317/2317
f 3660/3660 2417/2417 951/951
f 3597/3597 570/570 6067/6067
f 3443/3443 2708/2708 4947/4947
f 4616/4616 1636/1636 3553/3553
f 919/919 485/485 6068/6068
f 6068/6068 485/485 2322/2322
f 4856/4856 3795/3795 3678/3678
f 840/840 3073/3073 6071/6071
f 725/725 6071/6071 3073/3073
f 5423/5423 4441/4441 410/410
f 2528/2528 3811/3811 4736/4736
f 3095/3095 5230/5230 377/377
f 5100/5100 2969/2969 5277/5277
f 2072/2072 5933/5933 5557/5557
f 3374/3374 5981/5981 4754/4754
f 1662/1662 6077/6077 359/359
f 5179/5179 5716/5716 845/845
f 2708/2708 6052/6052 3179/3179
f 5461/5461 840/840 6071/6071
f 3130/3130 6080/6080 2213/2213
f 5070/5070 1876/1876 6081/6081
f 600/600 6081/6081 1876/1876
f 2926/2926 2771/2771 6083/6083
f 4312/4312 6083/6083 5330/5330
f 1904/1904 738/738 6084/6084
f 3238/3238 6084/6084 387/387
f 4999/4999 2521/2521 6085/6085
f 542/542 6085/6085 2521/2521
f 4435/4435 1760/1760 4662/4662
f 615/615 1629/1629 6086/6086
f 1989/1989 6086/6086 1629/1629
f 5691/5691 2688/2688 4919/4919
f 2929/2929 528/528 5879/5879
f 2621/2621 5879/5879 528/528
f 6090/6090 5656/5656 454/454
f 4252/4252 6090/6090 454/454
f 1984/1984 5902/5902 2386/2386
f 6092/6092 4051/4051 774/774
f 4821/4821 6092/6092 774/774
f 574/574 6090/6090 930/930
f 3911/3911 537/537 4531/4531
f 420/420 2087/2087 6095/6095
f 5488/5488 6095/6095 2087/2087
f 4142/4142 4981/4981 886/886
f 4695/4695 4206/4206 468/468
f 3948/3948 4824/4824 5135/5135
f 6000/6000 1629/1629 4714/4714
f 573/573 2595/2595 4428/4428
f 5615/5615 5529/5529 2502/2502
f 857/857 392/392 6096/6096
f 4475/4475 6096/6096 392/392
f 5061/5061 6100/6100 5050/5050
f 3071/3071 1918/1918 6101/6101
f 2218/2218 6101/6101 1918/1918
f 731/731 2929/2929 6103/6103
f 2231/2231 6103/6103 2618/2618
f 5619/5619 4720/4720 1732/1732
f 6223/6223 4969/4969 399/399
f 634/634 6107/6107 6223/6223
f 462/462 2636/2636 631/631
f 490/490 750/750 5236/5236
f 935/935 1793/1793 5870/5870
f 973/973 849/849 3053/3053
f 775/775 2662/2662 5913/5913
f 6113/6113 5998/5998 6274/6274
f 6361/6361 451/451 6258/6258
f 451/451 6361/6361 2096/2096
f 6114/6114 6077/6077 584/584
f 6165/6165 2195/2195 6123/6123
f 1991/1991 6123/6123 2195/2195
f 6202/6202 709/709 1794/1794
f 6279/6279 445/445 6124/6124
f 2139/2139 6124/6124 6132/6132
f 4885/4885 1769/1769 6127/6127
f 2062/2062 792/792 6305/6305
f 906/906 6305/6305 792/792
f 2594/2594 6155/6155 628/628
f 6132/6132 3869/3869 108/108
f 109/109 6132/6132 108/108
f 3151/3151 974/974 6133/6133
f 2701/2701 6133/6133 974/974
f 1679/1679 1829/1829 6114/6114
f 2901/2901 5690/5690 488/488
f 6241/6241 865/865 6137/6137
f 2530/2530 6137/6137 865/865
f 1685/1685 786/786 6139/6139
f 4719/4719 6139/6139 786/786
f 6245/6245 6140/6140 3315/3315
f 3323/3323 6140/6140 6245/6245
f 2315/2315 2668/2668 6145/6145
f 5753/5753 6145/6145 4143/4143
f 4956/4956 5719/5719 955/955
f 2006/2006 1931/1931 6147/6147
f 619/619 6147/6147 1931/1931
f 1670/1670 679/679 6148/6148
f 5672/5672 6148/6148 679/679
f 6149/6149 4211/4211 1917/1917
f 676/676 2634/2634 6151/6151
f 46/46 6151/6151 2634/2634
f 4785/4785 6166/6166 6154/6154
f 2141/2141 6154/6154 6225/6225
f 576/576 5429/5429 6156/6156
f 5019/5019 6156/6156 5429/5429
f 4719/4719 6225/6225 6166/6166
f 5959/5959 5153/5153 4788/4788
f 2767/2767 2751/2751 6163/6163
f 2749/2749 6163/6163 2751/2751
f 3964/3964 4823/4823 2705/2705
f 642/642 3964/3964 2705/2705
f 1837/1837 801/801 6164/6164
f 2140/2140 6164/6164 801/801
f 4042/4042 1742/1742 4924/4924
f 6123/6123 859/859 6165/6165
f 496/496 6165/6165 5545/5545
f 3782/3782 578/578 6166/6166
f 4719/4719 6166/6166 578/578
f 5320/5320 2255/2255 694/694
f 5974/5974 2930/2930 6168/6168
f 5568/5568 6168/6168 2930/2930
f 4035/4035 518/518 3344/3344
f 824/824 2669/2669 6171/6171
f 3763/3763 6171/6171 646/646
f 2607/2607 620/620 6172/6172
f 1807/1807 6172/6172 620/620
f 5514/5514 3105/3105 6173/6173
f 513/513 6173/6173 3105/3105
f 2019/2019 2204/2204 6176/6176
f 4269/4269 6176/6176 2204/2204
f 3178/3178 5018/5018 660/660
f 6178/6178 4695/4695 453/453
f 963/963 6178/6178 453/453
f 381/381 5934/5934 6179/6179
f 2415/2415 6179/6179 5124/5124
f 2316/2316 915/915 6185/6185
f 5514/5514 6185/6185 915/915
f 2322/2322 710/710 6186/6186
f 2640/2640 6186/6186 710/710
f 3433/3433 2208/2208 6187/6187
f 2073/2073 6187/6187 2208/2208
f 2610/2610 4688/4688 6188/6188
f 2096/2096 6361/6361 4688/4688
f 886/886 4126/4126 5348/5348
f 5077/5077 6189/6189 6149/6149
f 503/503 3151/3151 6133/6133
f 748/748 683/683 6193/6193
f 2997/2997 6193/6193 683/683
f 3814/3814 2885/2885 6196/6196
f 5063/5063 6196/6196 2885/2885
f 5382/5382 592/592 4769/4769
f 4417/4417 5849/5849 2646/2646
f 6200/6200 466/466 888/888
f 4985/4985 6200/6200 888/888
f 5484/5484 6202/6202 6226/6226
f 2698/2698 6335/6335 803/803
f 2521/2521 6127/6127 1769/1769
f 6265/6265 6203/6203 3960/3960
f 4323/4323 1857/1857 6204/6204
f 4357/4357 617/617 6207/6207
f 958/958 6207/6207 617/617
f 614/614 6077/6077 6114/6114
f 3551/3551 4205/4205 3355/3355
f 3732/3732 4558/4558 163/163
f 2242/2242 6212/6212 97/97
f 4575/4575 4784/4784 968/968
f 1959/1959 1924/1924 6213/6213
f 507/507 6213/6213 1924/1924
f 6215/6215 5154/5154 681/681
f 5211/5211 6215/6215 681/681
f 3302/3302 890/890 6216/6216
f 399/399 6216/6216 890/890
f 601/601 875/875 5072/5072
f 2213/2213 6080/6080 6238/6238
f 2711/2711 567/567 6217/6217
f 3218/3218 6217/6217 567/567
f 4212/4212 3195/3195 6218/6218
f 4854/4854 2811/2811 6219/6219
f 5346/5346 6219/6219 2811/2811
f 4098/4098 491/491 6220/6220
f 820/820 6220/6220 491/491
f 2859/2859 5648/5648 876/876
f 3344/3344 3189/3189 6222/6222
f 2549/2549 6222/6222 3189/3189
f 6223/6223 4572/4572 5941/5941
f 634/634 6223/6223 5941/5941
f 6274/6274 5998/5998 2318/2318
f 786/786 4185/4185 6225/6225
f 2141/2141 6225/6225 4185/4185
f 818/818 6226/6226 6202/6202
f 4531/4531 5520/5520 6229/6229
f 2562/2562 6229/6229 5520/5520
f 5312/5312 1810/1810 6230/6230
f 5712/5712 6230/6230 1810/1810
f 6171/6171 6231/6231 668/668
f 5077/5077 6149/6149 1917/1917
f 6155/6155 2144/2144 6235/6235
f 976/976 6235/6235 2144/2144
f 5782/5782 4854/4854 6236/6236
f 1957/1957 6236/6236 4854/4854
f 5745/5745 4491/4491 1762/1762
f 6238/6238 5195/5195 869/869
f 2213/2213 6238/6238 869/869
f 976/976 6271/6271 6235/6235
f 3779/3779 3315/3315 6242/6242
f 6140/6140 6242/6242 3315/3315
f 5369/5369 830/830 6243/6243
f 2740/2740 6243/6243 830/830
f 5034/5034 5125/5125 2217/2217
f 6245/6245 4572/4572 890/890
f 3323/3323 6245/6245 890/890
f 5160/5160 36/36 6302/6302
f 3198/3198 785/785 5861/5861
f 6179/6179 5934/5934 5124/5124
f 4361/4361 3772/3772 6246/6246
f 5955/5955 6246/6246 3772/3772
f 5682/5682 2223/2223 6247/6247
f 2858/2858 6247/6247 2223/2223
f 554/554 6256/6256 1940/1940
f 5854/5854 945/945 6254/6254
f 5438/5438 6254/6254 945/945
f 6255/6255 6083/6083 2771/2771
f 720/720 6255/6255 2771/2771
f 6256/6256 1659/1659 1739/1739
f 909/909 505/505 5901/5901
f 2083/2083 2713/2713 6258/6258
f 4560/4560 2425/2425 4131/4131
f 6260/6260 2701/2701 2917/2917
f 2315/2315 6260/6260 2917/2917
f 4613/4613 4416/4416 1814/1814
f 3247/3247 370/370 6262/6262
f 2647/2647 6262/6262 370/370
f 6308/6308 6263/6263 2393/2393
f 2449/2449 6263/6263 6308/6308
f 3960/3960 5739/5739 6265/6265
f 818/818 6202/6202 1794/1794
f 2021/2021 2678/2678 6270/6270
f 4634/4634 6270/6270 2678/2678
f 844/844 6298/6298 599/599
f 6289/6289 778/778 6271/6271
f 6241/6241 6271/6271 778/778
f 5895/5895 6272/6272 839/839
f 2266/2266 6272/6272 5895/5895
f 1883/1883 2204/2204 6273/6273
f 5746/5746 6273/6273 2631/2631
f 2318/2318 2055/2055 6274/6274
f 6113/6113 6274/6274 2055/2055
f 668/668 824/824 6171/6171
f 495/495 2638/2638 6276/6276
f 6276/6276 2638/2638 1844/1844
f 3026/3026 3509/3509 6277/6277
f 4476/4476 6277/6277 3509/3509
f 3793/3793 596/596 6278/6278
f 2314/2314 6278/6278 596/596
f 4840/4840 6279/6279 2044/2044
f 5392/5392 6279/6279 4840/4840
f 676/676 355/355 6280/6280
f 3596/3596 6280/6280 355/355
f 4973/4973 6281/6281 566/566
f 4661/4661 4925/4925 6236/6236
f 6290/6290 6282/6282 714/714
f 2763/2763 6282/6282 6290/6290
f 3833/3833 1717/1717 6283/6283
f 3112/3112 6283/6283 1717/1717
f 796/796 6281/6281 4142/4142
f 5661/5661 6276/6276 1844/1844
f 4083/4083 6203/6203 6265/6265
f 5418/5418 2089/2089 6285/6285
f 5151/5151 6285/6285 2089/2089
f 5051/5051 424/424 691/691
f 3749/3749 97/97 6286/6286
f 6212/6212 6286/6286 97/97
f 6303/6303 6287/6287 4505/4505
f 4804/4804 6287/6287 6303/6303
f 3022/3022 6290/6290 3195/3195
f 2512/2512 2639/2639 6291/6291
f 6180/6180 6291/6291 2639/2639
f 714/714 3195/3195 6290/6290
f 2116/2116 599/599 6293/6293
f 599/599 6298/6298 6293/6293
f 6218/6218 3195/3195 6296/6296
f 714/714 6296/6296 3195/3195
f 3330/3330 6293/6293 6298/6298
f 4804/4804 6303/6303 450/450
f 3268/3268 703/703 6299/6299
f 3278/3278 6299/6299 703/703
f 813/813 2638/2638 6300/6300
f 495/495 6300/6300 2638/2638
f 4016/4016 818/818 6302/6302
f 5607/5607 6302/6302 818/818
f 4505/4505 3640/3640 6303/6303
f 4397/4397 6303/6303 3640/3640
f 5706/5706 3253/3253 2629/2629
f 4475/4475 6305/6305 6321/6321
f 2740/2740 4859/4859 603/603
f 3346/3346 6265/6265 5739/5739
f 494/494 1991/1991 6289/6289
f 2449/2449 6308/6308 1808/1808
f 6327/6327 6311/6311 693/693
f 5623/5623 6311/6311 6327/6327
f 3851/3851 6312/6312 498/498
f 6280/6280 2223/2223 6313/6313
f 4094/4094 4560/4560 6314/6314
f 381/381 6314/6314 4560/4560
f 5333/5333 4982/4982 1857/1857
f 3568/3568 1808/1808 6308/6308
f 6280/6280 6313/6313 6316/6316
f 45/45 6316/6316 5775/5775
f 2267/2267 1944/1944 6317/6317
f 690/690 6317/6317 1944/1944
f 510/510 5521/5521 6318/6318
f 5623/5623 6318/6318 5521/5521
f 6305/6305 906/906 6321/6321
f 5030/5030 6321/6321 906/906
f 735/735 1717/1717 6323/6323
f 1862/1862 6323/6323 1717/1717
f 693/693 1696/1696 6327/6327
f 5623/5623 6327/6327 6318/6318
f 895/895 1896/1896 6328/6328
f 2672/2672 6328/6328 1896/1896
f 6323/6323 3493/3493 4982/4982
f 640/640 5764/5764 5602/5602
f 5410/5410 5511/5511 6333/6333
f 2764/2764 6333/6333 5511/5511
f 6350/6350 6335/6335 2117/2117
f 6350/6350 5673/5673 6335/6335
f 699/699 724/724 6336/6336
f 460/460 6336/6336 724/724
f 6003/6003 1940/1940 6337/6337
f 602/602 6337/6337 1940/1940
f 6338/6338 3411/3411 137/137
f 3562/3562 6338/6338 137/137
f 939/939 606/606 6339/6339
f 4977/4977 6339/6339 606/606
f 2096/2096 2029/2029 6340/6340
f 1954/1954 6340/6340 2029/2029
f 6355/6355 4127/4127 6344/6344
f 1971/1971 6344/6344 4127/4127
f 6368/6368 3364/3364 6345/6345
f 3590/3590 6345/6345 3364/3364
f 4326/4326 6346/6346 3794/3794
f 1692/1692 6346/6346 4326/4326
f 673/673 1956/1956 6347/6347
f 585/585 6347/6347 1956/1956
f 2117/2117 2306/2306 6350/6350
f 5042/5042 6350/6350 2306/2306
f 3568/3568 2393/2393 6351/6351
f 5467/5467 6351/6351 2393/2393
f 150/150 816/816 6352/6352
f 2786/2786 6352/6352 816/816
f 3464/3464 956/956 6354/6354
f 475/475 6354/6354 956/956
f 2698/2698 6355/6355 671/671
f 3917/3917 6355/6355 2698/2698
f 2049/2049 6358/6358 3203/3203
f 4029/4029 6358/6358 2049/2049
f 6258/6258 6188/6188 6361/6361
f 4688/4688 6361/6361 6188/6188
f 383/383 86/86 6362/6362
f 2471/2471 6362/6362 86/86
f 2676/2676 651/651 6364/6364
f 1750/1750 6364/6364 651/651
f 673/673 1885/1885 6368/6368
f 2868/2868 6368/6368 1885/1885
f 733/733 126/126 6369/6369
f 127/127 6369/6369 126/126
f 2202/2202 569/569 6370/6370
f 587/587 6370/6370 569/569
f 4035/4035 5619/5619 6371/6371
f 2378/2378 6371/6371 5619/5619
f 4266/4266 2663/2663 6372/6372
f 1876/1876 6372/6372 2663/2663
f 6313/6313 2223/2223 6378/6378
f 5682/5682 6378/6378 2223/2223
f 2365/2365 2860/2860 6380/6380
f 5764/5764 6380/6380 2860/2860
f 836/836 662/662 6384/6384
f 2981/2981 6384/6384 662/662
f 3716/3716 2786/2786 6388/6388
f 816/816 6388/6388 2786/2786
f 893/893 5962/5962 6389/6389
f 5182/5182 6389/6389 5962/5962
f 4994/4994 498/498 6390/6390
f 6312/6312 6390/6390 498/498
f 30/30 817/817 6391/6391
f 3215/3215 6391/6391 817/817
f 809/809 4094/4094 6394/6394
f 5889/5889 6394/6394 4094/4094
f 1833/1833 874/874 6399/6399
f 917/917 6399/6399 874/874
f 3087/3087 2306/2306 6404/6404
f 2117/2117 6404/6404 2306/2306
f 3214/3214 844/844 6405/6405
f 599/599 6405/6405 844/844
f 2149/2149 887/887 6406/6406
f 5427/5427 6406/6406 887/887
f 371/371 886/886 6408/6408
f 4981/4981 6408/6408 886/886
g panel2
f 313/313 1468/1468 4117/4117
f 5159/5159 5306/5306 1360/1360
f 2169/2169 6365/6365 3790/3790
f 4346/4346 1699/1699 4091/4091
f 5456/5456 4175/4175 312/312
f 5224/5224 317/317 1699/1699
f 4268/4268 310/310 3810/3810
f 2419/2419 1193/1193 2482/2482
f 4773/4773 320/320 4489/4489
f 4399/4399 2545/2545 3831/3831
f 4376/4376 1469/1469 3713/3713
f 1074/1074 1291/1291 2545/2545
f 1725/1725 1290/1290 1470/1470
f 5725/5725 5311/5311 328/328
f 4643/4643 1969/1969 3133/3133
f 5411/5411 327/327 2052/2052
f 1195/1195 1565/1565 1361/1361
f 4733/4733 1598/1598 4551/4551
f 4077/4077 6129/6129 1802/1802
f 2851/2851 4573/4573 2051/2051
f 297/297 1847/1847 4579/4579
f 1774/1774 3540/3540 3888/3888
f 4041/4041 2193/2193 1869/1869
f 6295/6295 1005/1005 3616/3616
f 4096/4096 280/280 1990/1990
f 250/250 1603/1603 4055/4055
f 4174/4174 2225/2225 2770/2770
f 3461/3461 1471/1471 4894/4894
f 4620/4620 1081/1081 1575/1575
f 3042/3042 2732/2732 3682/3682
f 3340/3340 1977/1977 3042/3042
f 5767/5767 259/259 2928/2928
f 1085/1085 1302/1302 6334/6334
f 4422/4422 3694/3694 3566/3566
f 6249/6249 4577/4577 263/263
f 2592/2592 3033/3033 1935/1935
f 4837/4837 1935/1935 3604/3604
f 3796/3796 269/269 2456/2456
f 1131/1131 5988/5988 1009/1009
f 4663/4663 5639/5639 3225/3225
f 5639/5639 4663/4663 293/293
f 292/292 3225/3225 1473/1473
f 3225/3225 988/988 2293/2293
f 4957/4957 291/291 1874/1874
f 290/290 1237/1237 2556/2556
f 3067/3067 3153/3153 5279/5279
f 2946/2946 5349/5349 5075/5075
f 5533/5533 4621/4621 1856/1856
f 4290/4290 6143/6143 5991/5991
f 1019/1019 1312/1312 4328/4328
f 1188/1188 2580/2580 3313/3313
f 5812/5812 1966/1966 2450/2450
f 1090/1090 1474/1474 4790/4790
f 4561/4561 201/201 2450/2450
f 4607/4607 203/203 5112/5112
f 4652/4652 5419/5419 3115/3115
f 5473/5473 1051/1051 3292/3292
f 4644/4644 5865/5865 4880/4880
f 5162/5162 1366/1366 4113/4113
f 5731/5731 245/245 1366/1366
f 4081/4081 2334/2334 3484/3484
f 1950/1950 4722/4722 2504/2504
f 5600/5600 2392/2392 220/220
f 4471/4471 6033/6033 3820/3820
f 3766/3766 1834/1834 4549/4549
f 2030/2030 3052/3052 2313/2313
f 3842/3842 3280/3280 3482/3482
f 3318/3318 235/235 3216/3216
f 3583/3583 1331/1331 2070/2070
f 1094/1094 3016/3016 5184/5184
f 2950/2950 2753/2753 5885/5885
f 2753/2753 995/995 228/228
f 4624/4624 230/230 3016/3016
f 228/228 995/995 227/227
f 2107/2107 10/10 227/227
f 235/235 3318/3318 3573/3573
f 4630/4630 1727/1727 3538/3538
f 204/204 997/997 4655/4655
f 1245/1245 1588/1588 2772/2772
f 4344/4344 210/210 5867/5867
f 5867/5867 1668/1668 209/209
f 1638/1638 207/207 1751/1751
f 4116/4116 207/207 1638/1638
f 1981/1981 206/206 5589/5589
f 3979/3979 1324/1324 2325/2325
f 3023/3023 3104/3104 4444/4444
f 5724/5724 3481/3481 1846/1846
f 5803/5803 3867/3867 1832/1832
f 6075/6075 343/343 5898/5898
f 3870/3870 5737/5737 344/344
f 3867/3867 191/191 1832/1832
f 2583/2583 1352/1352 5084/5084
f 3106/3106 4402/4402 6397/6397
f 4150/4150 3789/3789 4333/4333
f 1480/1480 346/346 347/347
f 4318/4318 188/188 1729/1729
f 184/184 6379/6379 4134/4134
f 4123/4123 1239/1239 1481/1481
f 182/182 1481/1481 4034/4034
f 4760/4760 5684/5684 2824/2824
f 6059/6059 1520/1520 5688/5688
f 4012/4012 2808/2808 6198/6198
f 1561/1561 2404/2404 1172/1172
f 3830/3830 1523/1523 983/983
f 2487/2487 1482/1482 1149/1149
f 1744/1744 282/282 4340/4340
f 3673/3673 5188/5188 2377/2377
f 985/985 2299/2299 3224/3224
f 2020/2020 1082/1082 5584/5584
f 5172/5172 1206/1206 4250/4250
f 6266/6266 2399/2399 2020/2020
f 1085/1085 4716/4716 2940/2940
f 2936/2936 1373/1373 2119/2119
f 334/334 2946/2946 3684/3684
f 4328/4328 5952/5952 1019/1019
f 5940/5940 4273/4273 3955/3955
f 3473/3473 2696/2696 1229/1229
f 4253/4253 1486/1486 1228/1228
f 2625/2625 2714/2714 1174/1174
f 3487/3487 4881/4881 5836/5836
f 1785/1785 215/215 3292/3292
f 4880/4880 218/218 2334/2334
f 3439/3439 220/220 2392/2392
f 3479/3479 2288/2288 4377/4377
f 2464/2464 1305/1305 2288/2288
f 5929/5929 3418/3418 1298/1298
f 238/238 4549/4549 3671/3671
f 1265/1265 1457/1457 5945/5945
f 3602/3602 225/225 3606/3606
f 232/232 233/233 5517/5517
f 3701/3701 1216/1216 2909/2909
f 5952/5952 4328/4328 199/199
f 5937/5937 205/205 3259/3259
f 4287/4287 1060/1060 3581/3581
f 4288/4288 209/209 1668/1668
f 4637/4637 1205/1205 1958/1958
f 5573/5573 338/338 2159/2159
f 2137/2137 5469/5469 4365/4365
f 4454/4454 194/194 2091/2091
f 2788/2788 5898/5898 4516/4516
f 4225/4225 5370/5370 4932/4932
f 2207/2207 2955/2955 3490/3490
f 5483/5483 6201/6201 5994/5994
f 2747/2747 1480/1480 347/347
f 3831/3831 4432/4432 305/305
f 1290/1290 1725/1725 1073/1073
f 6131/6131 1242/1242 2078/2078
f 4921/4921 1011/1011 4387/4387
f 2511/2511 1243/1243 3830/3830
f 5315/5315 2268/2268 5553/5553
f 2206/2206 2591/2591 1357/1357
f 5214/5214 4776/4776 1007/1007
f 2292/2292 1136/1136 5692/5692
f 1302/1302 1085/1085 1373/1373
f 3725/3725 258/258 3042/3042
f 1119/1119 2727/2727 5399/5399
f 5562/5562 4970/4970 1488/1488
f 6040/6040 1489/1489 990/990
f 5253/5253 2795/2795 5293/5293
f 1013/1013 1491/1491 2807/2807
f 4182/4182 6043/6043 4152/4152
f 3837/3837 2963/2963 4179/4179
f 3024/3024 2186/2186 6382/6382
f 2168/2168 1308/1308 1151/1151
f 3239/3239 2559/2559 1764/1764
f 6076/6076 5966/5966 3262/3262
f 3128/3128 6115/6115 1234/1234
f 4255/4255 2229/2229 1219/1219
f 2907/2907 2211/2211 5546/5546
f 3072/3072 1144/1144 1495/1495
f 2496/2496 2899/2899 2469/2469
f 3809/3809 2691/2691 3279/3279
f 2035/2035 340/340 1846/1846
f 4393/4393 191/191 3867/3867
f 6004/6004 1803/1803 2401/2401
f 2674/2674 5123/5123 4486/4486
f 4025/4025 1002/1002 4922/4922
f 1819/1819 1275/1275 1656/1656
f 3744/3744 4962/4962 2474/2474
f 1252/1252 1075/1075 1025/1025
f 981/981 2682/2682 6150/6150
f 4182/4182 1033/1033 3231/3231
f 5253/5253 3560/3560 2170/2170
f 4504/4504 1196/1196 4077/4077
f 4235/4235 1586/1586 1249/1249
f 3194/3194 2794/2794 1496/1496
f 4317/4317 282/282 2082/2082
f 1123/1123 4341/4341 3641/3641
f 1223/1223 5751/5751 1497/1497
f 1121/1121 3322/3322 1496/1496
f 3611/3611 1010/1010 2121/2121
f 5020/5020 1683/1683 1920/1920
f 3305/3305 3150/3150 5130/5130
f 1839/1839 5263/5263 5991/5991
f 4213/4213 325/325 5457/5457
f 1013/1013 2807/2807 1499/1499
f 4889/4889 5916/5916 3375/3375
f 4084/4084 3489/3489 6070/6070
f 1377/1377 1494/1494 3190/3190
f 3778/3778 1567/1567 3755/3755
f 1016/1016 6194/6194 2519/2519
f 247/247 4058/4058 4144/4144
f 2104/2104 4691/4691 3359/3359
f 1064/1064 1856/1856 1383/1383
f 3328/3328 3533/3533 1840/1840
f 1021/1021 1934/1934 1247/1247
f 2385/2385 1318/1318 982/982
f 2479/2479 2501/2501 1884/1884
f 6109/6109 1985/1985 6144/6144
f 5820/5820 3046/3046 1504/1504
f 3557/3557 1602/1602 4952/4952
f 2491/2491 5495/5495 6072/6072
f 2487/2487 1802/1802 1482/1482
f 5115/5115 2572/2572 4923/4923
f 1841/1841 1878/1878 2794/2794
f 5243/5243 5259/5259 5755/5755
f 1045/1045 4147/4147 3137/3137
f 1141/1141 1382/1382 4447/4447
f 4149/4149 1493/1493 1505/1505
f 1506/1506 1268/1268 1058/1058
f 2558/2558 2983/2983 1849/1849
f 2027/2027 1034/1034 3358/3358
f 4300/4300 2080/2080 3427/3427
f 2855/2855 5538/5538 2084/2084
f 4168/4168 215/215 1785/1785
f 3791/3791 4955/4955 2684/2684
f 1387/1387 2905/2905 4284/4284
f 1610/1610 1060/1060 4287/4287
f 2075/2075 1014/1014 2496/2496
f 2258/2258 1216/1216 2750/2750
f 1647/1647 1128/1128 5608/5608
f 3680/3680 6386/6386 3275/3275
f 2048/2048 1248/1248 5802/5802
f 5352/5352 4760/4760 2824/2824
f 3116/3116 2987/2987 1027/1027
f 6026/6026 982/982 5086/5086
f 4997/4997 1511/1511 3620/3620
f 5939/5939 1512/1512 3345/3345
f 1757/1757 2853/2853 1333/1333
f 2138/2138 1513/1513 6142/6142
f 5676/5676 1392/1392 1095/1095
f 6118/6118 1600/1600 5009/5009
f 4024/4024 4517/4517 4040/4040
f 1145/1145 2745/2745 4062/4062
f 5206/5206 3589/3589 3577/3577
f 4493/4493 1515/1515 2256/2256
f 1968/1968 1159/1159 5347/5347
f 2045/2045 2289/2289 1811/1811
f 1308/1308 1059/1059 2000/2000
f 4490/4490 1064/1064 1383/1383
f 1096/1096 1771/1771 2325/2325
f 4335/4335 5370/5370 4225/4225
f 5618/5618 6224/6224 3614/3614
f 1105/1105 3236/3236 2665/2665
f 5995/5995 1169/1169 2462/2462
f 3971/3971 1596/1596 2209/2209
f 4052/4052 5210/5210 5761/5761
f 1614/1614 1139/1139 2175/2175
f 3912/3912 2418/2418 2086/2086
f 1220/1220 1519/1519 2653/2653
f 4423/4423 3768/3768 2892/2892
f 1822/1822 1395/1395 1283/1283
f 5146/5146 1364/1364 4876/4876
f 2038/2038 1730/1730 2005/2005
f 1683/1683 1232/1232 2651/2651
f 1360/1360 1468/1468 313/313
f 6064/6064 4346/4346 5218/5218
f 4229/4229 3996/3996 3926/3926
f 4320/4320 6395/6395 2261/2261
f 1469/1469 307/307 2311/2311
f 5181/5181 1522/1522 317/317
f 5104/5104 2957/2957 5403/5403
f 5310/5310 5685/5685 6153/6153
f 5036/5036 1421/1421 2842/2842
f 2894/2894 5697/5697 4836/4836
f 2434/2434 2515/2515 1847/1847
f 1370/1370 983/983 1523/1523
f 2427/2427 1078/1078 1869/1869
f 4358/4358 1079/1079 283/283
f 2989/2989 986/986 2799/2799
f 3663/3663 5506/5506 1294/1294
f 1104/1104 1484/1484 256/256
f 4036/4036 2007/2007 1741/1741
f 6122/6122 4776/4776 5214/5214
f 274/274 5225/5225 3357/3357
f 3248/3248 1974/1974 2531/2531
f 3245/3245 1296/1296 2727/2727
f 266/266 4716/4716 265/265
f 1835/1835 1703/1703 1004/1004
f 4708/4708 292/292 1473/1473
f 3067/3067 333/333 3684/3684
f 5735/5735 2086/2086 3102/3102
f 4781/4781 5935/5935 1525/1525
f 4193/4193 5300/5300 2101/2101
f 2525/2525 2344/2344 4305/4305
f 4636/4636 212/212 4297/4297
f 2138/2138 2410/2410 1513/1513
f 3778/3778 3223/3223 1165/1165
f 6320/6320 3638/3638 4966/4966
f 1142/1142 3882/3882 5865/5865
f 4763/4763 5640/5640 2912/2912
f 2753/2753 2950/2950 995/995
f 3671/3671 4549/4549 3631/3631
f 2188/2188 1653/1653 5749/5749
f 2657/2657 997/997 1398/1398
f 1189/1189 1601/1601 1399/1399
f 1477/1477 2685/2685 2875/2875
f 4965/4965 4908/4908 2100/2100
f 1784/1784 5558/5558 2154/2154
f 3300/3300 5695/5695 3004/3004
f 3311/3311 5803/5803 1832/1832
f 2829/2829 2948/2948 5009/5009
f 4274/4274 187/187 1821/1821
f 2628/2628 1527/1527 1002/1002
f 3743/3743 1528/1528 6331/6331
f 4046/4046 1171/1171 1806/1806
f 2886/2886 1042/1042 6403/6403
f 3990/3990 1319/1319 2387/2387
f 1402/1402 2552/2552 2566/2566
f 1403/1403 5460/5460 1828/1828
f 3879/3879 2179/2179 2132/2132
f 3756/3756 257/257 3682/3682
f 4712/4712 3589/3589 1404/1404
f 3337/3337 1043/1043 3607/3607
f 4387/4387 2692/2692 3321/3321
f 1057/1057 6197/6197 1390/1390
f 4542/4542 2853/2853 1757/1757
f 1203/1203 1458/1458 2773/2773
f 4936/4936 1170/1170 1284/1284
f 1124/1124 2543/2543 4774/4774
f 2114/2114 2952/2952 1943/1943
f 5983/5983 1965/1965 1642/1642
f 1254/1254 2932/2932 4874/4874
f 4296/4296 1440/1440 1530/1530
f 991/991 1160/1160 3728/3728
f 5474/5474 2259/2259 1812/1812
f 3834/3834 1406/1406 1291/1291
f 2520/2520 5999/5999 2821/2821
f 5964/5964 1527/1527 1626/1626
f 4829/4829 2987/2987 1107/1107
f 2971/2971 2670/2670 1823/1823
f 1006/1006 1136/1136 2292/2292
f 5528/5528 6030/6030 1117/1117
f 5835/5835 1118/1118 1007/1007
f 4289/4289 4547/4547 3057/3057
f 3694/3694 5007/5007 271/271
f 5096/5096 5542/5542 1008/1008
f 3155/3155 2565/2565 1532/1532
f 1120/1120 1919/1919 2836/2836
f 1272/1272 1533/1533 1120/1120
f 2852/2852 1930/1930 1036/1036
f 2210/2210 1534/1534 1320/1320
f 3919/3919 1817/1817 1355/1355
f 5776/5776 1524/1524 6157/6157
f 2088/2088 2349/2349 6248/6248
f 1153/1153 1453/1453 1125/1125
f 2843/2843 1548/1548 2026/2026
f 4644/4644 4442/4442 4076/4076
f 1881/1881 2278/2278 1500/1500
f 2602/2602 1535/1535 5757/5757
f 4791/4791 1209/1209 2613/2613
f 1486/1486 1128/1128 1228/1228
f 3603/3603 999/999 6250/6250
f 4364/4364 190/190 5165/5165
f 4331/4331 5789/5789 2609/2609
f 4195/4195 1521/1521 2261/2261
f 2734/2734 1411/1411 4345/4345
f 3230/3230 1148/1148 3429/3429
f 1130/1130 2497/2497 1996/1996
f 6121/6121 1873/1873 2338/2338
f 980/980 1522/1522 3467/3467
f 2281/2281 1009/1009 3864/3864
f 1057/1057 1509/1509 2754/2754
f 3232/3232 1408/1408 1132/1132
f 4115/4115 4727/4727 3548/3548
f 2730/2730 2801/2801 1102/1102
f 1338/1338 1225/1225 1801/1801
f 2063/2063 1134/1134 6152/6152
f 2837/2837 1030/1030 5647/5647
f 4707/4707 5825/5825 2555/2555
f 1998/1998 1133/1133 2093/2093
f 5611/5611 2437/2437 2908/2908
f 1444/1444 3137/3137 1005/1005
f 1137/1137 987/987 1988/1988
f 6063/6063 4244/4244 3426/3426
f 3150/3150 3305/3305 2553/2553
f 1411/1411 1011/1011 4921/4921
f 1109/1109 5968/5968 4640/4640
f 3078/3078 2790/2790 1068/1068
f 1391/1391 2175/2175 2505/2505
f 1997/1997 1416/1416 1068/1068
f 2729/2729 2624/2624 6374/6374
f 5696/5696 1824/1824 1542/1542
f 1181/1181 1543/1543 3377/3377
f 4184/4184 5663/5663 3353/3353
f 5860/5860 1618/1618 3721/3721
f 2277/2277 5732/5732 1217/1217
f 2042/2042 2715/2715 3894/3894
f 4877/4877 1156/1156 4310/4310
f 2985/2985 1510/1510 5524/5524
f 2382/2382 1487/1487 1718/1718
f 2143/2143 2170/2170 3560/3560
f 1292/1292 6169/6169 1407/1407
f 5316/5316 1168/1168 5106/5106
f 1910/1910 5466/5466 2976/2976
f 5760/5760 5241/5241 1597/1597
f 1655/1655 3208/3208 3475/3475
f 2690/2690 1512/1512 5939/5939
f 5344/5344 1549/1549 5158/5158
f 2205/2205 1161/1161 4805/4805
f 1942/1942 2906/2906 1694/1694
f 4781/4781 1387/1387 4284/4284
f 4704/4704 5935/5935 2101/2101
f 6348/6348 1300/1300 1428/1428
f 185/185 6386/6386 4191/4191
f 1803/1803 1704/1704 2401/2401
f 5631/5631 2286/2286 2221/2221
f 4386/4386 1326/1326 4423/4423
f 5591/5591 2287/2287 2398/2398
f 5037/5037 5107/5107 1127/1127
f 1061/1061 1114/1114 2539/2539
f 4234/4234 4007/4007 2539/2539
f 5890/5890 1367/1367 4189/4189
f 2948/2948 2829/2829 2388/2388
f 3623/3623 2590/2590 2151/2151
f 3946/3946 6294/6294 3760/3760
f 1332/1332 1154/1154 4768/4768
f 2074/2074 3077/3077 1165/1165
f 5249/5249 1553/1553 2925/2925
f 1324/1324 1601/1601 4390/4390
f 4028/4028 2118/2118 2402/2402
f 5686/5686 1504/1504 3046/3046
f 6046/6046 5450/5450 3102/3102
f 2847/2847 1555/1555 4122/4122
f 4047/4047 2180/2180 1693/1693
f 1339/1339 2153/2153 1138/1138
f 5295/5295 5785/5785 2806/2806
f 5289/5289 3951/3951 1529/1529
f 5645/5645 4640/4640 4473/4473
f 1463/1463 2162/2162 4421/4421
f 2818/2818 1822/1822 1283/1283
f 5875/5875 1672/1672 1886/1886
f 2383/2383 1437/1437 1949/1949
f 5476/5476 2673/2673 2598/2598
f 4669/4669 4247/4247 1518/1518
f 3078/3078 2874/2874 1415/1415
f 4702/4702 1175/1175 3070/3070
f 5424/5424 4478/4478 6119/6119
f 4300/4300 3634/3634 1799/1799
f 2906/2906 1427/1427 2666/2666
f 1006/1006 1347/1347 1136/1136
f 1711/1711 1634/1634 2369/2369
f 3113/3113 1594/1594 1277/1277
f 4713/4713 2194/2194 1179/1179
f 4129/4129 1755/1755 4753/4753
f 5076/5076 3871/3871 2465/2465
f 6011/6011 1545/1545 3230/3230
f 3094/3094 4921/4921 2127/2127
f 5245/5245 1027/1027 1433/1433
f 1046/1046 1382/1382 2254/2254
f 4687/4687 1372/1372 2625/2625
f 3665/3665 1441/1441 2039/2039
f 5206/5206 1066/1066 3301/3301
f 1845/1845 5881/5881 2094/2094
f 5287/5287 2034/2034 2194/2194
f 2064/2064 1559/1559 3316/3316
f 3760/3760 3721/3721 3946/3946
f 1429/1429 5249/5249 4761/4761
f 5323/5323 1191/1191 3090/3090
f 4221/4221 5347/5347 2666/2666
f 3199/3199 4420/4420 3255/3255
f 3456/3456 2249/2249 5666/5666
f 2381/2381 1186/1186 2508/2508
f 1200/1200 1560/1560 5624/5624
f 1151/1151 1308/1308 2000/2000
f 1614/1614 1344/1344 2402/2402
f 4073/4073 6054/6054 2975/2975
f 3931/3931 1399/1399 1358/1358
f 2269/2269 1562/1562 1346/1346
f 4125/4125 3200/3200 6020/6020
f 3054/3054 3200/3200 1065/1065
f 5766/5766 5424/5424 1435/1435
f 5275/5275 1436/1436 1953/1953
f 5188/5188 3673/3673 1563/1563
f 2611/2611 1350/1350 6162/6162
f 1191/1191 5323/5323 6330/6330
f 5881/5881 5147/5147 2324/2324
f 2305/2305 3270/3270 1886/1886
f 4456/4456 304/304 2366/2366
f 4487/4487 6128/6128 302/302
f 6002/6002 4495/4495 5868/5868
f 4918/4918 2842/2842 2769/2769
f 1079/1079 4358/4358 2193/2193
f 4709/4709 5373/5373 4041/4041
f 1356/1356 1467/1467 1080/1080
f 1362/1362 4806/4806 3187/3187
f 12/12 1475/1475 4155/4155
f 3877/3877 242/242 2181/2181
f 3940/3940 243/243 2504/2504
f 3578/3578 1018/1018 2613/2613
f 1299/1299 1599/1599 2654/2654
f 4486/4486 3921/3921 1247/1247
f 1934/1934 1021/1021 1552/1552
f 3865/3865 1428/1428 1300/1300
f 2056/2056 2224/2224 1763/1763
f 2359/2359 1672/1672 5698/5698
f 3162/3162 2894/2894 4836/4836
f 1004/1004 1703/1703 1201/1201
f 4677/4677 2343/2343 3281/3281
f 5425/5425 4407/4407 1439/1439
f 4641/4641 3207/3207 6112/6112
f 1458/1458 1569/1569 1266/1266
f 3605/3605 1091/1091 3469/3469
f 1632/1632 1110/1110 1646/1646
f 4838/4838 1378/1378 1112/1112
f 4637/4637 5900/5900 3714/3714
f 1334/1334 5282/5282 2551/2551
f 4538/4538 5172/5172 4250/4250
f 2865/2865 3241/3241 1658/1658
f 2738/2738 5960/5960 6117/6117
f 4207/4207 1682/1682 1736/1736
f 3776/3776 5970/5970 3287/3287
f 1526/1526 4294/4294 4076/4076
f 6079/6079 4757/4757 2613/2613
f 2807/2807 2963/2963 4302/4302
f 1661/1661 1063/1063 2947/2947
f 2947/2947 2829/2829 5971/5971
f 4251/4251 1210/1210 3591/3591
f 3226/3226 1315/1315 2014/2014
f 2776/2776 1416/1416 1997/1997
f 1779/1779 2993/2993 1279/1279
f 1836/1836 1343/1343 1048/1048
f 4774/4774 5053/5053 1124/1124
f 5283/5283 4121/4121 2186/2186
f 2489/2489 1845/1845 2094/2094
f 5274/5274 1070/1070 1730/1730
f 5433/5433 3221/3221 1216/1216
f 4627/4627 6309/6309 1039/1039
f 6381/6381 2909/2909 1992/1992
f 4210/4210 4075/4075 6214/6214
f 3066/3066 5732/5732 2277/2277
f 3143/3143 1434/1434 3301/3301
f 4231/4231 3313/3313 2580/2580
f 5062/5062 5789/5789 4331/4331
f 3039/3039 3133/3133 1969/1969
f 5470/5470 2225/2225 6356/6356
f 1472/1472 5751/5751 2399/2399
f 3066/3066 1576/1576 5732/5732
f 2681/2681 1054/1054 5979/5979
f 5586/5586 4384/4384 4557/4557
f 1338/1338 1801/1801 3770/3770
f 1271/1271 2305/2305 6357/6357
f 6138/6138 3239/3239 1764/1764
f 3922/3922 4149/4149 2586/2586
f 1122/1122 3963/3963 3120/3120
f 1349/1349 1884/1884 5884/5884
f 5204/5204 6191/6191 5813/5813
f 1206/1206 1335/1335 4239/4239
f 6109/6109 2348/2348 1230/1230
f 2003/2003 1100/1100 2263/2263
f 2714/2714 1372/1372 2108/2108
f 1755/1755 1782/1782 4159/4159
f 1350/1350 2808/2808 2873/2873
f 1106/1106 1354/1354 3080/3080
f 4175/4175 5456/5456 1236/1236
f 5816/5816 2455/2455 1952/1952
f 4547/4547 4289/4289 2641/2641
f 4611/4611 3351/3351 2797/2797
f 267/267 268/268 6022/6022
f 5198/5198 3630/3630 5007/5007
f 2246/2246 2614/2614 988/988
f 4125/4125 2673/2673 5476/5476
f 1192/1192 1456/1456 4431/4431
f 3698/3698 1108/1108 4020/4020
f 4614/4614 2691/2691 2685/2685
f 6130/6130 2861/2861 2877/2877
f 1481/1481 1584/1584 349/349
f 2241/2241 1868/1868 1624/1624
f 4601/4601 2648/2648 4573/4573
f 4765/4765 1330/1330 1240/1240
f 1241/1241 6259/6259 1264/1264
f 4110/4110 1298/1298 3418/3418
f 6050/6050 1004/1004 1201/1201
f 1859/1859 1356/1356 1080/1080
f 1778/1778 1026/1026 2352/2352
f 4458/4458 6028/6028 3231/3231
f 6028/6028 1586/1586 4182/4182
f 1930/1930 2852/2852 1244/1244
f 5580/5580 6195/6195 1660/1660
f 4583/4583 202/202 2772/2772
f 1451/1451 998/998 1716/1716
f 3921/3921 4486/4486 3158/3158
f 1454/1454 1842/1842 3546/3546
f 4693/4693 3495/3495 2147/2147
f 1272/1272 2836/2836 1589/1589
f 2440/2440 1133/1133 5605/5605
f 4164/4164 1403/1403 1828/1828
f 2801/2801 2730/2730 1225/1225
f 1737/1737 2706/2706 2493/2493
f 3662/3662 1453/1453 1153/1153
f 1037/1037 1376/1376 4086/4086
f 3624/3624 3106/3106 4627/4627
f 1021/1021 4545/4545 1745/1745
f 1096/1096 1394/1394 5800/5800
f 3637/3637 1252/1252 1025/1025
f 1278/1278 1542/1542 1824/1824
f 2362/2362 2536/2536 2011/2011
f 3868/3868 3633/3633 1253/1253
f 1540/1540 3260/3260 3498/3498
f 4727/4727 5585/5585 2536/2536
f 989/989 4591/4591 3489/3489
f 1152/1152 1280/1280 1945/1945
f 4993/4993 1547/1547 3492/3492
f 1090/1090 4790/4790 5300/5300
f 1189/1189 1399/1399 3931/3931
f 5710/5710 5802/5802 1248/1248
f 6182/6182 2499/2499 1258/1258
f 4461/4461 6353/6353 3651/3651
f 5982/5982 1353/1353 3093/3093
f 3906/3906 5022/5022 1873/1873
f 4553/4553 4023/4023 3398/3398
f 1987/1987 1263/1263 5096/5096
f 1364/1364 1474/1474 1090/1090
f 1094/1094 1599/1599 2185/2185
f 5582/5582 6094/6094 1457/1457
f 1095/1095 1367/1367 5890/5890
f 4527/4527 1569/1569 1458/1458
f 1722/1722 1268/1268 1626/1626
f 6039/6039 1506/1506 4497/4497
f 4368/4368 1977/1977 1678/1678
f 1263/1263 4379/4379 5612/5612
f 2410/2410 1269/1269 1642/1642
f 1633/1633 5924/5924 1965/1965
f 5196/5196 5581/5581 1593/1593
f 3713/3713 3592/3592 4198/4198
f 2836/2836 1272/1272 1120/1120
f 3186/3186 2078/2078 1488/1488
f 1491/1491 2820/2820 3381/3381
f 2724/2724 1371/1371 6018/6018
f 3383/3383 4404/4404 1773/1773
f 5950/5950 5294/5294 2585/2585
f 2145/2145 1819/1819 1656/1656
f 4830/4830 2271/2271 2156/2156
f 5013/5013 4929/4929 4751/4751
f 984/984 1539/1539 1498/1498
f 5044/5044 1594/1594 3113/3113
f 1011/1011 1411/1411 2734/2734
f 4501/4501 4698/4698 1779/1779
f 4992/4992 5255/5255 1839/1839
f 4993/4993 1560/1560 4012/4012
f 6062/6062 4846/4846 1945/1945
f 6210/6210 1928/1928 2526/2526
f 1337/1337 1001/1001 1595/1595
f 1455/1455 1281/1281 4156/4156
f 4245/4245 5117/5117 1596/1596
f 1431/1431 2818/2818 5309/5309
f 5117/5117 4245/4245 1283/1283
f 5371/5371 4421/4421 1170/1170
f 5494/5494 5341/5341 6012/6012
f 5918/5918 6061/6061 2127/2127
f 1257/1257 2363/2363 2345/2345
f 4273/4273 1439/1439 5241/5241
f 3170/3170 2045/2045 1547/1547
f 4421/4421 5371/5371 1463/1463
f 1675/1675 1287/1287 5136/5136
f 1713/1713 996/996 5758/5758
f 1289/1289 1641/1641 1635/1635
f 1025/1025 1470/1470 1290/1290
f 6169/6169 1292/1292 1598/1598
f 5088/5088 4930/4930 983/983
f 1029/1029 2082/2082 3516/3516
f 3968/3968 252/252 2466/2466
f 2728/2728 5305/5305 5856/5856
f 2799/2799 2703/2703 1356/1356
f 1223/1223 4039/4039 6356/6356
f 1104/1104 1414/1414 2856/2856
f 261/261 1485/1485 3539/3539
f 274/274 3357/3357 3465/3465
f 1084/1084 5096/5096 1296/1296
f 3552/3552 218/218 4880/4880
f 1593/1593 5581/5581 2932/2932
f 3777/3777 6105/6105 3508/3508
f 3523/3523 224/224 1298/1298
f 1094/1094 5184/5184 2654/2654
f 5478/5478 6315/6315 4710/4710
f 4425/4425 1063/1063 5054/5054
f 1327/1327 1464/1464 2949/2949
f 6396/6396 4773/4773 4489/4489
f 3625/3625 2529/2529 2158/2158
f 277/277 1471/1471 3461/3461
f 1974/1974 1301/1301 4163/4163
f 2119/2119 5324/5324 4772/4772
f 3033/3033 2592/2592 1302/1302
f 1413/1413 1303/1303 3233/3233
f 5585/5585 4115/4115 2838/2838
f 2211/2211 2464/2464 1112/1112
f 3063/3063 2392/2392 5600/5600
f 204/204 1398/1398 997/997
f 5508/5508 1451/1451 1306/1306
f 1041/1041 1147/1147 2501/2501
f 1841/1841 3194/3194 5115/5115
f 4970/4970 1533/1533 1488/1488
f 5606/5606 1543/1543 1181/1181
f 3657/3657 5692/5692 2888/2888
f 5844/5844 1791/1791 1308/1308
f 3262/3262 2519/2519 1376/1376
f 3077/3077 1310/1310 1165/1165
f 1126/1126 1311/1311 4864/4864
f 3902/3902 4874/4874 5581/5581
f 5675/5675 3090/3090 3527/3527
f 1777/1777 5826/5826 2758/2758
f 2736/2736 1313/1313 2777/2777
f 3257/3257 1459/1459 1678/1678
f 1131/1131 1009/1009 3291/3291
f 3717/3717 5113/5113 1316/1316
f 3164/3164 1287/1287 2039/2039
f 2153/2153 1920/1920 2280/2280
f 1043/1043 1380/1380 4418/4418
f 5950/5950 2864/2864 1142/1142
f 1719/1719 2735/2735 2585/2585
f 3853/3853 5026/5026 1317/1317
f 5265/5265 2709/2709 1318/1318
f 6001/6001 4930/4930 1407/1407
f 2794/2794 3194/3194 1841/1841
f 5115/5115 5647/5647 1841/1841
f 3449/3449 4440/4440 6269/6269
f 1049/1049 1534/1534 2210/2210
f 1815/1815 6373/6373 2387/2387
f 4730/4730 2043/2043 1219/1219
f 1446/1446 1318/1318 2709/2709
f 4740/4740 5352/5352 2824/2824
f 1968/1968 2680/2680 1159/1159
f 4789/4789 4221/4221 1665/1665
f 3405/3405 1322/1322 2841/2841
f 1267/1267 2490/2490 3801/3801
f 1158/1158 4851/4851 1323/1323
f 3979/3979 2975/2975 1067/1067
f 4390/4390 3373/3373 1394/1394
f 4073/4073 3533/3533 3328/3328
f 3972/3972 5116/5116 2398/2398
f 1326/1326 2398/2398 2118/2118
f 4443/4443 3972/3972 5235/5235
f 5705/5705 4199/4199 6396/6396
f 1521/1521 1002/1002 4025/4025
f 1171/1171 3255/3255 5099/5099
f 2076/2076 6400/6400 4594/4594
f 5942/5942 3832/3832 2598/2598
f 5122/5122 2934/2934 3962/3962
f 5145/5145 3155/3155 1532/1532
f 5860/5860 3721/3721 4876/4876
f 1126/1126 4864/4864 2245/2245
f 4442/4442 1240/1240 1330/1330
f 1526/1526 5693/5693 4757/4757
f 4604/4604 4151/4151 5821/5821
f 5601/5601 1264/1264 2279/2279
f 3004/3004 3006/3006 5268/5268
f 5496/5496 3799/3799 3564/3564
f 3564/3564 4557/4557 1689/1689
f 5329/5329 2234/2234 1805/1805
f 4900/4900 5331/5331 4011/4011
f 2841/2841 2138/2138 1161/1161
f 2960/2960 1053/1053 4339/4339
f 3908/3908 1334/1334 5164/5164
f 1562/1562 1130/1130 4408/4408
f 1335/1335 1206/1206 5172/5172
f 1245/1245 1476/1476 1604/1604
f 2025/2025 997/997 2657/2657
f 1595/1595 2861/2861 5090/5090
f 5825/5825 1998/1998 2093/2093
f 3167/3167 6030/6030 5528/5528
f 3706/3706 3109/3109 5528/5528
f 2908/2908 6375/6375 5368/5368
f 281/281 2082/2082 6349/6349
f 1339/1339 1138/1138 2874/2874
f 1077/1077 6332/6332 1340/1340
f 2891/2891 6403/6403 3629/3629
f 1342/1342 2725/2725 2474/2474
f 4775/4775 2276/2276 5108/5108
f 6097/6097 5625/5625 5888/5888
f 2026/2026 1888/1888 2492/2492
f 3056/3056 1308/1308 1791/1791
f 1333/1333 3829/3829 4234/4234
f 4723/4723 3405/3405 2841/2841
f 4626/4626 1347/1347 2235/2235
f 6160/6160 1136/1136 1347/1347
f 1731/1731 3681/3681 3316/3316
f 3871/3871 1143/1143 3608/3608
f 2554/2554 1443/1443 1348/1348
f 1192/1192 5171/5171 3168/3168
f 2508/2508 1349/1349 4262/4262
f 1487/1487 2382/2382 2479/2479
f 4617/4617 3862/3862 1606/1606
f 1438/1438 4709/4709 4592/4592
f 2911/2911 2897/2897 2593/2593
f 4997/4997 3065/3065 1511/1511
f 3466/3466 1093/1093 2368/2368
f 3798/3798 1607/1607 5080/5080
f 4296/4296 2907/2907 3201/3201
f 6292/6292 2877/2877 1001/1001
f 2543/2543 1492/1492 5976/5976
f 5982/5982 5102/5102 1353/1353
f 1740/1740 1252/1252 3637/3637
f 1025/1025 1290/1290 6395/6395
f 2724/2724 5707/5707 4990/4990
f 1116/1116 1335/1335 3438/3438
f 6162/6162 1350/1350 4617/4617
f 1975/1975 5729/5729 2347/2347
f 1817/1817 2506/2506 2820/2820
f 2799/2799 3057/3057 4547/4547
f 3264/3264 1080/1080 1467/1467
f 2591/2591 3109/3109 3706/3706
f 1344/1344 1391/1391 5101/5101
f 3040/3040 3143/3143 3301/3301
f 1602/1602 3557/3557 5658/5658
f 1898/1898 1003/1003 2098/2098
f 2817/2817 1423/1423 1359/1359
f 5516/5516 1151/1151 2435/2435
f 4066/4066 16/16 5847/5847
f 5218/5218 5306/5306 5159/5159
f 4450/4450 1361/1361 3039/3039
f 1048/1048 1343/1343 2286/2286
f 1077/1077 1340/1340 4495/4495
f 4395/4395 1363/1363 3088/3088
f 3962/3962 5378/5378 5122/5122
f 4422/4422 1119/1119 5399/5399
f 2620/2620 3256/3256 1364/1364
f 4955/4955 1365/1365 5386/5386
f 3707/3707 1331/1331 3631/3631
f 229/229 230/230 4624/4624
f 1094/1094 2185/2185 4276/4276
f 2619/2619 1062/1062 1927/1927
f 5674/5674 340/340 2035/2035
f 2048/2048 2758/2758 1248/1248
f 5806/5806 2788/2788 3481/3481
f 5308/5308 5826/5826 1777/1777
f 1097/1097 2154/2154 1980/1980
f 4044/4044 5872/5872 1369/1369
f 309/309 3810/3810 3404/3404
f 5621/5621 5142/5142 3976/3976
f 2697/2697 2515/2515 1370/1370
f 4341/4341 1118/1118 3585/3585
f 1947/1947 2989/2989 1295/1295
f 5305/5305 5413/5413 4538/4538
f 5575/5575 1277/1277 4718/4718
f 2616/2616 6111/6111 4905/4905
f 1372/1372 2714/2714 2625/2625
f 1323/1323 4851/4851 5284/5284
f 1034/1034 5416/5416 1158/1158
f 1204/1204 2469/2469 6381/6381
f 1389/1389 3294/3294 2742/2742
f 3679/3679 1114/1114 1061/1061
f 1155/1155 1060/1060 1610/1610
f 3141/3141 2692/2692 1611/1611
f 2381/2381 5918/5918 3321/3321
f 1373/1373 2936/2936 3339/3339
f 3290/3290 1465/1465 1373/1373
f 1014/1014 2075/2075 1682/1682
f 3985/3985 2994/2994 4235/4235
f 1377/1377 3190/3190 1612/1612
f 1612/1612 3190/3190 6076/6076
f 2506/2506 1817/1817 2893/2893
f 3490/3490 1022/1022 2017/2017
f 5963/5963 1718/1718 1666/1666
f 1867/1867 1379/1379 3243/3243
f 1384/1384 1380/1380 1043/1043
f 6233/6233 1033/1033 4152/4152
f 3843/3843 1133/1133 2440/2440
f 5949/5949 2054/2054 3209/3209
f 3813/3813 5920/5920 4707/4707
f 2832/2832 1262/1262 3813/3813
f 1303/1303 2838/2838 4027/4027
f 2254/2254 1381/1381 3815/3815
f 4440/4440 6360/6360 2660/2660
f 1445/1445 1613/1613 1089/1089
f 1420/1420 1382/1382 1141/1141
f 1382/1382 1046/1046 3548/3548
f 2945/2945 1992/1992 2909/2909
f 1417/1417 3181/3181 2222/2222
f 1796/1796 4553/4553 3398/3398
f 4889/4889 1384/1384 4023/4023
f 1043/1043 3337/3337 1384/1384
f 1044/1044 5164/5164 2491/2491
f 4813/4813 6175/6175 4964/4964
f 1386/1386 3051/3051 2092/2092
f 1557/1557 992/992 1286/1286
f 1525/1525 5935/5935 4704/4704
f 3376/3376 6297/6297 3474/3474
f 6091/6091 1992/1992 2677/2677
f 5883/5883 1216/1216 3701/3701
f 3121/3121 1139/1139 1614/1614
f 1152/1152 1945/1945 4846/4846
f 1217/1217 5732/5732 5924/5924
f 1175/1175 4702/4702 6227/6227
f 1392/1392 2259/2259 3856/3856
f 5710/5710 1257/1257 3886/3886
f 5768/5768 5206/5206 3577/3577
f 3586/3586 5221/5221 989/989
f 3586/3586 5370/5370 4335/4335
f 1393/1393 989/989 2477/2477
f 1096/1096 1324/1324 4390/4390
f 3373/3373 4390/4390 1189/1189
f 4761/4761 5249/5249 2637/2637
f 5995/5995 4067/4067 1169/1169
f 2302/2302 1395/1395 1903/1903
f 5527/5527 2769/2769 2375/2375
f 1084/1084 1296/1296 3245/3245
f 2738/2738 6117/6117 5989/5989
f 4282/4282 2619/2619 2344/2344
f 1397/1397 2855/2855 2084/2084
f 4762/4762 205/205 5937/5937
f 1398/1398 3259/3259 1306/1306
f 1163/1163 1514/1514 1400/1400
f 3900/3900 2224/2224 2056/2056
f 3000/3000 1401/1401 5875/5875
f 1338/1338 2533/2533 2566/2566
f 2533/2533 1133/1133 3843/3843
f 1064/1064 4490/4490 3589/3589
f 1405/1405 2492/2492 6005/6005
f 4543/4543 2460/2460 4210/4210
f 4930/4930 5088/5088 1292/1292
f 5282/5282 1334/1334 3908/3908
f 1172/1172 2404/2404 2600/2600
f 5172/5172 5413/5413 2865/2865
f 1123/1123 1524/1524 5776/5776
f 5229/5229 1132/1132 1408/1408
f 2615/2615 1409/1409 3615/3615
f 1310/1310 3077/3077 4961/4961
f 6214/6214 2977/2977 1410/1410
f 5822/5822 2843/2843 2026/2026
f 5398/5398 5060/5060 2333/2333
f 1023/1023 3629/3629 5936/5936
f 5662/5662 1411/1411 3978/3978
f 4896/4896 5578/5578 1229/1229
f 3625/3625 1412/1412 2497/2497
f 2430/2430 2730/2730 1102/1102
f 4188/4188 2090/2090 1276/1276
f 1414/1414 1104/1104 2732/2732
f 4803/4803 2732/2732 4368/4368
f 4443/4443 1339/1339 2874/2874
f 1139/1139 3121/3121 1416/1416
f 5968/5968 1109/1109 2816/2816
f 4105/4105 2653/2653 1150/1150
f 5678/5678 1419/1419 1036/1036
f 5130/5130 1381/1381 4726/4726
f 1420/1420 1141/1141 2328/2328
f 5564/5564 5149/5149 2136/2136
f 4593/4593 5580/5580 1660/1660
f 4631/4631 2775/2775 4013/4013
f 1151/1151 5516/5516 1423/1423
f 1270/1270 2164/2164 5213/5213
f 1426/1426 4389/4389 4699/4699
f 1060/1060 1155/1155 5919/5919
f 5150/5150 5158/5158 2680/2680
f 186/186 1821/1821 1617/1617
f 3900/3900 3544/3544 2224/2224
f 2221/2221 2276/2276 5625/5625
f 3652/3652 2066/2066 2227/2227
f 992/992 4351/4351 1799/1799
f 1056/1056 2576/2576 6397/6397
f 5146/5146 1429/1429 2620/2620
f 5886/5886 2448/2448 3711/3711
f 3489/3489 4084/4084 989/989
f 1166/1166 2436/2436 4761/4761
f 4687/4687 5968/5968 1372/1372
f 1430/1430 1182/1182 1622/1622
f 1903/1903 1822/1822 5785/5785
f 1503/1503 1432/1432 3967/3967
f 2795/2795 3069/3069 1490/1490
f 1909/1909 2977/2977 3348/3348
f 4075/4075 1286/1286 3348/3348
f 3453/3453 5561/5561 5523/5523
f 1250/1250 5233/5233 4360/4360
f 5129/5129 1894/1894 1714/1714
f 2194/2194 4713/4713 5287/5287
f 1111/1111 6042/6042 4691/4691
f 3271/3271 2465/2465 3556/3556
f 1433/1433 3978/3978 3094/3094
f 2665/2665 4712/4712 2291/2291
f 3169/3169 1435/1435 6066/6066
f 1190/1190 1435/1435 3169/3169
f 3932/3932 2034/2034 1140/1140
f 1192/1192 4431/4431 4316/4316
f 3505/3505 1437/1437 2383/2383
f 1262/1262 2832/2832 1438/1438
f 5542/5542 5096/5096 1263/1263
f 1710/1710 1439/1439 4273/4273
f 1440/1440 3201/3201 4178/4178
f 3052/3052 1440/1440 1113/1113
f 1208/1208 1535/1535 2602/2602
f 1691/1691 5655/5655 4738/4738
f 1441/1441 5317/5317 1843/1843
f 3074/3074 1442/1442 5578/5578
f 1616/1616 1442/1442 2782/2782
f 4913/4913 4543/4543 1937/1937
f 3389/3389 2460/2460 1217/1217
f 5081/5081 5006/5006 2291/2291
f 1434/1434 3928/3928 2291/2291
f 4426/4426 1444/1444 1005/1005
f 5752/5752 6026/6026 5004/5004
f 1215/1215 1313/1313 5004/5004
f 2167/2167 1445/1445 5094/5094
f 3739/3739 1445/1445 1089/1089
f 1230/1230 2348/2348 5149/5149
f 982/982 1318/1318 5463/5463
f 1232/1232 1683/1683 4523/4523
f 3160/3160 1448/1448 2779/2779
f 2329/2329 3080/3080 2347/2347
f 1248/1248 2758/2758 2467/2467
f 1452/1452 1022/1022 3989/3989
f 1453/1453 3165/3165 2340/2340
f 3646/3646 1214/1214 3934/3934
f 1455/1455 4284/4284 2720/2720
f 5300/5300 1618/1618 5860/5860
f 1238/1238 1456/1456 6206/6206
f 2324/2324 3168/3168 1144/1144
f 1265/1265 6056/6056 1457/1457
f 1458/1458 1266/1266 1062/1062
f 4282/4282 2773/2773 1458/1458
f 6012/6012 5341/5341 2664/2664
f 1169/1169 2944/2944 1461/1461
f 6184/6184 5452/5452 1285/1285
f 1139/1139 1416/1416 2776/2776
f 4353/4353 3938/3938 4184/4184
f 1463/1463 5371/5371 4562/4562
f 1211/1211 1070/1070 4562/4562
f 1520/1520 1464/1464 4199/4199
f 2656/2656 1624/1624 2890/2890
f 1373/1373 1465/1465 1302/1302
f 3319/3319 5638/5638 990/990
f 3347/3347 5009/5009 2948/2948
f 1467/1467 1356/1356 5242/5242
f 1083/1083 1741/1741 5242/5242
f 1360/1360 5306/5306 1468/1468
f 5595/5595 1236/1236 5456/5456
f 1194/1194 1271/1271 3592/3592
f 1470/1470 1025/1025 1075/1075
f 1075/1075 2918/2918 1470/1470
f 4450/4450 6128/6128 2366/2366
f 4432/4432 3831/3831 3336/3336
f 5527/5527 4628/4628 4495/4495
f 1294/1294 2770/2770 2225/2225
f 2106/2106 2244/2244 1080/1080
f 5598/5598 1497/1497 1472/1472
f 1087/1087 1874/1874 5504/5504
f 2448/2448 1736/1736 5173/5173
f 4261/4261 214/214 3487/3487
f 4881/4881 1424/1424 5836/5836
f 2464/2464 2211/2211 1305/1305
f 995/995 2950/2950 5384/5384
f 1245/1245 2772/2772 1677/1677
f 3533/3533 2975/2975 3979/3979
f 196/196 1477/1477 4500/4500
f 4433/4433 2283/2283 3311/3311
f 1479/1479 1001/1001 1337/1337
f 4849/4849 1479/1479 1337/1337
f 2877/2877 2861/2861 1001/1001
f 186/186 1617/1617 3275/3275
f 1239/1239 1584/1584 1481/1481
f 4514/4514 4077/4077 1802/1802
f 2427/2427 6306/6306 1078/1078
f 4324/4324 286/286 1483/1483
f 3229/3229 5232/5232 3202/3202
f 3792/3792 256/256 1484/1484
f 1484/1484 1104/1104 2856/2856
f 1485/1485 3033/3033 2190/2190
f 6383/6383 4975/4975 993/993
f 5943/5943 2988/2988 4537/4537
f 4135/4135 4970/4970 3322/3322
f 1272/1272 3186/3186 1488/1488
f 5756/5756 4857/4857 4933/4933
f 6199/6199 1076/1076 2670/2670
f 5560/5560 6046/6046 3069/3069
f 1132/1132 5229/5229 6108/6108
f 3381/3381 1374/1374 4179/4179
f 1150/1150 1505/1505 1493/1493
f 1377/1377 1566/1566 1494/1494
f 1494/1494 1212/1212 5801/5801
f 3595/3595 1825/1825 2443/2443
f 1224/1224 5094/5094 5671/5671
f 1306/1306 5845/5845 6136/6136
f 4088/4088 4517/4517 4024/4024
f 4517/4517 4088/4088 3610/3610
f 2007/2007 1497/1497 5598/5598
f 1210/1210 1572/1572 2014/2014
f 5799/5799 3757/3757 2151/2151
f 1499/1499 4302/4302 2996/2996
f 5233/5233 2326/2326 4477/4477
f 4130/4130 1500/1500 2278/2278
f 4348/4348 1500/1500 4130/4130
f 1501/1501 991/991 3728/3728
f 4940/4940 1501/1501 4056/4056
f 5123/5123 6309/6309 5556/5556
f 3613/3613 1146/1146 4356/4356
f 1342/1342 1502/1502 1148/1148
f 3141/3141 2250/2250 2098/2098
f 5560/5560 1432/1432 5450/5450
f 5166/5166 1167/1167 2108/2108
f 6041/6041 6129/6129 1972/1972
f 1222/1222 2383/2383 2802/2802
f 3567/3567 1505/1505 1150/1150
f 2516/2516 1506/1506 3289/3289
f 5963/5963 6039/6039 4497/4497
f 5914/5914 1943/1943 1507/1507
f 3060/3060 1975/1975 1606/1606
f 2115/2115 4215/4215 3846/3846
f 1202/1202 6036/6036 1710/1710
f 1419/1419 5678/5678 2882/2882
f 1486/1486 5518/5518 5608/5608
f 5533/5533 2665/2665 3236/3236
f 1058/1058 1268/1268 1722/1722
f 1057/1057 1390/1390 3116/3116
f 1027/1027 5596/5596 3232/3232
f 4987/4987 4591/4591 4744/4744
f 1887/1887 1154/1154 6211/6211
f 6211/6211 3319/3319 1489/1489
f 3065/3065 4997/4997 1297/1297
f 4940/4940 1512/1512 2690/2690
f 1512/1512 4056/4056 3679/3679
f 2853/2853 4542/4542 4759/4759
f 1322/1322 1269/1269 4519/4519
f 1653/1653 2188/2188 1218/1218
f 5721/5721 5676/5676 4189/4189
f 5420/5420 2897/2897 2911/2911
f 2857/2857 1332/1332 4768/4768
f 5887/5887 5761/5761 4537/4537
f 1516/1516 2644/2644 2209/2209
f 1517/1517 5210/5210 4052/4052
f 4512/4512 1518/1518 2921/2921
f 3307/3307 4669/4669 1518/1518
f 4195/4195 1002/1002 1521/1521
f 1075/1075 4566/4566 3835/3835
f 1699/1699 1522/1522 980/980
f 3995/3995 5091/5091 3617/3617
f 1123/1123 3715/3715 3161/3161
f 1526/1526 1208/1208 2602/2602
f 4922/4922 5062/5062 4025/4025
f 3743/3743 2857/2857 3941/3941
f 3599/3599 1597/1597 1528/1528
f 1502/1502 5121/5121 4625/4625
f 3951/3951 5289/5289 1179/1179
f 4884/4884 1623/1623 2960/2960
f 4339/4339 3681/3681 1731/1731
f 1149/1149 1482/1482 1531/1531
f 6398/6398 3155/3155 4483/4483
f 1987/1987 1532/1532 1263/1263
f 1272/1272 1488/1488 1533/1533
f 1049/1049 4914/4914 1938/1938
f 5466/5466 1910/1910 2199/2199
f 5757/5757 1535/1535 4429/4429
f 994/994 1511/1511 3065/3065
f 5237/5237 3638/3638 4130/4130
f 1129/1129 4040/4040 4517/4517
f 1595/1595 1537/1537 1337/1337
f 4420/4420 4667/4667 1538/1538
f 6108/6108 5229/5229 1490/1490
f 5113/5113 1539/1539 984/984
f 6063/6063 3426/3426 3379/3379
f 6233/6233 1540/1540 3498/3498
f 1540/1540 3375/3375 3802/3802
f 1285/1285 6143/6143 6184/6184
f 1541/1541 1255/1255 2505/2505
f 5447/5447 1542/1542 1278/1278
f 1542/1542 3273/3273 2143/2143
f 1543/1543 5606/5606 2328/2328
f 5840/5840 3010/3010 2328/2328
f 3722/3722 217/217 2538/2538
f 2538/2538 6310/6310 6402/6402
f 3115/3115 1583/1583 4020/4020
f 5035/5035 1871/1871 3162/3162
f 1041/1041 1506/1506 2516/2516
f 4343/4343 1545/1545 5402/5402
f 5297/5297 1546/1546 2775/2775
f 3382/3382 2289/2289 2045/2045
f 5367/5367 5328/5328 1548/1548
f 5328/5328 1125/1125 2340/2340
f 1281/1281 1455/1455 2720/2720
f 5331/5331 2312/2312 1721/1721
f 991/991 1501/1501 1550/1550
f 5979/5979 5906/5906 1551/1551
f 1552/1552 1021/1021 1745/1745
f 2178/2178 1554/1554 2870/2870
f 1057/1057 2754/2754 2394/2394
f 1109/1109 5645/5645 2847/2847
f 1173/1173 1568/1568 1556/1556
f 4247/4247 2921/2921 1518/1518
f 3389/3389 2120/2120 1695/1695
f 1106/1106 1235/1235 6045/6045
f 1695/1695 1557/1557 1286/1286
f 4159/4159 1782/1782 3840/3840
f 6061/6061 2508/2508 4262/4262
f 1143/1143 3871/3871 1559/1559
f 2817/2817 5314/5314 1423/1423
f 1172/1172 6051/6051 1561/1561
f 1563/1563 6237/6237 5188/5188
f 5431/5431 1072/1072 2338/2338
f 1605/1605 1564/1564 5641/5641
f 3999/3999 1361/1361 1565/1565
f 1565/1565 1195/1195 5499/5499
f 1015/1015 6208/6208 3805/3805
f 1212/1212 1494/1494 1566/1566
f 1037/1037 4086/4086 3791/3791
f 2392/2392 3063/3063 5128/5128
f 2689/2689 3200/3200 4125/4125
f 1203/1203 4792/4792 4527/4527
f 2768/2768 2188/2188 1569/1569
f 1274/1274 4644/4644 1570/1570
f 1210/1210 4251/4251 5701/5701
f 2707/2707 2146/2146 1573/1573
f 4944/4944 3633/3633 2782/2782
f 6197/6197 1057/1057 2394/2394
f 5372/5372 4989/4989 4742/4742
f 991/991 1550/1550 4900/4900
f 1168/1168 1529/1529 3951/3951
f 4331/4331 3171/3171 3639/3639
f 1081/1081 5250/5250 1575/1575
f 2248/2248 1576/1576 3012/3012
f 1164/1164 3276/3276 1681/1681
f 3727/3727 1577/1577 6331/6331
f 1135/1135 2555/2555 1578/1578
f 3834/3834 5526/5526 1406/1406
f 6357/6357 1074/1074 4198/4198
f 2827/2827 2461/2461 3932/3932
f 5033/5033 2757/2757 3125/3125
f 4398/4398 1558/1558 2661/2661
f 3881/3881 4253/4253 1228/1228
f 3255/3255 4420/4420 3477/3477
f 4420/4420 3199/3199 4667/4667
f 1415/1415 1233/1233 4512/4512
f 5679/5679 1448/1448 3160/3160
f 2614/2614 1867/1867 5482/5482
f 2111/2111 2556/2556 1237/1237
f 1010/1010 4136/4136 6326/6326
f 5833/5833 349/349 1584/1584
f 1585/1585 6407/6407 4912/4912
f 3908/3908 1585/1585 3497/3497
f 4388/4388 3982/3982 6122/6122
f 1026/1026 2147/2147 1586/1586
f 996/996 1588/1588 1587/1587
f 1245/1245 1604/1604 1587/1587
f 1245/1245 1587/1587 1588/1588
f 2450/2450 1588/1588 996/996
f 5613/5613 1589/1589 6150/6150
f 1183/1183 2345/2345 3306/3306
f 4679/4679 1261/1261 1591/1591
f 1261/1261 2729/2729 1591/1591
f 1266/1266 5749/5749 4189/4189
f 2696/2696 2734/2734 4345/4345
f 3757/3757 5255/5255 1279/1279
f 1551/1551 5417/5417 5150/5150
f 1516/1516 1596/1596 5117/5117
f 3421/3421 1461/1461 4245/4245
f 1598/1598 1292/1292 2434/2434
f 1599/1599 1299/1299 2912/2912
f 2226/2226 1600/1600 6118/6118
f 3125/3125 2586/2586 3015/3015
f 1176/1176 6119/6119 2757/2757
f 1601/1601 1324/1324 1067/1067
f 1601/1601 1067/1067 4979/4979
f 5658/5658 5074/5074 1003/1003
f 1603/1603 1336/1336 6120/6120
f 3224/3224 1603/1603 6120/6120
f 1604/1604 6275/6275 1128/1128
f 1647/1647 1604/1604 1128/1128
f 3414/3414 280/280 4228/4228
f 2686/2686 1605/1605 1345/1345
f 3270/3270 1564/1564 3000/3000
f 3862/3862 1350/1350 2873/2873
f 5080/5080 1607/1607 1172/1172
f 3612/3612 1184/1184 2447/2447
f 1358/1358 1391/1391 1609/1609
f 5336/5336 1255/1255 3054/3054
f 1370/1370 1523/1523 3995/3995
f 1610/1610 4287/4287 1061/1061
f 5079/5079 5544/5544 6392/6392
f 1634/1634 1611/1611 4037/4037
f 1612/1612 1376/1376 1037/1037
f 1037/1037 2684/2684 1612/1612
f 1613/1613 2825/2825 4524/4524
f 1391/1391 1344/1344 1614/1614
f 3982/3982 4388/4388 5776/5776
f 1615/1615 4611/4611 6385/6385
f 3663/3663 1615/1615 6385/6385
f 5757/5757 4429/4429 3777/3777
f 4589/4589 1410/1410 2931/2931
f 1616/1616 3868/3868 3233/3233
f 1425/1425 4389/4389 3528/3528
f 1617/1617 1428/1428 3865/3865
f 2898/2898 4506/4506 3680/3680
f 1942/1942 1155/1155 1619/1619
f 1965/1965 5983/5983 1620/1620
f 1621/1621 1620/1620 1697/1697
f 1110/1110 1621/1621 1646/1646
f 1620/1620 1621/1621 1110/1110
f 4872/4872 3341/3341 1623/1623
f 5451/5451 1624/1624 1868/1868
f 1624/1624 5451/5451 2494/2494
f 1527/1527 2628/2628 1626/1626
f 4159/4159 1632/1632 1646/1646
f 1620/1620 1110/1110 1633/1633
f 1634/1634 5590/5590 2250/2250
f 1451/1451 1638/1638 998/998
f 1418/1418 2653/2653 1639/1639
f 5580/5580 5722/5722 1641/1641
f 1635/1635 1641/1641 2362/2362
f 1427/1427 2410/2410 5493/5493
f 1555/1555 1644/1644 4047/4047
f 1644/1644 1555/1555 2847/2847
f 1621/1621 5002/5002 1646/1646
f 2258/2258 1288/1288 5497/5497
f 5758/5758 5497/5497 1288/1288
f 4835/4835 5721/5721 1653/1653
f 5721/5721 4835/4835 1162/1162
f 1593/1593 1655/1655 1051/1051
f 1275/1275 1819/1819 6039/6039
f 1656/1656 1275/1275 2821/2821
f 1716/1716 998/998 1657/1657
f 4496/4496 4300/4300 3427/3427
f 5065/5065 1688/1688 1689/1689
f 1729/1729 188/188 3789/3789
f 6195/6195 1289/1289 1671/1671
f 6324/6324 2583/2583 4256/4256
f 1661/1661 4256/4256 2122/2122
f 2240/2240 6375/6375 5013/5013
f 2520/2520 1275/1275 4951/4951
f 5963/5963 1666/1666 6039/6039
f 1095/1095 1392/1392 1668/1668
f 1668/1668 1392/1392 3510/3510
f 3373/3373 1831/1831 1394/1394
f 1842/1842 1831/1831 5089/5089
f 4869/4869 4105/4105 1150/1150
f 1660/1660 1671/1671 3013/3013
f 1806/1806 1672/1672 5875/5875
f 1673/1673 3109/3109 2591/2591
f 5317/5317 1675/1675 1622/1622
f 1675/1675 5317/5317 3665/3665
f 2025/2025 1476/1476 4177/4177
f 3257/3257 1678/1678 1314/1314
f 2240/2240 2865/2865 1658/1658
f 5717/5717 2837/2837 1680/1680
f 2837/2837 5647/5647 1680/1680
f 1191/1191 2805/2805 1681/1681
f 5979/5979 1681/1681 2805/2805
f 4207/4207 1374/1374 1682/1682
f 1014/1014 1682/1682 1374/1374
f 2681/2681 2805/2805 6294/6294
f 1431/1431 1683/1683 5020/5020
f 1689/1689 1688/1688 4647/4647
f 1017/1017 1691/1691 5987/5987
f 5294/5294 1900/1900 1691/1691
f 5136/5136 4850/4850 1675/1675
f 2906/2906 1159/1159 1694/1694
f 5919/5919 2680/2680 1426/1426
f 4087/4087 1110/1110 1632/1632
f 1620/1620 1269/1269 1697/1697
f 1697/1697 1269/1269 1322/1322
f 1803/1803 6004/6004 3787/3787
f 6374/6374 2624/2624 6244/6244
f 4273/4273 5940/5940 1710/1710
f 1712/1712 6134/6134 2329/2329
f 5202/5202 1379/1379 3416/3416
f 1713/1713 1288/1288 6284/6284
f 5243/5243 1714/1714 3240/3240
f 1714/1714 5243/5243 2308/2308
f 3444/3444 1246/1246 1716/1716
f 1718/1718 2271/2271 4830/4830
f 2245/2245 4864/4864 1719/1719
f 3902/3902 4864/4864 1311/1311
f 1653/1653 1218/1218 1721/1721
f 1722/1722 5903/5903 5664/5664
f 1722/1722 5664/5664 4740/4740
f 1470/1470 319/319 1725/1725
f 5973/5973 4773/4773 1725/1725
f 3188/3188 3063/3063 1728/1728
f 1763/1763 1729/1729 3789/3789
f 187/187 1729/1729 1821/1821
f 2038/2038 2102/2102 1730/1730
f 2102/2102 1955/1955 1730/1730
f 1731/1731 1180/1180 4807/4807
f 1887/1887 5780/5780 5015/5015
f 4061/4061 5922/5922 3790/3790
f 2312/2312 1550/1550 4161/4161
f 4161/4161 1550/1550 4162/4162
f 1737/1737 2114/2114 1848/1848
f 6093/6093 1017/1017 1738/1738
f 2074/2074 1738/1738 1017/1017
f 2007/2007 2173/2173 1741/1741
f 2173/2173 2007/2007 1988/1988
f 1079/1079 4220/4220 1744/1744
f 1744/1744 1293/1293 3516/3516
f 1745/1745 2710/2710 1840/1840
f 2205/2205 4805/4805 1061/1061
f 3510/3510 1751/1751 4243/4243
f 1668/1668 3510/3510 208/208
f 4149/4149 1752/1752 3239/3239
f 1752/1752 4149/4149 3922/3922
f 6360/6360 1688/1688 6175/6175
f 1108/1108 4542/4542 5965/5965
f 6373/6373 1332/1332 1758/1758
f 1758/1758 1332/1332 2857/2857
f 1170/1170 4936/4936 5136/5136
f 5059/5059 5703/5703 3615/3615
f 1763/1763 3789/3789 999/999
f 999/999 2056/2056 1763/1763
f 1752/1752 2559/2559 3239/3239
f 1244/1244 1764/1764 1930/1930
f 5800/5800 1771/1771 1096/1096
f 3934/3934 5800/5800 1454/1454
f 1848/1848 2114/2114 1773/1773
f 1773/1773 2114/2114 1943/1943
f 1231/1231 1555/1555 1776/1776
f 1168/1168 5316/5316 4047/4047
f 2180/2180 4047/4047 1644/1644
f 1375/1375 2346/2346 1778/1778
f 5506/5506 2466/2466 1294/1294
f 5988/5988 1120/1120 5321/5321
f 4095/4095 1781/1781 985/985
f 2080/2080 6322/6322 5679/5679
f 1655/1655 3043/3043 1785/1785
f 1785/1785 3043/3043 3487/3487
f 5566/5566 5986/5986 5731/5731
f 5986/5986 5566/5566 2451/2451
f 5197/5197 5367/5367 1791/1791
f 2454/2454 1063/1063 1797/1797
f 1979/1979 1444/1444 1801/1801
f 1801/1801 1444/1444 4426/4426
f 300/300 1802/1802 2487/2487
f 2463/2463 3787/3787 2198/2198
f 2234/2234 5329/5329 4474/4474
f 2513/2513 1894/1894 1805/1805
f 1171/1171 2037/2037 1806/1806
f 6099/6099 6191/6191 5204/5204
f 6191/6191 1099/1099 5803/5803
f 5129/5129 1809/1809 1805/1805
f 1162/1162 4835/4835 1812/1812
f 1812/1812 1282/1282 2391/2391
f 1703/1703 1086/1086 5261/5261
f 1131/1131 3504/3504 1086/1086
f 4585/4585 1492/1492 5946/5946
f 2756/2756 1815/1815 2458/2458
f 1815/1815 2756/2756 3081/3081
f 3919/3919 2893/2893 1817/1817
f 1819/1819 2145/2145 1268/1268
f 1506/1506 1819/1819 1268/1268
f 1821/1821 1729/1729 2224/2224
f 1822/1822 2818/2818 1431/1431
f 1822/1822 1431/1431 1071/1071
f 2670/2670 2579/2579 1823/1823
f 2579/2579 2670/2670 1076/1076
f 4739/4739 1824/1824 1851/1851
f 1144/1144 1825/1825 3595/3595
f 1695/1695 1632/1632 1557/1557
f 3373/3373 3981/3981 1831/1831
f 1834/1834 239/239 5271/5271
f 1086/1086 1835/1835 6102/6102
f 1703/1703 1835/1835 1086/1086
f 1048/1048 2937/2937 1836/1836
f 4775/4775 5108/5108 4760/4760
f 2529/2529 6141/6141 3371/3371
f 6141/6141 2529/2529 3625/3625
f 6170/6170 6251/6251 1665/1665
f 6251/6251 6170/6170 2248/2248
f 6054/6054 4073/4073 1325/1325
f 1012/1012 1839/1839 5255/5255
f 1840/1840 1552/1552 1745/1745
f 1394/1394 1842/1842 5800/5800
f 3481/3481 5944/5944 1846/1846
f 2515/2515 2697/2697 1847/1847
f 296/296 1847/1847 2648/2648
f 6366/6366 2959/2959 1848/1848
f 1737/1737 1848/1848 2959/2959
f 1036/1036 1855/1855 1508/1508
f 5442/5442 1856/1856 4621/4621
f 1856/1856 337/337 2159/2159
f 1295/1295 1859/1859 5119/5119
f 1859/1859 1295/1295 2989/2989
f 3971/3971 1861/1861 1166/1166
f 1861/1861 3971/3971 2209/2209
f 3507/3507 2040/2040 3434/3434
f 1101/1101 3453/3453 1863/1863
f 4384/4384 3453/3453 5523/5523
f 1379/1379 1867/1867 4528/4528
f 2193/2193 284/284 1869/1869
f 4405/4405 2427/2427 1869/1869
f 1250/1250 2493/2493 1872/1872
f 5022/5022 1538/1538 1873/1873
f 2970/2970 1873/1873 1538/1538
f 1087/1087 1237/1237 1874/1874
f 290/290 4957/4957 1237/1237
f 1030/1030 1878/1878 1841/1841
f 6190/6190 1884/1884 2501/2501
f 1884/1884 6190/6190 1579/1579
f 1863/1863 6152/6152 1101/1101
f 1672/1672 2359/2359 1886/1886
f 5665/5665 5015/5015 1811/1811
f 1548/1548 1050/1050 1888/1888
f 4154/4154 4673/4673 1050/1050
f 4993/4993 6198/6198 1547/1547
f 1796/1796 1898/1898 5590/5590
f 1274/1274 1570/1570 1900/1900
f 1900/1900 1570/1570 4294/4294
f 4861/4861 1901/1901 1353/1353
f 1157/1157 5684/5684 4760/4760
f 5684/5684 1157/1157 2136/2136
f 1822/1822 1903/1903 1395/1395
f 2227/2227 2977/2977 1909/1909
f 4910/4910 4914/4914 1049/1049
f 1060/1060 5919/5919 4699/4699
f 3649/3649 4338/4338 1134/1134
f 3122/3122 2836/2836 1919/1919
f 1683/1683 2651/2651 1920/1920
f 3816/3816 2280/2280 1920/1920
f 1607/1607 2894/2894 6051/6051
f 4124/4124 3270/3270 2305/2305
f 1712/1712 1928/1928 2290/2290
f 1285/1285 5452/5452 1929/1929
f 1764/1764 2559/2559 1930/1930
f 1930/1930 2559/2559 1855/1855
f 1223/1223 6356/6356 1082/1082
f 4162/4162 4678/4678 1933/1933
f 1933/1933 2532/2532 2793/2793
f 3144/3144 1199/1199 1934/1934
f 1247/1247 1934/1934 4183/4183
f 3033/3033 1485/1485 1935/1935
f 2190/2190 1465/1465 6110/6110
f 1936/1936 6110/6110 3290/3290
f 5495/5495 1028/1028 6072/6072
f 6072/6072 1028/1028 2268/2268
f 6005/6005 4673/4673 1127/1127
f 1752/1752 1534/1534 1938/1938
f 1939/1939 2268/2268 1076/1076
f 6199/6199 1939/1939 1076/1076
f 3360/3360 5707/5707 3333/3333
f 3992/3992 5707/5707 3360/3360
f 1619/1619 1513/1513 1942/1942
f 1427/1427 1942/1942 1513/1513
f 1773/1773 1943/1943 5914/5914
f 4538/4538 1947/1947 5856/5856
f 3994/3994 5986/5986 1950/1950
f 5667/5667 2308/2308 2203/2203
f 5816/5816 5804/5804 2455/2455
f 1436/1436 1184/1184 1953/1953
f 1953/1953 1184/1184 3612/3612
f 3093/3093 1353/1353 1955/1955
f 1730/1730 1955/1955 1901/1901
f 1289/1289 1635/1635 4703/4703
f 1958/1958 2420/2420 2781/2781
f 1620/1620 1633/1633 1965/1965
f 1965/1965 4394/4394 5651/5651
f 4540/4540 200/200 1966/1966
f 5347/5347 4789/4789 1968/1968
f 1968/1968 3276/3276 1164/1164
f 1972/1972 6129/6129 1969/1969
f 1969/1969 6129/6129 6031/6031
f 4643/4643 1972/1972 1969/1969
f 5047/5047 1972/1972 2802/2802
f 4173/4173 5403/5403 5290/5290
f 1197/1197 2934/2934 1974/1974
f 5549/5549 4617/4617 1606/1606
f 2952/2952 1975/1975 3060/3060
f 3340/3340 5767/5767 5422/5422
f 1678/1678 1977/1977 5422/5422
f 1801/1801 1225/1225 1979/1979
f 1979/1979 1225/1225 2730/2730
f 4044/4044 1369/1369 5634/5634
f 5357/5357 2766/2766 1980/1980
f 1638/1638 1451/1451 1981/1981
f 1981/1981 1451/1451 5508/5508
f 1781/1781 4095/4095 1983/1983
f 1983/1983 5644/5644 5816/5816
f 1824/1824 5696/5696 1985/1985
f 1986/1986 3256/3256 4685/4685
f 1084/1084 1329/1329 1987/1987
f 280/280 3414/3414 1990/1990
f 5362/5362 3501/3501 1329/1329
f 6381/6381 3701/3701 2909/2909
f 1601/1601 1993/1993 1399/1399
f 1996/1996 5074/5074 4408/4408
f 5917/5917 5341/5341 1997/1997
f 5341/5341 5917/5917 2664/2664
f 2176/2176 2435/2435 2000/2000
f 1151/1151 2000/2000 2435/2435
f 5908/5908 5563/5563 2001/2001
f 1304/1304 1449/1449 2616/2616
f 1100/1100 2003/2003 2862/2862
f 1070/1070 2005/2005 1730/1730
f 1497/1497 2007/2007 4036/4036
f 4807/4807 1180/1180 2010/2010
f 1413/1413 3868/3868 5257/5257
f 1697/1697 1092/1092 1621/1621
f 2830/2830 2014/2014 2421/2421
f 2115/2115 4474/4474 3202/3202
f 5752/5752 5223/5223 6044/6044
f 1579/1579 6190/6190 2015/2015
f 3855/3855 255/255 2020/2020
f 1484/1484 2020/2020 255/255
f 2755/2755 2957/2957 2022/2022
f 1270/1270 2024/2024 2164/2164
f 2420/2420 2025/2025 2781/2781
f 2025/2025 2420/2420 3848/3848
f 216/216 5473/5473 4010/4010
f 2538/2538 5473/5473 216/216
f 4404/4404 1848/1848 1773/1773
f 1548/1548 1888/1888 2026/2026
f 5538/5538 6194/6194 1016/1016
f 5237/5237 6194/6194 5538/5538
f 2030/2030 3872/3872 4847/4847
f 5282/5282 3497/3497 2031/2031
f 2031/2031 1243/1243 2511/2511
f 6041/6041 1972/1972 5047/5047
f 4518/4518 2034/2034 5287/5287
f 1140/1140 2034/2034 4518/4518
f 5260/5260 4365/4365 2035/2035
f 4365/4365 5674/5674 2035/2035
f 5880/5880 2037/2037 3712/3712
f 1806/1806 2037/2037 5880/5880
f 1936/1936 1314/1314 5422/5422
f 1221/1221 2038/2038 1447/1447
f 2280/2280 3816/3816 2039/2039
f 1474/1474 2040/2040 3507/3507
f 2040/2040 1474/1474 1986/1986
f 3992/3992 2042/2042 5204/5204
f 4170/4170 1321/1321 2043/2043
f 1811/1811 3492/3492 2045/2045
f 3382/3382 2045/2045 3170/3170
f 2052/2052 327/327 3107/3107
f 5311/5311 5725/5725 3107/3107
f 1368/1368 2048/2048 5802/5802
f 2648/2648 2697/2697 2051/2051
f 2054/2054 3953/3953 4146/4146
f 6183/6183 2104/2104 4068/4068
f 4620/4620 5016/5016 1081/1081
f 5016/5016 4620/4620 2645/2645
f 6014/6014 2819/2819 2060/2060
f 2060/2060 2819/2819 4184/4184
f 1828/1828 5460/5460 2063/2063
f 6116/6116 2552/2552 2063/2063
f 3115/3115 5419/5419 2064/2064
f 237/237 1331/1331 3583/3583
f 11/11 1727/1727 233/233
f 1710/1710 6036/6036 1439/1439
f 1619/1619 1155/1155 1610/1610
f 1165/1165 3223/3223 2074/2074
f 1738/1738 2074/2074 3223/3223
f 1086/1086 5988/5988 1131/1131
f 2075/2075 3532/3532 5708/5708
f 1328/1328 2337/2337 2076/2076
f 2076/2076 2337/2337 2802/2802
f 1242/1242 2572/2572 2078/2078
f 1953/1953 3612/3612 5102/5102
f 1234/1234 2080/2080 3160/3160
f 6349/6349 2082/2082 1029/1029
f 5202/5202 3243/3243 1379/1379
f 5538/5538 5391/5391 2084/2084
f 1397/1397 2084/2084 4600/4600
f 4959/4959 2086/2086 5735/5735
f 1728/1728 1305/1305 3188/3188
f 3188/3188 1305/1305 2211/2211
f 1475/1475 2088/2088 1015/1015
f 2090/2090 4147/4147 2361/2361
f 2091/2091 2741/2741 2283/2283
f 2789/2789 5821/5821 2652/2652
f 2533/2533 1338/1338 2093/2093
f 2093/2093 1338/1338 3770/3770
f 2094/2094 3072/3072 1089/1089
f 1613/1613 2094/2094 1089/1089
f 2823/2823 2422/2422 2095/2095
f 1003/1003 5121/5121 2098/2098
f 3141/3141 2098/2098 1502/1502
f 1979/1979 1045/1045 1444/1444
f 5026/5026 5262/5262 2100/2100
f 5935/5935 4156/4156 2101/2101
f 3719/3719 2102/2102 2038/2038
f 2779/2779 1448/1448 3359/3359
f 1755/1755 4068/4068 1448/1448
f 1080/1080 3264/3264 2106/2106
f 227/227 995/995 2107/2107
f 2108/2108 2887/2887 2870/2870
f 1087/1087 2111/2111 1237/1237
f 1394/1394 1831/1831 1842/1842
f 5082/5082 1737/1737 4809/4809
f 2952/2952 2114/2114 5082/5082
f 983/983 4930/4930 2511/2511
f 4028/4028 3768/3768 2118/2118
f 1326/1326 2118/2118 3768/3768
f 1373/1373 1085/1085 2119/2119
f 2119/2119 1085/1085 2940/2940
f 4087/4087 2120/2120 1633/1633
f 5989/5989 2121/2121 1207/1207
f 2898/2898 1300/1300 2122/2122
f 5054/5054 1300/1300 4425/4425
f 317/317 1522/1522 1699/1699
f 2381/2381 6061/6061 5918/5918
f 1558/1558 3094/3094 2127/2127
f 5804/5804 4873/4873 2455/2455
f 5517/5517 5184/5184 232/232
f 5017/5017 5060/5060 2133/2133
f 6191/6191 2133/2133 1099/1099
f 4471/4471 5992/5992 6033/6033
f 1368/1368 2137/2137 4365/4365
f 1368/1368 2488/2488 2137/2137
f 1161/1161 2138/2138 6142/6142
f 1322/1322 2138/2138 2841/2841
f 1115/1115 2145/2145 1656/1656
f 2145/2145 1115/1115 5964/5964
f 1985/1985 5696/5696 6144/6144
f 2146/2146 5696/5696 4682/4682
f 3495/3495 1249/1249 2147/2147
f 1586/1586 2147/2147 1249/1249
f 262/262 1935/1935 4837/4837
f 1012/1012 3757/3757 5799/5799
f 2151/2151 2731/2731 1278/1278
f 1757/1757 1218/1218 5965/5965
f 5965/5965 1218/1218 2188/2188
f 2806/2806 1071/1071 2153/2153
f 1920/1920 2153/2153 1071/1071
f 1784/1784 2154/2154 3674/3674
f 1969/1969 6031/6031 3039/3039
f 2891/2891 1023/1023 2156/2156
f 1666/1666 4830/4830 4951/4951
f 2035/2035 1846/1846 1040/1040
f 2158/2158 1042/1042 2886/2886
f 3857/3857 5886/5886 3711/3711
f 2137/2137 1383/1383 2159/2159
f 1856/1856 2159/2159 1383/1383
f 2162/2162 1463/1463 6034/6034
f 3023/3023 1371/1371 2166/2166
f 5209/5209 2166/2166 1371/1371
f 1151/1151 1423/1423 2168/2168
f 3132/3132 2169/2169 3790/3790
f 2170/2170 2143/2143 3273/3273
f 1501/1501 4678/4678 1550/1550
f 4067/4067 2944/2944 1169/1169
f 2925/2925 2174/2174 4067/4067
f 1139/1139 1462/1462 2175/2175
f 2175/2175 1462/1462 6184/6184
f 1849/1849 2435/2435 2176/2176
f 2177/2177 2355/2355 4461/4461
f 2178/2178 2822/2822 2394/2394
f 2132/2132 6160/6160 1103/1103
f 5812/5812 3175/3175 1966/1966
f 4473/4473 4850/4850 2180/2180
f 5157/5157 3620/3620 2181/2181
f 2181/2181 5992/5992 4471/4471
f 4338/4338 6152/6152 1134/1134
f 3442/3442 221/221 1728/1728
f 2185/2185 2652/2652 5601/5601
f 2185/2185 5601/5601 2279/2279
f 1053/1053 1583/1583 4339/4339
f 2620/2620 2499/2499 6159/6159
f 1471/1471 2106/2106 1301/1301
f 998/998 6082/6082 1657/1657
f 1079/1079 2193/2193 1351/1351
f 2034/2034 3096/3096 2194/2194
f 3787/3787 5956/5956 2198/2198
f 1910/1910 5269/5269 2199/2199
f 2199/2199 3110/3110 1153/1153
f 2203/2203 2915/2915 2361/2361
f 1270/1270 5213/5213 3208/3208
f 5065/5065 3051/3051 1386/1386
f 2205/2205 1061/1061 2539/2539
f 1357/1357 3591/3591 2206/2206
f 5268/5268 2207/2207 4347/4347
f 1596/1596 1516/1516 2209/2209
f 1861/1861 2209/2209 2644/2644
f 1320/1320 3110/3110 2210/2210
f 1785/1785 1051/1051 1655/1655
f 2221/2221 1343/1343 2276/2276
f 2222/2222 2178/2178 1417/1417
f 3544/3544 3900/3900 1428/1428
f 1821/1821 2224/2224 3544/3544
f 3706/3706 1117/1117 4251/4251
f 1294/1294 2225/2225 5470/5470
f 6261/6261 2227/2227 1909/1909
f 1158/1158 3652/3652 3358/3358
f 2229/2229 4255/4255 1310/1310
f 4092/4092 2513/2513 2234/2234
f 1805/1805 2234/2234 2513/2513
f 1347/1347 1006/1006 2235/2235
f 2235/2235 1006/1006 4943/4943
f 4332/4332 1344/1344 1993/1993
f 1952/1952 5377/5377 1983/1983
f 1624/1624 2656/2656 2241/2241
f 5362/5362 5225/5225 2531/2531
f 5225/5225 5362/5362 3357/3357
f 1471/1471 2244/2244 2106/2106
f 1256/1256 4671/4671 3444/3444
f 5226/5226 1450/1450 6032/6032
f 1175/1175 1576/1576 2248/2248
f 6251/6251 2248/2248 5001/5001
f 2249/2249 1341/1341 5480/5480
f 3141/3141 1611/1611 2250/2250
f 1634/1634 2250/2250 1611/1611
f 5766/5766 1435/1435 2253/2253
f 1190/1190 2253/2253 1435/1435
f 1382/1382 1420/1420 2254/2254
f 2544/2544 1015/1015 3805/3805
f 1566/1566 4492/4492 6208/6208
f 2256/2256 3163/3163 1443/1443
f 2750/2750 1288/1288 2258/2258
f 2259/2259 1392/1392 5676/5676
f 1073/1073 2261/2261 6395/6395
f 2263/2263 2377/2377 3196/3196
f 2003/2003 2263/2263 3196/3196
f 1116/1116 3438/3438 3124/3124
f 1487/1487 2271/2271 1718/1718
f 5315/5315 2579/2579 2268/2268
f 6072/6072 2268/2268 1939/1939
f 2942/2942 2453/2453 2269/2269
f 1562/1562 2269/2269 2453/2453
f 2010/2010 2270/2270 5912/5912
f 4963/4963 2271/2271 1487/1487
f 4343/4343 2271/2271 4963/4963
f 3546/3546 5089/5089 3827/3827
f 2609/2609 5666/5666 6209/6209
f 1185/1185 2275/2275 5480/5480
f 4775/4775 5978/5978 2276/2276
f 2278/2278 1881/1881 1251/1251
f 5631/5631 5713/5713 2286/2286
f 1744/1744 2082/2082 282/282
f 1416/1416 2287/2287 5591/5591
f 1416/1416 3121/3121 2287/2287
f 3479/3479 222/222 2288/2288
f 2288/2288 222/222 3280/3280
f 5729/5729 2952/2952 4696/4696
f 1928/1928 5729/5729 4696/4696
f 1347/1347 4599/4599 1103/1103
f 988/988 2614/2614 2293/2293
f 1103/1103 4599/4599 4873/4873
f 1523/1523 3830/3830 6050/6050
f 1003/1003 1898/1898 1602/1602
f 2286/2286 1343/1343 2221/2221
f 1781/1781 2299/2299 985/985
f 1100/1100 2876/2876 5425/5425
f 1565/1565 5499/5499 5435/5435
f 3298/3298 6167/6167 5148/5148
f 1565/1565 6167/6167 4202/4202
f 2221/2221 5625/5625 6097/6097
f 1069/1069 1517/1517 2302/2302
f 5762/5762 2302/2302 1517/1517
f 2888/2888 5790/5790 2303/2303
f 5692/5692 3657/3657 2292/2292
f 1886/1886 2359/2359 2305/2305
f 2305/2305 2359/2359 4090/4090
f 5609/5609 2011/2011 1253/1253
f 5755/5755 2203/2203 2308/2308
f 1714/1714 2308/2308 1951/1951
f 2311/2311 1194/1194 3592/3592
f 1721/1721 2312/2312 1282/1282
f 4768/4768 2289/2289 3382/3382
f 1704/1704 1803/1803 2463/2463
f 1093/1093 2313/2313 2368/2368
f 5272/5272 980/980 3467/3467
f 5939/5939 1425/1425 3528/3528
f 5147/5147 3093/3093 1456/1456
f 1192/1192 2324/2324 5147/5147
f 1771/1771 1199/1199 2325/2325
f 2326/2326 1250/1250 1872/1872
f 1543/1543 2328/2328 3010/3010
f 4577/4577 1935/1935 262/262
f 5649/5649 1235/1235 5594/5594
f 1712/1712 2329/2329 2347/2347
f 2331/2331 1069/1069 2302/2302
f 3236/3236 336/336 4621/4621
f 1240/1240 4442/4442 2334/2334
f 4880/4880 4442/4442 4644/4644
f 6041/6041 5047/5047 6264/6264
f 1873/1873 2970/2970 2338/2338
f 3165/3165 1453/1453 4478/4478
f 4797/4797 3976/3976 6125/6125
f 6125/6125 3976/3976 3617/3617
f 1441/1441 2280/2280 2039/2039
f 1008/1008 5542/5542 4677/4677
f 4072/4072 3224/3224 2299/2299
f 2001/2001 2656/2656 5908/5908
f 4259/4259 3712/3712 6158/6158
f 1273/1273 5703/5703 2820/2820
f 1183/1183 1066/1066 2345/2345
f 2345/2345 1066/1066 5768/5768
f 1414/1414 4803/4803 6398/6398
f 5549/5549 2347/2347 3080/3080
f 1975/1975 2347/2347 5549/5549
f 1240/1240 2334/2334 4081/4081
f 4884/4884 1731/1731 4807/4807
f 2088/2088 2326/2326 2349/2349
f 6028/6028 4458/4458 2352/2352
f 3332/3332 5377/5377 3088/3088
f 1514/1514 4230/4230 4062/4062
f 4783/4783 2355/2355 2100/2100
f 6353/6353 2355/2355 4783/4783
f 2275/2275 1185/1185 2358/2358
f 2358/2358 1185/1185 5099/5099
f 5022/5022 3906/3906 2360/2360
f 1252/1252 2360/2360 4566/4566
f 2011/2011 1047/1047 2362/2362
f 1635/1635 2362/2362 1047/1047
f 3981/3981 3306/3306 2345/2345
f 304/304 5810/5810 2366/2366
f 1423/1423 5314/5314 4013/4013
f 1634/1634 4037/4037 2369/2369
f 2369/2369 1011/1011 2734/2734
f 4791/4791 4296/4296 1209/1209
f 3828/3828 2907/2907 4791/4791
f 3107/3107 5725/5725 6078/6078
f 4974/4974 3264/3264 3683/3683
f 1741/1741 2173/2173 3683/3683
f 2377/2377 2430/2430 3196/3196
f 2172/2172 5232/5232 2263/2263
f 1313/1313 3560/3560 5293/5293
f 1781/1781 1983/1983 3332/3332
f 1186/1186 2381/2381 3744/3744
f 1718/1718 5963/5963 2382/2382
f 4354/4354 3531/3531 2311/2311
f 2015/2015 1147/1147 2385/2385
f 2338/2338 2970/2970 3762/3762
f 2388/2388 1056/1056 3390/3390
f 4161/4161 3892/3892 2391/2391
f 1812/1812 2391/2391 1256/1256
f 6387/6387 3953/3953 3122/3122
f 2394/2394 2754/2754 1554/1554
f 2178/2178 2394/2394 1554/1554
f 2399/2399 2856/2856 4204/4204
f 2399/2399 4204/4204 1472/1472
f 2401/2401 2721/2721 1156/1156
f 2118/2118 2287/2287 2402/2402
f 1614/1614 2402/2402 3121/3121
f 5478/5478 4596/4596 6315/6315
f 2403/2403 5478/5478 3870/3870
f 5788/5788 2942/2942 2404/2404
f 2942/2942 5788/5788 2453/2453
f 2078/2078 2572/2572 2406/2406
f 2410/2410 1427/1427 1513/1513
f 1322/1322 4519/4519 2138/2138
f 4516/4516 5695/5695 3935/3935
f 5166/5166 2418/2418 3912/3912
f 1072/1072 5431/5431 4897/4897
f 1193/1193 2419/2419 5925/5925
f 1641/1641 1289/1289 6195/6195
f 1205/1205 1536/1536 2420/2420
f 6275/6275 3848/3848 1536/1536
f 2281/2281 3864/3864 2421/2421
f 3699/3699 270/270 5198/5198
f 2095/2095 5198/5198 5007/5007
f 3809/3809 1312/1312 2423/2423
f 1019/1019 2423/2423 1312/1312
f 1174/1174 1233/1233 2426/2426
f 2426/2426 1233/1233 5319/5319
f 2427/2427 4405/4405 285/285
f 1953/1953 1845/1845 2489/2489
f 5188/5188 2430/2430 2377/2377
f 1980/1980 2154/2154 5558/5558
f 3644/3644 2433/2433 5956/5956
f 4564/4564 298/298 2434/2434
f 1598/1598 2434/2434 298/298
f 1849/1849 2983/2983 2435/2435
f 1258/1258 2436/2436 5618/5618
f 3888/3888 2437/2437 5611/5611
f 1824/1824 1985/1985 1851/1851
f 5437/5437 2440/2440 5605/5605
f 1224/1224 2443/2443 3012/3012
f 3595/3595 2443/2443 5671/5671
f 1179/1179 1284/1284 2447/2447
f 2447/2447 1284/1284 2162/2162
f 1736/1736 2448/2448 4574/4574
f 1966/1966 200/200 2450/2450
f 2174/2174 2925/2925 4556/4556
f 2174/2174 4556/4556 3313/3313
f 1562/1562 2453/2453 1130/1130
f 2454/2454 2388/2388 2829/2829
f 2455/2455 4873/4873 4905/4905
f 1952/1952 2455/2455 4905/4905
f 269/269 2422/2422 2456/2456
f 6022/6022 2422/2422 2823/2823
f 1815/1815 1319/1319 2458/2458
f 2458/2458 1319/1319 4855/4855
f 1238/1238 2580/2580 2459/2459
f 5120/5120 3760/3760 6294/6294
f 4075/4075 4210/4210 2460/2460
f 2034/2034 3932/3932 3096/3096
f 1461/1461 3421/3421 1169/1169
f 4744/4744 2463/2463 2198/2198
f 2288/2288 3280/3280 2464/2464
f 2464/2464 3280/3280 3627/3627
f 4267/4267 2605/2605 6366/6366
f 1559/1559 3871/3871 5076/5076
f 3384/3384 2466/2466 5506/5506
f 3384/3384 3968/3968 2466/2466
f 2017/2017 1452/1452 2467/2467
f 2899/2899 2893/2893 2469/2469
f 4962/4962 3744/3744 2381/2381
f 2098/2098 5590/5590 1898/1898
f 989/989 4084/4084 2477/2477
f 3857/3857 4084/4084 5886/5886
f 4105/4105 1671/1671 1289/1289
f 1884/1884 1349/1349 2479/2479
f 1186/1186 2479/2479 1349/1349
f 1193/1193 5641/5641 3718/3718
f 2177/2177 1247/1247 3921/3921
f 2010/2010 1180/1180 2270/2270
f 1149/1149 4733/4733 2487/2487
f 300/300 2487/2487 4532/4532
f 2352/2352 1375/1375 1778/1778
f 2048/2048 1368/1368 5260/5260
f 5750/5750 2489/2489 2094/2094
f 5750/5750 5275/5275 2489/2489
f 1784/1784 2490/2490 5558/5558
f 1044/1044 2491/2491 1385/1385
f 1405/1405 1410/1410 2492/2492
f 5823/5823 2492/2492 1410/1410
f 4809/4809 2493/2493 2526/2526
f 2949/2949 1464/1464 2494/2494
f 1624/1624 2494/2494 2890/2890
f 2496/2496 6297/6297 2075/2075
f 6141/6141 2497/2497 1130/1130
f 2499/2499 2620/2620 1429/1429
f 2499/2499 1429/1429 4761/4761
f 4592/4592 6306/6306 6055/6055
f 1438/1438 4592/4592 1262/1262
f 2501/2501 2479/2479 2382/2382
f 1041/1041 2501/2501 2382/2382
f 2000/2000 1059/1059 5709/5709
f 4722/4722 3432/3432 2504/2504
f 1255/1255 5336/5336 2505/2505
f 1358/1358 1609/1609 4732/4732
f 2899/2899 2506/2506 2893/2893
f 5584/5584 5519/5519 254/254
f 1186/1186 1349/1349 2508/2508
f 3958/3958 5609/5609 1253/1253
f 3633/3633 2510/2510 1253/1253
f 2031/2031 2511/2511 6001/6001
f 4626/4626 1304/1304 4599/4599
f 2515/2515 2434/2434 1292/1292
f 2515/2515 1292/1292 5088/5088
f 1177/1177 1427/1427 5493/5493
f 1147/1147 2516/2516 2385/2385
f 1041/1041 2516/2516 1147/1147
f 2060/2060 2164/2164 6014/6014
f 1246/1246 5845/5845 1716/1716
f 1958/1958 5845/5845 1246/1246
f 1251/1251 1376/1376 2519/2519
f 1016/1016 2519/2519 3262/3262
f 4951/4951 5936/5936 2520/2520
f 5999/5999 2520/2520 6087/6087
f 4129/4129 2270/2270 4068/4068
f 2098/2098 2250/2250 5590/5590
f 2876/2876 2862/2862 4181/4181
f 2862/2862 2876/2876 1100/1100
f 1779/1779 1279/1279 2524/2524
f 1012/1012 5255/5255 3757/3757
f 1091/1091 3605/3605 2525/2525
f 2344/2344 2525/2525 1396/1396
f 2493/2493 1250/1250 2526/2526
f 4296/4296 4791/4791 2907/2907
f 2158/2158 2529/2529 3676/3676
f 1974/1974 3248/3248 1301/1301
f 2822/2822 2178/2178 2222/2222
f 2093/2093 1133/1133 2533/2533
f 3789/3789 4150/4150 6250/6250
f 2333/2333 6250/6250 5165/5165
f 5585/5585 1413/1413 2536/2536
f 2536/2536 1413/1413 5257/5257
f 1114/1114 1160/1160 2539/2539
f 2205/2205 2539/2539 4007/4007
f 2540/2540 1595/1595 5090/5090
f 2542/2542 1152/1152 4846/4846
f 1365/1365 2544/2544 3805/3805
f 2544/2544 1365/1365 1767/1767
f 4399/4399 306/306 2545/2545
f 5225/5225 275/275 3248/3248
f 2469/2469 1204/1204 3474/3474
f 1402/1402 4303/4303 2552/2552
f 2063/2063 2552/2552 1134/1134
f 1581/1581 2553/2553 3802/3802
f 4787/4787 2553/2553 1581/1581
f 2256/2256 2554/2554 1568/1568
f 1673/1673 1998/1998 5825/5825
f 290/290 2556/2556 4799/4799
f 3060/3060 1606/1606 2558/2558
f 3862/3862 4617/4617 1350/1350
f 6205/6205 1855/1855 2559/2559
f 1855/1855 6205/6205 990/990
f 2565/2565 1459/1459 4379/4379
f 2801/2801 1225/1225 2566/2566
f 2566/2566 1225/1225 1338/1338
f 5612/5612 1459/1459 3257/3257
f 4683/4683 2269/2269 1346/1346
f 4964/4964 2572/2572 1242/1242
f 5131/5131 2440/2440 1030/1030
f 2154/2154 1097/1097 2576/2576
f 2576/2576 1097/1097 4222/4222
f 2833/2833 2850/2850 4170/4170
f 5315/5315 3157/3157 2579/2579
f 1823/1823 2579/2579 3157/3157
f 2580/2580 1188/1188 5120/5120
f 3457/3457 4826/4826 3540/3540
f 1729/1729 1763/1763 2224/2224
f 5295/5295 5235/5235 4386/4386
f 1479/1479 4849/4849 2583/2583
f 1274/1274 1900/1900 5950/5950
f 1719/1719 6093/6093 1738/1738
f 1668/1668 5867/5867 1095/1095
f 1320/1320 2586/2586 3125/3125
f 3623/3623 1261/1261 2590/2590
f 3832/3832 2590/2590 4679/4679
f 2591/2591 2206/2206 5437/5437
f 2591/2591 5437/5437 5605/5605
f 1935/1935 4577/4577 2592/2592
f 2592/2592 6249/6249 6334/6334
f 2593/2593 3153/3153 1088/1088
f 1088/1088 2911/2911 2593/2593
f 2443/2443 1825/1825 3527/3527
f 2375/2375 6153/6153 5527/5527
f 3907/3907 2490/2490 5381/5381
f 2545/2545 306/306 3713/3713
f 2590/2590 3832/3832 5942/5942
f 2598/2598 3832/3832 4819/4819
f 1444/1444 1045/1045 3137/3137
f 4193/4193 4156/4156 4022/4022
f 2186/2186 4121/4121 6115/6115
f 2403/2403 5541/5541 3610/3610
f 5495/5495 2491/2491 1334/1334
f 5495/5495 1334/1334 2551/2551
f 6366/6366 2605/2605 1492/1492
f 3271/3271 2104/2104 6183/6183
f 1365/1365 4463/4463 5267/5267
f 1448/1448 5679/5679 1755/1755
f 4219/4219 4548/4548 4146/4146
f 4955/4955 5386/5386 2684/2684
f 1230/1230 1421/1421 5036/5036
f 3955/3955 1891/1891 2611/2611
f 2611/2611 2808/2808 1350/1350
f 3729/3729 5914/5914 2176/2176
f 2293/2293 2614/2614 4271/4271
f 3817/3817 2615/2615 1273/1273
f 2615/2615 3817/3817 1371/1371
f 2002/2002 2616/2616 1449/1449
f 1825/1825 3168/3168 5675/5675
f 2619/2619 4409/4409 211/211
f 2344/2344 2619/2619 211/211
f 4097/4097 5083/5083 1000/1000
f 3256/3256 2620/2620 6159/6159
f 6275/6275 1228/1228 1128/1128
f 1324/1324 1096/1096 2325/2325
f 2156/2156 2271/2271 4343/4343
f 2624/2624 2729/2729 1261/1261
f 2624/2624 1261/1261 3623/3623
f 2426/2426 1182/1182 2625/2625
f 2625/2625 1182/1182 1430/1430
f 4814/4814 2988/2988 1259/1259
f 4537/4537 4814/4814 5887/5887
f 2592/2592 6334/6334 1302/1302
f 5294/5294 5950/5950 1900/1900
f 2628/2628 5677/5677 5903/5903
f 3677/3677 5855/5855 4523/4523
f 1232/1232 4523/4523 5343/5343
f 2434/2434 1847/1847 297/297
f 2479/2479 1186/1186 6048/6048
f 4223/4223 4690/4690 4330/4330
f 5016/5016 2641/2641 2797/2797
f 1083/1083 2641/2641 5016/5016
f 1741/1741 1083/1083 2645/2645
f 2645/2645 1083/1083 5016/5016
f 6261/6261 2027/2027 3358/3358
f 2665/2665 2291/2291 5006/5006
f 2167/2167 5107/5107 5037/5037
f 6322/6322 4351/4351 3840/3840
f 1988/1988 987/987 5378/5378
f 1988/1988 5378/5378 3962/3962
f 2051/2051 4573/4573 2648/2648
f 5756/5756 5989/5989 1207/1207
f 2832/2832 1135/1135 5401/5401
f 5401/5401 1135/1135 1578/1578
f 1020/1020 3935/3935 5308/5308
f 2313/2313 1093/1093 2030/2030
f 5087/5087 2651/2651 1232/1232
f 2039/2039 2651/2651 3164/3164
f 5821/5821 5601/5601 2652/2652
f 1599/1599 2652/2652 2185/2185
f 1519/1519 1150/1150 2653/2653
f 3886/3886 5802/5802 5710/5710
f 2654/2654 5184/5184 5517/5517
f 4726/4726 5606/5606 1181/1181
f 1867/1867 2614/2614 2246/2246
f 5888/5888 2656/2656 2001/2001
f 1398/1398 1306/1306 2657/2657
f 2025/2025 2657/2657 2781/2781
f 2644/2644 5887/5887 6224/6224
f 2147/2147 1026/1026 2660/2660
f 1778/1778 2660/2660 1026/1026
f 5884/5884 5223/5223 2661/2661
f 5223/5223 5884/5884 1579/1579
f 2664/2664 5917/5917 2921/2921
f 2666/2666 1427/1427 1177/1177
f 2666/2666 1177/1177 3070/3070
f 2070/2070 5734/5734 4278/4278
f 2625/2625 1174/1174 2426/2426
f 2670/2670 2971/2971 1260/1260
f 6199/6199 2670/2670 1260/1260
f 10/10 2107/2107 3761/3761
f 4200/4200 6326/6326 4136/4136
f 4183/4183 2674/2674 4486/4486
f 1771/1771 2674/2674 4183/4183
f 5966/5966 6076/6076 2675/2675
f 1210/1210 2014/2014 2830/2830
f 2168/2168 1546/1546 5844/5844
f 1680/1680 4923/4923 2092/2092
f 1613/1613 4524/4524 5750/5750
f 6397/6397 4402/4402 3390/3390
f 4658/4658 1388/1388 4111/4111
f 2677/2677 1388/1388 2905/2905
f 5146/5146 2620/2620 1364/1364
f 986/986 1947/1947 5097/5097
f 1164/1164 5150/5150 1968/1968
f 6294/6294 3946/3946 2681/2681
f 1249/1249 2682/2682 981/981
f 5043/5043 5357/5357 1369/1369
f 1612/1612 2684/2684 1377/1377
f 196/196 2685/2685 1477/1477
f 4511/4511 4614/4614 2685/2685
f 1345/1345 3199/3199 2686/2686
f 1556/1556 1568/1568 2689/2689
f 2689/2689 1568/1568 2554/2554
f 6112/6112 2690/2690 1052/1052
f 6022/6022 5718/5718 267/267
f 2691/2691 2875/2875 2685/2685
f 5318/5318 1342/1342 2474/2474
f 3210/3210 4718/4718 3473/3473
f 1393/1393 2477/2477 1258/1258
f 5142/5142 2697/2697 1370/1370
f 2051/2051 2697/2697 5142/5142
f 1404/1404 1434/1434 2291/2291
f 2641/2641 1083/1083 2703/2703
f 5546/5546 1378/1378 5582/5582
f 1839/1839 1285/1285 1929/1929
f 1604/1604 1647/1647 1587/1587
f 1986/1986 2448/2448 5173/5173
f 6073/6073 3241/3241 5305/5305
f 6126/6126 5466/5466 2199/2199
f 325/325 4213/4213 5477/5477
f 2706/2706 1124/1124 5053/5053
f 2707/2707 1215/1215 5086/5086
f 2709/2709 5265/5265 4014/4014
f 2710/2710 5943/5943 5616/5616
f 4857/4857 5756/5756 1207/1207
f 5308/5308 4410/4410 5826/5826
f 2017/2017 5826/5826 4410/4410
f 4914/4914 1489/1489 6040/6040
f 1690/1690 2524/2524 4992/4992
f 1713/1713 3175/3175 5812/5812
f 1541/1541 2505/2505 2175/2175
f 2108/2108 1167/1167 2714/2714
f 2714/2714 1167/1167 3307/3307
f 2720/2720 1549/1549 5344/5344
f 2721/2721 5872/5872 1156/1156
f 1704/1704 2721/2721 2401/2401
f 2002/2002 2290/2290 1178/1178
f 5226/5226 2723/2723 1450/1450
f 1047/1047 2011/2011 5609/5609
f 4990/4990 5209/5209 2724/2724
f 2166/2166 5209/5209 2741/2741
f 2366/2366 6128/6128 303/303
f 1545/1545 1024/1024 2725/2725
f 2474/2474 2725/2725 1024/1024
f 2406/2406 2572/2572 5115/5115
f 2404/2404 1561/1561 5788/5788
f 3419/3419 1561/1561 6051/6051
f 2726/2726 2817/2817 1560/1560
f 1119/1119 273/273 2727/2727
f 3465/3465 3357/3357 3308/3308
f 1295/1295 5119/5119 2728/2728
f 1591/1591 2729/2729 1340/1340
f 2730/2730 2430/2430 6393/6393
f 1979/1979 2730/2730 6393/6393
f 1265/1265 5734/5734 3707/3707
f 5447/5447 2731/2731 2993/2993
f 3042/3042 1977/1977 2732/2732
f 2369/2369 2734/2734 1594/1594
f 1965/1965 5924/5924 4394/4394
f 1122/1122 3120/3120 2736/2736
f 4665/4665 4350/4350 5148/5148
f 3766/3766 239/239 1834/1834
f 2738/2738 5395/5395 4383/4383
f 1731/1731 3893/3893 1180/1180
f 1776/1776 1418/1418 1639/1639
f 2520/2520 5936/5936 6087/6087
f 6240/6240 2166/2166 2741/2741
f 5689/5689 3104/3104 6240/6240
f 1719/1719 1738/1738 2245/2245
f 4890/4890 2423/2423 2742/2742
f 2742/2742 1213/1213 1389/1389
f 2014/2014 1315/1315 2421/2421
f 2745/2745 3907/3907 1400/1400
f 1514/1514 2745/2745 1400/1400
f 5700/5700 348/348 2747/2747
f 1584/1584 2747/2747 348/348
f 1425/1425 5939/5939 3345/3345
f 1600/1600 2226/2226 4743/4743
f 2750/2750 1216/1216 5883/5883
f 1389/1389 1213/1213 6284/6284
f 228/228 229/229 2753/2753
f 2753/2753 229/229 4624/4624
f 1509/1509 3824/3824 2754/2754
f 2755/2755 4657/4657 4219/4219
f 5445/5445 5678/5678 1508/1508
f 5109/5109 2757/2757 3662/3662
f 3139/3139 6253/6253 4774/4774
f 2758/2758 2048/2048 1040/1040
f 1777/1777 2758/2758 1040/1040
f 2766/2766 3182/3182 5026/5026
f 4897/4897 5431/5431 2419/2419
f 1544/1544 1108/1108 2768/2768
f 2769/2769 5527/5527 6002/6002
f 252/252 2770/2770 2466/2466
f 2773/2773 4282/4282 1396/1396
f 2976/2976 5466/5466 4631/4631
f 6319/6319 2226/2226 3006/3006
f 1139/1139 2776/2776 1462/1462
f 2777/2777 2795/2795 1490/1490
f 1122/1122 2777/2777 1490/1490
f 3202/3202 2172/2172 1202/1202
f 2657/2657 1306/1306 6136/6136
f 1958/1958 2781/2781 5845/5845
f 3074/3074 1390/1390 2782/2782
f 1030/1030 2440/2440 6239/6239
f 4773/4773 5973/5973 320/320
f 4604/4604 2789/2789 4139/4139
f 201/201 2772/2772 1588/1588
f 1997/1997 1068/1068 2790/2790
f 2790/2790 3078/3078 1415/1415
f 4259/4259 6158/6158 5480/5480
f 5480/5480 6158/6158 1185/1185
f 2399/2399 1082/1082 2020/2020
f 1315/1315 3226/3226 5827/5827
f 2793/2793 6112/6112 3207/3207
f 2793/2793 3207/3207 4253/4253
f 2312/2312 5331/5331 4900/4900
f 2794/2794 1878/1878 1032/1032
f 1496/1496 2794/2794 1032/1032
f 5560/5560 5253/5253 1432/1432
f 5685/5685 5310/5310 329/329
f 5527/5527 6153/6153 5685/5685
f 1933/1933 2793/2793 1580/1580
f 3616/3616 2090/2090 4188/4188
f 2641/2641 4289/4289 2797/2797
f 4152/4152 4521/4521 4657/4657
f 2469/2469 2893/2893 2798/2798
f 2798/2798 2893/2893 3919/3919
f 2989/2989 1947/1947 986/986
f 2801/2801 2552/2552 6116/6116
f 1972/1972 4643/4643 2802/2802
f 2076/2076 2802/2802 2383/2383
f 5463/5463 2803/2803 5502/5502
f 2803/2803 1446/1446 5149/5149
f 201/201 1588/1588 2450/2450
f 6330/6330 2805/2805 1191/1191
f 1903/1903 5785/5785 5295/5295
f 14/14 2456/2456 268/268
f 2807/2807 4179/4179 2963/2963
f 1891/1891 6198/6198 2808/2808
f 2777/2777 1122/1122 2736/2736
f 1366/1366 5162/5162 4223/4223
f 5872/5872 2721/2721 5043/5043
f 2278/2278 6194/6194 5237/5237
f 1359/1359 1560/1560 2817/2817
f 1280/1280 2817/2817 1945/1945
f 5518/5518 2258/2258 5497/5497
f 1283/1283 4245/4245 2818/2818
f 5309/5309 2818/2818 3677/3677
f 5663/5663 6383/6383 993/993
f 1273/1273 2820/2820 1491/1491
f 3916/3916 1115/1115 2821/2821
f 1656/1656 2821/2821 1115/1115
f 2095/2095 5324/5324 2823/2823
f 2823/2823 5324/5324 2940/2940
f 2259/2259 1162/1162 1812/1812
f 5684/5684 2709/2709 2824/2824
f 1613/1613 1445/1445 2825/2825
f 2825/2825 1445/1445 2167/2167
f 5033/5033 2827/2827 1176/1176
f 2461/2461 2827/2827 3015/3015
f 2746/2746 5526/5526 1226/1226
f 2454/2454 2829/2829 2947/2947
f 2494/2494 5677/5677 2949/2949
f 5428/5428 1121/1121 1496/1496
f 1210/1210 2830/2830 5428/5428
f 2526/2526 1928/1928 4696/4696
f 1799/1799 1909/1909 992/992
f 4878/4878 2832/2832 5401/5401
f 1438/1438 2832/2832 4878/4878
f 1079/1079 1744/1744 4340/4340
f 5452/5452 2776/2776 5494/5494
f 4955/4955 3791/3791 2833/2833
f 2833/2833 3791/3791 3970/3970
f 1409/1409 2615/2615 3023/3023
f 3969/3969 1321/1321 2850/2850
f 1987/1987 1329/1329 2834/2834
f 2834/2834 1329/1329 3501/3501
f 2836/2836 3122/3122 5949/5949
f 3649/3649 2837/2837 5717/5717
f 1280/1280 2976/2976 4631/4631
f 1697/1697 3341/3341 1092/1092
f 1361/1361 4450/4450 1195/1195
f 5331/5331 1333/1333 4011/4011
f 1860/1860 2841/2841 1161/1161
f 1198/1198 3037/3037 1767/1767
f 3037/3037 4058/4058 1475/1475
f 5822/5822 4006/4006 2843/2843
f 1859/1859 1080/1080 2244/2244
f 1836/1836 5108/5108 1343/1343
f 2847/2847 5645/5645 1644/1644
f 2833/2833 1567/1567 2850/2850
f 4767/4767 2851/2851 4797/4797
f 2851/2851 1450/1450 2723/2723
f 1036/1036 2980/2980 2852/2852
f 2852/2852 2980/2980 3027/3027
f 2853/2853 4759/4759 3829/3829
f 2385/2385 1227/1227 2015/2015
f 2855/2855 1397/1397 4941/4941
f 1205/1205 3714/3714 3628/3628
f 2856/2856 2399/2399 6266/6266
f 1758/1758 2857/2857 4186/4186
f 6160/6160 2132/2132 2179/2179
f 1001/1001 2861/2861 1595/1595
f 1584/1584 1239/1239 6130/6130
f 2003/2003 1403/1403 2862/2862
f 2862/2862 1403/1403 4164/4164
f 1828/1828 6359/6359 4164/4164
f 2585/2585 2735/2735 2864/2864
f 1142/1142 2864/2864 6402/6402
f 2865/2865 2240/2240 1335/1335
f 2865/2865 1335/1335 5172/5172
f 1843/1843 1182/1182 2426/2426
f 1095/1095 5867/5867 1367/1367
f 1872/1872 2349/2349 2326/2326
f 2870/2870 2887/2887 6221/6221
f 6098/6098 1535/1535 1208/1208
f 2808/2808 1200/1200 2873/2873
f 2983/2983 2873/2873 1200/1200
f 1138/1138 5319/5319 2874/2874
f 1415/1415 2874/2874 1233/1233
f 4316/4316 6330/6330 5171/5171
f 2875/2875 2691/2691 5067/5067
f 5067/5067 5059/5059 2875/2875
f 1477/1477 2875/2875 4444/4444
f 1887/1887 5665/5665 1154/1154
f 4407/4407 2876/2876 5599/5599
f 2675/2675 6076/6076 3190/3190
f 1480/1480 2877/2877 1129/1129
f 1784/1784 3674/3674 5304/5304
f 3295/3295 1056/1056 2388/2388
f 2892/2892 1325/1325 1069/1069
f 1325/1325 3328/3328 4484/4484
f 2458/2458 2882/2882 5445/5445
f 1834/1834 5271/5271 6161/6161
f 2108/2108 1372/1372 2887/2887
f 2303/2303 1206/1206 2888/2888
f 2888/2888 1206/1206 4239/4239
f 2890/2890 2494/2494 1464/1464
f 1520/1520 6059/6059 1464/1464
f 2153/2153 1339/1339 2806/2806
f 2156/2156 5402/5402 2891/2891
f 1326/1326 3768/3768 4423/4423
f 1325/1325 2892/2892 1187/1187
f 2894/2894 3162/3162 1871/1871
f 2894/2894 1871/1871 6051/6051
f 1539/1539 5113/5113 3717/3717
f 3187/3187 2593/2593 2897/2897
f 2593/2593 3187/3187 3099/3099
f 3925/3925 2898/2898 2122/2122
f 1537/1537 4506/4506 3925/3925
f 2088/2088 1475/1475 12/12
f 2899/2899 2496/2496 1014/1014
f 2506/2506 2899/2899 1014/1014
f 3387/3387 3260/3260 3305/3305
f 2824/2824 2709/2709 4014/4014
f 1217/1217 2460/2460 4543/4543
f 3157/3157 1562/1562 4408/4408
f 2905/2905 6091/6091 2677/2677
f 1942/1942 1427/1427 2906/2906
f 2554/2554 1348/1348 1065/1065
f 5546/5546 3201/3201 2907/2907
f 4336/4336 2908/2908 5368/5368
f 3221/3221 2945/2945 2909/2909
f 2911/2911 1088/1088 1515/1515
f 2911/2911 1515/1515 4493/4493
f 5640/5640 4139/4139 2912/2912
f 1599/1599 2912/2912 2652/2652
f 6383/6383 5419/5419 4652/4652
f 3460/3460 2915/2915 4929/4929
f 2037/2037 1171/1171 5099/5099
f 1774/1774 1029/1029 3516/3516
f 1522/1522 5181/5181 2918/2918
f 1470/1470 2918/2918 5459/5459
f 1221/1221 1447/1447 4026/4026
f 2790/2790 1415/1415 2921/2921
f 6146/6146 2923/2923 4146/4146
f 1618/1618 5300/5300 4193/4193
f 1553/1553 4556/4556 2925/2925
f 2850/2850 1567/1567 3778/3778
f 2467/2467 1452/1452 3827/3827
f 2093/2093 3770/3770 4192/4192
f 2928/2928 2190/2190 6110/6110
f 1267/1267 3408/3408 6376/6376
f 1410/1410 2977/2977 2931/2931
f 2066/2066 2931/2931 2227/2227
f 6079/6079 2613/2613 1209/1209
f 1593/1593 2932/2932 3208/3208
f 1930/1930 1855/1855 1036/1036
f 3501/3501 2531/2531 2934/2934
f 1974/1974 2934/2934 2531/2531
f 2936/2936 5322/5322 3339/3339
f 1004/1004 4375/4375 1835/1835
f 3395/3395 1421/1421 2937/2937
f 5564/5564 1421/1421 1230/1230
f 1758/1758 5496/5496 6373/6373
f 2497/2497 3131/3131 1996/1996
f 1507/1507 2558/2558 1849/1849
f 2119/2119 2940/2940 5324/5324
f 2269/2269 4350/4350 2942/2942
f 2942/2942 4350/4350 4665/4665
f 2174/2174 1221/1221 4026/4026
f 1955/1955 1353/1353 1901/1901
f 2945/2945 3221/3221 5449/5449
f 4111/4111 2945/2945 5449/5449
f 5075/5075 1105/1105 2946/2946
f 4003/4003 2946/2946 4248/4248
f 5971/5971 1571/1571 2947/2947
f 1661/1661 2947/2947 1571/1571
f 1300/1300 5054/5054 2122/2122
f 5779/5779 5148/5148 6167/6167
f 1823/1823 3157/3157 4408/4408
f 2703/2703 1083/1083 5242/5242
f 2949/2949 2628/2628 1002/1002
f 2949/2949 1002/1002 4195/4195
f 6259/6259 2950/2950 2279/2279
f 2950/2950 6259/6259 4104/4104
f 1975/1975 2952/2952 5729/5729
f 3701/3701 2798/2798 3294/3294
f 1039/1039 2955/2955 2207/2207
f 2281/2281 2421/2421 1315/1315
f 5202/5202 5238/5238 1315/1315
f 6375/6375 2908/2908 2437/2437
f 5789/5789 5062/5062 3145/3145
f 3279/3279 2691/2691 4614/4614
f 5104/5104 4418/4418 2957/2957
f 4418/4418 3607/3607 1043/1043
f 3542/3542 1072/1072 4897/4897
f 2275/2275 5666/5666 2249/2249
f 1124/1124 2706/2706 2959/2959
f 1737/1737 2959/2959 2706/2706
f 3980/3980 3729/3729 2612/2612
f 1623/1623 4723/4723 2960/2960
f 1053/1053 2960/2960 6401/6401
f 2816/2816 5068/5068 3181/3181
f 2963/2963 3837/3837 3287/3287
f 6005/6005 2492/2492 1888/1888
f 5979/5979 2805/2805 2681/2681
f 2653/2653 1418/1418 1220/1220
f 6326/6326 4200/4200 289/289
f 6250/6250 999/999 3789/3789
f 1400/1400 3907/3907 5381/5381
f 1590/1590 2965/2965 1189/1189
f 3306/3306 1590/1590 4246/4246
f 2968/2968 6042/6042 1111/1111
f 2084/2084 5391/5391 1111/1111
f 1797/1797 3295/3295 2454/2454
f 2742/2742 2423/2423 1213/1213
f 2499/2499 2436/2436 1258/1258
f 4667/4667 2970/2970 1538/1538
f 1345/1345 2970/2970 4667/4667
f 1823/1823 5074/5074 2971/2971
f 2971/2971 5074/5074 5658/5658
f 1847/1847 2697/2697 2648/2648
f 2896/2896 3167/3167 1592/1592
f 2896/2896 1592/1592 3310/3310
f 5261/5261 3504/3504 6125/6125
f 2615/2615 3615/3615 1273/1273
f 2244/2244 1471/1471 2972/2972
f 277/277 2972/2972 1471/1471
f 2454/2454 2947/2947 1063/1063
f 6054/6054 4979/4979 2975/2975
f 273/273 1119/1119 3503/3503
f 1280/1280 1152/1152 2976/2976
f 1910/1910 2976/2976 1152/1152
f 2931/2931 2977/2977 2227/2227
f 2892/2892 1069/1069 2331/2331
f 2979/2979 3161/3161 1336/1336
f 1036/1036 1419/1419 2980/2980
f 1141/1141 2980/2980 1419/1419
f 1958/1958 1205/1205 2420/2420
f 4248/4248 3163/3163 5194/5194
f 1582/1582 5482/5482 3243/3243
f 1874/1874 291/291 1473/1473
f 1200/1200 5624/5624 2983/2983
f 2435/2435 2983/2983 5624/5624
f 6353/6353 5285/5285 2985/2985
f 2987/2987 3116/3116 1390/1390
f 2987/2987 1390/1390 3074/3074
f 1219/1219 2229/2229 5408/5408
f 4570/4570 2988/2988 2710/2710
f 2988/2988 4570/4570 1259/1259
f 2799/2799 1356/1356 2989/2989
f 1859/1859 2989/2989 1356/1356
f 2565/2565 4379/4379 1532/1532
f 2466/2466 2770/2770 1294/1294
f 1227/1227 2385/2385 982/982
f 2198/2198 5956/5956 2433/2433
f 2731/2731 1279/1279 2993/2993
f 1779/1779 3967/3967 2993/2993
f 4339/4339 4884/4884 2960/2960
f 6104/6104 2283/2283 2741/2741
f 3985/3985 3209/3209 2994/2994
f 2994/2994 4548/4548 4657/4657
f 3880/3880 5940/5940 3955/3955
f 2108/2108 2870/2870 1504/1504
f 3000/3000 1564/1564 1605/1605
f 1605/1605 2686/2686 3000/3000
f 1267/1267 3801/3801 3408/3408
f 3531/3531 3718/3718 4968/4968
f 309/309 3404/3404 4319/4319
f 2950/2950 5885/5885 2279/2279
f 1980/1980 2766/2766 1097/1097
f 5009/5009 3347/3347 6118/6118
f 5268/5268 3006/3006 1466/1466
f 1323/1323 2066/2066 3652/3652
f 2732/2732 1977/1977 4368/4368
f 2959/2959 2543/2543 1124/1124
f 2566/2566 2533/2533 1402/1402
f 1894/1894 2513/2513 2235/2235
f 3010/3010 6074/6074 1375/1375
f 3010/3010 1375/1375 1543/1543
f 2590/2590 5942/5942 2151/2151
f 1159/1159 2680/2680 5919/5919
f 2118/2118 2398/2398 2287/2287
f 5639/5639 5226/5226 6032/6032
f 3012/3012 1576/1576 3066/3066
f 1764/1764 1244/1244 3013/3013
f 1660/1660 3013/3013 1244/1244
f 2586/2586 1505/1505 3015/3015
f 3015/3015 1505/1505 3567/3567
f 2855/2855 2024/2024 4966/4966
f 230/230 231/231 3016/3016
f 2677/2677 1992/1992 2945/2945
f 1409/1409 3023/3023 4444/4444
f 1371/1371 3023/3023 2615/2615
f 2543/2543 5976/5976 1212/1212
f 2436/2436 1166/1166 1861/1861
f 2768/2768 1569/1569 4527/4527
f 3548/3548 3027/3027 4447/4447
f 6044/6044 6026/6026 5752/5752
f 5123/5123 2129/2129 3158/3158
f 2747/2747 2877/2877 1480/1480
f 2205/2205 4007/4007 6228/6228
f 1465/1465 3033/3033 1302/1302
f 2190/2190 3033/3033 1465/1465
f 2821/2821 1275/1275 2520/2520
f 2882/2882 2458/2458 4746/4746
f 1200/1200 2808/2808 4012/4012
f 6397/6397 2576/2576 4222/4222
f 1767/1767 3037/3037 2544/2544
f 1196/1196 6031/6031 4077/4077
f 4732/4732 3040/3040 4246/4246
f 3565/3565 5336/5336 3054/3054
f 1655/1655 3475/3475 3043/3043
f 3046/3046 5820/5820 1554/1554
f 4216/4216 5842/5842 3824/3824
f 1831/1831 3981/3981 2363/2363
f 1603/1603 4615/4615 4015/4015
f 5065/5065 5561/5561 3051/3051
f 2092/2092 3051/3051 5361/5361
f 3046/3046 1554/1554 2754/2754
f 1065/1065 1348/1348 3054/3054
f 1609/1609 5336/5336 4732/4732
f 1010/1010 2111/2111 1207/1207
f 2734/2734 2696/2696 1594/1594
f 2526/2526 1250/1250 4360/4360
f 1308/1308 3056/3056 1059/1059
f 2095/2095 5007/5007 6009/6009
f 2799/2799 986/986 3057/3057
f 4776/4776 3057/3057 986/986
f 2558/2558 1507/1507 3060/3060
f 3060/3060 1507/1507 1943/1943
f 1843/1843 4480/4480 1441/1441
f 3063/3063 3188/3188 1018/1018
f 3063/3063 1018/1018 3578/3578
f 1297/1297 6105/6105 3065/3065
f 3065/3065 6105/6105 4429/4429
f 5372/5372 4913/4913 4989/4989
f 3684/3684 333/333 5351/5351
f 1088/1088 3067/3067 4003/4003
f 2005/2005 1447/1447 2038/2038
f 6046/6046 4216/4216 3069/3069
f 3069/3069 4216/4216 3824/3824
f 1089/1089 3072/3072 1495/1495
f 2133/2133 6099/6099 4230/4230
f 2166/2166 3104/3104 3023/3023
f 5262/5262 5285/5285 4783/4783
f 5079/5079 3182/3182 3954/3954
f 5986/5986 2451/2451 4722/4722
f 2782/2782 1442/1442 3074/3074
f 2987/2987 3074/3074 1107/1107
f 4622/4622 3096/3096 1220/1220
f 2194/2194 3096/3096 4622/4622
f 5987/5987 3747/3747 3077/3077
f 2842/2842 1421/1421 3395/3395
f 5116/5116 3078/3078 1068/1068
f 998/998 1638/1638 1751/1751
f 260/260 4888/4888 3642/3642
f 3894/3894 6004/6004 4877/4877
f 3080/3080 2329/2329 1235/1235
f 1106/1106 3080/3080 1235/1235
f 6307/6307 6177/6177 1498/1498
f 3081/3081 2756/2756 3319/3319
f 2268/2268 2579/2579 1076/1076
f 1418/1418 5106/5106 1220/1220
f 6360/6360 4440/4440 3449/3449
f 1778/1778 4440/4440 2660/2660
f 1626/1626 1268/1268 2145/2145
f 1695/1695 2120/2120 4087/4087
f 3088/3088 1035/1035 5233/5233
f 3027/3027 1422/1422 4593/4593
f 2340/2340 1125/1125 1453/1453
f 6375/6375 2240/2240 1658/1658
f 3688/3688 4789/4789 1665/1665
f 4221/4221 4789/4789 5347/5347
f 3093/3093 6206/6206 1456/1456
f 5147/5147 5982/5982 3093/3093
f 2159/2159 338/338 2137/2137
f 3633/3633 4944/4944 2510/2510
f 3094/3094 5245/5245 1433/1433
f 3876/3876 5458/5458 3361/3361
f 279/279 5458/5458 3876/3876
f 1220/1220 3096/3096 5832/5832
f 3634/3634 4300/4300 4496/4496
f 4717/4717 3097/3097 5715/5715
f 1048/1048 2286/2286 4717/4717
f 6301/6301 2263/2263 1100/1100
f 5400/5400 332/332 3099/3099
f 3099/3099 332/332 3153/3153
f 5667/5667 6237/6237 1563/1563
f 2418/2418 3102/3102 2086/2086
f 2689/2689 2554/2554 1065/1065
f 2256/2256 1443/1443 2554/2554
f 195/195 5797/5797 4479/4479
f 1094/1094 2654/2654 1599/1599
f 2360/2360 1252/1252 1740/1740
f 3393/3393 4826/4826 3457/3457
f 1438/1438 4878/4878 5373/5373
f 3106/3106 5083/5083 4097/4097
f 1872/1872 2493/2493 2706/2706
f 2912/2912 2789/2789 2652/2652
f 6078/6078 5713/5713 3107/3107
f 2052/2052 3107/3107 5713/5713
f 2402/2402 1344/1344 4332/4332
f 2179/2179 3879/3879 3585/3585
f 3491/3491 3109/3109 1673/1673
f 1592/1592 3109/3109 3491/3491
f 1153/1153 3110/3110 5109/5109
f 5474/5474 1256/1256 3444/3444
f 2937/2937 5564/5564 1157/1157
f 1277/1277 5390/5390 3113/3113
f 3878/3878 5390/5390 1581/1581
f 2369/2369 1594/1594 5044/5044
f 3609/3609 2968/2968 5391/5391
f 1815/1815 3081/3081 6373/6373
f 2137/2137 2488/2488 1383/1383
f 3115/3115 2064/2064 3681/3681
f 3232/3232 1509/1509 3116/3116
f 1057/1057 3116/3116 1509/1509
f 1262/1262 6055/6055 3310/3310
f 1123/1123 3641/3641 3119/3119
f 2132/2132 5804/5804 3879/3879
f 2661/2661 5223/5223 3220/3220
f 3121/3121 2402/2402 2287/2287
f 1176/1176 2827/2827 6066/6066
f 6066/6066 5424/5424 1176/1176
f 2054/2054 5949/5949 3122/3122
f 2757/2757 5109/5109 3125/3125
f 2558/2558 2873/2873 2983/2983
f 3000/3000 2686/2686 1401/1401
f 1309/1309 3128/3128 4953/4953
f 3072/3072 2324/2324 1144/1144
f 2497/2497 1412/1412 3131/3131
f 1072/1072 3132/3132 2338/2338
f 2169/2169 3132/3132 1072/1072
f 984/984 3167/3167 2896/2896
f 3133/3133 3039/3039 1361/1361
f 3133/3133 1361/1361 3999/3999
f 1614/1614 2175/2175 1391/1391
f 2361/2361 2915/2915 3460/3460
f 2005/2005 1070/1070 1211/1211
f 5343/5343 1211/1211 1232/1232
f 4147/4147 2090/2090 3137/3137
f 3016/3016 1094/1094 4276/4276
f 5328/5328 5367/5367 5197/5197
f 1212/1212 1566/1566 3139/3139
f 6208/6208 3139/3139 1566/1566
f 1951/1951 5667/5667 1563/1563
f 1047/1047 2307/2307 4734/4734
f 6126/6126 1125/1125 5297/5297
f 1502/1502 1342/1342 3141/3141
f 3143/3143 3040/3040 3565/3565
f 1443/1443 3928/3928 1348/1348
f 4255/4255 3969/3969 1310/1310
f 5062/5062 3916/3916 3145/3145
f 2682/2682 4038/4038 5613/5613
f 5420/5420 5140/5140 2897/2897
f 1591/1591 5140/5140 5904/5904
f 1020/1020 5944/5944 2788/2788
f 1777/1777 5944/5944 1020/1020
f 2566/2566 2552/2552 2801/2801
f 1485/1485 2190/2190 4888/4888
f 2553/2553 4787/4787 3150/3150
f 5334/5334 4787/4787 5575/5575
f 5978/5978 5625/5625 2276/2276
f 3067/3067 1088/1088 3153/3153
f 3099/3099 3153/3153 2593/2593
f 2245/2245 1738/1738 3223/3223
f 2882/2882 5840/5840 1419/1419
f 2644/2644 1516/1516 5761/5761
f 3155/3155 5145/5145 987/987
f 1137/1137 4483/4483 987/987
f 1346/1346 3157/3157 5315/5315
f 1562/1562 3157/3157 1346/1346
f 3158/3158 2129/2129 1000/1000
f 4908/4908 3158/3158 1000/1000
f 2779/2779 4953/4953 3160/3160
f 3161/3161 2979/2979 1524/1524
f 1123/1123 3161/3161 1524/1524
f 2253/2253 6065/6065 5766/5766
f 3230/3230 1545/1545 2725/2725
f 4739/4739 2624/2624 3623/3623
f 2293/2293 4271/4271 4933/4933
f 3164/3164 2651/2651 5087/5087
f 4562/4562 5087/5087 1211/1211
f 1155/1155 1942/1942 1694/1694
f 2153/2153 2280/2280 4480/4480
f 2816/2816 3181/3181 1417/1417
f 5968/5968 2816/2816 1417/1417
f 3057/3057 4776/4776 6122/6122
f 5699/5699 3165/3165 5766/5766
f 2340/2340 3165/3165 6174/6174
f 2022/2022 4295/4295 2755/2755
f 1825/1825 1144/1144 3168/3168
f 3168/3168 2324/2324 1192/1192
f 3169/3169 1140/1140 4518/4518
f 5275/5275 4518/4518 1436/1436
f 2816/2816 1109/1109 2847/2847
f 3511/3511 2609/2609 6209/6209
f 1928/1928 6210/6210 2290/2290
f 3170/3170 5760/5760 3599/3599
f 1344/1344 5101/5101 1993/1993
f 1049/1049 1938/1938 1534/1534
f 1044/1044 4173/4173 2923/2923
f 2146/2146 2707/2707 5502/5502
f 1713/1713 1213/1213 3175/3175
f 2423/2423 1019/1019 1213/1213
f 4596/4596 5478/5478 2403/2403
f 5840/5840 2882/2882 4746/4746
f 2492/2492 5823/5823 2026/2026
f 1836/1836 2937/2937 1157/1157
f 2277/2277 4913/4913 3066/3066
f 3181/3181 2307/2307 3958/3958
f 2766/2766 5357/5357 3954/3954
f 2456/2456 2422/2422 6022/6022
f 3060/3060 1943/1943 2952/2952
f 3186/3186 1272/1272 1589/1589
f 3186/3186 1589/1589 5613/5613
f 2897/2897 5140/5140 6332/6332
f 3187/3187 1077/1077 1362/1362
f 3828/3828 2211/2211 2907/2907
f 1494/1494 6382/6382 3190/3190
f 2769/2769 2842/2842 5715/5715
f 2308/2308 5667/5667 1951/1951
f 3010/3010 5840/5840 4746/4746
f 1496/1496 1307/1307 3194/3194
f 3194/3194 1307/1307 5562/5562
f 2430/2430 1102/1102 3196/3196
f 3196/3196 1102/1102 5714/5714
f 2675/2675 3128/3128 1309/1309
f 2447/2447 2162/2162 1608/1608
f 1671/1671 4869/4869 3013/3013
f 3255/3255 1171/1171 3199/3199
f 3199/3199 1171/1171 4046/4046
f 3200/3200 2689/2689 1065/1065
f 1255/1255 3200/3200 3054/3054
f 3201/3201 5546/5546 5582/5582
f 3312/3312 6056/6056 2574/2574
f 1457/1457 6056/6056 3312/3312
f 2504/2504 243/243 1950/1950
f 1494/1494 5801/5801 6382/6382
f 2115/2115 3202/3202 1202/1202
f 4847/4847 6098/6098 5815/5815
f 1363/1363 248/248 2299/2299
f 4071/4071 248/248 1363/1363
f 6322/6322 2080/2080 4300/4300
f 4753/4753 5002/5002 5912/5912
f 1055/1055 3207/3207 4641/4641
f 3207/3207 1055/1055 5443/5443
f 4134/4134 6379/6379 2540/2540
f 1655/1655 1593/1593 3208/3208
f 1270/1270 3208/3208 2932/2932
f 4027/4027 3210/3210 3647/3647
f 1548/1548 6174/6174 1050/1050
f 3712/3712 3162/3162 4836/4836
f 4779/4779 6374/6374 6244/6244
f 5868/5868 6374/6374 4918/4918
f 2051/2051 5621/5621 2851/2851
f 4698/4698 4501/4501 4959/4959
f 5713/5713 5631/5631 2052/2052
f 6091/6091 2905/2905 1387/1387
f 4658/4658 1052/1052 5137/5137
f 1815/1815 2387/2387 1319/1319
f 3326/3326 4278/4278 3216/3216
f 3216/3216 4278/4278 4763/4763
f 342/342 5898/5898 2788/2788
f 2948/2948 2388/2388 3390/3390
f 1611/1611 2692/2692 4387/4387
f 3963/3963 4398/4398 3220/3220
f 1216/1216 3221/3221 2909/2909
f 5518/5518 5433/5433 2258/2258
f 3755/3755 3223/3223 3778/3778
f 4348/4348 3755/3755 1500/1500
f 2070/2070 4278/4278 3326/3326
f 6197/6197 2394/2394 2822/2822
f 3361/3361 2972/2972 3686/3686
f 4172/4172 6402/6402 2864/2864
f 4072/4072 249/249 3224/3224
f 3225/3225 5639/5639 988/988
f 2834/2834 5145/5145 1987/1987
f 4054/4054 245/245 5731/5731
f 2014/2014 1572/1572 3226/3226
f 3226/3226 1572/1572 4383/4383
f 2725/2725 1342/1342 3230/3230
f 3230/3230 1342/1342 1148/1148
f 1033/1033 3498/3498 3231/3231
f 2948/2948 4402/4402 3285/3285
f 1132/1132 1509/1509 3232/3232
f 1027/1027 2987/2987 4829/4829
f 3719/3719 6206/6206 2102/2102
f 1238/1238 6206/6206 4231/4231
f 1303/1303 3647/3647 3233/3233
f 6376/6376 2056/2056 3915/3915
f 5730/5730 5168/5168 3915/3915
f 1105/1105 5075/5075 3236/3236
f 336/336 3236/3236 5387/5387
f 3239/3239 6138/6138 1493/1493
f 3239/3239 1493/1493 4149/4149
f 1714/1714 4943/4943 3240/3240
f 2292/2292 4943/4943 1006/1006
f 4031/4031 3241/3241 6073/6073
f 1658/1658 3241/3241 4031/4031
f 1997/1997 5341/5341 2776/2776
f 289/289 3897/3897 6326/6326
f 1081/1081 5016/5016 3351/3351
f 4894/4894 3248/3248 3428/3428
f 6146/6146 3309/3309 2923/2923
f 2358/2358 3255/3255 3477/3477
f 1986/1986 1474/1474 3256/3256
f 3256/3256 1474/1474 1364/1364
f 1314/1314 3541/3541 3327/3327
f 1949/1949 1437/1437 4683/4683
f 3325/3325 3259/3259 4954/4954
f 1981/1981 3259/3259 3325/3325
f 3260/3260 3387/3387 3377/3377
f 3262/3262 1309/1309 3609/3609
f 3367/3367 3263/3263 3943/3943
f 1499/1499 2996/2996 3367/3367
f 4163/4163 4974/4974 1197/1197
f 997/997 2025/2025 4177/4177
f 1152/1152 2542/2542 4910/4910
f 1564/1564 3270/3270 4124/4124
f 2042/2042 3894/3894 2835/2835
f 3116/3116 1027/1027 3232/3232
f 2739/2739 3271/3271 6183/6183
f 2465/2465 3271/3271 2739/2739
f 3165/3165 4478/4478 5766/5766
f 3967/3967 3273/3273 2993/2993
f 2170/2170 3273/3273 3967/3967
f 5886/5886 5970/5970 3776/3776
f 6070/6070 5970/5970 5886/5886
f 6386/6386 185/185 3275/3275
f 186/186 3275/3275 4236/4236
f 1681/1681 3276/3276 3688/3688
f 3012/3012 2443/2443 5001/5001
f 1113/1113 2574/2574 4452/4452
f 4520/4520 198/198 3279/3279
f 3363/3363 3280/3280 3842/3842
f 4820/4820 3627/3627 3363/3363
f 3327/3327 3541/3541 3281/3281
f 3281/3281 3541/3541 3339/3339
f 3287/3287 3644/3644 4302/4302
f 993/993 4975/4975 4180/4180
f 4180/4180 4975/4975 4100/4100
f 1506/1506 1058/1058 3289/3289
f 4014/4014 5265/5265 3289/3289
f 1373/1373 3339/3339 3290/3290
f 5238/5238 3416/3416 3291/3291
f 3416/3416 5238/5238 5202/5202
f 3202/3202 5329/5329 3229/3229
f 4010/4010 5473/5473 3292/3292
f 2798/2798 1038/1038 3294/3294
f 2742/2742 3294/3294 1038/1038
f 3295/3295 5304/5304 3674/3674
f 6167/6167 3298/3298 4202/4202
f 4410/4410 5308/5308 3300/3300
f 6284/6284 1213/1213 1713/1713
f 1066/1066 1183/1183 3301/3301
f 1727/1727 4630/4630 5517/5517
f 5517/5517 5281/5281 2654/2654
f 3260/3260 1540/1540 3305/3305
f 3305/3305 1540/1540 3802/3802
f 3306/3306 3981/3981 2965/2965
f 3306/3306 2965/2965 1590/1590
f 3307/3307 4512/4512 1174/1174
f 2714/2714 3307/3307 1174/1174
f 3308/3308 3245/3245 2727/2727
f 273/273 3308/3308 2727/2727
f 2923/2923 3309/3309 1044/1044
f 1262/1262 3310/3310 5920/5920
f 193/193 2283/2283 4433/4433
f 1478/1478 3311/3311 2283/2283
f 2574/2574 1113/1113 3312/3312
f 1457/1457 3312/3312 5582/5582
f 3313/3313 4231/4231 3806/3806
f 1559/1559 5076/5076 3316/3316
f 1731/1731 3316/3316 3893/3893
f 3916/3916 5062/5062 3317/3317
f 3216/3216 5281/5281 3318/3318
f 234/234 3318/3318 4630/4630
f 990/990 1489/1489 3319/3319
f 3081/3081 3319/3319 6211/6211
f 992/992 3348/3348 1286/1286
f 4962/4962 2381/2381 3321/3321
f 1533/1533 4970/4970 4135/4135
f 1496/1496 3322/3322 1307/1307
f 4954/4954 9/9 3325/3325
f 3325/3325 9/9 3984/3984
f 3216/3216 235/235 3326/3326
f 236/236 3326/3326 3601/3601
f 3281/3281 2343/2343 3327/3327
f 3257/3257 3327/3327 2343/2343
f 1039/1039 2207/2207 3329/3329
f 5268/5268 3329/3329 2207/2207
f 3088/3088 1363/1363 3332/3332
f 5707/5707 2724/2724 3333/3333
f 6018/6018 3333/3333 2724/2724
f 4384/4384 5523/5523 4557/4557
f 1291/1291 3336/3336 3831/3831
f 304/304 3336/3336 5810/5810
f 3557/3557 4952/4952 3337/3337
f 3290/3290 3339/3339 3541/3541
f 3042/3042 258/258 3340/3340
f 3340/3340 258/258 3645/3645
f 1697/1697 1322/1322 3341/3341
f 3341/3341 1322/1322 3405/3405
f 1470/1470 5459/5459 319/319
f 3679/3679 3581/3581 3345/3345
f 3285/3285 1466/1466 3347/3347
f 3006/3006 3347/3347 1466/1466
f 6214/6214 3348/3348 2977/2977
f 3351/3351 4611/4611 1615/1615
f 1081/1081 3351/3351 1615/1615
f 3357/3357 5362/5362 3245/3245
f 3308/3308 3357/3357 3245/3245
f 1313/1313 1215/1215 1573/1573
f 2707/2707 1573/1573 1215/1215
f 2193/2193 4358/4358 284/284
f 1034/1034 1158/1158 3358/3358
f 4691/4691 6042/6042 3359/3359
f 2779/2779 3359/3359 6042/6042
f 3333/3333 3525/3525 3360/3360
f 5458/5458 2728/2728 3361/3361
f 2972/2972 3361/3361 5119/5119
f 3363/3363 1298/1298 4110/4110
f 2715/2715 3360/3360 3943/3943
f 5561/5561 5065/5065 5523/5523
f 1689/1689 5523/5523 5065/5065
f 3371/3371 5788/5788 1561/1561
f 1189/1189 2965/2965 3373/3373
f 6233/6233 3375/3375 1540/1540
f 3376/3376 4781/4781 1525/1525
f 1543/1543 5510/5510 3377/3377
f 3377/3377 5510/5510 4458/4458
f 6063/6063 3379/3379 1539/1539
f 1785/1785 3292/3292 1051/1051
f 1980/1980 1369/1369 5357/5357
f 2820/2820 2506/2506 3381/3381
f 1773/1773 5914/5914 3383/3383
f 3383/3383 5914/5914 3729/3729
f 1780/1780 3526/3526 5506/5506
f 3377/3377 3387/3387 1181/1181
f 1695/1695 1286/1286 3389/3389
f 2460/2460 3389/3389 4075/4075
f 2948/2948 3390/3390 4402/4402
f 2066/2066 3748/3748 3392/3392
f 4006/4006 5822/5822 3392/3392
f 4220/4220 3393/3393 3457/3457
f 3393/3393 1351/1351 5373/5373
f 2937/2937 1048/1048 3395/3395
f 3337/3337 4952/4952 3398/3398
f 1796/1796 3398/3398 4952/4952
f 1781/1781 3332/3332 1363/1363
f 3404/3404 3718/3718 3531/3531
f 3405/3405 4723/4723 1623/1623
f 3341/3341 3405/3405 1623/1623
f 1275/1275 1666/1666 4951/4951
f 4336/4336 1031/1031 3414/3414
f 1990/1990 3414/3414 1031/1031
f 1379/1379 3939/3939 3416/3416
f 3291/3291 3416/3416 3504/3504
f 3418/3418 5929/5929 1241/1241
f 1264/1264 3418/3418 1241/1241
f 3676/3676 2529/2529 3419/3419
f 3371/3371 3419/3419 2529/2529
f 1314/1314 3327/3327 3257/3257
f 1596/1596 3971/3971 3421/3421
f 3421/3421 3971/3971 2462/2462
f 3426/3426 4196/4196 4153/4153
f 3379/3379 3426/3426 4153/4153
f 2080/2080 1234/1234 3427/3427
f 4121/4121 4496/4496 3427/3427
f 3248/3248 275/275 3428/3428
f 3131/3131 1412/1412 3429/3429
f 2158/2158 3429/3429 1412/1412
f 2504/2504 3432/3432 5157/5157
f 5708/5708 3532/3532 3434/3434
f 1335/1335 2240/2240 3438/3438
f 4081/4081 219/219 3439/3439
f 1728/1728 5600/5600 3442/3442
f 1716/1716 1657/1657 3444/3444
f 6269/6269 4647/4647 3449/3449
f 1688/1688 3449/3449 4647/4647
f 4191/4191 6386/6386 6379/6379
f 1863/1863 3453/3453 4384/4384
f 3281/3281 3339/3339 5322/5322
f 6087/6087 3456/3456 5999/5999
f 5225/5225 274/274 3458/3458
f 2090/2090 3460/3460 1276/1276
f 3308/3308 273/273 3465/3465
f 3466/3466 5992/5992 3620/3620
f 1522/1522 3835/3835 3467/3467
f 3467/3467 3835/3835 4566/4566
f 1091/1091 1424/1424 3469/3469
f 3469/3469 1424/1424 3353/3353
f 3210/3210 3473/3473 3647/3647
f 3938/3938 4353/4353 3475/3475
f 3043/3043 3475/3475 4353/4353
f 3477/3477 1146/1146 3613/3613
f 342/342 2788/2788 5806/5806
f 5944/5944 3481/3481 2788/2788
f 3280/3280 222/222 3482/3482
f 2334/2334 218/218 3484/3484
f 1933/1933 1580/1580 3486/3486
f 3486/3486 1580/1580 3881/3881
f 3487/3487 214/214 4168/4168
f 4591/4591 4987/4987 3489/3489
f 4410/4410 4347/4347 3490/3490
f 2207/2207 3490/3490 4347/4347
f 1673/1673 4707/4707 3491/3491
f 3492/3492 1811/1811 6062/6062
f 2225/2225 4174/4174 5519/5519
f 254/254 5519/5519 3890/3890
f 4038/4038 2682/2682 3495/3495
f 1249/1249 3495/3495 2682/2682
f 4912/4912 1243/1243 3497/3497
f 2031/2031 3497/3497 1243/1243
f 6233/6233 3498/3498 1033/1033
f 2934/2934 5122/5122 3501/3501
f 1119/1119 272/272 3503/3503
f 3291/3291 3504/3504 1131/1131
f 2383/2383 1222/1222 3505/3505
f 1392/1392 3856/3856 3510/3510
f 3477/3477 3613/3613 3511/3511
f 2609/2609 3511/3511 3171/3171
f 2082/2082 1744/1744 3516/3516
f 3842/3842 223/223 3523/3523
f 6018/6018 1013/1013 3525/3525
f 3525/3525 1013/1013 1499/1499
f 4015/4015 4615/4615 3526/3526
f 3384/3384 3526/3526 4615/4615
f 3527/3527 6251/6251 5001/5001
f 1549/1549 5023/5023 3528/3528
f 3531/3531 4354/4354 308/308
f 3404/3404 3531/3531 308/308
f 2075/2075 6297/6297 3532/3532
f 2295/2295 5897/5897 3309/3309
f 3533/3533 3144/3144 1552/1552
f 1840/1840 3533/3533 1552/1552
f 1727/1727 11/11 3538/3538
f 4888/4888 260/260 3539/3539
f 1314/1314 1936/1936 3541/3541
f 3290/3290 3541/3541 1936/1936
f 5595/5595 2169/2169 3542/3542
f 1072/1072 3542/3542 2169/2169
f 2358/2358 3511/3511 6209/6209
f 1428/1428 1617/1617 3544/3544
f 1821/1821 3544/3544 1617/1617
f 1842/1842 5089/5089 3546/3546
f 1553/1553 3547/3547 4556/4556
f 4727/4727 1422/1422 3548/3548
f 1293/1293 1774/1774 3516/3516
f 3882/3882 217/217 3552/3552
f 2465/2465 4004/4004 3556/3556
f 3337/3337 3607/3607 3557/3557
f 1313/1313 1573/1573 3560/3560
f 3560/3560 1573/1573 4682/4682
f 1442/1442 1616/1616 3561/3561
f 3233/3233 3561/3561 1616/1616
f 3054/3054 1348/1348 3565/3565
f 3143/3143 3565/3565 1348/1348
f 3694/3694 271/271 3566/3566
f 3015/3015 3567/3567 2461/2461
f 4806/4806 5363/5363 331/331
f 3860/3860 4806/4806 1362/1362
f 3318/3318 234/234 3573/3573
f 3577/3577 3589/3589 4490/4490
f 3063/3063 3578/3578 5128/5128
f 4699/4699 1425/1425 3581/3581
f 3345/3345 3581/3581 1425/1425
f 2070/2070 236/236 3583/3583
f 1118/1118 5835/5835 3585/3585
f 2179/2179 3585/3585 5835/5835
f 989/989 1393/1393 3586/3586
f 3586/3586 1393/1393 3614/3614
f 2363/2363 1257/1257 3588/3588
f 3588/3588 1257/1257 5710/5710
f 3589/3589 5206/5206 1404/1404
f 1064/1064 3589/3589 4712/4712
f 2206/2206 3591/3591 1032/1032
f 3592/3592 1469/1469 2311/2311
f 1144/1144 3595/3595 1495/1495
f 259/259 5767/5767 3645/3645
f 3340/3340 3645/3645 5767/5767
f 1528/1528 3941/3941 3599/3599
f 3599/3599 3382/3382 3170/3170
f 3326/3326 235/235 3601/3601
f 1241/1241 5929/5929 3606/3606
f 3469/3469 4180/4180 3605/3605
f 1396/1396 3605/3605 2773/2773
f 4104/4104 1241/1241 3606/3606
f 6199/6199 1260/1260 3607/3607
f 1397/1397 3608/3608 4941/4941
f 3262/3262 3609/3609 1016/1016
f 3379/3379 4153/4153 3611/3611
f 3611/3611 4153/4153 4136/4136
f 2447/2447 1608/1608 3612/3612
f 1740/1740 3171/3171 3613/3613
f 3586/3586 3614/3614 5370/5370
f 1273/1273 3615/3615 5703/5703
f 1005/1005 3137/3137 3616/3616
f 3616/3616 3137/3137 2090/2090
f 3617/3617 5091/5091 1201/1201
f 2181/2181 3620/3620 5992/5992
f 1039/1039 3329/3329 3624/3624
f 3285/3285 3624/3624 1466/1466
f 2158/2158 1412/1412 3625/3625
f 3367/3367 3525/3525 1499/1499
f 2454/2454 3295/3295 2388/2388
f 3363/3363 3627/3627 3280/3280
f 3628/3628 1536/1536 1205/1205
f 3697/3697 1341/1341 3629/3629
f 6087/6087 3629/3629 1341/1341
f 3630/3630 5198/5198 270/270
f 237/237 3631/3631 1331/1331
f 6397/6397 3390/3390 1056/1056
f 3633/3633 3868/3868 1616/1616
f 2782/2782 3633/3633 1616/1616
f 2027/2027 6261/6261 3634/3634
f 4418/4418 5104/5104 3607/3607
f 1025/1025 6395/6395 3637/3637
f 1740/1740 3637/3637 3639/3639
f 1254/1254 3638/3638 6320/6320
f 1126/1126 3638/3638 1311/1311
f 4341/4341 3585/3585 3641/3641
f 2928/2928 259/259 3642/3642
f 3287/3287 5970/5970 3644/3644
f 3646/3646 1454/1454 3989/3989
f 3473/3473 3561/3561 3647/3647
f 2030/2030 1530/1530 3052/3052
f 1440/1440 3052/3052 1530/1530
f 1134/1134 4303/4303 3649/3649
f 1259/1259 4570/4570 3651/3651
f 3652/3652 1158/1158 1323/1323
f 3872/3872 1093/1093 1511/1511
f 3466/3466 1511/1511 1093/1093
f 2888/2888 1116/1116 3657/3657
f 1153/1153 5109/5109 3662/3662
f 6385/6385 1780/1780 3663/3663
f 2039/2039 1287/1287 3665/3665
f 1675/1675 3665/3665 1287/1287
f 3631/3631 237/237 3671/3671
f 5232/5232 3229/3229 3673/3673
f 1563/1563 3673/3673 4815/4815
f 2154/2154 2576/2576 3674/3674
f 1871/1871 5035/5035 3676/3676
f 2158/2158 3676/3676 1042/1042
f 2818/2818 1461/1461 3677/3677
f 3677/3677 1461/1461 2944/2944
f 4287/4287 3581/3581 3679/3679
f 3275/3275 1617/1617 3680/3680
f 3680/3680 1617/1617 3865/3865
f 4339/4339 1583/1583 3681/3681
f 3115/3115 3681/3681 1583/1583
f 2732/2732 1104/1104 3682/3682
f 1104/1104 3756/3756 3682/3682
f 3264/3264 1467/1467 3683/3683
f 1741/1741 3683/3683 5242/5242
f 2946/2946 4003/4003 3684/3684
f 3067/3067 3684/3684 4003/4003
f 2972/2972 277/277 3686/3686
f 5384/5384 3606/3606 3687/3687
f 1665/1665 3090/3090 3688/3688
f 1191/1191 3688/3688 3090/3090
f 1388/1388 5137/5137 3691/3691
f 3691/3691 3759/3759 5023/5023
f 6009/6009 5007/5007 3694/3694
f 3629/3629 6403/6403 3697/3697
f 6069/6069 3697/3697 6403/6403
f 1583/1583 1053/1053 3698/3698
f 4759/4759 4542/4542 3698/3698
f 2422/2422 269/269 3699/3699
f 2591/2591 3706/3706 1357/1357
f 3707/3707 6056/6056 1265/1265
f 3588/3588 5710/5710 3827/3827
f 1934/1934 1552/1552 3144/3144
f 2448/2448 1986/1986 3711/3711
f 3711/3711 1986/1986 4685/4685
f 3162/3162 3712/3712 4259/4259
f 307/307 1469/1469 4376/4376
f 3527/3527 1825/1825 5675/5675
f 5900/5900 3892/3892 3714/3714
f 3628/3628 3714/3714 3486/3486
f 1123/1123 3119/3119 3715/3715
f 3715/3715 3119/3119 5644/5644
f 1539/1539 3717/3717 6063/6063
f 3404/3404 3810/3810 3718/3718
f 1193/1193 3718/3718 2482/2482
f 3719/3719 3806/3806 4231/4231
f 3721/3721 3760/3760 4264/4264
f 2538/2538 216/216 3722/3722
f 3725/3725 3682/3682 257/257
f 6331/6331 4181/4181 3727/3727
f 6359/6359 3727/3727 4164/4164
f 1160/1160 1114/1114 3728/3728
f 1501/1501 3728/3728 4056/4056
f 2176/2176 5709/5709 3729/3729
f 3383/3383 3729/3729 3980/3980
f 5671/5671 5094/5094 3739/3739
f 3624/3624 3329/3329 1466/1466
f 2857/2857 3743/3743 4186/4186
f 2474/2474 1024/1024 3744/3744
f 3744/3744 1024/1024 4963/4963
f 3777/3777 4961/4961 3747/3747
f 3077/3077 3747/3747 4961/4961
f 2066/2066 1323/1323 3748/3748
f 1059/1059 3748/3748 5284/5284
f 6401/6401 1860/1860 6228/6228
f 3376/3376 3474/3474 6091/6091
f 1881/1881 1500/1500 3755/3755
f 3223/3223 3755/3755 4348/4348
f 3756/3756 1104/1104 256/256
f 1279/1279 2731/2731 3757/3757
f 2151/2151 3757/3757 2731/2731
f 5939/5939 3528/3528 3759/3759
f 3760/3760 5120/5120 1188/1188
f 2107/2107 226/226 3761/3761
f 2970/2970 1345/1345 3762/3762
f 6325/6325 3762/3762 1345/1345
f 3295/3295 3674/3674 1056/1056
f 3768/3768 4028/4028 1187/1187
f 2892/2892 3768/3768 1187/1187
f 3770/3770 4426/4426 1578/1578
f 3638/3638 1254/1254 1311/1311
f 1311/1311 1254/1254 4874/4874
f 3287/3287 4574/4574 3776/3776
f 2448/2448 3776/3776 4574/4574
f 3508/3508 4961/4961 3777/3777
f 4846/4846 6062/6062 1811/1811
f 5271/5271 239/239 3788/3788
f 3132/3132 3790/3790 5922/5922
f 6170/6170 4221/4221 3070/3070
f 2684/2684 1037/1037 3791/3791
f 1484/1484 255/255 3792/3792
f 2456/2456 14/14 3796/3796
f 1226/1226 4090/4090 3798/3798
f 3798/3798 2359/2359 5698/5698
f 4557/4557 3799/3799 5586/5586
f 1784/1784 5304/5304 3801/3801
f 3408/3408 3801/3801 5304/5304
f 3305/3305 3802/3802 2553/2553
f 3641/3641 3585/3585 3879/3879
f 6208/6208 4492/4492 3805/3805
f 1221/1221 2174/2174 3806/3806
f 3313/3313 3806/3806 2174/2174
f 3809/3809 2423/2423 4890/4890
f 3926/3926 2482/2482 3810/3810
f 1173/1173 4819/4819 5420/5420
f 2555/2555 1135/1135 3813/3813
f 2832/2832 3813/3813 1135/1135
f 2838/2838 1046/1046 3815/3815
f 2254/2254 3815/3815 1046/1046
f 1920/1920 2651/2651 3816/3816
f 2039/2039 3816/3816 2651/2651
f 1273/1273 1491/1491 3817/3817
f 6018/6018 3817/3817 1013/1013
f 3439/3439 2392/2392 4081/4081
f 1240/1240 4081/4081 5128/5128
f 6033/6033 240/240 3820/3820
f 1509/1509 1132/1132 3824/3824
f 3824/3824 1132/1132 6108/6108
f 6360/6360 3449/3449 1688/1688
f 3996/3996 4229/4229 311/311
f 1217/1217 2120/2120 3389/3389
f 1018/1018 3188/3188 3828/3828
f 2211/2211 3828/3828 3188/3188
f 1248/1248 2467/2467 3827/3827
f 2545/2545 1291/1291 3831/3831
f 1261/1261 4679/4679 2590/2590
f 1291/1291 1074/1074 3834/3834
f 6357/6357 3834/3834 1074/1074
f 1522/1522 2918/2918 3835/3835
f 1075/1075 3835/3835 2918/2918
f 1374/1374 4207/4207 3837/3837
f 3287/3287 3837/3837 4574/4574
f 6322/6322 3840/3840 1782/1782
f 3482/3482 223/223 3842/3842
f 2440/2440 5131/5131 3843/3843
f 3843/3843 5131/5131 4303/4303
f 3880/3880 1106/1106 3846/3846
f 3846/3846 1106/1106 6045/6045
f 2025/2025 3848/3848 1476/1476
f 4222/4222 1097/1097 3853/3853
f 2766/2766 3853/3853 1097/1097
f 5584/5584 254/254 3855/3855
f 5474/5474 1657/1657 3856/3856
f 6082/6082 3856/3856 1657/1657
f 3857/3857 4685/4685 6182/6182
f 2477/2477 3857/3857 6182/6182
f 4628/4628 4446/4446 3860/3860
f 5363/5363 4806/4806 3860/3860
f 5067/5067 2691/2691 3809/3809
f 2873/2873 2558/2558 3862/3862
f 1606/1606 3862/3862 2558/2558
f 4135/4135 1121/1121 3864/3864
f 2421/2421 3864/3864 1121/1121
f 3680/3680 3865/3865 2898/2898
f 3233/3233 3868/3868 1413/1413
f 2403/2403 3870/3870 5541/5541
f 3608/3608 4004/4004 3871/3871
f 1511/1511 994/994 3872/3872
f 2361/2361 3460/3460 2090/2090
f 3877/3877 4471/4471 241/241
f 5916/5916 4023/4023 3878/3878
f 3113/3113 3878/3878 4553/4553
f 3231/3231 3498/3498 3260/3260
f 3846/3846 4215/4215 3880/3880
f 1228/1228 1536/1536 3881/3881
f 3486/3486 3881/3881 3628/3628
f 3171/3171 1740/1740 3639/3639
f 6310/6310 2538/2538 3882/3882
f 217/217 3882/3882 2538/2538
f 3577/3577 4490/4490 3886/3886
f 4188/4188 1276/1276 3888/3888
f 2437/2437 3888/3888 1276/1276
f 3890/3890 4174/4174 253/253
f 3602/3602 3606/3606 5929/5929
f 3892/3892 4161/4161 4162/4162
f 3893/3893 5076/5076 2739/2739
f 3893/3893 2739/2739 1180/1180
f 1428/1428 3900/3900 6348/6348
f 5581/5581 4172/4172 3902/3902
f 1719/1719 3902/3902 2735/2735
f 3467/3467 4566/4566 3906/3906
f 2360/2360 3906/3906 4566/4566
f 2745/2745 4044/4044 3907/3907
f 5558/5558 3907/3907 5634/5634
f 1539/1539 3379/3379 1498/1498
f 3908/3908 5164/5164 5897/5897
f 4733/4733 6169/6169 1598/1598
f 4778/4778 4247/4247 3912/3912
f 3912/3912 4247/4247 4669/4669
f 2056/2056 999/999 3915/3915
f 3915/3915 999/999 3603/3603
f 3317/3317 1115/1115 3916/3916
f 1262/1262 5920/5920 3813/3813
f 1355/1355 1038/1038 3919/3919
f 2770/2770 252/252 3920/3920
f 3158/3158 4908/4908 3921/3921
f 3921/3921 4908/4908 4965/4965
f 2586/2586 1320/1320 3922/3922
f 1534/1534 3922/3922 1320/1320
f 1206/1206 2303/2303 3924/3924
f 1007/1007 3924/3924 2303/2303
f 2122/2122 4256/4256 3925/3925
f 2419/2419 2482/2482 3926/3926
f 1434/1434 3143/3143 3928/3928
f 1348/1348 3928/3928 3143/3143
f 4732/4732 1590/1590 3931/3931
f 1189/1189 3931/3931 1590/1590
f 3932/3932 2461/2461 5832/5832
f 1214/1214 2674/2674 3934/3934
f 1771/1771 3934/3934 2674/2674
f 3300/3300 3935/3935 5695/5695
f 1776/1776 1639/1639 4703/4703
f 3475/3475 3208/3208 3938/3938
f 2060/2060 3938/3938 5213/5213
f 3845/3845 4797/4797 3939/3939
f 3940/3940 5157/5157 242/242
f 4768/4768 3382/3382 3941/3941
f 3599/3599 3941/3941 3382/3382
f 1992/1992 1204/1204 6381/6381
f 3943/3943 3894/3894 2715/2715
f 3367/3367 3943/3943 3360/3360
f 1618/1618 1054/1054 3946/3946
f 2681/2681 3946/3946 1054/1054
f 1179/1179 4622/4622 3951/3951
f 3951/3951 4622/4622 5106/5106
f 4409/4409 2619/2619 1927/1927
f 2054/2054 3122/3122 3953/3953
f 2766/2766 3954/3954 3182/3182
f 6162/6162 3955/3955 2611/2611
f 1253/1253 2510/2510 3958/3958
f 2222/2222 3958/3958 2510/2510
f 4974/4974 2173/2173 3962/3962
f 1988/1988 3962/3962 2173/2173
f 3220/3220 3120/3120 3963/3963
f 206/206 1981/1981 3984/3984
f 3325/3325 3984/3984 1981/1981
f 3967/3967 1779/1779 1503/1503
f 2170/2170 3967/3967 1432/1432
f 3968/3968 3384/3384 251/251
f 4412/4412 192/192 1832/1832
f 1881/1881 1567/1567 3970/3970
f 2833/2833 3970/3970 1567/1567
f 281/281 6349/6349 4228/4228
f 3414/3414 4228/4228 6349/6349
f 2398/2398 1326/1326 3972/3972
f 3972/3972 1326/1326 4386/4386
f 3367/3367 3360/3360 3525/3525
f 5142/5142 3995/3995 3976/3976
f 3978/3978 1411/1411 4921/4921
f 3094/3094 3978/3978 4921/4921
f 3533/3533 3979/3979 3144/3144
f 3383/3383 3980/3980 4404/4404
f 3687/3687 226/226 5384/5384
f 3373/3373 2965/2965 3981/3981
f 5776/5776 6157/6157 3982/3982
f 3982/3982 6157/6157 4611/4611
f 6150/6150 3985/3985 981/981
f 1022/1022 2955/2955 3989/3989
f 3646/3646 3989/3989 2955/2955
f 1452/1452 3989/3989 3546/3546
f 3990/3990 4647/4647 6269/6269
f 3360/3360 2715/2715 3992/3992
f 3992/3992 2715/2715 2042/2042
f 1950/1950 243/243 3994/3994
f 3542/3542 3996/3996 1236/1236
f 3755/3755 1567/1567 1881/1881
f 4202/4202 4227/4227 3999/3999
f 3999/3999 4227/4227 3133/3133
f 4248/4248 5194/5194 4003/4003
f 1088/1088 4003/4003 1515/1515
f 3233/3233 3647/3647 3561/3561
f 3608/3608 1397/1397 4004/4004
f 4004/4004 1397/1397 4600/4600
f 3056/3056 1791/1791 4006/4006
f 2843/2843 4006/4006 5367/5367
f 4007/4007 4234/4234 3829/3829
f 6228/6228 4007/4007 3829/3829
f 3915/3915 3603/3603 5730/5730
f 3292/3292 215/215 4010/4010
f 4011/4011 4234/4234 1160/1160
f 991/991 4011/4011 1160/1160
f 6198/6198 4993/4993 4012/4012
f 2775/2775 1546/1546 4013/4013
f 3289/3289 1058/1058 4014/4014
f 2824/2824 4014/4014 4740/4740
f 2979/2979 1336/1336 4015/4015
f 1603/1603 4015/4015 1336/1336
f 1108/1108 1544/1544 4020/4020
f 4020/4020 1544/1544 5215/5215
f 1281/1281 5417/5417 4022/4022
f 4022/4022 1551/1551 5906/5906
f 3878/3878 4023/4023 4553/4553
f 1352/1352 6089/6089 4024/4024
f 4331/4331 1574/1574 4025/4025
f 4025/4025 1574/1574 4320/4320
f 5295/5295 2331/2331 1903/1903
f 2302/2302 1903/1903 2331/2331
f 1447/1447 5855/5855 4026/4026
f 4026/4026 2944/2944 4067/4067
f 2838/2838 5481/5481 4027/4027
f 4332/4332 5126/5126 4028/4028
f 1187/1187 4028/4028 5126/5126
f 3886/3886 1257/1257 3577/3577
f 4031/4031 1031/1031 4336/4336
f 3510/3510 6082/6082 1751/1751
f 5742/5742 17/17 4034/4034
f 4036/4036 4620/4620 4039/4039
f 4813/4813 1242/1242 4038/4038
f 1223/1223 1497/1497 4039/4039
f 4036/4036 4039/4039 1497/1497
f 4024/4024 4040/4040 1352/1352
f 5373/5373 1351/1351 4041/4041
f 2193/2193 4041/4041 1351/1351
f 2745/2745 1145/1145 4044/4044
f 1806/1806 1401/1401 4046/4046
f 2686/2686 4046/4046 1401/1401
f 4047/4047 1693/1693 1168/1168
f 1555/1555 4047/4047 5316/5316
f 1517/1517 4052/4052 5762/5762
f 3426/3426 4244/4244 287/287
f 3224/3224 249/249 4055/4055
f 3728/3728 1114/1114 4056/4056
f 3037/3037 1198/1198 4058/4058
f 1198/1198 4144/4144 4058/4058
f 5922/5922 4061/4061 4091/4091
f 2745/2745 1514/1514 4062/4062
f 2835/2835 4062/4062 4230/4230
f 1360/1360 313/313 4066/4066
f 4026/4026 4067/4067 2174/2174
f 6183/6183 4068/4068 2270/2270
f 3810/3810 310/310 3926/3926
f 3328/3328 1325/1325 4073/4073
f 2525/2525 3605/3605 1396/1396
f 3389/3389 1286/1286 4075/4075
f 4442/4442 1330/1330 4076/4076
f 1526/1526 4076/4076 1330/1330
f 302/302 1196/1196 4504/4504
f 2821/2821 5999/5999 3916/3916
f 3484/3484 219/219 4081/4081
f 2477/2477 4084/4084 3857/3857
f 1376/1376 1251/1251 4086/4086
f 3970/3970 4086/4086 1251/1251
f 1633/1633 1110/1110 4087/4087
f 2164/2164 2024/2024 4941/4941
f 2855/2855 4941/4941 2024/2024
f 4024/4024 4743/4743 4088/4088
f 2403/2403 4088/4088 4596/4596
f 3798/3798 4090/4090 2359/2359
f 1699/1699 980/980 4091/4091
f 5922/5922 4091/4091 980/980
f 2234/2234 5649/5649 4092/4092
f 4092/4092 5649/5649 5326/5326
f 1440/1440 4178/4178 1113/1113
f 985/985 4904/4904 4095/4095
f 1983/1983 4095/4095 5644/5644
f 1990/1990 279/279 4096/4096
f 1000/1000 2129/2129 4097/4097
f 4097/4097 5556/5556 4627/4627
f 4792/4792 1203/1203 4100/4100
f 4180/4180 4100/4100 1203/1203
f 4104/4104 3606/3606 5384/5384
f 2950/2950 4104/4104 5384/5384
f 1289/1289 1639/1639 4105/4105
f 2653/2653 4105/4105 1639/1639
f 6376/6376 3408/3408 4109/4109
f 3418/3418 4893/4893 4110/4110
f 1388/1388 2677/2677 4111/4111
f 2945/2945 4111/4111 2677/2677
f 1366/1366 245/245 4113/4113
f 3548/3548 1046/1046 4115/4115
f 2838/2838 4115/4115 1046/1046
f 5589/5589 206/206 4116/4116
f 1468/1468 312/312 4117/4117
f 4017/4017 4615/4615 250/250
f 1603/1603 250/250 4615/4615
f 3427/3427 1234/1234 4121/4121
f 6115/6115 4121/4121 1234/1234
f 1555/1555 1231/1231 4122/4122
f 2307/2307 4122/4122 4734/4734
f 4118/4118 183/183 4123/4123
f 2540/2540 4123/4123 183/183
f 1271/1271 1194/1194 4124/4124
f 4124/4124 1194/1194 4968/4968
f 4290/4290 2673/2673 4125/4125
f 1297/1297 3432/3432 4128/4128
f 5408/5408 4128/4128 4722/4722
f 4753/4753 5912/5912 4129/4129
f 2270/2270 4129/4129 5912/5912
f 1126/1126 4348/4348 4130/4130
f 2540/2540 183/183 4134/4134
f 2345/2345 2363/2363 3981/3981
f 3864/3864 1009/1009 4135/4135
f 4135/4135 1009/1009 5321/5321
f 3611/3611 4136/4136 1010/1010
f 2305/2305 4090/4090 6357/6357
f 3714/3714 3892/3892 3486/3486
f 5640/5640 1265/1265 4139/4139
f 4139/4139 1265/1265 5945/5945
f 1063/1063 4425/4425 4109/4109
f 4144/4144 1198/1198 246/246
f 2054/2054 4146/4146 3209/3209
f 4147/4147 1045/1045 6135/6135
f 3706/3706 5528/5528 1117/1117
f 4150/4150 4364/4364 5165/5165
f 6250/6250 4150/4150 5165/5165
f 3367/3367 2996/2996 3263/3263
f 4196/4196 288/288 4153/4153
f 4136/4136 4153/4153 288/288
f 5699/5699 6065/6065 4154/4154
f 2167/2167 4154/4154 6065/6065
f 3347/3347 2948/2948 3285/3285
f 4058/4058 247/247 4155/4155
f 3840/3840 1557/1557 4159/4159
f 1632/1632 4159/4159 1557/1557
f 2391/2391 1282/1282 4161/4161
f 2312/2312 4161/4161 1282/1282
f 1933/1933 3486/3486 4162/4162
f 3892/3892 4162/4162 3486/3486
f 1301/1301 2106/2106 4163/4163
f 3264/3264 4163/4163 2106/2106
f 3727/3727 4181/4181 4164/4164
f 3481/3481 5724/5724 341/341
f 2043/2043 4330/4330 4170/4170
f 5581/5581 5196/5196 4172/4172
f 6402/6402 4172/4172 5196/5196
f 1044/1044 1385/1385 4173/4173
f 5403/5403 4173/4173 1385/1385
f 3920/3920 253/253 4174/4174
f 5519/5519 4174/4174 3890/3890
f 3996/3996 311/311 1236/1236
f 4177/4177 1677/1677 5112/5112
f 4178/4178 3312/3312 1113/1113
f 4179/4179 2807/2807 1491/1491
f 3381/3381 4179/4179 1491/1491
f 3469/3469 993/993 4180/4180
f 3181/3181 3958/3958 2222/2222
f 6331/6331 5599/5599 4181/4181
f 2876/2876 4181/4181 5599/5599
f 3231/3231 6028/6028 4182/4182
f 1934/1934 1199/1199 4183/4183
f 3353/3353 4353/4353 4184/4184
f 4186/4186 6343/6343 5586/5586
f 4186/4186 5586/5586 3799/3799
f 3540/3540 6295/6295 4188/4188
f 3616/3616 4188/4188 6295/6295
f 1578/1578 2555/2555 4192/4192
f 4193/4193 5906/5906 1054/1054
f 1618/1618 4193/4193 1054/1054
f 2949/2949 4195/4195 1327/1327
f 4196/4196 3426/3426 287/287
f 3592/3592 1271/1271 4198/4198
f 6357/6357 4198/4198 1271/1271
f 1464/1464 1327/1327 4199/4199
f 6396/6396 4199/4199 1327/1327
f 4136/4136 288/288 4200/4200
f 3698/3698 4020/4020 1583/1583
f 3298/3298 4227/4227 4202/4202
f 1137/1137 1472/1472 4204/4204
f 3837/3837 4207/4207 4574/4574
f 3392/3392 3056/3056 4006/4006
f 1937/1937 4210/4210 1405/1405
f 6097/6097 5888/5888 4213/4213
f 2001/2001 4213/4213 5888/5888
f 3336/3336 1291/1291 4214/4214
f 1406/1406 4214/4214 1291/1291
f 2115/2115 1202/1202 4215/4215
f 1710/1710 4215/4215 1202/1202
f 303/303 6128/6128 4487/4487
f 1196/1196 302/302 6128/6128
f 4077/4077 4514/4514 301/301
f 3163/3163 5081/5081 1443/1443
f 3592/3592 3713/3713 1469/1469
f 2923/2923 5290/5290 4219/4219
f 1079/1079 1351/1351 4220/4220
f 3393/3393 4220/4220 1351/1351
f 2666/2666 3070/3070 4221/4221
f 1665/1665 4221/4221 6170/6170
f 2823/2823 5718/5718 6022/6022
f 3853/3853 5083/5083 4222/4222
f 4730/4730 4223/4223 2043/2043
f 5180/5180 4335/4335 4225/4225
f 3682/3682 3725/3725 3042/3042
f 3505/3505 1222/1222 4227/4227
f 3133/3133 4227/4227 1222/1222
f 310/310 4229/4229 3926/3926
f 5017/5017 2133/2133 4230/4230
f 2835/2835 4230/4230 6099/6099
f 2580/2580 1238/1238 4231/4231
f 3719/3719 4231/4231 6206/6206
f 2539/2539 1160/1160 4234/4234
f 1333/1333 4234/4234 4011/4011
f 2994/2994 6043/6043 4235/4235
f 3275/3275 185/185 4236/4236
f 4022/4022 4156/4156 1281/1281
f 1335/1335 1116/1116 4239/4239
f 2888/2888 4239/4239 1116/1116
f 1869/1869 1078/1078 4041/4041
f 2333/2333 5017/5017 1163/1163
f 1367/1367 1266/1266 4189/4189
f 2818/2818 4245/4245 1461/1461
f 3040/3040 1183/1183 4246/4246
f 3306/3306 4246/4246 1183/1183
f 1535/1535 994/994 4429/4429
f 3065/3065 4429/4429 994/994
f 1460/1460 2664/2664 4778/4778
f 2921/2921 4247/4247 2664/2664
f 2946/2946 1105/1105 4248/4248
f 3163/3163 4248/4248 5006/5006
f 3924/3924 5097/5097 4250/4250
f 5097/5097 4538/4538 4250/4250
f 3591/3591 1357/1357 4251/4251
f 2955/2955 1022/1022 3490/3490
f 1486/1486 4253/4253 5443/5443
f 2793/2793 4253/4253 1580/1580
f 1219/1219 2043/2043 4255/4255
f 1321/1321 4255/4255 2043/2043
f 2583/2583 4849/4849 4256/4256
f 3721/3721 1618/1618 3946/3946
f 3697/3697 4259/4259 1341/1341
f 5836/5836 213/213 4261/4261
f 1079/1079 4340/4340 283/283
f 5884/5884 2661/2661 4262/4262
f 1558/1558 4262/4262 2661/2661
f 3760/3760 1188/1188 4264/4264
f 3547/3547 4264/4264 1188/1188
f 4267/4267 4404/4404 3980/3980
f 3810/3810 309/309 4268/4268
f 2614/2614 5482/5482 4271/4271
f 4271/4271 1582/1582 4629/4629
f 1821/1821 186/186 4274/4274
f 5640/5640 4763/4763 4278/4278
f 3888/3888 3540/3540 4188/4188
f 2822/2822 2222/2222 2510/2510
f 1458/1458 1062/1062 4282/4282
f 2905/2905 3691/3691 4284/4284
f 3605/3605 4180/4180 2773/2773
f 4155/4155 1475/1475 4058/4058
f 1668/1668 208/208 4288/4288
f 2797/2797 4289/4289 3982/3982
f 4125/4125 6020/6020 4290/4290
f 3684/3684 5351/5351 334/334
f 1691/1691 4294/4294 5655/5655
f 3647/3647 1303/1303 4027/4027
f 4295/4295 4152/4152 4657/4657
f 3201/3201 1440/1440 4296/4296
f 1091/1091 2525/2525 4636/4636
f 1886/1886 3270/3270 5875/5875
f 3000/3000 5875/5875 3270/3270
f 2465/2465 3871/3871 4004/4004
f 2996/2996 4302/4302 3644/3644
f 3649/3649 4303/4303 5131/5131
f 2344/2344 211/211 4305/4305
f 1156/1156 1145/1145 4310/4310
f 4310/4310 1145/1145 4062/4062
f 1238/1238 2459/2459 4431/4431
f 6330/6330 4316/4316 2459/2459
f 2082/2082 281/281 4317/4317
f 1729/1729 187/187 4318/4318
f 3404/3404 308/308 4319/4319
f 2261/2261 1521/1521 4320/4320
f 3162/3162 4259/4259 6069/6069
f 3279/3279 198/198 4328/4328
f 199/199 4328/4328 4534/4534
f 5267/5267 4463/4463 4330/4330
f 4170/4170 4330/4330 4463/4463
f 3639/3639 1574/1574 4331/4331
f 1993/1993 5126/5126 4332/4332
f 3363/3363 4110/4110 4820/4820
f 3789/3789 188/188 4333/4333
f 4335/4335 5180/5180 5524/5524
f 3414/3414 6349/6349 4336/4336
f 4071/4071 1363/1363 4395/4395
f 2092/2092 5361/5361 5717/5717
f 6152/6152 4338/4338 1101/1101
f 1024/1024 1545/1545 4343/4343
f 5867/5867 209/209 4344/4344
f 4896/4896 1229/1229 4345/4345
f 2696/2696 4345/4345 1229/1229
f 4346/4346 6064/6064 316/316
f 1699/1699 4346/4346 5224/5224
f 3300/3300 3004/3004 4347/4347
f 5268/5268 4347/4347 3004/3004
f 4348/4348 1126/1126 2245/2245
f 4683/4683 1437/1437 4350/4350
f 3298/3298 4350/4350 1437/1437
f 992/992 1557/1557 4351/4351
f 3840/3840 4351/4351 1557/1557
f 3497/3497 5282/5282 3908/3908
f 3353/3353 1424/1424 4353/4353
f 4353/4353 1424/1424 4881/4881
f 2311/2311 307/307 4354/4354
f 4223/4223 4730/4730 5566/5566
f 2360/2360 1740/1740 4356/4356
f 3613/3613 4356/4356 1740/1740
f 2526/2526 4360/4360 6210/6210
f 2291/2291 3928/3928 5081/5081
f 268/268 2456/2456 6022/6022
f 4364/4364 4150/4150 189/189
f 5469/5469 339/339 4365/4365
f 1678/1678 1459/1459 4368/4368
f 2808/2808 2611/2611 1891/1891
f 4267/4267 3980/3980 5416/5416
f 1835/1835 4375/4375 6387/6387
f 2030/2030 1093/1093 3872/3872
f 3713/3713 306/306 4376/4376
f 2288/2288 1305/1305 4377/4377
f 1728/1728 4377/4377 1305/1305
f 1459/1459 5612/5612 4379/4379
f 1532/1532 4379/4379 1263/1263
f 3547/3547 1188/1188 4556/4556
f 4383/4383 5960/5960 2738/2738
f 4384/4384 5586/5586 1577/1577
f 1863/1863 4384/4384 1577/1577
f 3046/3046 4216/4216 5686/5686
f 3972/3972 4386/4386 5235/5235
f 2462/2462 1166/1166 2637/2637
f 3528/3528 4389/4389 1549/1549
f 4390/4390 1394/1394 1096/1096
f 4393/4393 5398/5398 190/190
f 5924/5924 5732/5732 4394/4394
f 4477/4477 12/12 4395/4395
f 4071/4071 4395/4395 12/12
f 2661/2661 3220/3220 4398/4398
f 3106/3106 3624/3624 4402/4402
f 3285/3285 4402/4402 3624/3624
f 2121/2121 5989/5989 6307/6307
f 4267/4267 6366/6366 4404/4404
f 1848/1848 4404/4404 6366/6366
f 1869/1869 284/284 4405/4405
f 1414/1414 2732/2732 4803/4803
f 5599/5599 1597/1597 4407/4407
f 5241/5241 4407/4407 1597/1597
f 1130/1130 1996/1996 4408/4408
f 1927/1927 210/210 4409/4409
f 4410/4410 3300/3300 4347/4347
f 1832/1832 191/191 4412/4412
f 2462/2462 1169/1169 3421/3421
f 1380/1380 2022/2022 4418/4418
f 2957/2957 4418/4418 2022/2022
f 1538/1538 1146/1146 4420/4420
f 3477/3477 4420/4420 1146/1146
f 2162/2162 1284/1284 4421/4421
f 1170/1170 4421/4421 1284/1284
f 3566/3566 272/272 4422/4422
f 1119/1119 4422/4422 272/272
f 2892/2892 2331/2331 4423/4423
f 4386/4386 4423/4423 2331/2331
f 1300/1300 6348/6348 4425/4425
f 4109/4109 4425/4425 6348/6348
f 4533/4533 1578/1578 4426/4426
f 4426/4426 3770/3770 1801/1801
f 3381/3381 2506/2506 1374/1374
f 1014/1014 1374/1374 2506/2506
f 1481/1481 182/182 4123/4123
f 4118/4118 4123/4123 182/182
f 3777/3777 4429/4429 6105/6105
f 1456/1456 1238/1238 4431/4431
f 4316/4316 4431/4431 2459/2459
f 3336/3336 304/304 4432/4432
f 3311/3311 192/192 4433/4433
f 2862/2862 4164/4164 4181/4181
f 2788/2788 4516/4516 1020/1020
f 5215/5215 4792/4792 4100/4100
f 1778/1778 2346/2346 4440/4440
f 6269/6269 4440/4440 2346/2346
f 2334/2334 4442/4442 4880/4880
f 5797/5797 1477/1477 4444/4444
f 5278/5278 330/330 4446/4446
f 3860/3860 4446/4446 330/330
f 3027/3027 2980/2980 4447/4447
f 1141/1141 4447/4447 2980/2980
f 1113/1113 4452/4452 3052/3052
f 1774/1774 1293/1293 3540/3540
f 3457/3457 3540/3540 1293/1293
f 2283/2283 193/193 2091/2091
f 2366/2366 303/303 4456/4456
f 2352/2352 4458/4458 5510/5510
f 3651/3651 4545/4545 4461/4461
f 4955/4955 2833/2833 4463/4463
f 4170/4170 4463/4463 2833/2833
f 2313/2313 3052/3052 4452/4452
f 2181/2181 4471/4471 3877/3877
f 1109/1109 4640/4640 5645/5645
f 4473/4473 1430/1430 1622/1622
f 4474/4474 6045/6045 2234/2234
f 5326/5326 5594/5594 1449/1449
f 5594/5594 5326/5326 5649/5649
f 2326/2326 2088/2088 4477/4477
f 12/12 4477/4477 2088/2088
f 5766/5766 4478/4478 5424/5424
f 3104/3104 5689/5689 5797/5797
f 4480/4480 5319/5319 1138/1138
f 2153/2153 4480/4480 1138/1138
f 1009/1009 2281/2281 3291/3291
f 4204/4204 4483/4483 1137/1137
f 1517/1517 1069/1069 4484/4484
f 1325/1325 4484/4484 1069/1069
f 4183/4183 4486/4486 1247/1247
f 4333/4333 189/189 4150/4150
f 5843/5843 321/321 4489/4489
f 4489/4489 321/321 5786/5786
f 1383/1383 2488/2488 4490/4490
f 3886/3886 4490/4490 2488/2488
f 3679/3679 4056/4056 1114/1114
f 1566/1566 1377/1377 4492/4492
f 2684/2684 4492/4492 1377/1377
f 1568/1568 1173/1173 4493/4493
f 2911/2911 4493/4493 1173/1173
f 1077/1077 4495/4495 1362/1362
f 5283/5283 2027/2027 4496/4496
f 3634/3634 4496/4496 2027/2027
f 1819/1819 1506/1506 6039/6039
f 1041/1041 4497/4497 1506/1506
f 1477/1477 5797/5797 4500/4500
f 1317/1317 4908/4908 1000/1000
f 2524/2524 1690/1690 4501/4501
f 1460/1460 4501/4501 1690/1690
f 4077/4077 301/301 4504/4504
f 3680/3680 4506/4506 6386/6386
f 1681/1681 3688/3688 1191/1191
f 2685/2685 196/196 4511/4511
f 1233/1233 1174/1174 4512/4512
f 1518/1518 4512/4512 3307/3307
f 2874/2874 3078/3078 4443/4443
f 1802/1802 300/300 4514/4514
f 3610/3610 5994/5994 4517/4517
f 1129/1129 4517/4517 6201/6201
f 3169/3169 4518/4518 5275/5275
f 5936/5936 4951/4951 1023/1023
f 1269/1269 2410/2410 4519/4519
f 2138/2138 4519/4519 2410/2410
f 2101/2101 4156/4156 4193/4193
f 3490/3490 2017/2017 4410/4410
f 4520/4520 4614/4614 197/197
f 4152/4152 6043/6043 4521/4521
f 2994/2994 4521/4521 6043/6043
f 5855/5855 1447/1447 4523/4523
f 4523/4523 1447/1447 5343/5343
f 2825/2825 2253/2253 4524/4524
f 1190/1190 4524/4524 2253/2253
f 1458/1458 1203/1203 4527/4527
f 4528/4528 4767/4767 3845/3845
f 4532/4532 4733/4733 299/299
f 1005/1005 5401/5401 4533/4533
f 1578/1578 4533/4533 5401/5401
f 4328/4328 198/198 4534/4534
f 2710/2710 2988/2988 5943/5943
f 4537/4537 2988/2988 4814/4814
f 4538/4538 5413/5413 5172/5172
f 4540/4540 5952/5952 199/199
f 3698/3698 4542/4542 1108/1108
f 4210/4210 1937/1937 4543/4543
f 2277/2277 4543/4543 4913/4913
f 3361/3361 2728/2728 5119/5119
f 1021/1021 2177/2177 4545/4545
f 4461/4461 4545/4545 2177/2177
f 3392/3392 3748/3748 3056/3056
f 2641/2641 2703/2703 4547/4547
f 2799/2799 4547/4547 2703/2703
f 2994/2994 3209/3209 4548/4548
f 4146/4146 4548/4548 3209/3209
f 4549/4549 6267/6267 6252/6252
f 3631/3631 4549/4549 6252/6252
f 4551/4551 1598/1598 298/298
f 1796/1796 1711/1711 4553/4553
f 3113/3113 4553/4553 1711/1711
f 3313/3313 4556/4556 1188/1188
f 5402/5402 2156/2156 4343/4343
f 4013/4013 1546/1546 2168/2168
f 1423/1423 4013/4013 2168/2168
f 3815/3815 5481/5481 2838/2838
f 2450/2450 200/200 4561/4561
f 3421/3421 4245/4245 1596/1596
f 1070/1070 1463/1463 4562/4562
f 4343/4343 4963/4963 1024/1024
f 4128/4128 3432/3432 4722/4722
f 1751/1751 207/207 4243/4243
f 2434/2434 297/297 4564/4564
f 3361/3361 3686/3686 278/278
f 1745/1745 4545/4545 4570/4570
f 3651/3651 4570/4570 4545/4545
f 296/296 2648/2648 4601/4601
f 2923/2923 4173/4173 5290/5290
f 262/262 263/263 4577/4577
f 2592/2592 4577/4577 6249/6249
f 1847/1847 296/296 4579/4579
f 2772/2772 201/201 4583/4583
f 2186/2186 3024/3024 4585/4585
f 1492/1492 4585/4585 3024/3024
f 2931/2931 2066/2066 4589/4589
f 3392/3392 4589/4589 2066/2066
f 4591/4591 989/989 5221/5221
f 1078/1078 6306/6306 4592/4592
f 4037/4037 4387/4387 1011/1011
f 1660/1660 1244/1244 4593/4593
f 2852/2852 4593/4593 1244/1244
f 6400/6400 1028/1028 4594/4594
f 5495/5495 4594/4594 1028/1028
f 4596/4596 4088/4088 4743/4743
f 2226/2226 4596/4596 4743/4743
f 2616/2616 4599/4599 1304/1304
f 2084/2084 1111/1111 4600/4600
f 4004/4004 4600/4600 3556/3556
f 4573/4573 295/295 4601/4601
f 4604/4604 5945/5945 6094/6094
f 4604/4604 6094/6094 5056/5056
f 1677/1677 202/202 4607/4607
f 2723/2723 294/294 4609/4609
f 1092/1092 3341/3341 4872/4872
f 4068/4068 2104/2104 3359/3359
f 4614/4614 4511/4511 197/197
f 3279/3279 4614/4614 4520/4520
f 4017/4017 251/251 4615/4615
f 3384/3384 4615/4615 251/251
f 4617/4617 5549/5549 1354/1354
f 6162/6162 4617/4617 1354/1354
f 2645/2645 4620/4620 4036/4036
f 2497/2497 6141/6141 3625/3625
f 3701/3701 3294/3294 5883/5883
f 337/337 1856/1856 5442/5442
f 3236/3236 4621/4621 5533/5533
f 2753/2753 4624/4624 5885/5885
f 3131/3131 1148/1148 4625/4625
f 1502/1502 4625/4625 1148/1148
f 2235/2235 2513/2513 4626/4626
f 4626/4626 2513/2513 4092/4092
f 3999/3999 1565/1565 4202/4202
f 6398/6398 4803/4803 2565/2565
f 3155/3155 6398/6398 2565/2565
f 6309/6309 4627/4627 5556/5556
f 3860/3860 1362/1362 4628/4628
f 4495/4495 4628/4628 1362/1362
f 3894/3894 3943/3943 6004/6004
f 3318/3318 5281/5281 4630/4630
f 3161/3161 3715/3715 4904/4904
f 4013/4013 5314/5314 4631/4631
f 2586/2586 4149/4149 1505/1505
f 4297/4297 213/213 4636/4636
f 5836/5836 4636/4636 213/213
f 1958/1958 1246/1246 4637/4637
f 5900/5900 4637/4637 4671/4671
f 4473/4473 4640/4640 1430/1430
f 4641/4641 4111/4111 5449/5449
f 2802/2802 4643/4643 1222/1222
f 4076/4076 1570/1570 4644/4644
f 6268/6268 5241/5241 5760/5760
f 2325/2325 1199/1199 3144/3144
f 5226/5226 293/293 4651/4651
f 6383/6383 4652/4652 4975/4975
f 4655/4655 5112/5112 203/203
f 3429/3429 6011/6011 3230/3230
f 4641/4641 6112/6112 4658/4658
f 1052/1052 4658/4658 6112/6112
f 3748/3748 1059/1059 3056/3056
f 3225/3225 292/292 4663/4663
f 2600/2600 2404/2404 4665/4665
f 2942/2942 4665/4665 2404/2404
f 2736/2736 3120/3120 5752/5752
f 4669/4669 3307/3307 1167/1167
f 3912/3912 4669/4669 5166/5166
f 4637/4637 1246/1246 4671/4671
f 4177/4177 1476/1476 1677/1677
f 1245/1245 1677/1677 1476/1476
f 4745/4745 2791/2791 6106/6106
f 1008/1008 4677/4677 2791/2791
f 4940/4940 2532/2532 4678/4678
f 1933/1933 4678/4678 2532/2532
f 4088/4088 2403/2403 3610/3610
f 1758/1758 3799/3799 5496/5496
f 3832/3832 4679/4679 5904/5904
f 2146/2146 4682/4682 1573/1573
f 4350/4350 2269/2269 4683/4683
f 4685/4685 6159/6159 6182/6182
f 3711/3711 4685/4685 3857/3857
f 2625/2625 1430/1430 4687/4687
f 4687/4687 1430/1430 4640/4640
f 1767/1767 4690/4690 1198/1198
f 2925/2925 4067/4067 5995/5995
f 4691/4691 2104/2104 3271/3271
f 1111/1111 4691/4691 3556/3556
f 3027/3027 3548/3548 1422/1422
f 2147/2147 2660/2660 4693/4693
f 6360/6360 4693/4693 2660/2660
f 4698/4698 1503/1503 1779/1779
f 3581/3581 1060/1060 4699/4699
f 3474/3474 6297/6297 2496/2496
f 2469/2469 3474/3474 2496/2496
f 3070/3070 1177/1177 4702/4702
f 4394/4394 4702/4702 5651/5651
f 4734/4734 1231/1231 4703/4703
f 1776/1776 4703/4703 1231/1231
f 4163/4163 1197/1197 1974/1974
f 1525/1525 4704/4704 3434/3434
f 3133/3133 1222/1222 4643/4643
f 1381/1381 5481/5481 3815/3815
f 3491/3491 4707/4707 5920/5920
f 4041/4041 1078/1078 4709/4709
f 4592/4592 4709/4709 1078/1078
f 5898/5898 4710/4710 4516/4516
f 2665/2665 5533/5533 4712/4712
f 1179/1179 2447/2447 4713/4713
f 1184/1184 4713/4713 2447/2447
f 1085/1085 6334/6334 4716/4716
f 5715/5715 2842/2842 4717/4717
f 4717/4717 2842/2842 3395/3395
f 3473/3473 1229/1229 3561/3561
f 1442/1442 3561/3561 5578/5578
f 1860/1860 6401/6401 4723/4723
f 2960/2960 4723/4723 6401/6401
f 1381/1381 2254/2254 4726/4726
f 1420/1420 4726/4726 2254/2254
f 2536/2536 5722/5722 4727/4727
f 1422/1422 4727/4727 5722/5722
f 1219/1219 2451/2451 4730/4730
f 5566/5566 4730/4730 2451/2451
f 3931/3931 1358/1358 4732/4732
f 4551/4551 299/299 4733/4733
f 2487/2487 4733/4733 4532/4532
f 4122/4122 1231/1231 4734/4734
f 6131/6131 4038/4038 1242/1242
f 4175/4175 1236/1236 311/311
f 5757/5757 3747/3747 4738/4738
f 1691/1691 4738/4738 5987/5987
f 1278/1278 1824/1824 4739/4739
f 4740/4740 4014/4014 1058/1058
f 1722/1722 4740/4740 1058/1058
f 5094/5094 1224/1224 4742/4742
f 1224/1224 5372/5372 4742/4742
f 4024/4024 6089/6089 4743/4743
f 1600/1600 4743/4743 6089/6089
f 4591/4591 1510/1510 4744/4744
f 2463/2463 4744/4744 6257/6257
f 6009/6009 3694/3694 4745/4745
f 2791/2791 4745/4745 2962/2962
f 4929/4929 2915/2915 4751/4751
f 5755/5755 3124/3124 4751/4751
f 2464/2464 3627/3627 1112/1112
f 3894/3894 4310/4310 2835/2835
f 3831/3831 305/305 4399/4399
f 4753/4753 1755/1755 4159/4159
f 1646/1646 4753/4753 4159/4159
f 4261/4261 3487/3487 5836/5836
f 2940/2940 5718/5718 2823/2823
f 1179/1179 2194/2194 4622/4622
f 2613/2613 4757/4757 5693/5693
f 2076/2076 4594/4594 1328/1328
f 1053/1053 6401/6401 4759/4759
f 4760/4760 5352/5352 4775/4775
f 2637/2637 1166/1166 4761/4761
f 2499/2499 4761/4761 2436/2436
f 4390/4390 1601/1601 1189/1189
f 1398/1398 204/204 4762/4762
f 3216/3216 4763/4763 1299/1299
f 5693/5693 4765/4765 3578/3578
f 2246/2246 1450/1450 4767/4767
f 2851/2851 4767/4767 1450/1450
f 3925/3925 4506/4506 2898/2898
f 3941/3941 2857/2857 4768/4768
f 5322/5322 2936/2936 4772/4772
f 2119/2119 4772/4772 2936/2936
f 4773/4773 6396/6396 1073/1073
f 1725/1725 4773/4773 1073/1073
f 2543/2543 1212/1212 4774/4774
f 3139/3139 4774/4774 1212/1212
f 4775/4775 5664/5664 1868/1868
f 1007/1007 4776/4776 3924/3924
f 3552/3552 4880/4880 3882/3882
f 3912/3912 2086/2086 4778/4778
f 6109/6109 5036/5036 4779/4779
f 6374/6374 4779/4779 4918/4918
f 4284/4284 1455/1455 4781/4781
f 6353/6353 4783/4783 5285/5285
f 1581/1581 5390/5390 4787/4787
f 3150/3150 4787/4787 5334/5334
f 4789/4789 3688/3688 3276/3276
f 1968/1968 4789/4789 3276/3276
f 3507/3507 3434/3434 4790/4790
f 4790/4790 3434/3434 4704/4704
f 3828/3828 4791/4791 1018/1018
f 2001/2001 5477/5477 4213/4213
f 4792/4792 5215/5215 1544/1544
f 2768/2768 4792/4792 1544/1544
f 4152/4152 1033/1033 4182/4182
f 3845/3845 4767/4767 4797/4797
f 4691/4691 3271/3271 3556/3556
f 4368/4368 1459/1459 4803/4803
f 2565/2565 4803/4803 1459/1459
f 3969/3969 3778/3778 1165/1165
f 1310/1310 3969/3969 1165/1165
f 1161/1161 1619/1619 4805/4805
f 1610/1610 4805/4805 1619/1619
f 331/331 3099/3099 4806/4806
f 3187/3187 4806/4806 3099/3099
f 4872/4872 1623/1623 4807/4807
f 4807/4807 1623/1623 4884/4884
f 4790/4790 4704/4704 2101/2101
f 2114/2114 1737/1737 5082/5082
f 4809/4809 1737/1737 2493/2493
f 4693/4693 4813/4813 3495/3495
f 1259/1259 4225/4225 4814/4814
f 3673/3673 3229/3229 4815/4815
f 1809/1809 4815/4815 3229/3229
f 1173/1173 1556/1556 4819/4819
f 2598/2598 4819/4819 1556/1556
f 4110/4110 4893/4893 4820/4820
f 4151/4151 4820/4820 4893/4893
f 326/326 5468/5468 5457/5457
f 4213/4213 5457/5457 5468/5468
f 3540/3540 4826/4826 6295/6295
f 5662/5662 1433/1433 4829/4829
f 1027/1027 4829/4829 1433/1433
f 1718/1718 4830/4830 1666/1666
f 3538/3538 234/234 4630/4630
f 1653/1653 1721/1721 4835/4835
f 1812/1812 4835/4835 1282/1282
f 5697/5697 5880/5880 4836/4836
f 3604/3604 13/13 4837/4837
f 262/262 4837/4837 13/13
f 3627/3627 4820/4820 4838/4838
f 4838/4838 4820/4820 4151/4151
f 2827/2827 3932/3932 1140/1140
f 1329/1329 1084/1084 3245/3245
f 6098/6098 4847/4847 3872/3872
f 1337/1337 1537/1537 4849/4849
f 3925/3925 4849/4849 1537/1537
f 1622/1622 1675/1675 4850/4850
f 4901/4901 4850/4850 5136/5136
f 4851/4851 1158/1158 5416/5416
f 2346/2346 4855/4855 6269/6269
f 3802/3802 3375/3375 5916/5916
f 2934/2934 1197/1197 3962/3962
f 1207/1207 2111/2111 4857/4857
f 1087/1087 4857/4857 2111/2111
f 1353/1353 5102/5102 4861/4861
f 2162/2162 6034/6034 1608/1608
f 3629/3629 1023/1023 2891/2891
f 4186/4186 3799/3799 1758/1758
f 1150/1150 1493/1493 4869/4869
f 3013/3013 4869/4869 6138/6138
f 4807/4807 2010/2010 4872/4872
f 1092/1092 4872/4872 2010/2010
f 2024/2024 1270/1270 1254/1254
f 2932/2932 1254/1254 1270/1270
f 4873/4873 4599/4599 2616/2616
f 3158/3158 4486/4486 5123/5123
f 2932/2932 5581/5581 4874/4874
f 1311/1311 4874/4874 3902/3902
f 3240/3240 3657/3657 5259/5259
f 3721/3721 4264/4264 4876/4876
f 6004/6004 2401/2401 4877/4877
f 1156/1156 4877/4877 2401/2401
f 3225/3225 5504/5504 1473/1473
f 4880/4880 5865/5865 3882/3882
f 4881/4881 3487/3487 3043/3043
f 4353/4353 4881/4881 3043/3043
f 4489/4489 5786/5786 5705/5705
f 2458/2458 4855/4855 4746/4746
f 2968/2968 3609/3609 5256/5256
f 5776/5776 4388/4388 4341/4341
f 3361/3361 278/278 3876/3876
f 2190/2190 2928/2928 4888/4888
f 3642/3642 4888/4888 2928/2928
f 3375/3375 1380/1380 4889/4889
f 1384/1384 4889/4889 1380/1380
f 4061/4061 3790/3790 6365/6365
f 2742/2742 1038/1038 4890/4890
f 1355/1355 4890/4890 1038/1038
f 3418/3418 1264/1264 4893/4893
f 5601/5601 4893/4893 1264/1264
f 1471/1471 1301/1301 4894/4894
f 3248/3248 4894/4894 1301/1301
f 4345/4345 1411/1411 4896/4896
f 1107/1107 4896/4896 5662/5662
f 2419/2419 3926/3926 4897/4897
f 3542/3542 4897/4897 3996/3996
f 4011/4011 991/991 4900/4900
f 1693/1693 2180/2180 4901/4901
f 4850/4850 4901/4901 2180/2180
f 985/985 1336/1336 4904/4904
f 3161/3161 4904/4904 1336/1336
f 4365/4365 5260/5260 1368/1368
f 6111/6111 2616/2616 2002/2002
f 1952/1952 4905/4905 6377/6377
f 5269/5269 1910/1910 4910/4910
f 1152/1152 4910/4910 1910/1910
f 1887/1887 5015/5015 5665/5665
f 4846/4846 1811/1811 5015/5015
f 3497/3497 1585/1585 4912/4912
f 6050/6050 4912/4912 6407/6407
f 3066/3066 4913/4913 5372/5372
f 4894/4894 276/276 3461/3461
f 4914/4914 4910/4910 2542/2542
f 5780/5780 4914/4914 2542/2542
f 2100/2100 4908/4908 1317/1317
f 3199/3199 1345/1345 4667/4667
f 2127/2127 4921/4921 5918/5918
f 1002/1002 1527/1527 4922/4922
f 3466/3466 3620/3620 1511/1511
f 4964/4964 1386/1386 4923/4923
f 2092/2092 4923/4923 1386/1386
f 2369/2369 4037/4037 1011/1011
f 1276/1276 4929/4929 2437/2437
f 1292/1292 1407/1407 4930/4930
f 2511/2511 4930/4930 6001/6001
f 2291/2291 4712/4712 1404/1404
f 6224/6224 5887/5887 4932/4932
f 4933/4933 1087/1087 5504/5504
f 1530/1530 1209/1209 4296/4296
f 5289/5289 1529/1529 4936/4936
f 4936/4936 1529/1529 4901/4901
f 1909/1909 3348/3348 992/992
f 4056/4056 1512/1512 4940/4940
f 3608/3608 6014/6014 4941/4941
f 2164/2164 4941/4941 6014/6014
f 3523/3523 1298/1298 3842/3842
f 3363/3363 3842/3842 1298/1298
f 1714/1714 1894/1894 4943/4943
f 2235/2235 4943/4943 1894/1894
f 4523/4523 5309/5309 3677/3677
f 2822/2822 4944/4944 6197/6197
f 2261/2261 1327/1327 4195/4195
f 1950/1950 5986/5986 4722/4722
f 1023/1023 4951/4951 4830/4830
f 5290/5290 5403/5403 2957/2957
f 4835/4835 1721/1721 1282/1282
f 1602/1602 1898/1898 4952/4952
f 1796/1796 4952/4952 1898/1898
f 3128/3128 1234/1234 4953/4953
f 3160/3160 4953/4953 1234/1234
f 4954/4954 3259/3259 205/205
f 1365/1365 4955/4955 4463/4463
f 4538/4538 5097/5097 1947/1947
f 2912/2912 4139/4139 2789/2789
f 4501/4501 1460/1460 4959/4959
f 2086/2086 4959/4959 4778/4778
f 3508/3508 2229/2229 4961/4961
f 1310/1310 4961/4961 2229/2229
f 3321/3321 2692/2692 4962/4962
f 2474/2474 4962/4962 5318/5318
f 6048/6048 1186/1186 4963/4963
f 3744/3744 4963/4963 1186/1186
f 6175/6175 1386/1386 4964/4964
f 2100/2100 2355/2355 4965/4965
f 2177/2177 4965/4965 2355/2355
f 3638/3638 5237/5237 4966/4966
f 2855/2855 4966/4966 5538/5538
f 1635/1635 1047/1047 4734/4734
f 2841/2841 1860/1860 4723/4723
f 2325/2325 3144/3144 3979/3979
f 1194/1194 2311/2311 4968/4968
f 3531/3531 4968/4968 2311/2311
f 3827/3827 1452/1452 3546/3546
f 4970/4970 5562/5562 1307/1307
f 3322/3322 4970/4970 1307/1307
f 4974/4974 3962/3962 1197/1197
f 3264/3264 4974/4974 4163/4163
f 4652/4652 4100/4100 4975/4975
f 4100/4100 4652/4652 5215/5215
f 2151/2151 1278/1278 3623/3623
f 1993/1993 4979/4979 5126/5126
f 3226/3226 4383/4383 5395/5395
f 2198/2198 2433/2433 4987/4987
f 6070/6070 4987/4987 2433/2433
f 2002/2002 1449/1449 6134/6134
f 2329/2329 6134/6134 5594/5594
f 4913/4913 1937/1937 4989/4989
f 1127/1127 4989/4989 1937/1937
f 2741/2741 4990/4990 6104/6104
f 1839/1839 1929/1929 4992/4992
f 4992/4992 1929/1929 5494/5494
f 4360/4360 5233/5233 1035/1035
f 3492/3492 2726/2726 4993/4993
f 1560/1560 4993/4993 2726/2726
f 3620/3620 5157/5157 4997/4997
f 3527/3527 5001/5001 2443/2443
f 1621/1621 1092/1092 5002/5002
f 2010/2010 5002/5002 1092/1092
f 4276/4276 5885/5885 4624/4624
f 1227/1227 6026/6026 6044/6044
f 4248/4248 1105/1105 5006/5006
f 2665/2665 5006/5006 1105/1105
f 3630/3630 271/271 5007/5007
f 2829/2829 5009/5009 5971/5971
f 1294/1294 5250/5250 3663/3663
f 2391/2391 3892/3892 5900/5900
f 4751/4751 3124/3124 5013/5013
f 2240/2240 5013/5013 3438/3438
f 5780/5780 2542/2542 5015/5015
f 4846/4846 5015/5015 2542/2542
f 1074/1074 2545/2545 3713/3713
f 3683/3683 2173/2173 4974/4974
f 3526/3526 2979/2979 4015/4015
f 4230/4230 1514/1514 5017/5017
f 1163/1163 5017/5017 1514/1514
f 4172/4172 2864/2864 2735/2735
f 1920/1920 1071/1071 5020/5020
f 1431/1431 5020/5020 1071/1071
f 4034/4034 1481/1481 5742/5742
f 349/349 5742/5742 1481/1481
f 2360/2360 4356/4356 5022/5022
f 1538/1538 5022/5022 1146/1146
f 1549/1549 2720/2720 5023/5023
f 3691/3691 5023/5023 2720/2720
f 3694/3694 4422/4422 2962/2962
f 2100/2100 1317/1317 5026/5026
f 2766/2766 5026/5026 3853/3853
f 1927/1927 1062/1062 1367/1367
f 1266/1266 1367/1367 1062/1062
f 4192/4192 3770/3770 1578/1578
f 6264/6264 2337/2337 5031/5031
f 5031/5031 2337/2337 1328/1328
f 3125/3125 3015/3015 5033/5033
f 2827/2827 5033/5033 3015/3015
f 3162/3162 6069/6069 5035/5035
f 4779/4779 5036/5036 4918/4918
f 4673/4673 4154/4154 5037/5037
f 2167/2167 5037/5037 4154/4154
f 2721/2721 5544/5544 5043/5043
f 3954/3954 5043/5043 5544/5544
f 3113/3113 1711/1711 5044/5044
f 2369/2369 5044/5044 1711/1711
f 6264/6264 5047/5047 2337/2337
f 2349/2349 1872/1872 5053/5053
f 2706/2706 5053/5053 1872/1872
f 1063/1063 1661/1661 5054/5054
f 2122/2122 5054/5054 1661/1661
f 4838/4838 4151/4151 5056/5056
f 4604/4604 5056/5056 4151/4151
f 3906/3906 5272/5272 3467/3467
f 1355/1355 5059/5059 5067/5067
f 3867/3867 1099/1099 5060/5060
f 2133/2133 5060/5060 1099/1099
f 3316/3316 3681/3681 2064/2064
f 4331/4331 4025/4025 5062/5062
f 3317/3317 5062/5062 4922/4922
f 3809/3809 4890/4890 5067/5067
f 1355/1355 5067/5067 4890/4890
f 4122/4122 2307/2307 5068/5068
f 3181/3181 5068/5068 2307/2307
f 1996/1996 6181/6181 5074/5074
f 3419/3419 1871/1871 3676/3676
f 5696/5696 2143/2143 4682/4682
f 3236/3236 5075/5075 5387/5387
f 2465/2465 2739/2739 5076/5076
f 3316/3316 5076/5076 3893/3893
f 5079/5079 5285/5285 5262/5262
f 4038/4038 3495/3495 4813/4813
f 1646/1646 5002/5002 4753/4753
f 1172/1172 2600/2600 5080/5080
f 2746/2746 5080/5080 2600/2600
f 5081/5081 3928/3928 1443/1443
f 2952/2952 5082/5082 4696/4696
f 2769/2769 5868/5868 4918/4918
f 3853/3853 1317/1317 5083/5083
f 1000/1000 5083/5083 1317/1317
f 4040/4040 1129/1129 5084/5084
f 2877/2877 6292/6292 1129/1129
f 1227/1227 982/982 6026/6026
f 1232/1232 1211/1211 5087/5087
f 3164/3164 5087/5087 4562/4562
f 983/983 1370/1370 5088/5088
f 2515/2515 5088/5088 1370/1370
f 1831/1831 2363/2363 5089/5089
f 3588/3588 5089/5089 2363/2363
f 5090/5090 1239/1239 4123/4123
f 5091/5091 3995/3995 1523/1523
f 6050/6050 5091/5091 1523/1523
f 5965/5965 4542/4542 1757/1757
f 3739/3739 5094/5094 1445/1445
f 1075/1075 1252/1252 4566/4566
f 1987/1987 5096/5096 1084/1084
f 2791/2791 2962/2962 5399/5399
f 4776/4776 986/986 5097/5097
f 3040/3040 4732/4732 5336/5336
f 1316/1316 2896/2896 3310/3310
f 3255/3255 2358/2358 5099/5099
f 4109/4109 1797/1797 1063/1063
f 1391/1391 1358/1358 5101/5101
f 1399/1399 5101/5101 1358/1358
f 5102/5102 5982/5982 1845/1845
f 1953/1953 5102/5102 1845/1845
f 4328/4328 1312/1312 3279/3279
f 3607/3607 5104/5104 6199/6199
f 5146/5146 4876/4876 3547/3547
f 1220/1220 5106/5106 4622/4622
f 4742/4742 4989/4989 5107/5107
f 1127/1127 5107/5107 4989/4989
f 1157/1157 5108/5108 1836/1836
f 3110/3110 1320/1320 5109/5109
f 3125/3125 5109/5109 1320/1320
f 5112/5112 4655/4655 997/997
f 4177/4177 5112/5112 997/997
f 984/984 2896/2896 5113/5113
f 1316/1316 5113/5113 2896/2896
f 3194/3194 2406/2406 5115/5115
f 5116/5116 3972/3972 4443/4443
f 3078/3078 5116/5116 4443/4443
f 1547/1547 6268/6268 3170/3170
f 2526/2526 4696/4696 4809/4809
f 5117/5117 1283/1283 5762/5762
f 5117/5117 5762/5762 4052/4052
f 1859/1859 2244/2244 5119/5119
f 2972/2972 5119/5119 2244/2244
f 2580/2580 5120/5120 2459/2459
f 4625/4625 5121/5121 6181/6181
f 987/987 2834/2834 5122/5122
f 3501/3501 5122/5122 2834/2834
f 5780/5780 1489/1489 4914/4914
f 2674/2674 1214/1214 5123/5123
f 6309/6309 5123/5123 1214/1214
f 4295/4295 4657/4657 2755/2755
f 4979/4979 6054/6054 5126/5126
f 4081/4081 2392/2392 5128/5128
f 1714/1714 1951/1951 5129/5129
f 5129/5129 1951/1951 4815/4815
f 4726/4726 1181/1181 5130/5130
f 3305/3305 5130/5130 3387/3387
f 1030/1030 2837/2837 5131/5131
f 3649/3649 5131/5131 2837/2837
f 3528/3528 5023/5023 3759/3759
f 4923/4923 2572/2572 4964/4964
f 1287/1287 1170/1170 5136/5136
f 6211/6211 1154/1154 3081/3081
f 3759/3759 5137/5137 1052/1052
f 5904/5904 5140/5140 5420/5420
f 3317/3317 4922/4922 1527/1527
f 3317/3317 1527/1527 5964/5964
f 4774/4774 6253/6253 5053/5053
f 1370/1370 3995/3995 5142/5142
f 987/987 5145/5145 2834/2834
f 3547/3547 1553/1553 5146/5146
f 1429/1429 5146/5146 1553/1553
f 5148/5148 5779/5779 2600/2600
f 4665/4665 5148/5148 2600/2600
f 1446/1446 2136/2136 5149/5149
f 1230/1230 5149/5149 5564/5564
f 5821/5821 2789/2789 4604/4604
f 5150/5150 1164/1164 1551/1551
f 3434/3434 3532/3532 1525/1525
f 2279/2279 4276/4276 2185/2185
f 2181/2181 242/242 5157/5157
f 2504/2504 5157/5157 3940/3940
f 4310/4310 4062/4062 2835/2835
f 4389/4389 1426/1426 5158/5158
f 2680/2680 5158/5158 1426/1426
f 1360/1360 314/314 5159/5159
f 315/315 5159/5159 5659/5659
f 1022/1022 1452/1452 2017/2017
f 4113/4113 246/246 5162/5162
f 1198/1198 5162/5162 246/246
f 3309/3309 5164/5164 1044/1044
f 2333/2333 5165/5165 5398/5398
f 2108/2108 1504/1504 5166/5166
f 2418/2418 5166/5166 1504/1504
f 1728/1728 221/221 4377/4377
f 4790/4790 1474/1474 3507/3507
f 1267/1267 6376/6376 5168/5168
f 3915/3915 5168/5168 6376/6376
f 3150/3150 1381/1381 5130/5130
f 4316/4316 5171/5171 1192/1192
f 1553/1553 5249/5249 1429/1429
f 1736/1736 2040/2040 5173/5173
f 1986/1986 5173/5173 2040/2040
f 5349/5349 335/335 5075/5075
f 3951/3951 5106/5106 1168/1168
f 4031/4031 5368/5368 1658/1658
f 4225/4225 1259/1259 5180/5180
f 4517/4517 5994/5994 6201/6201
f 317/317 318/318 5181/5181
f 2918/2918 5181/5181 318/318
f 1951/1951 1563/1563 4815/4815
f 3016/3016 231/231 5184/5184
f 232/232 5184/5184 231/231
f 4324/4324 1483/1483 285/285
f 2427/2427 285/285 1483/1483
f 6237/6237 6393/6393 5188/5188
f 2430/2430 5188/5188 6393/6393
f 1086/1086 3504/3504 5261/5261
f 1039/1039 3624/3624 4627/4627
f 4295/4295 6233/6233 4152/4152
f 1771/1771 4183/4183 1199/1199
f 5755/5755 5259/5259 3124/3124
f 3935/3935 1020/1020 4516/4516
f 2690/2690 2532/2532 4940/4940
f 1704/1704 2463/2463 6257/6257
f 1510/1510 6257/6257 4744/4744
f 3359/3359 1448/1448 4068/4068
f 4198/4198 1074/1074 3713/3713
f 2256/2256 1515/1515 5194/5194
f 4003/4003 5194/5194 1515/1515
f 4489/4489 5705/5705 6396/6396
f 1593/1593 1051/1051 5196/5196
f 5473/5473 5196/5196 1051/1051
f 2757/2757 6119/6119 3662/3662
f 3897/3897 15/15 2556/2556
f 6326/6326 3897/3897 2556/2556
f 1166/1166 2462/2462 3971/3971
f 5197/5197 1791/1791 5844/5844
f 5198/5198 2095/2095 2422/2422
f 3699/3699 5198/5198 2422/2422
f 1315/1315 5827/5827 5202/5202
f 3243/3243 5202/5202 5827/5827
f 3088/3088 5233/5233 4395/4395
f 2985/2985 5524/5524 5180/5180
f 2133/2133 6191/6191 6099/6099
f 3301/3301 1434/1434 5206/5206
f 1404/1404 5206/5206 1434/1434
f 1371/1371 2724/2724 5209/5209
f 2741/2741 5209/5209 4990/4990
f 1560/1560 1200/1200 4012/4012
f 1517/1517 4484/4484 5210/5210
f 5616/5616 4484/4484 3328/3328
f 314/314 1360/1360 5847/5847
f 4066/4066 5847/5847 1360/1360
f 2164/2164 2060/2060 5213/5213
f 3208/3208 5213/5213 3938/3938
f 1313/1313 2736/2736 5004/5004
f 1007/1007 1118/1118 5214/5214
f 1365/1365 3805/3805 5386/5386
f 5215/5215 4652/4652 3115/3115
f 4020/4020 5215/5215 3115/3115
f 2256/2256 1568/1568 4493/4493
f 4814/4814 4225/4225 4932/4932
f 4061/4061 5306/5306 5218/5218
f 3564/3564 1689/1689 4647/4647
f 5524/5524 1510/1510 5221/5221
f 4591/4591 5221/5221 1510/1510
f 3220/3220 5223/5223 3120/3120
f 5224/5224 4346/4346 316/316
f 3458/3458 275/275 5225/5225
f 4651/4651 294/294 5226/5226
f 2723/2723 5226/5226 294/294
f 1490/1490 5229/5229 1122/1122
f 1333/1333 2853/2853 3829/3829
f 5079/5079 3954/3954 5544/5544
f 3691/3691 5137/5137 3759/3759
f 4717/4717 2286/2286 3097/3097
f 3673/3673 2377/2377 5232/5232
f 2326/2326 5233/5233 1250/1250
f 1752/1752 3922/3922 1534/1534
f 2806/2806 1339/1339 5235/5235
f 4443/4443 5235/5235 1339/1339
f 5237/5237 4130/4130 2278/2278
f 3291/3291 2281/2281 5238/5238
f 1315/1315 5238/5238 2281/2281
f 1439/1439 4407/4407 5241/5241
f 5242/5242 3683/3683 1467/1467
f 3240/3240 5259/5259 5243/5243
f 3094/3094 1558/1558 5245/5245
f 4398/4398 5245/5245 1558/1558
f 5249/5249 5995/5995 2637/2637
f 1081/1081 1615/1615 5250/5250
f 3663/3663 5250/5250 1615/1615
f 2975/2975 3533/3533 4073/4073
f 2170/2170 1432/1432 5253/5253
f 2795/2795 5253/5253 5560/5560
f 3287/3287 4302/4302 2963/2963
f 5255/5255 4992/4992 2524/2524
f 1279/1279 5255/5255 2524/2524
f 3609/3609 1309/1309 5256/5256
f 4953/4953 5256/5256 1309/1309
f 1253/1253 2011/2011 5257/5257
f 2536/2536 5257/5257 2011/2011
f 4742/4742 5107/5107 5094/5094
f 3657/3657 1116/1116 5259/5259
f 3124/3124 5259/5259 1116/1116
f 1987/1987 5145/5145 1532/1532
f 5056/5056 1378/1378 4838/4838
f 2035/2035 1040/1040 5260/5260
f 2048/2048 5260/5260 1040/1040
f 3617/3617 1201/1201 5261/5261
f 1703/1703 5261/5261 1201/1201
f 5262/5262 5026/5026 3182/3182
f 5079/5079 5262/5262 3182/3182
f 1217/1217 4543/4543 2277/2277
f 1839/1839 1012/1012 5263/5263
f 5263/5263 1012/1012 5799/5799
f 1318/1318 2385/2385 5265/5265
f 3289/3289 5265/5265 2516/2516
f 3970/3970 3791/3791 4086/4086
f 4658/4658 5137/5137 1388/1388
f 4330/4330 4690/4690 5267/5267
f 1767/1767 5267/5267 4690/4690
f 2333/2333 5060/5060 5017/5017
f 3329/3329 5268/5268 1466/1466
f 4687/4687 4640/4640 5968/5968
f 2210/2210 3110/3110 5269/5269
f 2199/2199 5269/5269 3110/3110
f 3813/3813 4707/4707 2555/2555
f 3788/3788 240/240 5271/5271
f 6033/6033 5271/5271 240/240
f 1873/1873 6121/6121 5272/5272
f 5922/5922 5272/5272 6121/6121
f 1730/1730 1901/1901 5274/5274
f 6034/6034 1463/1463 5274/5274
f 1953/1953 2489/2489 5275/5275
f 1190/1190 5275/5275 5750/5750
f 5206/5206 5768/5768 1066/1066
f 4781/4781 3376/3376 1387/1387
f 4446/4446 329/329 5278/5278
f 3153/3153 332/332 5279/5279
f 4454/4454 2091/2091 193/193
f 6210/6210 4360/4360 1035/1035
f 3168/3168 5171/5171 5675/5675
f 3216/3216 1299/1299 5281/5281
f 2654/2654 5281/5281 1299/1299
f 2031/2031 5031/5031 5282/5282
f 2551/2551 5282/5282 5031/5031
f 4061/4061 5218/5218 4091/4091
f 2186/2186 4585/4585 5283/5283
f 5283/5283 4585/4585 5946/5946
f 1099/1099 3867/3867 5803/5803
f 4851/4851 2612/2612 5284/5284
f 5079/5079 6392/6392 5285/5285
f 2985/2985 5285/5285 6392/6392
f 5287/5287 4713/4713 1184/1184
f 1436/1436 5287/5287 1184/1184
f 4936/4936 1284/1284 5289/5289
f 1179/1179 5289/5289 1284/1284
f 4521/4521 2994/2994 4657/4657
f 2957/2957 2755/2755 5290/5290
f 4219/4219 5290/5290 2755/2755
f 2795/2795 2777/2777 5293/5293
f 1313/1313 5293/5293 2777/2777
f 1237/1237 4957/4957 1874/1874
f 3547/3547 4876/4876 4264/4264
f 1691/1691 1017/1017 5294/5294
f 5294/5294 1017/1017 6093/6093
f 4377/4377 221/221 3479/3479
f 5297/5297 1125/1125 5328/5328
f 2101/2101 5300/5300 4790/4790
f 2070/2070 3326/3326 236/236
f 5886/5886 3776/3776 2448/2448
f 2198/2198 4987/4987 4744/4744
f 4717/4717 3395/3395 1048/1048
f 5304/5304 3295/3295 1797/1797
f 3408/3408 5304/5304 1797/1797
f 2738/2738 4629/4629 5395/5395
f 6232/6232 5305/5305 2728/2728
f 6073/6073 5305/5305 6232/6232
f 4061/4061 6365/6365 5306/5306
f 4289/4289 3057/3057 6122/6122
f 1777/1777 1020/1020 5308/5308
f 3300/3300 5308/5308 3935/3935
f 4523/4523 1683/1683 5309/5309
f 1431/1431 5309/5309 1683/1683
f 3107/3107 327/327 5311/5311
f 4959/4959 1460/1460 4778/4778
f 2817/2817 1280/1280 5314/5314
f 4631/4631 5314/5314 1280/1280
f 5274/5274 1463/1463 1070/1070
f 3641/3641 3879/3879 5804/5804
f 1346/1346 5315/5315 5622/5622
f 1418/1418 1776/1776 5316/5316
f 1555/1555 5316/5316 1776/1776
f 1622/1622 1182/1182 5317/5317
f 1843/1843 5317/5317 1182/1182
f 5318/5318 4962/4962 2692/2692
f 3141/3141 5318/5318 2692/2692
f 1473/1473 291/291 4708/4708
f 5319/5319 4480/4480 1843/1843
f 2426/2426 5319/5319 1843/1843
f 1120/1120 1533/1533 5321/5321
f 4135/4135 5321/5321 1533/1533
f 4745/4745 5322/5322 4772/4772
f 5322/5322 4745/4745 6106/6106
f 5323/5323 5675/5675 5171/5171
f 2095/2095 6009/6009 5324/5324
f 4772/4772 5324/5324 6009/6009
f 4320/4320 1574/1574 3639/3639
f 2609/2609 3171/3171 4331/4331
f 1121/1121 5428/5428 2830/2830
f 2421/2421 1121/1121 2830/2830
f 1449/1449 1304/1304 5326/5326
f 4092/4092 5326/5326 1304/1304
f 5297/5297 5328/5328 5197/5197
f 1805/1805 1809/1809 5329/5329
f 3229/3229 5329/5329 1809/1809
f 1721/1721 1218/1218 5331/5331
f 1757/1757 5331/5331 1218/1218
f 4027/4027 5481/5481 5334/5334
f 2505/2505 5336/5336 1609/1609
f 1744/1744 4220/4220 1293/1293
f 2776/2776 5341/5341 5494/5494
f 1447/1447 2005/2005 5343/5343
f 1211/1211 5343/5343 2005/2005
f 5158/5158 5417/5417 5344/5344
f 2720/2720 5344/5344 1281/1281
f 4250/4250 1206/1206 3924/3924
f 3322/3322 1121/1121 4135/4135
f 1061/1061 4805/4805 1610/1610
f 212/212 4636/4636 2525/2525
f 1159/1159 2906/2906 5347/5347
f 2666/2666 5347/5347 2906/2906
f 5349/5349 2946/2946 334/334
f 5352/5352 4740/4740 5664/5664
f 4775/4775 5352/5352 5664/5664
f 2299/2299 248/248 4072/4072
f 4219/4219 4657/4657 4548/4548
f 3954/3954 5357/5357 5043/5043
f 5295/5295 4386/4386 2331/2331
f 5361/5361 5561/5561 1101/1101
f 4338/4338 5361/5361 1101/1101
f 2531/2531 3501/3501 5362/5362
f 5363/5363 3860/3860 330/330
f 1548/1548 2843/2843 5367/5367
f 1791/1791 5367/5367 4006/4006
f 6375/6375 1658/1658 5368/5368
f 4336/4336 5368/5368 4031/4031
f 3614/3614 6224/6224 5370/5370
f 4932/4932 5370/5370 6224/6224
f 1296/1296 5096/5096 1008/1008
f 4626/4626 4092/4092 1304/1304
f 1170/1170 1287/1287 5371/5371
f 3164/3164 5371/5371 1287/1287
f 5372/5372 1224/1224 3012/3012
f 3066/3066 5372/5372 3012/3012
f 5373/5373 4709/4709 1438/1438
f 3393/3393 5373/5373 4878/4878
f 6398/6398 4483/4483 4204/4204
f 4792/4792 2768/2768 4527/4527
f 4861/4861 3612/3612 1608/1608
f 1693/1693 4901/4901 1529/1529
f 1529/1529 1168/1168 1693/1693
f 6377/6377 1178/1178 5377/5377
f 1035/1035 5377/5377 1178/1178
f 4302/4302 1499/1499 2807/2807
f 987/987 5122/5122 5378/5378
f 3843/3843 4303/4303 1402/1402
f 2490/2490 1267/1267 5381/5381
f 5381/5381 1267/1267 5168/5168
f 226/226 2107/2107 5384/5384
f 995/995 5384/5384 2107/2107
f 1133/1133 1998/1998 5605/5605
f 5386/5386 3805/3805 4492/4492
f 5387/5387 5075/5075 335/335
f 4732/4732 4246/4246 1590/1590
f 1277/1277 5575/5575 5390/5390
f 4787/4787 5390/5390 5575/5575
f 3609/3609 5391/5391 1016/1016
f 3353/3353 5663/5663 993/993
f 3469/3469 3353/3353 993/993
f 4629/4629 1582/1582 5395/5395
f 3419/3419 6051/6051 1871/1871
f 1938/1938 4914/4914 6040/6040
f 4765/4765 1240/1240 5128/5128
f 5165/5165 190/190 5398/5398
f 3867/3867 5398/5398 4393/4393
f 1008/1008 2791/2791 5399/5399
f 4422/4422 5399/5399 2962/2962
f 3099/3099 331/331 5400/5400
f 4878/4878 5401/5401 4826/4826
f 1545/1545 6011/6011 5402/5402
f 2886/2886 5402/5402 6011/6011
f 1150/1150 1519/1519 3567/3567
f 1385/1385 1939/1939 5403/5403
f 2875/2875 1409/1409 4444/4444
f 2229/2229 3508/3508 5408/5408
f 5142/5142 5621/5621 2051/2051
f 1067/1067 1324/1324 3979/3979
f 5468/5468 326/326 5411/5411
f 5413/5413 5305/5305 3241/3241
f 2865/2865 5413/5413 3241/3241
f 4375/4375 1004/1004 6407/6407
f 6050/6050 6407/6407 1004/1004
f 1034/1034 2605/2605 5416/5416
f 4267/4267 5416/5416 2605/2605
f 5150/5150 5417/5417 5158/5158
f 5293/5293 3560/3560 5253/5253
f 1143/1143 1559/1559 5419/5419
f 2064/2064 5419/5419 1559/1559
f 2911/2911 1173/1173 5420/5420
f 5904/5904 5420/5420 4819/4819
f 1678/1678 5422/5422 1314/1314
f 5261/5261 6125/6125 3617/3617
f 6119/6119 1176/1176 5424/5424
f 1435/1435 5424/5424 6066/6066
f 1439/1439 6036/6036 5425/5425
f 1100/1100 5425/5425 6301/6301
f 1496/1496 1032/1032 5428/5428
f 5428/5428 1032/1032 3591/3591
f 3969/3969 2850/2850 3778/3778
f 1736/1736 1682/1682 5708/5708
f 2075/2075 5708/5708 1682/1682
f 5898/5898 343/343 1098/1098
f 5737/5737 3870/3870 1098/1098
f 3762/3762 5925/5925 5431/5431
f 2419/2419 5431/5431 5925/5925
f 1055/1055 3221/3221 5433/5433
f 6055/6055 1262/1262 4592/4592
f 2979/2979 3526/3526 1780/1780
f 4214/4214 1406/1406 5499/5499
f 5526/5526 5779/5779 5435/5435
f 2348/2348 2803/2803 5149/5149
f 2206/2206 1878/1878 5437/5437
f 2440/2440 5437/5437 6239/6239
f 3990/3990 3564/3564 4647/4647
f 3564/3564 3990/3990 2387/2387
f 4501/4501 1779/1779 2524/2524
f 4621/4621 336/336 5442/5442
f 5518/5518 1486/1486 5443/5443
f 5445/5445 5638/5638 2756/2756
f 2458/2458 5445/5445 2756/2756
f 2993/2993 3273/3273 5447/5447
f 1542/1542 5447/5447 3273/3273
f 4641/4641 5449/5449 1055/1055
f 1432/1432 1503/1503 5450/5450
f 3102/3102 5450/5450 5735/5735
f 1868/1868 5664/5664 5451/5451
f 5451/5451 5903/5903 5677/5677
f 5452/5452 6184/6184 1462/1462
f 2776/2776 5452/5452 1462/1462
f 3938/3938 2060/2060 4184/4184
f 312/312 1468/1468 5456/5456
f 3646/3646 3934/3934 1454/1454
f 3226/3226 5395/5395 5827/5827
f 1219/1219 5408/5408 2451/2451
f 279/279 1990/1990 5458/5458
f 6073/6073 5458/5458 1990/1990
f 5459/5459 2918/2918 318/318
f 5714/5714 1102/1102 5460/5460
f 2801/2801 5460/5460 1102/1102
f 2842/2842 4918/4918 5036/5036
f 1318/1318 1446/1446 5463/5463
f 2803/2803 5463/5463 1446/1446
f 4838/4838 1112/1112 3627/3627
f 5466/5466 6126/6126 2775/2775
f 4631/4631 5466/5466 2775/2775
f 3345/3345 1512/1512 3679/3679
f 5411/5411 2052/2052 5468/5468
f 5469/5469 2137/2137 338/338
f 6356/6356 1575/1575 5470/5470
f 5250/5250 5470/5470 1575/1575
f 3856/3856 2259/2259 5474/5474
f 2598/2598 1556/1556 5476/5476
f 2689/2689 5476/5476 1556/1556
f 5477/5477 2001/2001 324/324
f 3870/3870 5478/5478 1098/1098
f 2275/2275 2249/2249 5480/5480
f 4259/4259 5480/5480 1341/1341
f 5481/5481 1381/1381 3150/3150
f 5334/5334 5481/5481 3150/3150
f 4271/4271 5482/5482 1582/1582
f 5994/5994 345/345 5483/5483
f 3141/3141 1342/1342 5318/5318
f 3560/3560 4682/4682 2143/2143
f 2410/2410 1642/1642 5493/5493
f 1177/1177 5493/5493 5651/5651
f 3980/3980 2612/2612 5416/5416
f 4851/4851 5416/5416 2612/2612
f 5452/5452 5494/5494 1929/1929
f 2551/2551 1328/1328 5495/5495
f 4594/4594 5495/5495 1328/1328
f 3564/3564 2387/2387 5496/5496
f 6373/6373 5496/5496 2387/2387
f 5497/5497 5758/5758 1647/1647
f 5497/5497 1647/1647 5608/5608
f 5810/5810 4214/4214 5499/5499
f 3992/3992 5204/5204 5707/5707
f 3712/3712 4836/4836 5880/5880
f 3963/3963 1122/1122 5229/5229
f 5086/5086 5463/5463 5502/5502
f 5463/5463 5086/5086 982/982
f 1874/1874 1473/1473 5504/5504
f 2293/2293 5504/5504 3225/3225
f 5506/5506 3663/3663 1780/1780
f 3384/3384 5506/5506 3526/3526
f 1306/1306 3259/3259 5508/5508
f 1981/1981 5508/5508 3259/3259
f 1543/1543 1375/1375 5510/5510
f 2352/2352 5510/5510 1375/1375
f 1423/1423 5516/5516 1359/1359
f 5331/5331 1757/1757 1333/1333
f 233/233 1727/1727 5517/5517
f 5443/5443 1055/1055 5518/5518
f 5433/5433 5518/5518 1055/1055
f 4557/4557 5523/5523 1689/1689
f 4335/4335 5524/5524 5221/5221
f 5435/5435 1406/1406 5526/5526
f 1226/1226 5526/5526 3834/3834
f 4290/4290 5263/5263 2673/2673
f 3109/3109 1592/1592 5528/5528
f 3167/3167 5528/5528 1592/1592
f 3556/3556 4600/4600 1111/1111
f 5494/5494 6012/6012 1690/1690
f 4992/4992 5494/5494 1690/1690
f 1856/1856 1064/1064 5533/5533
f 4712/4712 5533/5533 1064/1064
f 4214/4214 5810/5810 3336/3336
f 5538/5538 4966/4966 5237/5237
f 3870/3870 344/344 5541/5541
f 345/345 5541/5541 344/344
f 4677/4677 5542/5542 2343/2343
f 2721/2721 1704/1704 5544/5544
f 2211/2211 1112/1112 5546/5546
f 1378/1378 5546/5546 1112/1112
f 1242/1242 4813/4813 4964/4964
f 1294/1294 5470/5470 5250/5250
f 3080/3080 1354/1354 5549/5549
f 2268/2268 1028/1028 5553/5553
f 6400/6400 5553/5553 1028/1028
f 6353/6353 4461/4461 2355/2355
f 5158/5158 1549/1549 4389/4389
f 5556/5556 4097/4097 2129/2129
f 5123/5123 5556/5556 2129/2129
f 2490/2490 3907/3907 5558/5558
f 5450/5450 6046/6046 5560/5560
f 5561/5561 3453/3453 1101/1101
f 3051/3051 5561/5561 5361/5361
f 2078/2078 2406/2406 5562/5562
f 3194/3194 5562/5562 2406/2406
f 5908/5908 323/323 5563/5563
f 1421/1421 5564/5564 2937/2937
f 5731/5731 1366/1366 5566/5566
f 4223/4223 5566/5566 1366/1366
f 4243/4243 208/208 3510/3510
f 2803/2803 2348/2348 5502/5502
f 2146/2146 5502/5502 2348/2348
f 1900/1900 4294/4294 1691/1691
f 4055/4055 1603/1603 3224/3224
f 2159/2159 337/337 5573/5573
f 1968/1968 5150/5150 2680/2680
f 4718/4718 3210/3210 5575/5575
f 5334/5334 5575/5575 3210/3210
f 2921/2921 1415/1415 4512/4512
f 5578/5578 4896/4896 1107/1107
f 3074/3074 5578/5578 1107/1107
f 2245/2245 3223/3223 4348/4348
f 5580/5580 4593/4593 1422/1422
f 5722/5722 5580/5580 1422/1422
f 2038/2038 1221/1221 3719/3719
f 3719/3719 1221/1221 3806/3806
f 5582/5582 3312/3312 4178/4178
f 3201/3201 5582/5582 4178/4178
f 3855/3855 2020/2020 5584/5584
f 3557/3557 3607/3607 1260/1260
f 2971/2971 3557/3557 1260/1260
f 2838/2838 1303/1303 5585/5585
f 1413/1413 5585/5585 1303/1303
f 4690/4690 5162/5162 1198/1198
f 1249/1249 981/981 4235/4235
f 1034/1034 2027/2027 5946/5946
f 5283/5283 5946/5946 2027/2027
f 5159/5159 315/315 5218/5218
f 4116/4116 1638/1638 5589/5589
f 1981/1981 5589/5589 1638/1638
f 3040/3040 3301/3301 1183/1183
f 1634/1634 1711/1711 5590/5590
f 1796/1796 5590/5590 1711/1711
f 1416/1416 5591/5591 1068/1068
f 3706/3706 4251/4251 1357/1357
f 1235/1235 2329/2329 5594/5594
f 1449/1449 5594/5594 6134/6134
f 5456/5456 6365/6365 5595/5595
f 2169/2169 5595/5595 6365/6365
f 1027/1027 5245/5245 5596/5596
f 4398/4398 3963/3963 5596/5596
f 1137/1137 1988/1988 5598/5598
f 2007/2007 5598/5598 1988/1988
f 6331/6331 1528/1528 5599/5599
f 1597/1597 5599/5599 1528/1528
f 4953/4953 2779/2779 5256/5256
f 6042/6042 5256/5256 2779/2779
f 3063/3063 5600/5600 1728/1728
f 1998/1998 1673/1673 5605/5605
f 2591/2591 5605/5605 1673/1673
f 5606/5606 4726/4726 1420/1420
f 2328/2328 5606/5606 1420/1420
f 3393/3393 4878/4878 4826/4826
f 3311/3311 1832/1832 192/192
f 5497/5497 5608/5608 5518/5518
f 1001/1001 1479/1479 6292/6292
f 5609/5609 3958/3958 2307/2307
f 1047/1047 5609/5609 2307/2307
f 5084/5084 1352/1352 4040/4040
f 1029/1029 1774/1774 5611/5611
f 3888/3888 5611/5611 1774/1774
f 3257/3257 2343/2343 5612/5612
f 5612/5612 2343/2343 5542/5542
f 6150/6150 2682/2682 5613/5613
f 6306/6306 3717/3717 1316/1316
f 1548/1548 5328/5328 6174/6174
f 1840/1840 2710/2710 5616/5616
f 5210/5210 5616/5616 5943/5943
f 1861/1861 5618/5618 2436/2436
f 3976/3976 4797/4797 5621/5621
f 2851/2851 5621/5621 4797/4797
f 4549/4549 238/238 3766/3766
f 6400/6400 1949/1949 5622/5622
f 1346/1346 5622/5622 1949/1949
f 1560/1560 1359/1359 5624/5624
f 5625/5625 5978/5978 2241/2241
f 4746/4746 4855/4855 6074/6074
f 5624/5624 1359/1359 5516/5516
f 5257/5257 3868/3868 1253/1253
f 2368/2368 2313/2313 5630/5630
f 5630/5630 2313/2313 4452/4452
f 5631/5631 6097/6097 5468/5468
f 2052/2052 5631/5631 5468/5468
f 1369/1369 1980/1980 5634/5634
f 5558/5558 5634/5634 1980/1980
f 3319/3319 2756/2756 5638/5638
f 1508/1508 5638/5638 5445/5445
f 6032/6032 2246/2246 988/988
f 4278/4278 5734/5734 5640/5640
f 1265/1265 5640/5640 5734/5734
f 4968/4968 3718/3718 5641/5641
f 5130/5130 1181/1181 3387/3387
f 1426/1426 4699/4699 5919/5919
f 4873/4873 5804/5804 2132/2132
f 1103/1103 4873/4873 2132/2132
f 4095/4095 4904/4904 5644/5644
f 3715/3715 5644/5644 4904/4904
f 1550/1550 4678/4678 4162/4162
f 4473/4473 2180/2180 5645/5645
f 1644/1644 5645/5645 2180/2180
f 1030/1030 1841/1841 5647/5647
f 1680/1680 5647/5647 5115/5115
f 2234/2234 6045/6045 5649/5649
f 1235/1235 5649/5649 6045/6045
f 5651/5651 5493/5493 1642/1642
f 1965/1965 5651/5651 1642/1642
f 1550/1550 2312/2312 4900/4900
f 1594/1594 4718/4718 1277/1277
f 4294/4294 1526/1526 5655/5655
f 2602/2602 5655/5655 1526/1526
f 1003/1003 1602/1602 5658/5658
f 2971/2971 5658/5658 3557/3557
f 5159/5159 314/314 5659/5659
f 3679/3679 1061/1061 4287/4287
f 4896/4896 1411/1411 5662/5662
f 5663/5663 4184/4184 2819/2819
f 6383/6383 5663/5663 2819/2819
f 3221/3221 1055/1055 5449/5449
f 5451/5451 5664/5664 5903/5903
f 2289/2289 4768/4768 5665/5665
f 1154/1154 5665/5665 4768/4768
f 5789/5789 3145/3145 5666/5666
f 3456/3456 5666/5666 3145/3145
f 6237/6237 5667/5667 6135/6135
f 2851/2851 2723/2723 4573/4573
f 3739/3739 1495/1495 5671/5671
f 3595/3595 5671/5671 1495/1495
f 5517/5517 4630/4630 5281/5281
f 5107/5107 2167/2167 5094/5094
f 5674/5674 4365/4365 339/339
f 5675/5675 5323/5323 3090/3090
f 5676/5676 5721/5721 1162/1162
f 2259/2259 5676/5676 1162/1162
f 5630/5630 4452/4452 6161/6161
f 5451/5451 5677/5677 2494/2494
f 1036/1036 1508/1508 5678/5678
f 2882/2882 5678/5678 5445/5445
f 1755/1755 5679/5679 1782/1782
f 3511/3511 3613/3613 3171/3171
f 2491/2491 5164/5164 1334/1334
f 5090/5090 4123/4123 2540/2540
f 1483/1483 6063/6063 3717/3717
f 4223/4223 4330/4330 2043/2043
f 2613/2613 1018/1018 4791/4791
f 3665/3665 5317/5317 1441/1441
f 4496/4496 4121/4121 5283/5283
f 3561/3561 1229/1229 5578/5578
f 2136/2136 1446/1446 5684/5684
f 2709/2709 5684/5684 1446/1446
f 329/329 4446/4446 5685/5685
f 5685/5685 4628/4628 5527/5527
f 3298/3298 1437/1437 4227/4227
f 3505/3505 4227/4227 1437/1437
f 3102/3102 2418/2418 5686/5686
f 1504/1504 5686/5686 2418/2418
f 1520/1520 322/322 5688/5688
f 2091/2091 194/194 5689/5689
f 4479/4479 5689/5689 194/194
f 4025/4025 4320/4320 1521/1521
f 3248/3248 2531/2531 5225/5225
f 1016/1016 5391/5391 5538/5538
f 5692/5692 6192/6192 5790/5790
f 2888/2888 5692/5692 5790/5790
f 3027/3027 4593/4593 2852/2852
f 1526/1526 1330/1330 5693/5693
f 4765/4765 5693/5693 1330/1330
f 5287/5287 1436/1436 4518/4518
f 2551/2551 5031/5031 1328/1328
f 4710/4710 6315/6315 5695/5695
f 5428/5428 3591/3591 1210/1210
f 5697/5697 2894/2894 1607/1607
f 1672/1672 5697/5697 5698/5698
f 3955/3955 6162/6162 3880/3880
f 5698/5698 5697/5697 1607/1607
f 3798/3798 5698/5698 1607/1607
f 4154/4154 1050/1050 5699/5699
f 3165/3165 5699/5699 1050/1050
f 2747/2747 347/347 5700/5700
f 4383/4383 1572/1572 5701/5701
f 5701/5701 1572/1572 1210/1210
f 4305/4305 212/212 2525/2525
f 5059/5059 1355/1355 5703/5703
f 1817/1817 5703/5703 1355/1355
f 5786/5786 322/322 5705/5705
f 1520/1520 5705/5705 322/322
f 3460/3460 4929/4929 1276/1276
f 3240/3240 4943/4943 2292/2292
f 5988/5988 5321/5321 1009/1009
f 5204/5204 5813/5813 5707/5707
f 4990/4990 5707/5707 5813/5813
f 3434/3434 2040/2040 5708/5708
f 1736/1736 5708/5708 2040/2040
f 5082/5082 4809/4809 4696/4696
f 5701/5701 4251/4251 1117/1117
f 5284/5284 2612/2612 5709/5709
f 3729/3729 5709/5709 2612/2612
f 4289/4289 6122/6122 3982/3982
f 1248/1248 3827/3827 5710/5710
f 5713/5713 6078/6078 3097/3097
f 2286/2286 5713/5713 3097/3097
f 5460/5460 1403/1403 5714/5714
f 2003/2003 5714/5714 1403/1403
f 5715/5715 6078/6078 2375/2375
f 2769/2769 5715/5715 2375/2375
f 5106/5106 1418/1418 5316/5316
f 5717/5717 5361/5361 4338/4338
f 3649/3649 5717/5717 4338/4338
f 4716/4716 266/266 5718/5718
f 267/267 5718/5718 266/266
f 4189/4189 5749/5749 5721/5721
f 1653/1653 5721/5721 5749/5749
f 1365/1365 5267/5267 1767/1767
f 2536/2536 2362/2362 5722/5722
f 1641/1641 5722/5722 2362/2362
f 1846/1846 340/340 5724/5724
f 1441/1441 4480/4480 2280/2280
f 2375/2375 5725/5725 6153/6153
f 1928/1928 1712/1712 5729/5729
f 2347/2347 5729/5729 1712/1712
f 5060/5060 5398/5398 3867/3867
f 3169/3169 5275/5275 1190/1190
f 3603/3603 1163/1163 5730/5730
f 1400/1400 5730/5730 1163/1163
f 4054/4054 5731/5731 244/244
f 6227/6227 5732/5732 1576/1576
f 4394/4394 5732/5732 6227/6227
f 2070/2070 1331/1331 5734/5734
f 3707/3707 5734/5734 1331/1331
f 5735/5735 5450/5450 1503/1503
f 5735/5735 1503/1503 4698/4698
f 1098/1098 343/343 5737/5737
f 4626/4626 4599/4599 1347/1347
f 2583/2583 6324/6324 1352/1352
f 5752/5752 3120/3120 5223/5223
f 1087/1087 4933/4933 4857/4857
f 1266/1266 1569/1569 5749/5749
f 2188/2188 5749/5749 1569/1569
f 2094/2094 1613/1613 5750/5750
f 1190/1190 5750/5750 4524/4524
f 1497/1497 5751/5751 1472/1472
f 3398/3398 4023/4023 1384/1384
f 3820/3820 241/241 4471/4471
f 4129/4129 4068/4068 1755/1755
f 4751/4751 2915/2915 5755/5755
f 2203/2203 5755/5755 2915/2915
f 4091/4091 5218/5218 4346/4346
f 4933/4933 4271/4271 5756/5756
f 4629/4629 5756/5756 4271/4271
f 4738/4738 5655/5655 5757/5757
f 2602/2602 5757/5757 5655/5655
f 1032/1032 1878/1878 2206/2206
f 3714/3714 1205/1205 4637/4637
f 996/996 1587/1587 5758/5758
f 1647/1647 5758/5758 1587/1587
f 1015/1015 2544/2544 3037/3037
f 5435/5435 5499/5499 1406/1406
f 4829/4829 1107/1107 5662/5662
f 3416/3416 3939/3939 3504/3504
f 3358/3358 3652/3652 6261/6261
f 6268/6268 5760/5760 3170/3170
f 5210/5210 4537/4537 5761/5761
f 2644/2644 5761/5761 5887/5887
f 3202/3202 5232/5232 2172/2172
f 1023/1023 4830/4830 2156/2156
f 1283/1283 1395/1395 5762/5762
f 2302/2302 5762/5762 1395/1395
f 3196/3196 5714/5714 2003/2003
f 1258/1258 5618/5618 1393/1393
f 5699/5699 5766/5766 6065/6065
f 2928/2928 1936/1936 5767/5767
f 5422/5422 5767/5767 1936/1936
f 5768/5768 3577/3577 1257/1257
f 2345/2345 5768/5768 1257/1257
f 4799/4799 2556/2556 15/15
f 3787/3787 2463/2463 1803/1803
f 3921/3921 4965/4965 2177/2177
f 1123/1123 5776/5776 4341/4341
f 6158/6158 3712/3712 2037/2037
f 4253/4253 3881/3881 1580/1580
f 3747/3747 5757/5757 3777/3777
f 4710/4710 1098/1098 5478/5478
f 5334/5334 3210/3210 4027/4027
f 5612/5612 5542/5542 1263/1263
f 5779/5779 5526/5526 2746/2746
f 2600/2600 5779/5779 2746/2746
f 5447/5447 1278/1278 2731/2731
f 5613/5613 6131/6131 3186/3186
f 5443/5443 4253/4253 3207/3207
f 1867/1867 2246/2246 4528/4528
f 2876/2876 4407/4407 5425/5425
f 1822/1822 1071/1071 5785/5785
f 2806/2806 5785/5785 1071/1071
f 3012/3012 5001/5001 2248/2248
f 3907/3907 4044/4044 5634/5634
f 3371/3371 6141/6141 5788/5788
f 3707/3707 3631/3631 6252/6252
f 5666/5666 2609/2609 5789/5789
f 3487/3487 4168/4168 1785/1785
f 6192/6192 1136/1136 6160/6160
f 5835/5835 5790/5790 6192/6192
f 5265/5265 2385/2385 2516/2516
f 5022/5022 4356/4356 1146/1146
f 3281/3281 5322/5322 4677/4677
f 4738/4738 3747/3747 5987/5987
f 1480/1480 1129/1129 6201/6201
f 2098/2098 5121/5121 1502/1502
f 4500/4500 5797/5797 195/195
f 1873/1873 5272/5272 3906/3906
f 5799/5799 5942/5942 2673/2673
f 5263/5263 5799/5799 2673/2673
f 5800/5800 1842/1842 1454/1454
f 1771/1771 5800/5800 3934/3934
f 5801/5801 5976/5976 3024/3024
f 6382/6382 5801/5801 3024/3024
f 5476/5476 2689/2689 4125/4125
f 5616/5616 3328/3328 1840/1840
f 2488/2488 5802/5802 3886/3886
f 5803/5803 3311/3311 1478/1478
f 5804/5804 5816/5816 3119/3119
f 3641/3641 5804/5804 3119/3119
f 1062/1062 2619/2619 4282/4282
f 3481/3481 341/341 5806/5806
f 5596/5596 5245/5245 4398/4398
f 5117/5117 4052/4052 1516/1516
f 3398/3398 1384/1384 3337/3337
f 4528/4528 2246/2246 4767/4767
f 4444/4444 3104/3104 5797/5797
f 5499/5499 1195/1195 5810/5810
f 2366/2366 5810/5810 1195/1195
f 1713/1713 5812/5812 996/996
f 2283/2283 6104/6104 1478/1478
f 3978/3978 1433/1433 5662/5662
f 3432/3432 4997/4997 5157/5157
f 4997/4997 3432/3432 1297/1297
f 4847/4847 5815/5815 6079/6079
f 2366/2366 1195/1195 4450/4450
f 5644/5644 3119/3119 5816/5816
f 1504/1504 2870/2870 5820/5820
f 1554/1554 5820/5820 2870/2870
f 4151/4151 4893/4893 5821/5821
f 5601/5601 5821/5821 4893/4893
f 3037/3037 1475/1475 1015/1015
f 1606/1606 1975/1975 5549/5549
f 5822/5822 5823/5823 4589/4589
f 3392/3392 5822/5822 4589/4589
f 1410/1410 4589/4589 5823/5823
f 2026/2026 5823/5823 5822/5822
f 3442/3442 5600/5600 220/220
f 1488/1488 2078/2078 5562/5562
f 5553/5553 5622/5622 5315/5315
f 4105/4105 4869/4869 1671/1671
f 3970/3970 1251/1251 1881/1881
f 4192/4192 2555/2555 5825/5825
f 1673/1673 5825/5825 4707/4707
f 2017/2017 2467/2467 5826/5826
f 2758/2758 5826/5826 2467/2467
f 5395/5395 1582/1582 5827/5827
f 3243/3243 5827/5827 1582/1582
f 990/990 5638/5638 1508/1508
f 2720/2720 4284/4284 3691/3691
f 3567/3567 1519/1519 5832/5832
f 1220/1220 5832/5832 1519/1519
f 5693/5693 3578/3578 2613/2613
f 1584/1584 348/348 5833/5833
f 1007/1007 2303/2303 5835/5835
f 5790/5790 5835/5835 2303/2303
f 1424/1424 1091/1091 5836/5836
f 4636/4636 5836/5836 1091/1091
f 4111/4111 4641/4641 4658/4658
f 4757/4757 5815/5815 1208/1208
f 1526/1526 4757/4757 1208/1208
f 3564/3564 3799/3799 4557/4557
f 3827/3827 5089/5089 3588/3588
f 3989/3989 1454/1454 3546/3546
f 4933/4933 5504/5504 2293/2293
f 1329/1329 3245/3245 5362/5362
f 4492/4492 2684/2684 5386/5386
f 4765/4765 5128/5128 3578/3578
f 2328/2328 1141/1141 5840/5840
f 1419/1419 5840/5840 1141/1141
f 4216/4216 3046/3046 5842/5842
f 2754/2754 5842/5842 3046/3046
f 3617/3617 3976/3976 3995/3995
f 4489/4489 320/320 5843/5843
f 5553/5553 6400/6400 5622/5622
f 3332/3332 1983/1983 5377/5377
f 1308/1308 2168/2168 5844/5844
f 5197/5197 5844/5844 1546/1546
f 1306/1306 1451/1451 5845/5845
f 1716/1716 5845/5845 1451/1451
f 4146/4146 3953/3953 6146/6146
f 4897/4897 3926/3926 3996/3996
f 2802/2802 2337/2337 5047/5047
f 3748/3748 1323/1323 5284/5284
f 1356/1356 2703/2703 5242/5242
f 4727/4727 4115/4115 5585/5585
f 4259/4259 3697/3697 6069/6069
f 3817/3817 6018/6018 1371/1371
f 5855/5855 3677/3677 2944/2944
f 4026/4026 5855/5855 2944/2944
f 5856/5856 1947/1947 1295/1295
f 2728/2728 5856/5856 1295/1295
f 4538/4538 5856/5856 5305/5305
f 5166/5166 4669/4669 1167/1167
f 4876/4876 1364/1364 5860/5860
f 1090/1090 5860/5860 1364/1364
f 5865/5865 4644/4644 1274/1274
f 1142/1142 5865/5865 1274/1274
f 1927/1927 5867/5867 210/210
f 1367/1367 5867/5867 1927/1927
f 3069/3069 2795/2795 5560/5560
f 6002/6002 5527/5527 4495/4495
f 1340/1340 5868/5868 4495/4495
f 4028/4028 2402/2402 4332/4332
f 6261/6261 3652/3652 2227/2227
f 1575/1575 4039/4039 4620/4620
f 4044/4044 1145/1145 5872/5872
f 5872/5872 1145/1145 1156/1156
f 5381/5381 5168/5168 5730/5730
f 1806/1806 5875/5875 1401/1401
f 1805/1805 1894/1894 5129/5129
f 4673/4673 6005/6005 1888/1888
f 1050/1050 4673/4673 1888/1888
f 6098/6098 1208/1208 5815/5815
f 5697/5697 1672/1672 5880/5880
f 1806/1806 5880/5880 1672/1672
f 2045/2045 3492/3492 1547/1547
f 2324/2324 3072/3072 5881/5881
f 2094/2094 5881/5881 3072/3072
f 4335/4335 5221/5221 3586/3586
f 3902/3902 4172/4172 2735/2735
f 3511/3511 2358/2358 3477/3477
f 2511/2511 3830/3830 983/983
f 6309/6309 1214/1214 3646/3646
f 5883/5883 3294/3294 1389/1389
f 2750/2750 5883/5883 1389/1389
f 4262/4262 1349/1349 5884/5884
f 4276/4276 2279/2279 5885/5885
f 4084/4084 6070/6070 5886/5886
f 4739/4739 3623/3623 1278/1278
f 5887/5887 4814/4814 4932/4932
f 5625/5625 2241/2241 5888/5888
f 2656/2656 5888/5888 2241/2241
f 4189/4189 5676/5676 5890/5890
f 1095/1095 5890/5890 5676/5676
f 2381/2381 2508/2508 6061/6061
f 1400/1400 5381/5381 5730/5730
f 4037/4037 1611/1611 4387/4387
f 4936/4936 4901/4901 5136/5136
f 2143/2143 5696/5696 1542/1542
f 5624/5624 5516/5516 2435/2435
f 5897/5897 6407/6407 1585/1585
f 3908/3908 5897/5897 1585/1585
f 4710/4710 5898/5898 1098/1098
f 4671/4671 1256/1256 5900/5900
f 2391/2391 5900/5900 1256/1256
f 2874/2874 5319/5319 1233/1233
f 3113/3113 5390/5390 3878/3878
f 5758/5758 1288/1288 1713/1713
f 1722/1722 1626/1626 5903/5903
f 2628/2628 5903/5903 1626/1626
f 4679/4679 1591/1591 5904/5904
f 1271/1271 4124/4124 2305/2305
f 5979/5979 1054/1054 5906/5906
f 4022/4022 5906/5906 4193/4193
f 2746/2746 1226/1226 5080/5080
f 3798/3798 5080/5080 1226/1226
f 2820/2820 5703/5703 1817/1817
f 1719/1719 4864/4864 3902/3902
f 2656/2656 2890/2890 5908/5908
f 4022/4022 5417/5417 1551/1551
f 5002/5002 2010/2010 5912/5912
f 1507/1507 1849/1849 5914/5914
f 2176/2176 5914/5914 1849/1849
f 3687/3687 3606/3606 225/225
f 3878/3878 1581/1581 5916/5916
f 3802/3802 5916/5916 1581/1581
f 1997/1997 2790/2790 5917/5917
f 2921/2921 5917/5917 2790/2790
f 1289/1289 4703/4703 1639/1639
f 5918/5918 4921/4921 4387/4387
f 3321/3321 5918/5918 4387/4387
f 4776/4776 5097/5097 3924/3924
f 1159/1159 5919/5919 1694/1694
f 3310/3310 1592/1592 5920/5920
f 3491/3491 5920/5920 1592/1592
f 980/980 5272/5272 5922/5922
f 5755/5755 2308/2308 5243/5243
f 3240/3240 2292/2292 3657/3657
f 1633/1633 2120/2120 5924/5924
f 1217/1217 5924/5924 2120/2120
f 3762/3762 6325/6325 5925/5925
f 1193/1193 5925/5925 1605/1605
f 202/202 1677/1677 2772/2772
f 5761/5761 1516/1516 4052/4052
f 1579/1579 6044/6044 5223/5223
f 5431/5431 2338/2338 3762/3762
f 2940/2940 4716/4716 5718/5718
f 5116/5116 5591/5591 2398/2398
f 1680/1680 2092/2092 5717/5717
f 5300/5300 5860/5860 1090/1090
f 3160/3160 2080/2080 5679/5679
f 1298/1298 224/224 5929/5929
f 3602/3602 5929/5929 224/224
f 3243/3243 5482/5482 1867/1867
f 4781/4781 1455/1455 5935/5935
f 4156/4156 5935/5935 1455/1455
f 6087/6087 5936/5936 3629/3629
f 3259/3259 1398/1398 5937/5937
f 4762/4762 5937/5937 1398/1398
f 3759/3759 1052/1052 5939/5939
f 2690/2690 5939/5939 1052/1052
f 5940/5940 3880/3880 4215/4215
f 1710/1710 5940/5940 4215/4215
f 3202/3202 4474/4474 5329/5329
f 6091/6091 1387/1387 3376/3376
f 4479/4479 5797/5797 5689/5689
f 3925/3925 4256/4256 4849/4849
f 4609/4609 295/295 4573/4573
f 1536/1536 3848/3848 2420/2420
f 3473/3473 4718/4718 2696/2696
f 2598/2598 2673/2673 5942/5942
f 2151/2151 5942/5942 5799/5799
f 1117/1117 5960/5960 5701/5701
f 4537/4537 5210/5210 5943/5943
f 5408/5408 3508/3508 4128/4128
f 1777/1777 1040/1040 5944/5944
f 1846/1846 5944/5944 1040/1040
f 3969/3969 4255/4255 1321/1321
f 1457/1457 6094/6094 5945/5945
f 4139/4139 5945/5945 4604/4604
f 4703/4703 1635/1635 4734/4734
f 1492/1492 2605/2605 5946/5946
f 1034/1034 5946/5946 2605/2605
f 5102/5102 3612/3612 4861/4861
f 3599/3599 5760/5760 1597/1597
f 4889/4889 4023/4023 5916/5916
f 6150/6150 1589/1589 5949/5949
f 2836/2836 5949/5949 1589/1589
f 2905/2905 1388/1388 3691/3691
f 2585/2585 2864/2864 5950/5950
f 4097/4097 4627/4627 3106/3106
f 4884/4884 4339/4339 1731/1731
f 4473/4473 1622/1622 4850/4850
f 4174/4174 2770/2770 3920/3920
f 1952/1952 1983/1983 5816/5816
f 1346/1346 1949/1949 4683/4683
f 4573/4573 2723/2723 4609/4609
f 1155/1155 1694/1694 5919/5919
f 5952/5952 4540/4540 1966/1966
f 3175/3175 5952/5952 1966/1966
f 4910/4910 1049/1049 5269/5269
f 2210/2210 5269/5269 1049/1049
f 1891/1891 3955/3955 4273/4273
f 3787/3787 3263/3263 5956/5956
f 2996/2996 5956/5956 3263/3263
f 2875/2875 5059/5059 1409/1409
f 4570/4570 2710/2710 1745/1745
f 1117/1117 6030/6030 5960/5960
f 6307/6307 6117/6117 6177/6177
f 3088/3088 5377/5377 1035/1035
f 3444/3444 4671/4671 1246/1246
f 3232/3232 5596/5596 1408/1408
f 4497/4497 1041/1041 5963/5963
f 2382/2382 5963/5963 1041/1041
f 1626/1626 2145/2145 5964/5964
f 3317/3317 5964/5964 1115/1115
f 2188/2188 2768/2768 5965/5965
f 1108/1108 5965/5965 2768/2768
f 2675/2675 1309/1309 5966/5966
f 3262/3262 5966/5966 1309/1309
f 6221/6221 2887/2887 5968/5968
f 1372/1372 5968/5968 2887/2887
f 2552/2552 4303/4303 1134/1134
f 1019/1019 5952/5952 3175/3175
f 1213/1213 1019/1019 3175/3175
f 6161/6161 5271/5271 5630/5630
f 3881/3881 1536/1536 3628/3628
f 6070/6070 2433/2433 5970/5970
f 3644/3644 5970/5970 2433/2433
f 5422/5422 1977/1977 3340/3340
f 1228/1228 6275/6275 1536/1536
f 5701/5701 5960/5960 4383/4383
f 5618/5618 3614/3614 1393/1393
f 5009/5009 1600/1600 5971/5971
f 1600/1600 6089/6089 5971/5971
f 2166/2166 6240/6240 3104/3104
f 3348/3348 6214/6214 4075/4075
f 1725/1725 319/319 5973/5973
f 1608/1608 6034/6034 4861/4861
f 3845/3845 3939/3939 1379/1379
f 4528/4528 3845/3845 1379/1379
f 1492/1492 3024/3024 5976/5976
f 1212/1212 5976/5976 5801/5801
f 5262/5262 4783/4783 2100/2100
f 4775/4775 1868/1868 5978/5978
f 2241/2241 5978/5978 1868/1868
f 4219/4219 4146/4146 2923/2923
f 1551/1551 1164/1164 5979/5979
f 1681/1681 5979/5979 1164/1164
f 5982/5982 5147/5147 5881/5881
f 1845/1845 5982/5982 5881/5881
f 5297/5297 5197/5197 1546/1546
f 5074/5074 1823/1823 4408/4408
f 1642/1642 1269/1269 5983/5983
f 1620/1620 5983/5983 1269/1269
f 4426/4426 1005/1005 4533/4533
f 2908/2908 1029/1029 5611/5611
f 3843/3843 1402/1402 2533/2533
f 1216/1216 2258/2258 5433/5433
f 5986/5986 3994/3994 244/244
f 5731/5731 5986/5986 244/244
f 3077/3077 2074/2074 5987/5987
f 1017/1017 5987/5987 2074/2074
f 6102/6102 6387/6387 1919/1919
f 1120/1120 5988/5988 1919/1919
f 5989/5989 5756/5756 4629/4629
f 2738/2738 5989/5989 4629/4629
f 6143/6143 1285/1285 5991/5991
f 1839/1839 5991/5991 1285/1285
f 5751/5751 1223/1223 1082/1082
f 2399/2399 5751/5751 1082/1082
f 3199/3199 4046/4046 2686/2686
f 3548/3548 4447/4447 1382/1382
f 2798/2798 3919/3919 1038/1038
f 3466/3466 2368/2368 5992/5992
f 6033/6033 5992/5992 2368/2368
f 4395/4395 5233/5233 4477/4477
f 1884/1884 1579/1579 5884/5884
f 3610/3610 5541/5541 5994/5994
f 345/345 5994/5994 5541/5541
f 2462/2462 2637/2637 5995/5995
f 2925/2925 5995/5995 5249/5249
f 4109/4109 3408/3408 1797/1797
f 1993/1993 5101/5101 1399/1399
f 4179/4179 1374/1374 3837/3837
f 3456/3456 3145/3145 5999/5999
f 3916/3916 5999/5999 3145/3145
f 4516/4516 4710/4710 5695/5695
f 1407/1407 1531/1531 6001/6001
f 2769/2769 6002/6002 5868/5868
f 3674/3674 2576/2576 1056/1056
f 3542/3542 1236/1236 5595/5595
f 5036/5036 6109/6109 1230/1230
f 5279/5279 333/333 3067/3067
f 5502/5502 2707/2707 5086/5086
f 3830/3830 4912/4912 6050/6050
f 4912/4912 3830/3830 1243/1243
f 3943/3943 3263/3263 6004/6004
f 3787/3787 6004/6004 3263/3263
f 1127/1127 1937/1937 6005/6005
f 1405/1405 6005/6005 1937/1937
f 3963/3963 5229/5229 1408/1408
f 5596/5596 3963/3963 1408/1408
f 1300/1300 2898/2898 3865/3865
f 4772/4772 6009/6009 4745/4745
f 2450/2450 996/996 5812/5812
f 1391/1391 2505/2505 1609/1609
f 4702/4702 1177/1177 5651/5651
f 3429/3429 2158/2158 6011/6011
f 2886/2886 6011/6011 2158/2158
f 2664/2664 1460/1460 6012/6012
f 1690/1690 6012/6012 1460/1460
f 5735/5735 4698/4698 4959/4959
f 3608/3608 1143/1143 6014/6014
f 2819/2819 6014/6014 1143/1143
f 3333/3333 6018/6018 3525/3525
f 4076/4076 4294/4294 1570/1570
f 5129/5129 4815/4815 1809/1809
f 3200/3200 1255/1255 6020/6020
f 1541/1541 6020/6020 1255/1255
f 4699/4699 4389/4389 1425/1425
f 5371/5371 3164/3164 4562/4562
f 3428/3428 276/276 4894/4894
f 2816/2816 2847/2847 5068/5068
f 5086/5086 1215/1215 6026/6026
f 5004/5004 6026/6026 1215/1215
f 2352/2352 1026/1026 6028/6028
f 1586/1586 6028/6028 1026/1026
f 3739/3739 1089/1089 1495/1495
f 3167/3167 984/984 6030/6030
f 6129/6129 4077/4077 6031/6031
f 3039/3039 6031/6031 1196/1196
f 1450/1450 2246/2246 6032/6032
f 5639/5639 6032/6032 988/988
f 2912/2912 1299/1299 4763/4763
f 5474/5474 3444/3444 1657/1657
f 2368/2368 5630/5630 6033/6033
f 5271/5271 6033/6033 5630/5630
f 5274/5274 1901/1901 6034/6034
f 4861/4861 6034/6034 1901/1901
f 1202/1202 2172/2172 6036/6036
f 2263/2263 6301/6301 2172/2172
f 3231/3231 3260/3260 4458/4458
f 3377/3377 4458/4458 3260/3260
f 4968/4968 5641/5641 1564/1564
f 4124/4124 4968/4968 1564/1564
f 1811/1811 2289/2289 5665/5665
f 5210/5210 4484/4484 5616/5616
f 4819/4819 3832/3832 5904/5904
f 1275/1275 6039/6039 1666/1666
f 6040/6040 990/990 6205/6205
f 1938/1938 6040/6040 6205/6205
f 3298/3298 5148/5148 4350/4350
f 6264/6264 1531/1531 6041/6041
f 1482/1482 6041/6041 1531/1531
f 2968/2968 5256/5256 6042/6042
f 4182/4182 1586/1586 6043/6043
f 4235/4235 6043/6043 1586/1586
f 3718/3718 3810/3810 2482/2482
f 6044/6044 1579/1579 2015/2015
f 1227/1227 6044/6044 2015/2015
f 1851/1851 2624/2624 4739/4739
f 1486/1486 5608/5608 1128/1128
f 2822/2822 2510/2510 4944/4944
f 2996/2996 3644/3644 5956/5956
f 4474/4474 2115/2115 6045/6045
f 3846/3846 6045/6045 2115/2115
f 3102/3102 5686/5686 6046/6046
f 4216/4216 6046/6046 5686/5686
f 3539/3539 1485/1485 4888/4888
f 1082/1082 5519/5519 5584/5584
f 6048/6048 4963/4963 1487/1487
f 2479/2479 6048/6048 1487/1487
f 5091/5091 6050/6050 1201/1201
f 5825/5825 2093/2093 4192/4192
f 1172/1172 1607/1607 6051/6051
f 3429/3429 1148/1148 3131/3131
f 4235/4235 981/981 3985/3985
f 4207/4207 1736/1736 4574/4574
f 3371/3371 1561/1561 3419/3419
f 3676/3676 5035/5035 1042/1042
f 5323/5323 5171/5171 6330/6330
f 1325/1325 1187/1187 6054/6054
f 5126/5126 6054/6054 1187/1187
f 6306/6306 1316/1316 6055/6055
f 3310/3310 6055/6055 1316/1316
f 3707/3707 6252/6252 6056/6056
f 2574/2574 6056/6056 6252/6252
f 4757/4757 6079/6079 5815/5815
f 5872/5872 5043/5043 1369/1369
f 5037/5037 1127/1127 4673/4673
f 5688/5688 323/323 6059/6059
f 5908/5908 6059/6059 323/323
f 4923/4923 1680/1680 5115/5115
f 2344/2344 1396/1396 4282/4282
f 3932/3932 5832/5832 3096/3096
f 6169/6169 4733/4733 1149/1149
f 4262/4262 1558/1558 6061/6061
f 2127/2127 6061/6061 1558/1558
f 3604/3604 1935/1935 261/261
f 1485/1485 261/261 1935/1935
f 6062/6062 1945/1945 2726/2726
f 3492/3492 6062/6062 2726/2726
f 1483/1483 286/286 6063/6063
f 4244/4244 6063/6063 286/286
f 5218/5218 315/315 6064/6064
f 2253/2253 2825/2825 6065/6065
f 2167/2167 6065/6065 2825/2825
f 2827/2827 1140/1140 6066/6066
f 3169/3169 6066/6066 1140/1140
f 5013/5013 3124/3124 3438/3438
f 3698/3698 1053/1053 4759/4759
f 2000/2000 5709/5709 2176/2176
f 3611/3611 1498/1498 3379/3379
f 5991/5991 5263/5263 4290/4290
f 3163/3163 2256/2256 5194/5194
f 4745/4745 3694/3694 2962/2962
f 6403/6403 1042/1042 6069/6069
f 5035/5035 6069/6069 1042/1042
f 3040/3040 5336/5336 3565/3565
f 3489/3489 4987/4987 6070/6070
f 5112/5112 1677/1677 4607/4607
f 1939/1939 1385/1385 6072/6072
f 2491/2491 6072/6072 1385/1385
f 1990/1990 1031/1031 6073/6073
f 4031/4031 6073/6073 1031/1031
f 4220/4220 3457/3457 1293/1293
f 4855/4855 2346/2346 6074/6074
f 1375/1375 6074/6074 2346/2346
f 5898/5898 342/342 6075/6075
f 4256/4256 1661/1661 6324/6324
f 1571/1571 6324/6324 1661/1661
f 5059/5059 3615/3615 1409/1409
f 5016/5016 2797/2797 3351/3351
f 3262/3262 1376/1376 6076/6076
f 1612/1612 6076/6076 1376/1376
f 5004/5004 2736/2736 5752/5752
f 5006/5006 5081/5081 3163/3163
f 6001/6001 1531/1531 6264/6264
f 5725/5725 2375/2375 6078/6078
f 3097/3097 6078/6078 5715/5715
f 1209/1209 1530/1530 6079/6079
f 4847/4847 6079/6079 1530/1530
f 5116/5116 1068/1068 5591/5591
f 1185/1185 2037/2037 5099/5099
f 4170/4170 2850/2850 1321/1321
f 5709/5709 1059/1059 5284/5284
f 2975/2975 4979/4979 1067/1067
f 6082/6082 998/998 1751/1751
f 3856/3856 6082/6082 3510/3510
f 1341/1341 2249/2249 6087/6087
f 3456/3456 6087/6087 2249/2249
f 1594/1594 2696/2696 4718/4718
f 1571/1571 5971/5971 6089/6089
f 5344/5344 5417/5417 1281/1281
f 3474/3474 1204/1204 6091/6091
f 1992/1992 6091/6091 1204/1204
f 1812/1812 1256/1256 5474/5474
f 6093/6093 1719/1719 2585/2585
f 5294/5294 6093/6093 2585/2585
f 5582/5582 1378/1378 6094/6094
f 5056/5056 6094/6094 1378/1378
f 3894/3894 4877/4877 4310/4310
f 2001/2001 5563/5563 324/324
f 4873/4873 2616/2616 4905/4905
f 1343/1343 5108/5108 2276/2276
f 3122/3122 1919/1919 6387/6387
f 1835/1835 6387/6387 6102/6102
f 4624/4624 3016/3016 4276/4276
f 5108/5108 1157/1157 4760/4760
f 3801/3801 2490/2490 1784/1784
f 5685/5685 4446/4446 4628/4628
f 4213/4213 5468/5468 6097/6097
f 2221/2221 6097/6097 5631/5631
f 3872/3872 994/994 6098/6098
f 1535/1535 6098/6098 994/994
f 5204/5204 2042/2042 6099/6099
f 2835/2835 6099/6099 2042/2042
f 2754/2754 3824/3824 5842/5842
f 2806/2806 5235/5235 5295/5295
f 1919/1919 5988/5988 6102/6102
f 1086/1086 6102/6102 5988/5988
f 6104/6104 4990/4990 5813/5813
f 1478/1478 6104/6104 5813/5813
f 4128/4128 6105/6105 1297/1297
f 3508/3508 6105/6105 4128/4128
f 2791/2791 4677/4677 6106/6106
f 5322/5322 6106/6106 4677/4677
f 2263/2263 5232/5232 2377/2377
f 1490/1490 3069/3069 6108/6108
f 3824/3824 6108/6108 3069/3069
f 4779/4779 1851/1851 6109/6109
f 1985/1985 6109/6109 1851/1851
f 2928/2928 6110/6110 1936/1936
f 2002/2002 1178/1178 6111/6111
f 6111/6111 1178/1178 6377/6377
f 1247/1247 2177/2177 1021/1021
f 2532/2532 6112/6112 2793/2793
f 2690/2690 6112/6112 2532/2532
f 2186/2186 6115/6115 6382/6382
f 2063/2063 5460/5460 6116/6116
f 2801/2801 6116/6116 5460/5460
f 1472/1472 1137/1137 5598/5598
f 5989/5989 6117/6117 6307/6307
f 987/987 4483/4483 3155/3155
f 4847/4847 1530/1530 2030/2030
f 6118/6118 3347/3347 3006/3006
f 2226/2226 6118/6118 3006/3006
f 1157/1157 5564/5564 2136/2136
f 4478/4478 1453/1453 6119/6119
f 3662/3662 6119/6119 1453/1453
f 1336/1336 985/985 6120/6120
f 3224/3224 6120/6120 985/985
f 2338/2338 3132/3132 6121/6121
f 4388/4388 6122/6122 5214/5214
f 3504/3504 3939/3939 6125/6125
f 4797/4797 6125/6125 3939/3939
f 2199/2199 1153/1153 6126/6126
f 1125/1125 6126/6126 1153/1153
f 6234/6234 6128/6128 4450/4450
f 1196/1196 6128/6128 6234/6234
f 1192/1192 5147/5147 1456/1456
f 6041/6041 1482/1482 6129/6129
f 1802/1802 6129/6129 1482/1482
f 2877/2877 2747/2747 6130/6130
f 1584/1584 6130/6130 2747/2747
f 3290/3290 6110/6110 1465/1465
f 2078/2078 3186/3186 6131/6131
f 4038/4038 6131/6131 5613/5613
f 1712/1712 2290/2290 6134/6134
f 2002/2002 6134/6134 2290/2290
f 2203/2203 2361/2361 6135/6135
f 4147/4147 6135/6135 2361/2361
f 5845/5845 2781/2781 6136/6136
f 2657/2657 6136/6136 2781/2781
f 3279/3279 1312/1312 3809/3809
f 1764/1764 3013/3013 6138/6138
f 1493/1493 6138/6138 4869/4869
f 1130/1130 2453/2453 6141/6141
f 5788/5788 6141/6141 2453/2453
f 1513/1513 1619/1619 6142/6142
f 1161/1161 6142/6142 1619/1619
f 6143/6143 4290/4290 6020/6020
f 1541/1541 6143/6143 6020/6020
f 2146/2146 2348/2348 6144/6144
f 6109/6109 6144/6144 2348/2348
f 3953/3953 2295/2295 6146/6146
f 3309/3309 6146/6146 2295/2295
f 5068/5068 2847/2847 4122/4122
f 3985/3985 6150/6150 5949/5949
f 6356/6356 4039/4039 1575/1575
f 6322/6322 1782/1782 5679/5679
f 5802/5802 2488/2488 1368/1368
f 1863/1863 6359/6359 6152/6152
f 5725/5725 328/328 6153/6153
f 5310/5310 6153/6153 328/328
f 5667/5667 2203/2203 6135/6135
f 1524/1524 6385/6385 6157/6157
f 4611/4611 6157/6157 6385/6385
f 3128/3128 2675/2675 6115/6115
f 2037/2037 1185/1185 6158/6158
f 2499/2499 6182/6182 6159/6159
f 3256/3256 6159/6159 4685/4685
f 6192/6192 5692/5692 1136/1136
f 4452/4452 2574/2574 6161/6161
f 1354/1354 1106/1106 6162/6162
f 3880/3880 6162/6162 1106/1106
f 1565/1565 5435/5435 6167/6167
f 5779/5779 6167/6167 5435/5435
f 1149/1149 1531/1531 6169/6169
f 1407/1407 6169/6169 1531/1531
f 3070/3070 1175/1175 6170/6170
f 2248/2248 6170/6170 1175/1175
f 5832/5832 2461/2461 3567/3567
f 5328/5328 2340/2340 6174/6174
f 5908/5908 2890/2890 6059/6059
f 1464/1464 6059/6059 2890/2890
f 1632/1632 1695/1695 4087/4087
f 5065/5065 6175/6175 1688/1688
f 1386/1386 6175/6175 5065/5065
f 5033/5033 1176/1176 2757/2757
f 5960/5960 6030/6030 6177/6177
f 984/984 6177/6177 6030/6030
f 4341/4341 4388/4388 1118/1118
f 5121/5121 1003/1003 6181/6181
f 5074/5074 6181/6181 1003/1003
f 4746/4746 6074/6074 3010/3010
f 2270/2270 1180/1180 6183/6183
f 2739/2739 6183/6183 1180/1180
f 2477/2477 6182/6182 1258/1258
f 6184/6184 6143/6143 1541/1541
f 2175/2175 6184/6184 1541/1541
f 5140/5140 1591/1591 6332/6332
f 1340/1340 6332/6332 1591/1591
f 2501/2501 1147/1147 6190/6190
f 2015/2015 6190/6190 1147/1147
f 5803/5803 1478/1478 6191/6191
f 5813/5813 6191/6191 1478/1478
f 293/293 5226/5226 5639/5639
f 1347/1347 1103/1103 6160/6160
f 6160/6160 2179/2179 6192/6192
f 5835/5835 6192/6192 2179/2179
f 3982/3982 4611/4611 2797/2797
f 1239/1239 5090/5090 2861/2861
f 6130/6130 1239/1239 2861/2861
f 2278/2278 1251/1251 6194/6194
f 2519/2519 6194/6194 1251/1251
f 1671/1671 1660/1660 6195/6195
f 1641/1641 6195/6195 5580/5580
f 1741/1741 2645/2645 4036/4036
f 1498/1498 6177/6177 984/984
f 4944/4944 2782/2782 6197/6197
f 1390/1390 6197/6197 2782/2782
f 1891/1891 6268/6268 6198/6198
f 1547/1547 6198/6198 6268/6268
f 5104/5104 5403/5403 6199/6199
f 1939/1939 6199/6199 5403/5403
f 5671/5671 2443/2443 1224/1224
f 1601/1601 4979/4979 1993/1993
f 6201/6201 5483/5483 346/346
f 1480/1480 6201/6201 346/346
f 3131/3131 4625/4625 6181/6181
f 1996/1996 3131/3131 6181/6181
f 2559/2559 1752/1752 6205/6205
f 1938/1938 6205/6205 1752/1752
f 6177/6177 6117/6117 5960/5960
f 3093/3093 1955/1955 6206/6206
f 2102/2102 6206/6206 1955/1955
f 6248/6248 6253/6253 6208/6208
f 3139/3139 6208/6208 6253/6253
f 6209/6209 5666/5666 2275/2275
f 2358/2358 6209/6209 2275/2275
f 4223/4223 5162/5162 4690/4690
f 1035/1035 1178/1178 6210/6210
f 2290/2290 6210/6210 1178/1178
f 1489/1489 5780/5780 6211/6211
f 1887/1887 6211/6211 5780/5780
f 3941/3941 1528/1528 3743/3743
f 1410/1410 1405/1405 6214/6214
f 4210/4210 6214/6214 1405/1405
f 1142/1142 1274/1274 5950/5950
f 2949/2949 5677/5677 2628/2628
f 5968/5968 1417/1417 6221/6221
f 2178/2178 6221/6221 1417/1417
f 3309/3309 5897/5897 5164/5164
f 2817/2817 2726/2726 1945/1945
f 3817/3817 1491/1491 1013/1013
f 5618/5618 1861/1861 6224/6224
f 2644/2644 6224/6224 1861/1861
f 990/990 1508/1508 1855/1855
f 4722/4722 2451/2451 5408/5408
f 5949/5949 3209/3209 3985/3985
f 1576/1576 1175/1175 6227/6227
f 4394/4394 6227/6227 4702/4702
f 1860/1860 1161/1161 6228/6228
f 2205/2205 6228/6228 1161/1161
f 2728/2728 5458/5458 6232/6232
f 6073/6073 6232/6232 5458/5458
f 3165/3165 1050/1050 6174/6174
f 3375/3375 6233/6233 6288/6288
f 4450/4450 3039/3039 6234/6234
f 1196/1196 6234/6234 3039/3039
f 5214/5214 1118/1118 4388/4388
f 6135/6135 1045/1045 6237/6237
f 5922/5922 6121/6121 3132/3132
f 5437/5437 1878/1878 6239/6239
f 1030/1030 6239/6239 1878/1878
f 2741/2741 2091/2091 6240/6240
f 5689/5689 6240/6240 2091/2091
f 1203/1203 2773/2773 4180/4180
f 1520/1520 4199/4199 5705/5705
f 2624/2624 1851/1851 6244/6244
f 4779/4779 6244/6244 1851/1851
f 6363/6363 6359/6359 1828/1828
f 6152/6152 6359/6359 6363/6363
f 2664/2664 4247/4247 4778/4778
f 1605/1605 5641/5641 1193/1193
f 2727/2727 1296/1296 5399/5399
f 5399/5399 1296/1296 1008/1008
f 6126/6126 5297/5297 2775/2775
f 2870/2870 6221/6221 2178/2178
f 6208/6208 1015/1015 6248/6248
f 2088/2088 6248/6248 1015/1015
f 6233/6233 4295/4295 6288/6288
f 263/263 264/264 6249/6249
f 6304/6304 6250/6250 2333/2333
f 3603/3603 6250/6250 6304/6304
f 1111/1111 5391/5391 2968/2968
f 3527/3527 3090/3090 6251/6251
f 1665/1665 6251/6251 3090/3090
f 6267/6267 4549/4549 1834/1834
f 2574/2574 6252/6252 6267/6267
f 6253/6253 6248/6248 2349/2349
f 5053/5053 6253/6253 2349/2349
f 6392/6392 5544/5544 6257/6257
f 1704/1704 6257/6257 5544/5544
f 1781/1781 1363/1363 2299/2299
f 5084/5084 1479/1479 2583/2583
f 2279/2279 1264/1264 6259/6259
f 4104/4104 6259/6259 1241/1241
f 5696/5696 2146/2146 6144/6144
f 6329/6329 6261/6261 1909/1909
f 3634/3634 6261/6261 6329/6329
f 4678/4678 1501/1501 4940/4940
f 2031/2031 6264/6264 5031/5031
f 6001/6001 6264/6264 2031/2031
f 2020/2020 1484/1484 6266/6266
f 2856/2856 6266/6266 1484/1484
f 1834/1834 6161/6161 6267/6267
f 2574/2574 6267/6267 6161/6161
f 4273/4273 6268/6268 1891/1891
f 5241/5241 6268/6268 4273/4273
f 6379/6379 184/184 4191/4191
f 4855/4855 1319/1319 6269/6269
f 3990/3990 6269/6269 1319/1319
f 1010/1010 1207/1207 2121/2121
f 5180/5180 1259/1259 3651/3651
f 1604/1604 1476/1476 6275/6275
f 3848/3848 6275/6275 1476/1476
f 4596/4596 2226/2226 6315/6315
f 1005/1005 6295/6295 5401/5401
f 6284/6284 1288/1288 2750/2750
f 1389/1389 6284/6284 2750/2750
f 2022/2022 1380/1380 6288/6288
f 3375/3375 6288/6288 1380/1380
f 6292/6292 1479/1479 5084/5084
f 1129/1129 6292/6292 5084/5084
f 5120/5120 6294/6294 6342/6342
f 4826/4826 5401/5401 6295/6295
f 1525/1525 6297/6297 3376/3376
f 3532/3532 6297/6297 1525/1525
f 4295/4295 2022/2022 6288/6288
f 6301/6301 5425/5425 6036/6036
f 2172/2172 6301/6301 6036/6036
f 2333/2333 1163/1163 6304/6304
f 3603/3603 6304/6304 1163/1163
f 3638/3638 1126/1126 4130/4130
f 2427/2427 1483/1483 6306/6306
f 3717/3717 6306/6306 1483/1483
f 1498/1498 3611/3611 6307/6307
f 2121/2121 6307/6307 3611/3611
f 6367/6367 6309/6309 3646/3646
f 1039/1039 6309/6309 6367/6367
f 3882/3882 1142/1142 6310/6310
f 6402/6402 6310/6310 1142/1142
f 2226/2226 6319/6319 6315/6315
f 5695/5695 6315/6315 3004/3004
f 6334/6334 6249/6249 264/264
f 6395/6395 1290/1290 1073/1073
f 3006/3006 3004/3004 6319/6319
f 6315/6315 6319/6319 3004/3004
f 4966/4966 2024/2024 6320/6320
f 1254/1254 6320/6320 2024/2024
f 4300/4300 1799/1799 6322/6322
f 4351/4351 6322/6322 1799/1799
f 1571/1571 6089/6089 6324/6324
f 1352/1352 6324/6324 6089/6089
f 1345/1345 1605/1605 6325/6325
f 5925/5925 6325/6325 1605/1605
f 6341/6341 6326/6326 2556/2556
f 1010/1010 6326/6326 6341/6341
f 1909/1909 1799/1799 6329/6329
f 3634/3634 6329/6329 1799/1799
f 2805/2805 6330/6330 6342/6342
f 6343/6343 6331/6331 1577/1577
f 3743/3743 6331/6331 6343/6343
f 1077/1077 3187/3187 6332/6332
f 2897/2897 6332/6332 3187/3187
f 264/264 265/265 6334/6334
f 4716/4716 6334/6334 265/265
f 2556/2556 2111/2111 6341/6341
f 1010/1010 6341/6341 2111/2111
f 6330/6330 2459/2459 6342/6342
f 5120/5120 6342/6342 2459/2459
f 1577/1577 5586/5586 6343/6343
f 3743/3743 6343/6343 4186/4186
f 3900/3900 2056/2056 6348/6348
f 2908/2908 6349/6349 1029/1029
f 4336/4336 6349/6349 2908/2908
f 5180/5180 6353/6353 2985/2985
f 3651/3651 6353/6353 5180/5180
f 5519/5519 6356/6356 2225/2225
f 1082/1082 6356/6356 5519/5519
f 1226/1226 6357/6357 4090/4090
f 3834/3834 6357/6357 1226/1226
f 2805/2805 6342/6342 6294/6294
f 1863/1863 1577/1577 6359/6359
f 3727/3727 6359/6359 1577/1577
f 4813/4813 6360/6360 6175/6175
f 4693/4693 6360/6360 4813/4813
f 1828/1828 2063/2063 6363/6363
f 6152/6152 6363/6363 2063/2063
f 5456/5456 1468/1468 6365/6365
f 5306/5306 6365/6365 1468/1468
f 1492/1492 2543/2543 6366/6366
f 2959/2959 6366/6366 2543/2543
f 3646/3646 2955/2955 6367/6367
f 1039/1039 6367/6367 2955/2955
f 3081/3081 1154/1154 6373/6373
f 1332/1332 6373/6373 1154/1154
f 5868/5868 1340/1340 6374/6374
f 2729/2729 6374/6374 1340/1340
f 2437/2437 4929/4929 6375/6375
f 5013/5013 6375/6375 4929/4929
f 4109/4109 6348/6348 6376/6376
f 2056/2056 6376/6376 6348/6348
f 5377/5377 1952/1952 6377/6377
f 6111/6111 6377/6377 4905/4905
f 1537/1537 1595/1595 6379/6379
f 2540/2540 6379/6379 1595/1595
f 2469/2469 2798/2798 6381/6381
f 3701/3701 6381/6381 2798/2798
f 6115/6115 2675/2675 6382/6382
f 3190/3190 6382/6382 2675/2675
f 2819/2819 1143/1143 6383/6383
f 5419/5419 6383/6383 1143/1143
f 1524/1524 2979/2979 6385/6385
f 1780/1780 6385/6385 2979/2979
f 4506/4506 1537/1537 6386/6386
f 6379/6379 6386/6386 1537/1537
f 4375/4375 2295/2295 6387/6387
f 3953/3953 6387/6387 2295/2295
f 6257/6257 1510/1510 6392/6392
f 2985/2985 6392/6392 1510/1510
f 6237/6237 1045/1045 6393/6393
f 1979/1979 6393/6393 1045/1045
f 4320/4320 3639/3639 6395/6395
f 3637/3637 6395/6395 3639/3639
f 1327/1327 2261/2261 6396/6396
f 1073/1073 6396/6396 2261/2261
f 4222/4222 5083/5083 6397/6397
f 3106/3106 6397/6397 5083/5083
f 4204/4204 2856/2856 6398/6398
f 1414/1414 6398/6398 2856/2856
f 2076/2076 2383/2383 6400/6400
f 1949/1949 6400/6400 2383/2383
f 6228/6228 3829/3829 6401/6401
f 4759/4759 6401/6401 3829/3829
f 5196/5196 5473/5473 6402/6402
f 2538/2538 6402/6402 5473/5473
f 2891/2891 5402/5402 6403/6403
f 2886/2886 6403/6403 5402/5402
f 5897/5897 2295/2295 6407/6407
f 4375/4375 6407/6407 2295/2295
