# vtk DataFile Version 2.0
finer_cylinder, Created by Gmsh
ASCII
DATASET UNSTRUCTURED_GRID
POINTS 1265 double
-0.999841928 0.032441929 0.0499935076
-0.999488533 0.0208633617 -0.0499416292
-0.9982775760789109 0.04594190683988351 0.0004550775302024732
-0.9978421734886231 -0.03720062554962322 0.002058501540062894
-0.995007515 0.100135714 -0.0499997884
-0.993926287 -0.106447116 0.0499975607
-0.994771199186414 -0.09127489975798084 -0.0499463704841176
-0.993592143 0.109236218 0.0499961637
-0.9876027284276411 -0.1535050814014006 -0.001797273839643865
-0.983785391 -0.179816484 -0.0499825105
-0.9818075827789345 -0.1899633670979151 0.04999318533605594
-0.9761095780229275 0.2142914471476738 0.04999343760209626
-0.974837485464068 0.2199580021222123 -0.04999264699625805
-0.9736407354459037 -0.2214855930488659 -0.0002454749584245687
-0.9655202748316609 -0.254886153038631 -0.05000795965735767
-0.9631798175763994 0.2680629720969794 -0.0003003570815516812
-0.9630776346744042 -0.2670344775421089 0.05000359252284914
-0.954739928 0.297172338 0.0499911904
-0.9520425497500693 0.3052759295957329 -0.04999596868781396
-0.9492260810000001 -0.312042117 -0.00166284502
-0.03776752971677112 0.07161349240831025 -0.0500000007
-0.9462962150000001 -0.319082558 -0.0499998741
-0.08162109359535831 0.05034076683496262 0.0500000007
-0.9377609574903916 0.3431692999578174 -0.002667384682043515
-0.929374039 0.369089216 0.0500035062
-0.929180384 -0.370081604 0.0499953479
-0.3021347582354486 -0.04971077716944849 -0.001747242132663502
-0.924989343 0.379186928 -0.0500021204
-0.9203865530000001 -0.390904576 -0.0499916077
-0.9078360560758183 0.4170909150067921 0.002560823776264626
-0.899848024788081 -0.4330529709167434 0.003328931505600607
-0.885742545 0.46134454 -0.050000336
-0.885126352 -0.464648366 -0.0500044748
-0.88026464 0.473948866 0.0500074327
-0.8763480178500869 -0.479747480481056 0.04999326499916769
-0.8677609096060867 0.4970344692843413 0.0003788314323506315
-0.857575893 -0.51291424 -0.00292888493
-0.8411902483412282 0.5410865968460403 -0.04999469749926469
-0.841804445 0.539803624 0.049981717
-0.829346001 -0.559043169 0.0500080436
-0.8208203387211546 0.5689387757370222 0.002192138826145412
-0.819150865 -0.57348454 -0.0499963462
-0.7964378 0.602371573 0.0500036515
-0.795984864 0.603014767 -0.05000991
-0.783699453 -0.618926167 0.050001137
-0.7702406862127265 -0.6360375999269758 -0.003602254785540982
-0.7663632662255568 0.6415317653289008 0.002628124572591295
-0.7619897601655974 -0.6469005570428902 -0.0499835624787377
-0.744516015 0.667093873 0.0499937385
-0.7474229486346977 0.6627256574792316 -0.04999266469859483
-0.736423433 -0.675908208 0.0499940142
-0.7226463709073704 -0.6889644998788615 -0.002052162211747074
-0.714087367 0.699383855 -0.000176136382
-0.688479841 0.724699497 0.0499896482
-0.69067411897901 0.7225196648931251 -0.04999352839138991
-0.678228021 -0.734718978 0.0500008166
-0.677697659 -0.735288441 -0.049996078
-0.65163821 0.756757259 0.000125832157
-0.6309848217221615 0.7756288064166378 0.05000894685804058
-0.6154846678707607 0.7872570303804758 -0.05000541580936377
-0.6299300120161965 -0.775560782318526 -0.003633381383637849
-0.579880834 -0.814563513 -0.0500009432
-0.5840027683132529 0.8105959585614297 -0.001832743095149614
-0.5819644221436813 -0.8126185765323518 0.04999675828592812
-0.5620077331962758 0.8253983034398241 0.04999956711016187
-0.549132884 -0.83407855 -1.35390255e-05
-0.5218373058753898 0.8527903580293354 -0.04999095023783284
-0.50987494 -0.859829903 -0.0499977097
-0.505548330377757 -0.8622217840358302 0.04999619562065288
-0.507355175782738 0.861652231238903 0.04999706931650724
-0.4871679218188038 -0.872269598740062 0.003945628052038502
-0.464442136260985 0.88410738062168 0.001641953150853132
-0.4456611726485249 0.8941621215508885 -0.05000577925501066
-0.449972928 -0.892941654 -0.0500057563
-0.4389224993409768 -0.8982663683069612 0.0499968078688452
-0.422980696 0.905764401 0.0499982089
-0.4112967626368835 -0.9109085480328035 -0.001269970281148772
-0.3947060796729232 0.917682212481759 -0.002087950751543162
-0.363496959 -0.930120587 0.0500001535
-0.339066178 0.940432668 0.0499938689
-0.336904138 0.941521764 -0.0499983393
-0.319151968 -0.947382927 -0.0499923378
-0.301704553894994 0.9527217865310412 0.002137225394921116
-0.2877414595322467 -0.9573111132191522 0.04998903199668007
-0.259530902 0.965659261 0.0500153489
-0.253678381 0.96683377 -0.0500117019
-0.243274853 -0.970047176 -0.0500026345
-0.2189050749618282 0.9757731458285747 -0.002445889634281939
-0.215067342 -0.976636231 0.0499992818
-0.181966357352295 0.9813559189085398 0.04998579316676615
-0.168681562 0.984282732 -0.0499966368
-0.16191794 -0.985089302 -0.0499958768
0.06807159539687392 0.4367795867088807 -0.002677081573518813
-0.1342393134794334 0.9894970155129682 -0.002553514767974474
-0.1289051257630938 -0.9900768420149609 0.001579627119231954
-0.111926936 0.993673623 0.0500020795
-0.0740260596382014 0.9967125163210752 -0.0499995270783908
-0.0813398436 -0.99658066 -0.0499852076
-0.0770381689 -0.996902525 0.0499964878
-0.05205557328613401 0.9981613378626242 0.002400892076623824
-0.05563502707499869 -0.9979000077302391 -0.0007338257016414364
0.005568547103474819 -0.9996027708674594 0.04999341788665796
0.00596272526 -0.999982238 -0.0499998815
0.00411499381941305 0.9999137688074115 -0.04999958568782393
0.0178104695 0.999914289 0.0500059724
0.06350100397302488 -0.9972794264299081 -0.00270639869083121
0.0777441785 -0.997203946 0.0499911346
0.08391769438955854 -0.9959714855164731 -0.04998980837563365
0.0922146514 0.995518386 0.0499902144
0.08860287678876483 0.9955606934536696 -0.04999011465441334
0.138743952 -0.988896132 0.00401171111
0.4733562423602948 -0.3157609874094062 -0.0500000007
0.150807232 0.987151146 0.00252332306
0.168657616 -0.984292269 -0.0499969348
0.174935699 0.984285533 -0.0500030555
0.216820464 0.9760754109999999 0.0499921329
0.22053206 -0.975105584 0.0499953553
0.2336690389886839 0.9714649407126283 0.0005738290785026936
0.24580279 0.967967808 -0.0500000529
0.2476877492206852 -0.9682976195263882 -0.05000023634023201
0.279748052 -0.959340274 0.000725253893
0.2986401503133999 0.9543535905322617 0.04999930550605899
0.2967290435710446 0.9545438677165591 -0.002960605829975611
0.307178944 -0.951632261 0.0499982536
0.3164997334056416 0.9484725621678743 -0.04999952484643478
0.3147290774549635 -0.948789073383984 -0.04999536088609463
0.3461036782921089 -0.9365080326185627 -0.004494743277033338
0.3642470992913319 0.9306807412646666 0.002423871886412526
0.384200722 0.923165798 0.0499876998
0.386476099 -0.921888411 0.0499991477
0.395602917352781 -0.9182351049170985 -0.05000306928420609
0.402202755 0.915141344 -0.0500023402
0.4452077675178032 -0.8947331464609526 -0.002824992355124083
0.03551562049591999 0.3670095481786103 0.0500000007
0.451429337 -0.890802026 0.0500000045
0.452567786 0.89015913 0.00149916206
0.497085210395201 0.8665261103781061 -0.04998967402576065
0.5162035230000001 0.856604099 0.0499906726
0.517235339 -0.855733991 0.0499950573
0.518181145 -0.855203271 -0.0499992967
0.5317130721180032 0.8460703090256105 0.0003719233346225477
0.5760806370042418 0.8173770744554858 -0.04999294049155802
0.5798747694608969 -0.8128371337632776 3.804489167776482e-05
0.7650568454866091 0.1628759445783099 -0.04999997622697253
0.593625367 0.804422855 0.0499924049
0.619882107 -0.7846522929999999 -0.049979575
0.6298563315577005 0.7746196955650942 -0.04999937323438305
0.638916671 -0.769952059 0.049981989
0.6465693221786928 0.7615037270819577 -0.003424215119814244
0.649453223 -0.760052681 -2.2920527e-05
0.661067963 0.749986351 0.0499909669
0.684494913 -0.728707373 -0.0499985591
0.6917213800000001 0.7218720320000001 -0.0500028059
0.700524986 -0.713549793 0.0500031784
0.701720417 0.7104468350000001 -0.00122357963
0.6690782907080454 -0.2585657116226158 0.0500000007
0.7426594828152935 -0.6674556665374286 -0.05000128190217388
0.7393683498356967 -0.6719536651368185 -0.0003525335085080268
0.751979947 0.659125626 0.049998641
0.753708601 0.656848311 -0.0499905124
0.757926941 -0.65168941 0.0499957763
0.786063433 -0.61857599 -0.0500104651
0.79437393 -0.605355978 0.00254426571
0.7998878713390098 0.5976668620242906 0.004765312535416724
0.8096656800000001 0.586765707 -0.0499997213
0.8279058929999999 0.560832083 0.0499847531
0.8355296072347657 -0.5487393320765911 0.0499973319196924
0.833087802 -0.552893221 -0.0499947257
0.8469992249431152 0.5307785680578533 -0.00159020000361114
0.86855495 0.495348513 0.0499964058
0.881023645 -0.472767085 -0.0499869175
0.882340729 0.470454931 -0.0500004143
0.893334568 -0.449611396 0.0499729663
0.8934602615224714 -0.4471801250118906 -0.001455680841348276
0.904742241 0.422306299 0.0500008427
0.91753608 0.395625502 -0.00295975339
0.918794751 -0.394226164 -0.0499906838
0.927375317 -0.374309689 0.0500051975
0.93678236 0.34956181 -0.0500130989
0.937269151 0.347946614 0.0500077456
0.9448106570586868 -0.325234285140503 0.004692267605752554
0.9453728033294042 0.3212727236412075 0.001007057962228596
0.954691052 -0.296748668 0.0499929413
0.9585878249999999 -0.28459242 -0.0499984436
0.962301016 0.271849096 -0.0499708205
0.9654071572713472 -0.2553112054802061 0.001001503248368233
0.964345694 0.2655406 0.0499796197
0.9710101777657866 0.2372078366752328 0.0005218497774419963
0.9774904250000001 -0.210016578 0.0499712713
0.979575133376629 -0.1983259651627804 -0.04999498241188603
0.981938362 0.18916285 -0.0500117764
0.984132066663021 0.1754790016244769 0.05000225543783551
0.9887002110000001 -0.140069619 0.0499979109
0.499451988751733 -0.2226738324911433 -0.0500000007
0.9892890333683599 0.1353377160462857 -0.002109319955175063
0.992460251 0.119555734 -0.0499960743
0.994652808 0.0996027291 0.0499786921
0.9970387764365963 0.06496024299164951 -0.001466168978212008
0.997786582 -0.066933006 -0.049991779
0.997949898 -0.06559338419999999 0.0499327071
0.9991528854931379 -0.001430691511398682 -0.005401164197609784
0.9996839155106765 0.01523348421079329 0.050000931879852
0.999933779 0.00430421904 -0.049996227
0.7317959970629442 0.3056799447661329 -0.05000030357504009
-0.1208331734534367 0.2667386566889494 0.0500000007
-0.09564039318440892 -0.4627556980489896 -0.0500000007
0.8185010224461059 -0.02252271387492566 -0.04999999565438239
-0.2509860468175955 -0.4028861872779667 -0.05000343168141436
-0.05368190059745195 -0.0215975950022379 -0.0500000007
-0.02876809816955934 -0.16868350048832 -0.0500000007
-0.2095904908916277 -0.7971343413577855 -0.04999998993014679
-0.6106464917399763 -0.4550747430657038 -0.0500000007
0.3312283816204132 0.7385143161108279 0.050000002641261
0.4679604300893681 0.005073505293930913 0.0500000007
0.09320083616165264 0.1327745981924932 -0.0500000007
-0.2300849740680708 -0.4283611547739546 -0.002039922330676318
0.1859789340102542 0.7420063182127434 0.05000000006405682
-0.04835231454083036 0.3212123275938448 0.0500000007
-0.7843232210438957 -0.2790920779992939 0.05000000612669347
-0.6320002493578124 0.3841270843578356 -0.0500000007
-0.6452972854970727 -0.4759477632558615 -0.003944157349103201
-0.8091008798060395 -0.1920135506523223 -0.04999995148406164
-0.8100009157878758 -0.1195314170386504 0.001640555208834011
0.4061558825705812 -0.1225357567129255 0.0500000007
-0.5011992242233914 -0.4474863538268916 0.0500000007
-0.2604712987362679 0.1209097779807721 0.0500000007
0.6852822113154438 -0.5098274174169112 0.04999999457290998
-0.8458805520867169 -0.0314938703311679 0.04999999646432395
-0.02741004516902354 -0.3218921171538938 0.0500000007
-0.2098347970223726 0.8155028737301597 -0.04999720284640792
-0.3178633360952604 -0.4471463177846953 -0.0500000007
0.4489408699435731 -0.4035060121667981 -0.0500000007
-0.09052930584186489 -0.2659956817143132 -0.0500000007
-0.5494492107465958 -0.4595984207633447 -0.0008248597672253004
0.8220089514965037 0.1814805671236141 0.00145564948701812
-0.8340381932687401 0.1013872720994167 -0.05000000334965392
-0.8171424553754023 -0.09772451348685364 -0.04999996567227243
0.07597163924452909 -0.1274748183326555 -0.0500000007
-0.8050917291860444 0.1868686934986541 -0.04999999991070327
-0.5567784677162385 -0.5279051874762892 -0.05000000647128996
-0.7696313704868388 -0.344927732699329 0.05000000363106061
0.2581960964095369 0.7317659067960723 0.04999975637232884
-0.2681423141643812 -0.05480540152443568 0.0500000007
-0.7189215544927084 -0.4044804763394527 0.05000000702129197
0.5173408206217054 0.3722386365081364 0.0500000007
0.768833586243844 0.07453069934425174 -0.05000000039713423
-0.26634759914783 0.04025774126572255 0.0500000007
0.6159570004425184 0.5566368339724932 -0.05000000322848122
0.83991766398646 -0.1030494324024733 -0.04999994371954884
0.444346012803861 -0.1440793689458023 -0.0500000007
0.3312470896428067 0.5335426901771738 -0.0500000007
0.5397563003640928 -0.4641312256331953 0.0500000007
0.698932961597667 -0.4457772926858631 0.04999999394368911
-0.281909256359504 -0.6576717431245722 0.0500000007
0.2414754742967554 0.4603322229218806 0.0500000007
-0.8427594752854827 0.05375548447835465 0.04999999173353138
-0.1664399591925586 -0.3440278173476786 -0.0500000007
-0.3227140023550046 0.4329442110777766 0.0500000007
0.234479878703784 0.3027819959109962 -0.0500000007
-0.2873337720043633 0.7940535134410193 -0.05000000396850031
-0.1345738686628549 -0.09724931141196407 0.0500000007
-0.1242298887547876 0.2036065458826128 -0.005404168646331474
0.7250981532239829 0.6028688759140604 -0.04999871142414881
-0.06867106627909043 -0.2875525664017858 0.003172765723701198
0.4568824667548191 0.5209373042241052 0.0500000007
-0.1630344081521107 0.1964398250007458 0.0500000007
0.008125068312229745 0.478171345578585 -0.0500000007
-0.6968376867347357 -0.483568703106239 -0.04999996387419522
-0.4699380574125296 0.4028795712779663 0.04999803680905243
-0.9268104302508686 0.09957417364680879 0.04999626776383458
-0.281663889956927 -0.5407874049122741 0.0500000007
-0.3299612828724156 -0.0548504738746934 -0.0500000007
-0.2968194299181069 -0.4808468449102503 0.004094998280521085
-0.8838826353585167 0.290874720822861 0.05000008422119658
-0.7385003333625466 -0.335739040731639 -0.04998892963548082
0.8535289389031133 -0.1364993697992229 0.001803043099393651
0.8268277696430483 -0.1999153495188102 -0.04999994724880338
-0.1220833132199864 0.3321016534661245 -0.0500000007
-0.01314920603976381 0.104375416869834 0.0500000007
-0.1889244587063995 0.1255527590980219 -0.0500000007
-0.3426283089638814 0.2076907444553319 0.0500000007
-0.1146145936286277 -0.6107951843077608 0.0005934501476083416
0.001813638883269873 0.2085018347860739 -0.04999577164503974
0.3776828920172264 -0.0433030986526356 -0.0500000007
0.172587759629282 0.2444705230090527 -0.0500000007
-0.08766001070588578 -0.469042717807404 0.0500000007
0.85056563818138 -0.2242998445208145 0.04998438890194119
-0.7312183350566305 0.2840037117718837 -0.05000000127465213
0.03266386284247269 0.7851006931587319 0.0500000007
-0.3497683701704036 0.006301482426802433 0.0500000007
0.1006842649288825 0.4700016692976674 -0.0500000007
-0.3735781920313743 -0.4710146296066445 0.0500000007
-0.2823733291469146 0.4808537905131582 0.0500000007
-0.01372727120354342 -0.4330077382645531 0.0500000007
0.8256147512914476 0.2755672552006364 -0.05000060645008019
-0.04957712649787233 -0.1104985579363672 0.0500000007
-0.7630597953850036 -0.5395632977687203 -0.05000148519921424
0.3438978803426277 0.6076270657990757 -0.0003182622553418821
0.8695175990845447 -0.1310906939075497 0.04999986481933574
-0.181249484625692 0.1074762976793051 0.0500000007
0.100398414808423 0.7652858743154682 0.0500000007
0.876413676248328 -0.07019343079647727 -0.009731509687972853
-0.7593704443678947 0.5479454735548585 -0.04999985819675961
0.234708755922146 0.05976054899304326 0.0500000007
-0.7055269666521541 0.4319800006829127 0.05000000003172159
-0.7267029035535855 0.5932511868496966 0.04999908753657441
0.7362948416373857 0.2281463982695714 0.0500000007
0.5468771872654035 -0.02296475615150417 -0.0500000007
-0.6219145629458239 0.4918100123164521 0.04999999817112642
-0.6978913824717985 0.2422504364922734 -0.00278844352573227
0.4445288835573823 0.24820640434413 0.002214400566898416
0.3734577378798195 0.655592872319387 0.0500000007
-0.6945848313204614 -0.6327865344065031 -0.04999949955618727
-0.6679812161011576 0.6541632651686181 -0.04999892710471991
-0.2678135296974999 0.7422534438761739 0.001726524044394985
-0.604219195387538 -0.5547093759083739 0.04999676722021405
-0.02891610480499097 0.4019306377238106 0.0008256637854628966
-0.003636897334265324 -0.1021390657155069 -0.0500000007
-0.2657412841136512 -0.119396770664194 -0.0500000007
-0.5768062503800803 -0.695057245035518 -0.05000008429370282
0.1078474966259314 -0.08617554180794997 0.0500000007
0.4434619024509822 -0.737683760333198 -0.05000000657394077
0.5395209902023291 0.5404667168785058 0.0500000007
-0.4869228709073676 0.5968597597017674 -0.0500000007
-0.7212484470101752 0.378337452799409 -0.05000000464824479
-0.5315487827290104 -0.7675989256608116 -0.05000016853950615
0.3904563597835898 0.1432185306048009 -0.0500000007
-0.08701746940753463 0.493438962474062 -0.0500000007
-0.4941612899846311 0.7717901850119807 0.0499999768696224
-0.5055725977966607 0.767294011942647 -0.05000011410431737
0.8037341938509781 -0.1612347561553354 0.04999999820074209
-0.8593267294256822 -0.1322414712077205 0.05000001241571515
0.4736413047734361 -0.0732995982556571 0.0500000007
-0.671187487291237 -0.1775654513641805 0.0500000007
-0.3218896214480618 0.8226855657120451 -0.002859788629569926
0.4640594998835245 -0.471243442604981 0.0500000007
-0.469319890976927 -0.3262059597800355 0.0500000007
-0.4258625625165471 0.8332438096074375 -0.05000025868456646
0.3128022513145015 -0.413275753275812 0.0500000007
0.6507825340554771 -0.3515306140836632 -0.0500000007
-0.468477356788687 0.6249226537202049 0.05000000078662664
-0.1442074922015539 -0.5951667899619144 0.0500000007
-0.01324717707373459 0.6635486494834101 0.0002294548294987729
0.6183342699224604 -0.4604697206201814 0.05000000068394399
-0.4373095207000313 0.814058478404923 0.04999987443443359
-0.3228817920867811 -0.745263385488209 0.05000000080753855
-0.3050413557077411 0.8830051234738177 0.05000005969438531
-0.1504597023473444 0.9182750028871349 0.0500005756958056
-0.1974394362758985 0.7545112944506108 0.0500000007
0.2986795982069823 0.6063005118352963 -0.0500000007
-0.3786984419943906 -0.2110366843356739 -0.0500000007
-0.0762763216451936 -0.7222722282338909 -0.0500000007
-0.05347125717758576 0.7508790949316184 0.0500000007
-0.01363432169437317 -0.9366727886596914 0.05000026994002459
0.003845460593817775 -0.9263984540895802 -0.05000036348316936
-0.02039978465920927 -0.7531057491269532 0.0500000007
0.100979651958127 0.9289173034343347 0.04999995972814324
-0.7270081754242907 0.4009495991826701 0.005968326523272244
0.1146825866205142 -0.9143181442355158 -0.05000002547270253
0.1384765774479354 -0.7483122964803905 -0.0500000007
-0.6525950193265079 0.5947671171324769 0.05000004242644482
0.2664898487954986 -0.8897569278798597 -0.04999977024964482
0.2763651754854196 0.8863990287329936 0.04999988765704223
0.3724305556194182 0.6606611062840677 -0.0500000007
-0.1539201723473785 -0.8497072028433046 -0.0002897555465350481
-0.2208832612753823 0.8910210870454812 0.002133898795746529
0.7407993602937329 0.484426504776801 0.001156318490639748
-0.114179939552933 0.8308085448561749 -0.05000000102120113
0.341431235282614 -0.8649829349396094 -0.04999986827524622
0.3540704161758673 -0.7223387828428377 -0.05000000321016671
0.2725979512429828 -0.7296428604627063 -0.0500000007
-0.3691571300643047 -0.5065075858643642 -0.0500000007
0.7826637897375508 -0.2125478375506856 0.001851907751208108
-0.1058988882183941 -0.8677622225048027 0.04999824003038721
-0.1145062917437521 -0.8618556110048027 -0.04999315407136809
-0.6994880988568083 -0.2093196597351608 -0.0500000007
0.629119290743519 0.005891055655583871 0.04998080275865872
-0.5267169747388135 0.1171751689873006 -0.0500000007
0.5176436823404921 0.7783217544333696 0.04999848492367276
0.4888878530757522 0.6059232173033043 0.0499999998149413
0.549273351997571 0.7264427236672862 -0.05000002354397783
0.2029049311455156 0.6781820436549864 0.002222726167520689
0.3717661643745698 -0.4476864470569946 -0.0500000007
0.2461007645737004 0.52413958025413 -0.0500000007
0.606529529690083 -0.699429226474093 -0.05000016289312052
0.5428384477763248 -0.7517718909161905 -0.04999960654399149
-0.0756619708269621 0.2239564608731166 -0.0500000007
0.8682710411812733 -0.06637191937316396 0.04995319141808714
0.05714385404192383 0.1674136963745363 0.0500000007
-0.6923755410360227 0.2592181132261593 0.04999913523425599
0.645520401627305 0.6873487960657898 -0.05000054268926858
0.6597263407824856 -0.569438484537955 0.001215966996456362
-0.4750688979220179 0.3015177947269805 -0.0500000007
0.06820514170197034 -0.7368656099056053 0.0500000007
0.6043110463875381 -0.60432762691695 0.05000166301088588
0.1523972698161304 0.4406617937351972 0.0500000007
-0.2079766209936688 0.4114222593863823 -0.0500000007
0.6969023751210537 -0.6204495537523713 -0.05000038143448009
-0.07809845544141861 -0.80673778053234 -6.670266736825748e-05
0.4861364323059632 -0.739793637102241 0.04999971983879035
0.7314058565840351 0.5673464774623564 0.04999926804833615
0.4519698128075614 0.4141963214110842 0.0500000007
0.7169648373522337 0.3188201750274071 0.0500000007
0.7015737799041425 -0.008981121687477597 0.05000000126082287
0.4975452427977908 0.7865876481746249 -0.05000032124587184
-0.3552340488077681 0.8270150261341446 -0.05000008828365174
0.7438927676084466 -0.3501754221963498 -0.05000001230101606
-0.6121089335243738 -0.449143536031242 0.0500000007
0.7313416404768381 -0.346899271738718 0.05000002606812996
-0.05512244438449926 0.2689806529101916 0.001143213703245979
-0.2048280531565638 -0.8473459463176664 0.04999999802639132
0.5532134871760122 -0.07989570503871207 0.0001843854552840537
0.604990215108179 -0.5974813346410232 -0.0500000007
-0.3503240998740663 -0.0009511078086961722 -0.0500000007
0.773399103930147 0.3026156939980582 0.001539255656156428
0.1932021325314838 0.3860799884178505 0.0500000007
0.887810579225321 -0.2952718392519259 0.04999809354462895
-0.08058065070236703 -0.02220387829113602 0.0500000007
0.5520962193708134 -0.3106531464548954 -0.0500000007
0.08239372770938656 -0.210043114342403 -0.0500000007
0.91463287611443 0.1101023155121974 -0.0499999419882806
-0.1475806415760393 -0.5612710500557593 -0.0500000007
-0.6224123542354986 -0.192853654758774 0.000531299528898726
0.7554783303680801 0.2451885500476272 -0.05000030357504009
0.7093381693631102 -0.5031481070258281 -0.04999980956726931
0.5491560117442306 0.4123213424006565 -0.0007216619307025284
0.1119738043768427 0.2198213788140071 0.0500000007
0.7860477802581375 0.4528178346986537 0.05000024621406263
-0.8486753224760586 -0.2944180114166816 -0.04999972616402491
0.5345144308503258 0.0704880920003101 -0.0500000007
0.9330484814972521 0.05863915130613086 0.04999995833012912
0.8569651487724297 -0.2489051902080745 0.001249288149833769
0.9091498131863686 -0.005514507783580208 0.05000604845411365
-0.6511674873791388 0.5615650674801579 -0.001002673243556044
0.8923543115675975 0.2469250817273139 0.001056018182939379
0.3797270906222033 -0.4347477813178578 0.0500000007
0.1908353701083766 -0.5981852002700925 -0.0001951545607974214
-0.6888916617436043 0.06714383854632769 0.0500102277560774
0.5631137615384293 0.7119026622209382 0.04999975678699066
-0.8555223826812732 0.2591774541840653 -0.04999507769792792
-0.7828032651112997 0.1063268585324013 0.0500000007
-0.6680543865497792 0.1958461265925107 -0.0500000007
-0.6389816870807313 0.2432926978727005 -0.0500000007
-0.7427315427221777 -0.235328677514222 -0.001721303355841203
0.4150414483166403 -0.0295326839168111 0.009332672415529698
-0.07019950308160317 -0.5517332521564614 0.0500000007
0.2725172830452064 -0.8419792801767477 0.05000001515427837
-0.7044410207819851 -0.5754231714689804 -7.104574007337785e-05
0.7885033636465605 -0.4467970748653939 0.05000018822296225
-0.1927664496307824 -0.3305380819506472 0.0500000007
-0.2119493202563758 -0.5721755261491736 0.0500000007
0.768123407744134 0.3694655035841678 0.05000001371255982
0.5298116217147498 -0.400734108216854 0.0007530199498893355
-0.5777338779226804 0.413115284260311 0.002983615612138231
-0.3803518550188549 0.8420484289839663 0.04999977934991372
-0.6449614713768212 0.2768463131555864 0.00371542357388886
-0.604219195387538 0.06714383854632769 -0.05001119166722665
-0.5175339949087224 0.400588194142797 -0.0500000007
-0.5969294454860181 0.4775956293041627 -0.0500000007
0.5580297432474034 -0.6888255646194589 0.04999954826877274
0.6974252282773752 0.5321007184979354 -0.05000007923491147
-0.3941028003004732 -0.6021833896056745 -0.0500000007
-0.4203239946549731 -0.60432762691695 0.04999484972828785
0.3550072115043179 -0.1771965446579078 0.0500000007
-0.1504816247560942 0.4534439887874453 -0.0500000007
0.6497987484676454 -0.03785241119734011 -0.0500000007
0.1766585069043652 -0.3780746312446955 -0.04999013659924616
-0.3996044912419245 -0.288074977091248 -0.0500000007
-0.4275862935148766 -0.1951465270720469 0.0500000007
0.3832462881267287 -0.4101437703129005 -6.117486337319331e-05
0.02438763981901733 0.2579533038183607 0.0500000007
-0.3334412595278635 0.4945004598531348 -0.0500000007
-0.5644678191242148 -0.5428694346646875 0.000608610556794923
-0.4244110537297085 0.549332306214788 0.0500000007
-0.4293374366739101 0.7057711446944359 0.05000000495268512
-0.3347651201103173 0.6977402395538603 -0.0500000007
0.4962070172831761 -0.3124308035956668 0.0500000007
0.7879998224510847 0.4663539261068728 -0.05000001530706791
-0.2066363006201956 0.02160794370708705 -0.0500000007
-0.3581228143985906 -0.1371211960396165 -0.0500000007
-0.229734477687671 -0.1234662196548225 0.0500001826123868
-0.4577039821284761 0.2070061128817379 -0.001612893844939475
-0.2553364761954415 0.5968814217752217 -0.0500000007
-0.2301236411590253 0.6534233087196589 -0.0500000007
-0.1758079365531141 0.5602247725814556 -0.0500000007
-0.2488637301539612 0.509737351067571 -0.0500000007
-0.1534134787022988 -0.4702029352516314 0.0500000007
-0.4395381832676519 -0.6769665539925995 0.04999999999831866
-0.06793852428509894 -0.6066931183654981 -0.0500000007
0.07432694537038594 -0.6883480036829708 -0.0500000007
0.01430210477807328 -0.6024533287799517 -0.0500000007
0.07798253701188604 -0.5631597026692066 0.0500000007
0.3117226504198526 0.4802508045651538 0.0500022075285686
-0.1829411635114616 0.2398576465420059 -0.0500000007
0.2638836888836942 -0.6389324871117228 0.0500000007
-0.6391655848121589 -0.03704302757899573 0.0500000007
0.1362815319979913 -0.6282537760505124 0.0500000007
0.06946218235239034 0.6697398849805966 0.0500000007
-0.4027974884250254 0.4276880278858344 0.04999790936490486
0.2386358356734513 0.3823708776682412 -0.0500000007
0.1576220871138614 -0.6699082798136967 -0.0500000007
0.06718649448750416 -0.60432762691695 -0.04999727577703018
-0.1485163311856076 -0.6783166588310734 -0.0500000007
-0.257481257140741 -0.4001474975737916 0.0500000007
0.2362158555873963 0.6755342716871775 -0.0500000007
0.2189955216790193 -0.2438576339584132 -0.04999654464739642
0.2113269902339777 -0.5205884719117314 -0.0500000007
0.02449789960180032 0.1156156532248422 -0.0500000007
0.03877823693193108 0.1288537884364431 -0.001988619831308016
-0.8123662393649288 -0.4255744527826023 -0.004622880996180807
-0.5777102649433459 0.6394773174522594 -0.04999813199916026
-0.1292070075330255 0.8275948203978251 -0.001282565861921357
-0.5981480150096474 -0.6107287645109221 -0.05000000924599388
0.2016263545453793 0.5347666911605976 0.003097275542673377
0.1461008322502028 -0.05581797329763809 -0.0500000007
-0.695291973521703 0.01764826144436439 -0.003795637957361759
0.6528100392784316 -0.484297934035089 -0.004191601559454977
0.02504630462198372 0.8612235170956046 0.001096193179923089
-0.7356863411562208 -0.5520165798163982 0.05000007762763476
0.3815515708117005 -0.2361497823698562 -0.0500000007
0.07452514972139146 0.3349863435461153 -0.0500000007
-0.6424938800758807 -0.3083023606741172 -0.0500000007
-0.04863663405776512 0.8276278178455644 0.003203527527069381
-0.2022425984566192 -0.2308375717985009 0.0500000007
0.4109612080354133 0.08343585635790579 0.0500000007
-0.02354261518891482 0.5034860205485342 0.001104874008315916
-0.008651897797225984 0.5631168345238853 0.0500000007
-0.2701780782976662 -0.7879274813374276 0.04999681609663006
0.1892726228997557 0.4675265553354943 -0.0500000007
-0.4756153598094458 0.4499038787068672 -0.001249425087742154
-0.2564038001983881 -0.8703441218894352 -0.05000029412197469
0.5539724192307588 0.4045160349615265 0.0499894266477473
0.2014676324625126 -0.4700333338242945 0.05000019607285063
0.5770790263738158 0.6586653952551448 -0.05000002146516179
-0.3006061691510226 -0.8555712228899524 0.0500002965002912
0.8139301604497765 0.4141005295719997 -0.001257285539280344
-0.4982044119139077 0.2524644034885498 0.01037088237396557
-0.6467093373187685 -0.6830220394411244 -0.001424636152526482
0.3307227039908874 -0.6157305927268166 -0.0500000007
0.3357487704375212 -0.5196490102940827 -0.05000186027955487
0.2861350245991027 -0.335739040731639 -0.04999350372865967
0.2873477232091184 -0.4143330982764735 -0.0500000007
0.6851670668319377 0.270568089134046 -0.0005037634133936393
-0.6446499192020551 0.5751561953622842 -0.05000001790991762
0.2673197626277819 -0.201781620188764 0.0500000007
-0.6477464654592647 0.4234417037670308 0.0006997991537730022
0.2942397522684916 -0.1668848329332952 -0.0500000007
0.4236487579356073 -0.7137576054422936 0.04999997794381745
-0.8069165117579693 -0.09528562316638395 0.04999793722939947
-0.4892940102252916 -0.6742201626467872 0.002234661919311654
0.04895211005867858 0.5945364159873751 -0.0500000007
0.1350752621776487 0.3112630136840644 0.0500000007
0.2431921989733949 0.1505664680648514 0.0500000007
-0.4287466778480087 0.744246176992685 -0.04999996230399835
0.1921180084076962 0.09411196968058341 0.0500000007
0.3873148243395056 -0.174712985553471 -0.00125239774951926
-0.1741884500835164 -0.008191565349742278 0.0500000007
-0.1150876303006342 -0.1496294608628718 0.002097166483588264
-0.2411535983644884 -0.01234574093986322 0.0001620711999485129
0.1271969588535332 0.7338822194665579 -0.001341984811676266
-0.5972797423643517 -0.6848136862526615 0.04999998527259854
-0.1539928384011384 -0.16875244941916 -0.0500000007
0.4327825459575092 -0.7921087738335498 0.04999968488552625
0.3311827964773906 -0.5654545983969438 0.0500000007
0.3941655806742008 -0.6603273694904505 0.04999999422729325
-0.7081100331261789 -0.1511401741417148 -0.0005419758583014592
-0.9171412179459465 -0.05182385560234506 -0.05000048852583436
0.457543306982248 -0.5031815835483795 -0.0500000007
-0.6366579652000163 0.3010272259261237 -0.05000383700518461
0.01429661500832755 0.5771682595792496 -0.001817143332200589
0.4969708164561509 -0.8154645441854839 0.001723561319341787
0.6957469817808961 -0.02133040380482618 0.003074753179779086
-0.03480146709811975 -0.6194208032926134 0.003045834419104041
0.5233321490511298 -0.5337357316923395 0.001331581179667719
0.8835979353728155 0.1886073673747592 -0.05000145208517218
0.01986464764215579 -0.8823954699994171 0.0009025888543385184
-0.8533486194368086 0.1646463814883379 0.04999998884925747
-0.5818383186619905 0.1625206900193928 -0.0500000007
-0.6743087332497046 0.5425305995830744 0.04999954285385041
0.005200178066263314 -0.5586907765375019 0.04999846902913735
-0.4228368260096828 -0.5217824291826997 0.001764453635922418
0.7916427779700732 -0.2679972390113413 0.04999998545635701
0.5744750761157273 -0.2323552472112893 0.04999452909525852
0.393498039527766 0.4771906805918639 0.0500000007
-0.3205927379565475 -0.5665065708374215 -0.0500000007
0.6049234356682883 -0.1075631630855881 -0.0500000007
0.2388966143736097 0.2130995502287445 -0.002426512690587401
0.5885105940135872 0.2006668253505028 0.0500000007
0.5968307356129491 0.338354867860998 0.0500000007
-0.4165850999405634 -0.3989147228278514 0.0500000007
0.588267021042054 -0.2525462970551063 -0.04999189493673855
0.5196495793508946 0.4700267178242941 0.04997885259549462
0.6853986330924539 -0.1333990796237915 -0.0500000007
0.667553175040608 0.1821725494624954 0.0500000007
0.2865394994175138 -0.6853093445044607 1.159098485707492e-05
0.3102551892067189 0.5706907012471115 0.04999981408839708
0.09134529366494414 0.2276243668027544 -0.0500000007
0.607285639160753 0.4634248834683112 -0.0500000007
0.4270310571923677 0.813685719029962 -0.04999992346201937
-0.7443159531726142 -0.02910874301725576 -0.05000000198637267
-0.838622005956189 0.02014424878250671 -0.05000001672191376
0.8256259589328419 0.08243059166333802 0.04999997615759341
-0.1101310108653342 0.3675460337807455 0.0500000007
-0.7311713066489762 -0.05639842408005807 0.0500000007
-0.0979887316101743 0.1373718061298803 0.0500000007
0.6589947237914718 0.4145263353097507 0.0500000007
0.3257307449272179 0.8624822204566512 -0.05000018892265005
-0.7858285833012182 0.218278724961223 0.05000001434615686
-0.04543279949463017 0.4337252768210734 0.0500000007
-0.103058793737279 0.6664780312178855 -0.0008481149740977596
-0.7435681041005127 -0.4344411913627313 -0.04999999401242479
-0.01633623918735106 -0.4142954967313914 -0.0500000007
-0.0308832492959377 0.84018951444117 0.0499999942753583
0.8994176980968845 -0.03341379486341808 -0.05000569872288741
0.1890630696834389 -0.44886197960364 -0.04999554541482991
0.7104528060273192 0.03373806668222856 -0.0500000007
-0.5080788337940751 0.1669328702356025 -1.914517016195083e-05
0.8264915246442929 -0.461896198157662 0.00230069914452734
-0.310850313852719 -0.4364597605511306 0.05001548840485948
0.04167202015234821 -0.07475788002277055 0.0500000007
-0.4867975777095905 0.7003902399791387 0.04999998948165946
0.4833298307957445 -0.6903856352481577 -0.05000000234617324
-0.02415751954562905 0.1466871942880541 0.001160322071719621
0.5531141663916989 -0.0179042734873204 0.0500000007
0.07979615858946953 0.05212669779076599 -0.0500000007
-0.3462733135927636 -0.06996764817111201 0.0500000007
-0.1349684333229572 0.03192491991779318 -0.0500000007
-0.167493141715495 -0.7222322773427434 -0.01222109363223361
-0.5459502269445767 -0.737578792278819 -0.0001510488369700754
-0.1791538750328421 -0.6613094205297627 -0.0006853256574356643
-0.1177168685887801 0.8207482531304284 0.04999999719132087
0.8780015282171852 0.01883485241689921 -0.002857516422596067
0.4576261114072042 -0.03357525199316021 -0.04999460496436581
0.1009337156641216 0.5356439848575631 -0.0500000007
-0.1454263320675256 0.6638112447217692 0.0500000007
0.2407685426316111 -0.6410972510380325 -0.0500000007
0.6041336465182336 -0.02885765355739886 -0.005952520835109844
0.1521705214671971 0.7091423409032902 -0.0500000007
-0.7445022631257773 0.2673671350480434 0.05000000118643234
-0.2432280269177805 -0.3031587431317392 -0.0500000007
-0.08753683905776707 -0.3641153058374136 -0.0500000007
-0.2605069088669899 -0.5029153700652221 -0.0500000007
-0.4292226518237907 -0.6417718858737166 -0.002887826726772473
-0.3728790307287047 -0.05762941975059119 -0.000854445451765775
-0.2230518242021136 -0.7273342473800416 0.0500000007
0.850583833073798 -0.3208887319979541 -0.05000026427889316
-0.03919790500052539 0.8350060664891142 -0.04999963616349563
-0.3275372472300238 -0.6667186973893356 -0.05000000302986742
0.4513711606683459 0.8081647408818924 0.04999903078203927
-0.4421335295296828 0.6688440682777803 -0.0500000007
0.3585298030854335 0.8584194198239375 -0.01212541774513547
-0.04512909501585854 -0.837691560504469 -0.04999999859254592
0.5383980713889158 0.02205321030864128 -0.0006516857974223117
-0.626644611314547 -0.1126878607361235 0.0500000007
-0.4192094174929095 -0.7471310089241873 0.05000001521822956
-0.09593278415608285 -0.09856724080622477 -0.0500000007
0.004952020815652514 -0.2514880288680066 -0.0500000007
0.8476881656412625 0.3499265873911822 0.05000019573128758
0.2039223307042655 -0.9260864431708804 -0.04999997339656142
0.6027258371718426 0.1092640440732763 0.0500000007
-0.365882810508143 0.5960694922109223 0.0500000007
0.5728872908668886 0.05152453069273329 0.0500000007
0.3953872450792076 0.8108521091817169 0.002057502415664695
-0.8093824866812733 0.4048406453658192 0.0500080887061448
0.8098079146812733 -0.4042530628658195 -0.04998613879845719
-0.07002566195988812 0.7414052790663445 -0.0500000007
0.7595730420221918 -0.4537005849458238 -0.04999297418286325
-0.881879846159152 -0.2012488332367262 0.04999999202129148
-0.1354726640632652 -0.7578896177068982 0.0500000007
0.02849173343607493 -0.7513749162868841 -0.0500000007
0.05955332547854354 0.7315581259721923 -0.0500000007
0.07547252140533676 0.8236229679679068 -0.05000000447408567
0.009303649008961634 0.9320647717574047 0.05000554499431666
-0.3289239329581784 -0.6046014061840014 0.002183592088719375
0.3393211934685899 0.2644045262027767 -0.0001400485948487711
-0.1578028143616547 0.6141552656673405 -0.001564489178717799
0.7251951443212582 0.4086323327156448 -0.002967391735434008
-0.425634358714264 0.3574025530312217 -0.0500000007
0.3297207900196334 -0.7379339277330002 0.0500000010197934
-0.1841866185327542 -0.8898988832292375 -0.04999305373975046
-0.2248981081833979 -0.7068310863980721 -0.0500000007
0.7023672830601319 -0.1570663812751532 0.0500000007
-0.8282215054108492 -0.3912603495987241 -0.04999984657588979
0.6564064483906058 -0.5489376806567132 -0.04999689396543149
0.3344453606332407 0.7401928733059687 -0.0500000007
-0.201246463796867 0.2983504313019517 -0.003702190460286535
0.4644405673626815 -0.6118551678853291 0.05000000285462824
0.4560591875 -0.8871296645 -0.0500012245
0.3069046086669754 0.8249625937114068 0.001924604003384558
0.2693893198959175 0.8793684287621069 -0.05000011748446571
-0.14605275545 -0.986769378 0.0499978848
-0.7439773792077577 0.08495638146130868 -0.05000000073948736
-0.1767672509207857 -0.526173015118425 0.0003194436578079437
0.9007038617407239 0.1916708324099555 0.04999997956775644
-0.4241717863361431 -0.8142053933027447 -0.04999420390852327
-0.5713031223863181 -0.3640745946805998 -0.0500000007
-0.6464770142014008 -0.5509559683635548 -0.04999991897461443
-0.5653913354183724 -0.1129743003782093 8.550357875901517e-05
-0.2190049195074044 0.05855662788899921 0.000481726976671402
-0.8237691930394184 0.3870141715183903 -0.04999992445807278
0.04122928515114587 -0.8360532714003721 -0.04999999900389005
0.04226955356866866 -0.8151524868957246 0.05000000188019034
0.682781251258058 0.112750418811706 -0.0500000007
-0.8925492018301632 0.1613745960868739 -0.05000008911020365
-0.8824386829393894 -0.2531614754650441 3.575090075624841e-05
-0.01661053418109598 -0.8351282817908141 0.04999461817767219
-0.08415824976280718 -0.1668141939437591 0.0500000007
-0.9968841075 -0.0370025935 0.04999553415
-0.09229805099668893 -0.3862426903376863 0.0500000007
0.5167189846984921 -0.3924793410018143 -0.04999882913951041
0.5547962022312934 -0.1643680216714267 0.0004839340914153857
-0.5535511122200455 0.487996272489506 0.001386315208275291
0.2953259735036332 0.6520747778459923 0.05000000087025799
0.3679477853865816 0.8401192326341059 0.05000012045792445
0.8363368054043184 -0.3683417928250321 0.05000155745053487
0.8056799199882189 0.2403887133354846 0.04999997799747168
-0.6138071913542715 -0.2354826098798211 -0.0500000007
0.2088476135471404 0.1797038415388865 -0.0500000007
-0.2647270859167803 0.8056171373797808 0.04999999822568404
0.7433788980488433 -0.07705877551640584 0.0500000007
-0.3583077830218812 -0.5449137379235844 0.00167285080005813
0.1526362230429529 0.6108165163476298 0.05000580358972086
-0.1978612529529656 0.8416438304748166 0.05000000180107528
0.3745184772359982 -0.8307054261022675 0.05000003695108333
-0.4541217167240006 -0.5106598078315217 -0.05001631436240116
-0.6814666901938836 0.1779150774274337 0.0500000007
-0.08719437215542844 -0.5026123069886329 -0.001796261234338517
0.5435605351364194 -0.5581617116606523 -0.0500000007
0.6756463230384726 -0.4219985811968522 -0.05000000270512749
0.1931856876130448 -0.6465900214900592 0.0500000007
0.1300036551857997 0.3958608317987733 -0.0500000007
-0.2622508983299457 0.2683613117749245 0.0500000007
0.007625875976021979 0.6605486688685845 -0.0500000007
-0.5471222698228509 0.5360361281718955 -0.0500000007
-0.01273722383906279 -0.6790783287752657 -0.0500000007
-0.5519212248462532 0.07446729213644782 -0.003180407281430151
-0.6677433936594328 0.1309453135846713 -0.0500000007
-0.6232674686962276 0.4271401705043104 0.0500000007
-0.7168879810940729 0.3296640227340966 0.05000000403706691
-0.6189270524011681 0.2532835297826356 0.0500000007
-0.5586523675918392 -0.1770819944647056 -0.0500000007
-0.485682201421112 -0.2035765263162077 0.0500000007
-0.5866842720933518 -0.06715045454632793 -0.04999005796842029
-0.5107908914423839 0.09599891644048177 0.0500000007
-0.5546063227155484 0.2014381316389831 0.04999824440429787
0.8874519057853237 0.3170238022196981 -0.01253428341303857
-0.5585098560017521 0.5719912843338736 0.0500000007
-0.4408371273994873 -0.710218480712023 -0.0500000071384825
-0.4866521302014181 -0.6089517609281477 -0.0500000007
-0.4752062797855673 -0.05888608746320273 0.0500000007
-0.3515935031173381 -0.2101095578428838 0.0500000007
-0.3408964147749306 -0.3436786977359759 0.0500000007
-0.4753335270103808 0.0720797425937523 -0.0500000007
-0.4255691664159526 -0.05071772312255633 0.0500000007
-0.4276714767968754 0.1545477930675816 0.0500000007
-0.3541335688328694 0.08562229804322985 0.05000017048077618
-0.4479841205033471 0.266579443443186 0.0500000007
-0.3335199759474101 0.332553563471124 0.0500000007
-0.3878143514250226 0.5916067990709262 -0.0500000007
-0.3374598943807333 0.6551346113951838 0.0500000007
-0.2409372566574448 -0.6014409404566813 -0.0500000007
-0.2929337935596057 -0.1587984772108003 0.0500000007
-0.6746531769765239 0.4862063227794338 0.005470305791751645
-0.3760898482283495 -0.8297507349285089 0.05000008463324378
-0.2421535261004962 -0.1908068007071638 -0.0500000007
-0.6895005573243282 -0.2768615377942674 -0.00154647250107759
0.6235117314511955 0.566784393264895 0.04999999016842505
0.6380439758394043 -0.2004119663175481 -0.0500000007
0.2781586128781097 -0.02269807375272393 -0.0500000007
-0.142436067827847 0.07542779232199071 0.002676626398076092
0.4146489196392292 0.2882790282814886 -0.0500000007
0.7409461979417213 -0.0580102535231151 -0.0500000007
-0.1534745453563132 0.6427576122131664 -0.0500000007
0.3747215895366399 0.8271370700396238 -0.04999998784478954
-0.5326253405853325 0.2922614434707256 0.0500000007
-0.9249440629384669 -0.01244025458191921 -0.004263819273097538
0.8880840132983521 0.2870764192304344 -0.04999856409677885
0.398004214151961 -0.512596273582914 -0.002021052365879411
-0.1975882747839875 0.3385152705056688 0.0500000007
-0.5170009783480949 0.0118705767627682 -0.04997966061685672
-0.7658055747781578 -0.1565698416856863 0.04999587844518866
0.1624291787363295 0.8431381630302147 0.05000000874231114
0.2110169424123127 0.656960165890768 0.04999472473086097
-0.882583769317334 0.1088832715831768 0.001507301523612056
-0.1947263215755546 -0.05963816728075934 -0.0500000007
-0.8187413208468846 -0.4136311761625224 0.04999333857993522
0.1228818359066855 0.9144029666847563 -0.05000027374325246
0.4485378604179918 0.660856071430842 0.04999615239269536
-0.5541424520850758 0.4987749507803544 0.04999999943556321
-0.4970568276243439 -0.529530799271509 0.001096849617538817
0.4043304403770031 0.03558681525391428 -0.001108295343021796
-0.1954899860749016 0.2464760712928129 0.0500000007
-0.07232172248399786 0.6014914968346163 -0.0500000007
0.9272301553878867 0.1215534168062292 0.0500017375358897
-0.02308005804204688 -0.5140407801265312 -0.0500000007
-0.01748196333459316 -0.2149582418493794 0.04999879355800188
0.1167988891889661 -0.3853562958096131 0.04999960779792999
0.2014676324625126 -0.5547103194548497 0.04999945838874352
0.07236656700277556 -0.3395623715764706 -0.0500000007
0.1518559154537025 -0.2861224634127081 -0.04999929089169335
-0.9136423802184044 0.1955451787441689 0.04999574237462873
-0.1215312367788346 -0.246985145868188 0.0500000007
0.1413441150104279 0.064065852804744 -0.0500000007
-0.5830226828301543 -0.001435651706579048 -0.0500000007
0.2055372643454591 -0.7389775784715484 -0.0500000007
-0.6729787848703563 0.3539121706357991 0.003599187318426046
0.1978507169042805 0.2338188997256545 0.0500000007
0.1087256371811193 0.5595806544657536 0.0500000007
0.1770815827821701 0.6035194060047625 -0.0500000007
-0.4911388997562119 0.1779929623532824 0.04999912255214893
0.2446953216862024 -0.00765023085663899 0.0500000007
-0.00841439643197105 -0.7916462412724269 -0.005168809311076229
0.286119842518665 0.06714383854632769 -0.04995019739365812
0.3307141972960019 -0.3524748494841354 0.0500000007
-0.2464471610530671 0.1932336170488324 0.0500000007
0.8769463015875734 0.2778546365353478 0.04999903039190833
0.1354172810968934 -0.8291942750154914 -0.0499974036245644
0.2919312248195967 -0.2441127471064184 -0.0500000007
0.3270994394736705 -0.6453031546788794 0.0500000007
-0.4495036915039947 0.5071997320199164 -0.0500000007
-0.02234589286137036 0.3326313790743338 -0.0500000007
-0.6269617337798742 -0.1499737389221529 -0.0500000007
-0.04276634766231267 0.2042176989133001 0.0500000007
0.6881602533341413 0.445809009438402 -0.0500000007
-0.07607053856798771 0.6638453591751973 0.0500000007
0.8493578088164534 0.3710396096220175 -0.04999997845864568
-0.4391948300536803 -0.1088553767990348 -0.0500000007
0.5273081384023104 -0.2688172812998426 0.0500000007
-0.5003300821929478 -0.6888223676135342 -0.05000001369176112
-0.3754538378701189 0.7828336593997487 -0.04999999702168316
0.3357487704375212 0.4204069356937697 -0.04999015017809483
0.4071777662526191 -0.8288389890048027 -0.0500013800523772
-0.7457067752028298 0.5290239626343756 0.04999995954450803
0.002459269581561097 0.3109937130077747 -0.0004661079955528464
-0.6945014872906535 -0.2922600439875671 0.04999694748980565
0.4742199798723696 0.1402349992840692 0.0500000007
0.4491013239127063 -0.5918173028888161 -0.0500000007
-0.06343223933609125 -0.6615271017012841 0.0500000007
0.5578201512846512 0.6268184733712541 0.0499974427420518
0.4129771626437397 -0.3586633734390465 0.0500000007
-0.4817443537431016 -0.785852061845188 -0.001280440961070059
-0.09635951331141328 -0.6786010164126469 -0.002421262029964301
0.4700299084125296 -0.2113830498644104 0.04999334094546838
-0.6589652946801701 -0.3976586999566137 -0.05000000229824971
0.344850554796573 -0.02663571345336733 0.04999914560609725
-0.6934019295932374 0.4480872208076944 -0.05000000514970391
-0.7743997643446463 -0.253170864161011 -0.04999368418812175
0.3275484449242844 -0.2077826201336098 -0.0007454974276370959
0.391927920374782 0.06943179367305996 -0.0500000007
-0.3462751440189907 -0.8601103225478754 -0.05000076483794767
-0.9155229888479702 0.08445059816109833 -0.05000013526042155
-0.6744403676075076 -0.6182653201623892 0.05000004165526906
0.762167405938978 -0.1511270556569195 0.0007955520807683465
-0.8008448662969353 0.3184974812804874 0.001889613994269222
0.3505107293161139 0.3209690196685058 -0.04999986821277551
-0.7333734014091293 -0.4747280133831802 0.006642954336575395
0.3267365255355527 0.5308901201675991 -0.001088408320182611
0.6339177609429494 -0.6647007005562119 -0.001063645354926107
0.01108872260564951 0.9204237995473082 -0.04999994424157617
0.02886685251250725 -0.2831806992894375 0.001873758426513248
-0.6078654536710676 -0.3932479065078001 -0.001678190043019511
0.4820994729701639 0.4501232951960314 -0.0500000007
0.4204188132480704 0.5196426732379538 -0.05000106468019953
-0.418622008817738 0.3534580130506969 0.0500000007
-0.06498398427294175 0.4069429052538003 -0.0500000007
-0.3248427940517495 -0.3480176199397357 -0.0500000007
0.3847505566444577 0.5753024078128001 0.0500000007
-0.7469994229467247 -0.1361037159633082 -0.04999999881464286
-0.8885314946633731 -0.2128028167951915 -0.05000326727038133
0.47851998974522 0.5421988496498888 -0.0500000007
0.4180668209356246 0.5950543920648662 -0.0500000007
0.4103035642982722 0.7332050233519442 0.05000003581710261
-0.9033478728115715 0.04251934465517523 0.002080011291794718
0.6043110463875381 -0.335739040731639 0.04996938516305909
-0.8978266417190274 -0.1427225752961785 -0.05000247483430344
0.3295880246853302 -0.1134897290868096 0.0500000007
0.08206467643179208 -0.7810961708815769 -0.000465740839658203
-0.5582453952043968 -0.3782194282168046 0.04999464924687761
-0.4696337598816483 -0.5223377701565585 0.0500000007
0.1765962947553056 -0.6077304829108584 -0.0500000007
0.08799761364821149 -0.4782978490326958 0.0500000007
0.5091666563869214 0.08057109431083431 0.0500000007
0.5196397761459575 0.2014381316389831 0.05000681588279521
0.4529152250014363 0.3492678363937368 -0.0500000007
0.6043110463875381 0.06714383854632769 -0.05004745789154964
0.353605210444148 0.08079587674716747 -0.0005723514643024845
0.7123954720741047 -0.5832733149904118 0.05000013736212517
0.5344440207369998 -0.6399964923154731 -0.0500000007
0.548722630047719 0.3612555747102585 -0.0500000007
0.05884448139693012 0.5171043147003711 -0.0008314435011213179
0.5857056436069051 -0.3842789617821993 -0.04999765757902083
-0.7651503180577032 0.02374609990974577 0.05000706099205805
0.1609926880675348 0.1771894555692954 -0.001188555857276128
0.03710304457630366 -0.3400956775163639 0.0500000007
0.6815411934765302 -0.2768454200538861 -0.05000000037648637
0.4808138260874997 0.665414939476367 -0.0500000007
0.3430986138748996 0.1068144373748351 -0.0500000007
0.06542561720377246 -0.9295691250302052 0.04999997333242476
0.299590608342017 -0.4804011217613133 0.0001837729914507599
0.2656453605471448 -0.5569345648372095 0.00143772363402696
-0.4976520805272538 0.3065852587160625 -0.001850268993821234
0.648616282649593 -0.0791377934551358 -4.950953263683956e-05
0.1858175304888538 0.8719394131866715 -0.04999997289044232
0.7235550974761366 0.08576200007618877 0.0500000007
-0.5262358571711161 -0.430778813092658 -0.0500000007
-0.06032664403184329 0.2807635895814251 -0.0500000007
-0.5100794396856705 0.6813995945937059 -0.05000295837510803
-0.2247015551626672 0.7429488929211497 -0.05000000042252316
-0.1892581795111863 0.8998928028650799 -0.04999691982320396
-0.5187474313683955 -0.7378870697637133 0.04999996910971931
-0.5370786264000338 0.06714383854632769 -0.05002673124777591
0.2782284897340885 -0.5105300038574989 -0.0500000007
0.5216144295492767 -0.4359916521518354 -0.0500000007
-0.1674605266507339 -0.248083167526051 -0.0500000007
-0.0179656306147591 -0.322381732321748 -0.0500000007
-0.1748901555216508 -0.4330824118361665 -0.0500000007
0.2444006606725965 -0.8096138539578357 -0.05000000523036015
-0.9307200906010432 0.1640380813777204 -0.001100913943552791
0.07552151259177539 0.09879430453047405 0.0500000007
0.4011854104760003 0.122084842253071 0.0005521647885055088
-0.1100563223811449 0.4227779182075283 0.0008219642756762233
-0.4228343729207343 0.07118394939550132 0.00179390926033232
-0.9098207864814069 0.01889556648106229 -0.05000030508605224
-0.5510217572422175 -0.2193668811987518 0.004215313076083929
-0.675729943765618 -0.3448254649777726 0.002330309368426269
-0.7708401224865565 -0.4930168152588065 0.0499997514521173
0.007568739716278442 -0.1295530228420195 0.0500000007
-0.3742165874118713 0.06383460446963793 -0.0500000007
-0.8569820815968845 -0.3258758316625224 0.04999733022993522
0.6323965263782023 -0.6930989580471306 0.05000031881789759
0.5359797257153683 -0.1545404048738209 0.0500000007
-0.8064948558827254 0.4830445384955876 0.04999814499688052
-0.5651303905233835 0.3276056008564281 -0.002113681380312766
0.8539422549558595 0.05015366932652067 -0.05000000682353448
-0.5261046731128404 -0.2595021006806667 0.0500000007
-0.624559088547846 0.6468164164736731 0.04999983507123898
-0.3465739096552055 0.7721103384044984 0.05000000071798461
0.6013401099042046 -0.5326848179385172 0.0009006293580422383
-0.1540760826653652 0.7244421022605841 -0.0500000007
-0.002573787949101327 0.7368542191015319 0.003632661163072021
0.625410653033591 -0.4096101988173789 0.001207886882605034
0.5423458106884657 -0.6078902060235324 -0.000936897313476355
0.3877444083638226 -0.632438427380061 -0.004458488473254299
-0.4492264904111639 -0.1460967026937862 -0.0007660703113448361
0.6549951834428351 -0.3256588980699225 0.0017510128658505
-0.678401893251152 -0.5012057366232752 0.05000000439848567
0.2005235001841644 -0.7325806302979686 0.0500000007
0.1967400851306124 0.7893166559176145 -0.05000000485840229
-0.914800205196412 0.001060720852530482 0.04999981530948436
-0.7999188752481139 -0.4871381477036871 0.004934079308042471
-0.2842842773336277 -0.2731888954575301 0.0500000007
0.6481675837210573 0.6429618112757525 0.05000030536166025
-0.09262236531748846 0.9165217508721443 -0.05000001425430976
0.7523040297070036 0.3740769117050734 -0.05000000310261179
-0.5743222034417601 -0.2046503982971068 0.0500000007
0.2614388756213455 0.8143854318435109 0.05000004886889387
0.9304396746494706 -0.1117467107287498 0.005194119575691335
-0.6785541320105604 0.5177026804747169 -0.05000001549687129
-0.3710135240108195 -0.2038246061380702 -0.001606787323770644
-0.5345736717859705 -0.6501912019693148 -0.05000000639375548
0.05964318034335299 0.4674249159218405 0.0500000007
-0.377240134215571 -0.3819802293859546 -0.003347529709857637
-0.03030693332165285 0.9030037677554863 0.007845922946082416
0.2428221379617634 -0.4670761510500148 -0.05000047746520683
-0.6085680279822731 -0.2872131529172477 0.0500000007
0.05409477786218849 0.3070632743170487 0.01059775568467358
-0.2837046655171545 0.1261997363289868 -0.0500000007
-0.1728246265128477 -0.4057527167727617 0.0500000007
-0.0772605399027739 0.4996225848069208 0.05000056086660354
0.8559418661661671 -0.5140377923497979 -0.007541186853451102
-0.4493432954653337 -0.8186826060244359 0.04999966710727699
-0.5508161874097843 0.3301478983518621 -0.0500000007
0.6906392923674475 0.2540631742818373 0.0500000007
0.2324595277052268 0.8612903172770515 0.002463175436959393
-0.5528039761070158 -0.01365639839826187 0.0500000007
0.3213329162054891 -0.08156529339267507 -0.0500000007
-0.5217366750774016 -0.1365278140093142 0.0500000007
-0.5014953056939968 -0.1729138380195425 -0.00861117051290458
-0.3849004341269684 -0.6989570055934846 -0.003688692180202671
-0.5003584838573267 0.3446162411547619 0.0500000007
-0.6345494513091369 -0.3689876398503217 0.0500000007
-0.4827206727522813 0.5040643211923483 0.0500000007
0.7464177469888573 -0.5114551306885661 0.04999998602794069
0.7726694064872698 0.1602985577439739 0.04999999855173905
-0.4294162736203058 -0.4130727170170936 -0.0500000007
-0.984277292522874 0.1678606200677107 -0.001828469344800572
-0.5688731724776883 0.2666255129787979 0.01199844304395107
0.2364179202549433 -0.08591040036250128 -0.0500000007
-0.6296652460527482 0.197657294265792 0.0003873144890345746
0.2181270834357093 -0.9207594897011908 0.0005072129684648719
-0.2738156233548402 0.8764311289289046 -0.008524384281902598
-0.8112427805681066 -0.2304091377044196 0.002392869603592729
-0.7119813831284602 -0.2730701924285195 -0.0500000007
0.8281912206082287 0.1136963480008014 -0.05000002045805711
-0.3616482561037551 -0.1258324213025777 0.04999621854887074
-0.4690391200621725 0.1529734416526118 -0.0500000007
0.3689161866209605 -0.3301176637003742 -0.0500000007
-0.4335635951120917 0.0229406192769416 0.0500000007
0.2686763844884281 0.7783837188972371 -0.05000000556941149
0.6794240910992776 -0.6406502964133081 0.04999949673024163
-0.7542789582141923 0.4692523550370606 -0.002371044675663778
-0.2031977627028168 0.1778677447028993 0.001207450962693834
0.07881411849953922 0.8527395232537613 0.04999998804267898
0.7643926079615643 -0.1234087696988898 -0.04999999876690808
0.9119335743850089 -0.09327390370693169 -0.04999948963008823
-0.3495502641982069 0.3203821142767456 -0.0500000007
-0.7282429446592755 0.1818509645906534 -0.0500000007
0.01659689789968619 -0.3743934989330346 -0.0003225071501579093
-0.2500071788419141 0.8910770201257293 -0.04999981499100085
0.5216089529256566 -0.1075372435926869 -0.0500000007
0.3680598565237611 -0.1315491122948887 -0.0500000007
0.105793844298531 -0.3095061088488679 0.001089540045295551
-0.2254694621095855 0.2402895557688719 -0.002440317433423925
0.2722999095906604 0.02580349518917576 -0.00191925173031468
0.3097210408507436 0.05614705049921321 0.0500000007
-0.5960371244263258 0.7090776500755944 -0.04999966867483143
0.540996118139391 -0.09688871379727443 0.0500000007
-0.2550702766652239 0.3422848303817811 -0.0500000007
-0.8133070292217697 -0.4821981802830729 -0.05000052169207237
-0.2956257691433365 0.5531080241121926 0.0500000007
-0.7101589887656127 0.6096511493901474 0.002059365526149346
-0.6686147052568192 0.07513042643556087 -0.05000559618361332
-0.1528667095073381 0.4577003998037359 0.0500000007
-0.2040617651253924 0.6044434424022462 0.0500000007
0.3490561037742192 -0.6818663860526712 0.005027391324578392
-0.1074995405280021 0.5690503871292455 0.0500000007
0.02995224303147876 -0.6484439230371521 0.0500000007
-0.6646708088357248 0.2922838002609575 0.05000000226650404
0.7967282741173829 -0.6002143710382956 0.0499965541098462
0.4730448809821083 -0.1470570867813048 0.04999667082273419
0.2161212282012052 -0.1543177576202221 -0.04999979313306659
0.7697767777928898 0.5511559848584291 -0.007881438473256697
0.2150159041846233 -0.7827750701047805 0.0007522798465062312
-0.2965293628496325 0.8623518190987892 -0.04999989594962217
0.2991945231044172 -0.6761741207004903 -0.0500000007
0.09305165293675466 0.6541222064311616 -0.0500000007
-0.3199082089629625 -0.2476029238106238 -0.0500000007
-0.4038391435696048 -0.2592075366795785 0.0500000007
-0.365489568236567 -0.6607932083182444 0.0500000007
0.07444309361510132 -0.4704231883141002 -0.0500000007
-0.001111686896442192 0.685009500658012 0.0500000007
0.1389943919782016 -0.5404914689629866 -0.0500000007
0.2515304352758488 -0.5733230096063527 -0.0500000007
-0.2652339814871545 0.6934998733034402 0.0500000007
0.2899613842381559 -0.4876035497764972 0.0500000007
0.1171812600321717 -0.2584888827640276 0.0500000007
0.5548900298823162 -0.3925047202705759 0.0500000007
0.4746899995740222 -0.3955278298867376 0.0500000007
0.5556791152907705 -0.5392193790522336 0.05000000731588327
0.1373755844499076 -0.791074949598485 0.04999999587347469
0.2075201210562335 -0.09335938544116755 0.0500000007
0.7851212644765221 -0.5268116114616267 -0.002708468986333834
0.1442011542050236 0.674061068927669 0.004874217813144971
0.1790846325805679 0.5089864297582382 0.0500000007
0.3256420625690613 0.4032464618273361 0.0500000007
0.2496295607755977 -0.3350705045393043 0.0500000007
0.245900383495973 -0.2550339636593782 0.0500000007
0.3201073110011763 -0.2943131844097116 0.0500000007
0.1368115893802616 0.49099951318697 0.0002333465648871768
0.2020071389751027 0.08623526663520839 -0.0500000007
0.5354863096434979 0.1545061961140074 0.002101939414101037
-0.008610881056607846 -0.06434556270253969 -0.0001704140786075036
0.2946304703099255 0.2295777175871149 0.0500000007
0.5658755168414132 -0.1815996642804008 -0.0500000007
-0.8521386085 -0.519066453 -0.05000041049999999
-0.2556384404827555 0.4074682781321681 0.0500000007
-0.3556396452780877 0.5167277175482501 0.0500000007
-0.7781798843028328 0.3426462191776001 -0.04999996294026492
0.09765871591293825 0.3949396257177639 0.0500000007
-0.160483115109197 -0.9221992267524013 0.0499987609151936
0.7587268184210862 0.5100821560805051 0.04999975713119939
0.8690378719731144 -0.4915833085526671 0.02571873442942105
-0.4798896522050491 -0.3521696365674938 -0.0500000007
0.2843678092589824 0.2501225788656763 -0.0500000007
-0.6538305251435054 -0.009529295317219119 -0.05000039551641273
-0.1724063185982469 -0.1780155058850213 0.0500000007
0.6590545588371218 0.06006410652663814 0.002000753531826858
-0.1124075077308334 0.6720647309327951 -0.0500000007
-0.5483895162640899 -0.6385328191112277 0.00354119144217054
0.3890191300121389 -0.090754296399713 -0.001607378850417692
0.007371937575048108 -0.5084540411849806 0.0500000007
0.3872436487642215 0.2191344572753403 -0.0500000007
0.4045570182580693 0.1984915395400669 0.0500000007
0.6783582425261533 -0.100955161629991 0.0500000007
0.7422871069427361 -0.2094331820794937 0.0500000007
0.4706369712407868 -0.7929083861866406 -0.050000010374495
0.9320939167287683 0.0426977914775676 -0.04999989491126321
-0.07796683939871937 0.8852365954885816 0.05000002562538104
-0.867348309733787 0.3484795345696288 -3.224363280908224e-05
-0.806423754733321 0.3102977815684804 0.05000013396119755
0.1928998187219465 0.9092746135427056 0.04999975012389444
0.5888865914864779 0.2053942569481019 -0.0500000007
0.564584279800371 0.1362102424746471 -0.0500000007
-0.3138123820916406 0.4025685324013455 -0.0500000007
0.7563811409785763 -0.2521652133854326 -0.04999575370432454
0.7885459124995872 -0.08316432530090177 -0.008135871607726193
0.6144335774252772 0.2564743405756475 0.0500000007
0.5527716988470506 -0.7601790433355299 0.04999859226207764
0.1782763731532743 -0.3027123802119792 0.0500000007
-0.3921970053175129 0.481383915615949 -0.0004381462379371366
0.7552154061462699 -0.1834155195899624 -0.049999997494707
0.8924654446197209 -0.2612482894624822 -0.0500006555498899
0.6787304869127812 0.228693160204175 -0.0500000007
-0.131711925307356 -0.7792105250204509 -0.0500000007
-0.2775496942273026 0.6295572445015931 0.0500000007
-0.02484500365344301 0.5462710901263462 -0.0500000007
0.03361620999375206 0.4028795712779663 -0.04999358993622022
0.9123582621847319 -0.2378907451377601 0.04999754654636307
0.6564793914377097 0.3396195813116088 -0.0500000007
0.7243145894628027 -0.5544787777048782 -0.006733226779548917
-0.6051850215057446 -0.6219618484845124 0.04999999572878309
-0.2579789577717118 0.2004774329034991 -0.0500000007
-0.5402424840703776 0.4335294815297719 0.0500000007
-0.545459808491324 0.6916240694655138 0.05000000466755439
-0.5169278483758702 -0.6087989015533439 0.05000000037805952
-0.3259310801380861 -0.7697313402559834 -0.04999998549046752
0.1118432859368184 -0.8613223455152287 0.0500000458583981
0.5611828066589 0.1553510878561297 0.0500034082913976
0.4949157021269295 0.6974960804805193 0.04999348422797917
0.6043110463875381 -0.4700333338242945 -0.05000128216322748
-0.6777180195233607 -0.09039743324781888 -0.05000000082443369
0.4396319042236347 0.7289885137350111 -0.0499999983301699
0.3923207714687492 -0.502895689258837 0.0500000007
-0.4678860239667467 -0.2634260103750197 0.0500000007
-0.543013555959217 0.2466061099496961 -0.0500000007
0.7010341199030238 0.03065167660177339 0.01517429170615587
-0.230234779947433 -0.4823385555378399 0.0500000007
-0.3496676956917139 -0.5738810115649393 0.0500000007
-0.2128757205847357 -0.6334714253152909 0.0500000007
-0.4504860936777674 -0.1914733047912781 -0.0500000007
-0.420325891989224 -0.1388523306176549 0.0500002618055732
0.07048116822023147 -0.1743631452513751 0.0500000007
-0.4223305466228663 -0.02243196578994831 -0.0500000007
-0.3342776828661004 0.2346796707644273 -0.0500000007
0.4489292293200383 -0.2609950924207424 -0.001432702996392617
0.1078566567740823 -0.6252864020111837 -0.002733065413893114
-0.3137657340897647 -0.4075954248091697 0.001608110527865638
0.721667994989485 -0.395803434194156 0.0002058726600175548
0.578076005 -0.8128430250000001 0.04998852315
0.1264012182808227 0.6976826193464588 0.0500000007
-0.3202921362428358 0.5930169443034401 -0.0500000007
0.1914386190602659 -0.7789630752191131 -0.05000000296518008
0.1344806283725852 0.1040443563717885 0.003504328665861674
0.5123052300787626 -0.1238039972815971 0.01193617343460745
-0.2862350109433866 -0.7932520639301526 -0.0003620711944247931
0.04808884989104532 -0.02550337014491897 -0.0500000007
0.4502021225 0.8898849485 0.0499891862
0.2953018859149547 -0.0567775692821553 0.000194080518652856
0.2131436782483197 0.0006882583415323343 -0.0500000007
-0.6934203701348028 0.03679385950378747 -0.05000019810820636
0.640324197546792 0.6176354415385011 -0.04999990174885905
-0.2570069873589622 -0.358146370160093 0.0001238918365663726
0.9077001581166235 -0.1788531101805005 -0.04999949379680376
0.08718165306845962 -0.7921801351794912 -0.0499987021622822
-0.7968302135888093 0.4714852164719968 -0.04999943819766147
-0.1836570792328196 -0.5968787916739762 0.00357533917818139
0.2545747839325065 -0.1418334837648426 0.0500000007
0.2087068160651554 -0.201638494962907 0.0500000007
0.3219618907958467 -0.2193369790472978 0.0500000007
0.326467445712773 0.02680868477434063 -0.04999697936405614
0.3028048129745616 0.1728028269284637 -0.0500000007
0.4580007439672272 -0.6657837493813307 0.002993324382019407
-0.5621192579458734 0.7475488277890059 0.0500041240982433
0.2483389806236326 0.3223847753218335 0.0500000007
0.3356195528664563 0.3217283482736291 0.0500000007
0.2380859515984017 0.567699104394898 0.04999962747679416
-0.1982001202911318 -0.9176854796588733 -0.0007495939695712425
0.3853614472983071 -0.2638806923688914 0.04999880294866955
0.4646603443137468 0.1299014469117655 -0.0500000007
0.4720706266232834 0.05047739218230879 -0.0500000007
0.5002633532652996 0.2463621802321485 -0.0500000007
-0.1881372536946153 0.6824618030544303 0.000530428550806474
0.14913811925 -0.986154765 0.04999324495
0.04965869936479222 -0.2414199886856305 0.0499985262482523
0.585467392296141 0.2838694562045017 -0.0500000007
0.5309667392694138 0.5001685363512948 -0.0500000007
0.5957467682382189 0.4740702770267067 0.0500000007
0.6040981122498887 -0.1102398030316531 0.0500000007
0.6736430139304659 0.04673117123322036 0.04998243590900549
-0.5083627728410132 -0.09864754638513462 -0.0500000007
0.3231926106444921 -0.7929871974737319 -0.05000000777732803
0.4811664040843248 -0.5311100223243539 0.0500000007
0.2195757996229625 -0.3909351132653102 0.0500000007
0.5035434048812196 0.2924932470200737 0.0500000007
0.5538483344590024 0.5839400244894564 -0.05000000443927074
0.5371704774000339 -0.4948422945684884 -0.04999836961788912
-0.4095015993670096 0.4320937228876145 -0.0500000007
0.0332024494162545 0.2776833788930333 -0.0500000007
0.01823308796939488 -0.5494238246090931 -0.001311508787719176
0.1416053385547526 0.3084529196916975 -0.0500000007
0.06718649448750416 0.01106477387906321 0.04999551941159645
0.1740676704457871 -0.9158224581297136 0.04999940694330355
0.02036395746418546 0.8510422697345684 0.0499999889111606
0.4094694237331961 0.3027484434389658 0.0500000007
-0.384562448 -0.9201622905 -0.04999904705
-0.5272962423785215 -0.2844081883367658 -0.0500000007
0.1658853976946622 -0.1461759595932275 0.0500000007
0.02832528678594443 0.5362633802477879 -0.0500000007
-0.3991572258506101 -0.5371804803706222 0.0500045617856201
-0.3573765778468665 -0.4056988230158511 0.0500000007
-0.2259022980122608 0.5026129550165288 0.0500000007
-0.1775916376388868 0.496964936164017 -0.005025020568161295
0.2337383285746462 -0.4392511195379469 -0.0009906851421814854
0.7181293522227946 -0.09724266268176529 -0.00689477447747687
-0.4758077636820655 -0.2472047722437824 -0.005039001648839878
-0.1986428693918783 0.6687349776574991 0.04999423585833557
0.9177658648406367 -0.174300047136582 0.04997187240904356
0.1682920781345883 0.678518871867134 0.04999781278732432
-0.09792306767187606 -0.9292181355024014 -0.04998918083568404
-0.2850086118247057 0.02045535121696177 -0.0500000007
0.4185436041538927 -0.6696004702676421 -0.04999795691979451
0.6429851220418872 -0.1473794857667045 0.0007571103573217385
-0.4274657655339901 0.2569722340148293 -0.0500000007
-0.6209677301779239 0.7143482414684149 0.05000172783723705
-0.5418661304176061 -0.5111046131285434 0.0500000007
0.4949297641664021 -0.4654267054858231 -0.008714908589052842
0.6211580793334898 -0.1862759427734958 0.0500000007
-0.9269139151256685 -0.1537645675799476 0.04999968249692168
-0.06603521369245982 -0.2038391387490192 -0.002711131984243379
0.4003310617721605 -0.7247763353751835 0.0007020875276318767
-0.3252998604830368 0.8892820395467501 -0.005122070497776775
0.004288701787869269 0.7837160040084737 -0.0500000007
0.9363852452886116 -0.04082398480731949 0.005931565554137497
0.6306744195113912 -0.5408824887355578 0.05000001154873031
-0.1405407869810314 -0.6704375350083438 0.0500000007
-0.2768914045951779 0.2723678426910584 -0.0500000007
0.06718649448750416 -0.5371804803706222 -0.04999368796554915
-0.06709464348750424 0.6714681574632774 -0.04999969782657521
0.7102864556060464 -0.2100582835409883 -0.0500000007
0.6691148828248282 -0.3683647487532027 0.04999999961076931
-0.1288174893221777 0.7408093978531078 0.0500000007
0.5963906375824505 -0.7350910068089407 0.009884922339690592
-0.2452147363593803 -0.9171326532524013 0.04999923944663007
-0.3817769859439378 0.879714804921861 -0.05000013942712915
-0.6133095420183621 0.353771570533048 0.0500000007
0.1508881101746002 0.1341242931804655 0.0500000007
-0.06935141588910772 -0.9078001794939508 0.002029754756151774
0.3402239823656281 -0.8760717882524014 0.05000241059570237
0.5162700265276304 0.6474903340974428 -0.001491718988034538
0.2861742272722992 0.4683387784876185 -0.0500000007
-0.07684562666148848 0.1448865398132916 -0.0500008957837671
-0.01606616706950335 0.2792107769481342 -0.0500000007
0.803727876531157 -0.01240902407682188 0.04999991920693094
0.9331104695906367 -0.06598265178658197 0.04994294925904356
0.8148325510280003 -0.07819923652903282 0.04999981949178332
-0.9179567176195857 -0.07854435473792602 0.04999967718577263
-0.4026462067556917 0.6364104240144198 -0.001264409183897898
-0.377637004402163 0.8536186089010749 -0.001802430840588766
0.05309116747944252 0.06929908284678844 0.001864184909682266
-0.3417770077631501 0.8687843421565117 -0.04999975189567547
0.3257499331074355 -0.788827805973779 -0.0004922491174352272
-0.6287892465 -0.774925977 -0.0499985106
-0.3938198868342482 0.9174327904085656 -0.05000105584381397
-0.607260882064231 0.07654422897378683 0.0500000007
0.6748005736739597 0.4981501612473216 0.04999996047264343
0.03191360656757793 -0.4584298426914013 0.001174506089545781
0.5977320507317936 0.1621082904468039 0.005491837950236311
-0.3273017187633481 -0.1031447440302269 0.01102401831687413
0.1089894117081147 0.03342119636616181 -0.004983136875448518
0.314536768957538 -0.2607292110093757 0.001528260706392263
0.1506888068786184 0.04936334042717621 0.0500000007
0.2359409296648455 0.1244748947579866 -0.001879580331741342
0.3226141382929303 0.1323255291022118 0.0500000007
-0.4042734227023227 -0.09467709759273377 0.004376610390843392
-0.3724195104039094 0.1627105936952294 -0.0500000007

CELLS 4161 20805
4 22 1190 417 20
4 15 11 917 800
4 26 318 1257 479
4 528 730 415 395
4 715 294 234 423
4 26 271 318 479
4 317 237 1061 926
4 542 1096 588 1174
4 902 117 114 1090
4 26 271 643 413
4 726 421 488 281
4 317 209 926 295
4 366 460 823 1254
4 1255 1039 611 1007
4 289 643 1132 413
4 631 420 430 1086
4 122 688 606 127
4 293 611 708 1007
4 1015 59 57 1162
4 747 840 628 325
4 1053 513 1058 807
4 841 502 351 627
4 289 413 1132 927
4 132 368 723 831
4 111 452 476 1047
4 289 26 643 413
4 416 1101 431 185
4 303 1261 1013 1059
4 1232 88 1166 1069
4 568 805 1234 219
4 747 549 628 840
4 478 556 698 558
4 53 1213 935 52
4 592 1203 1083 681
4 728 940 1137 339
4 886 1109 162 397
4 207 1151 1136 215
4 434 574 184 187
4 924 274 240 765
4 251 573 335 1215
4 50 51 45 447
4 1137 728 252 940
4 1144 534 763 849
4 1134 111 476 839
4 362 973 1090 117
4 369 1210 538 942
4 1010 555 249 1079
4 1010 1079 975 875
4 923 740 422 976
4 536 986 744 774
4 1145 514 320 237
4 369 1024 1219 942
4 517 522 1221 288
4 175 745 825 178
4 1245 948 775 3
4 1203 771 592 465
4 1106 133 520 92
4 470 833 133 965
4 1237 129 126 368
4 200 201 430 1222
4 847 817 544 546
4 1118 404 1121 871
4 1103 627 668 351
4 311 684 363 712
4 680 345 644 253
4 787 311 870 866
4 866 311 297 712
4 871 684 363 311
4 1108 425 888 588
4 1108 597 888 425
4 605 425 588 531
4 924 521 843 274
4 22 20 417 626
4 596 551 1189 520
4 26 242 246 289
4 215 503 967 449
4 467 751 865 950
4 480 1257 761 242
4 244 883 1183 401
4 888 244 1183 588
4 1184 766 247 1150
4 449 913 523 801
4 523 913 950 764
4 913 950 449 523
4 830 856 862 250
4 400 951 262 460
4 870 379 866 264
4 583 264 862 866
4 870 866 862 264
4 271 479 643 1132
4 26 1209 784 271
4 559 497 1052 1139
4 833 1106 133 520
4 217 277 316 820
4 480 26 242 784
4 246 558 242 26
4 810 303 1148 1260
4 1260 303 1148 1059
4 834 964 765 333
4 1260 554 303 1059
4 261 769 299 279
4 604 769 22 299
4 610 843 274 243
4 205 726 293 708
4 205 726 708 486
4 375 867 565 1120
4 6 566 1245 874
4 1257 242 26 625
4 795 228 859 1173
4 643 1132 997 289
4 1132 927 921 289
4 1132 921 997 289
4 614 1039 880 796
4 866 311 870 297
4 856 349 297 870
4 870 297 856 866
4 781 786 1002 356
4 366 605 823 676
4 554 1261 552 303
4 306 983 593 143
4 988 309 441 1006
4 309 455 389 725
4 309 638 725 389
4 1047 111 452 231
4 1183 310 1082 1193
4 1183 1193 883 310
4 310 1183 1170 883
4 1108 605 425 588
4 1108 597 425 605
4 472 220 315 407
4 472 1214 407 315
4 565 867 599 1120
4 1120 599 565 603
4 317 237 1145 1061
4 402 306 972 542
4 26 271 784 318
4 698 246 556 299
4 236 600 227 599
4 597 1176 322 591
4 805 219 324 357
4 919 896 1160 326
4 919 1081 1168 326
4 554 552 1261 1235
4 806 892 552 1235
4 380 533 390 438
4 438 951 533 390
4 472 789 748 239
4 233 724 904 224
4 785 949 34 509
4 406 339 1137 944
4 261 1240 769 279
4 1240 279 626 769
4 498 257 1093 1099
4 498 677 1186 1093
4 345 647 680 1115
4 1038 647 345 978
4 958 479 350 1129
4 479 1036 958 350
4 677 529 268 498
4 1186 677 498 529
4 1099 498 529 1186
4 1061 417 619 1190
4 948 872 0 269
4 357 219 324 845
4 357 324 699 1000
4 357 663 304 1000
4 357 545 219 845
4 357 699 663 1000
4 414 423 715 306
4 787 363 870 311
4 311 363 870 297
4 297 349 363 870
4 856 870 862 250
4 414 294 715 423
4 26 479 1257 643
4 26 1257 625 643
4 1257 1263 643 479
4 1257 1263 625 643
4 609 1230 665 938
4 609 352 665 1230
4 243 834 924 240
4 208 1145 1061 317
4 685 277 493 1017
4 1076 884 702 615
4 995 377 752 743
4 377 735 456 910
4 842 827 476 1134
4 1203 1003 592 771
4 710 1063 1009 585
4 309 455 738 389
4 309 638 389 738
4 738 1027 389 455
4 900 392 1212 1124
4 1212 392 900 677
4 423 234 306 143
4 462 642 487 549
4 1118 787 871 1121
4 1118 1238 787 895
4 1118 787 1121 895
4 1118 379 787 1238
4 822 388 282 470
4 562 138 570 399
4 138 1097 142 570
4 562 399 570 1085
4 399 1085 385 570
4 142 1097 385 570
4 364 398 374 1103
4 651 374 398 1103
4 398 364 668 1103
4 345 680 1144 1115
4 1144 345 644 680
4 6 8 9 874
4 1229 940 343 873
4 406 728 1137 339
4 406 1137 408 944
4 486 341 450 692
4 17 23 24 273
4 736 1006 440 725
4 437 736 440 725
4 27 699 31 29
4 28 30 32 682
4 571 1242 403 719
4 571 1125 403 1242
4 42 46 48 305
4 57 1015 54 59
4 71 72 77 337
4 79 82 84 346
4 80 990 85 82
4 80 82 1220 990
4 81 83 86 530
4 86 88 91 1166
4 89 93 95 347
4 96 858 103 99
4 97 100 102 354
4 98 353 101 100
4 710 411 1177 585
4 1143 411 332 1016
4 1009 411 710 585
4 1009 411 332 1143
4 107 110 113 358
4 113 116 119 989
4 605 676 451 402
4 124 606 131 127
4 125 126 130 368
4 125 368 361 126
4 289 26 413 1209
4 289 1209 413 927
4 26 271 413 1209
4 137 140 144 378
4 145 149 151 384
4 146 390 152 148
4 147 929 153 149
4 152 390 159 154
4 156 157 161 397
4 161 162 167 1051
4 402 414 715 306
4 402 414 306 542
4 203 414 402 542
4 402 953 414 203
4 315 407 220 945
4 243 843 274 924
4 414 402 451 953
4 715 451 414 402
4 499 415 1163 254
4 499 551 1163 415
4 592 1211 767 1228
4 177 416 182 180
4 186 187 191 693
4 832 305 433 1020
4 832 1020 433 302
4 196 197 201 430
4 6 566 3 1245
4 1218 656 795 263
4 795 263 859 228
4 542 423 306 1102
4 1102 423 306 143
4 203 423 542 1102
4 733 457 711 458
4 493 261 265 1001
4 819 457 529 733
4 419 1196 799 1030
4 1196 419 799 1045
4 1157 1196 799 1045
4 1260 1142 554 1059
4 425 861 597 888
4 425 883 244 401
4 425 883 401 861
4 888 425 244 588
4 1190 1145 320 619
4 398 705 355 668
4 569 792 1105 525
4 1105 569 550 792
4 89 84 87 347
4 97 1208 94 1236
4 122 118 124 689
4 597 1176 766 322
4 581 372 431 1094
4 416 431 714 581
4 416 431 1101 645
4 581 372 286 431
4 411 332 1016 623
4 636 623 411 1177
4 636 411 585 1177
4 715 693 234 434
4 434 715 693 815
4 234 434 693 574
4 1175 597 322 591
4 1184 597 766 322
4 677 457 268 529
4 457 979 677 268
4 998 684 241 504
4 504 684 241 712
4 799 1098 1045 1011
4 1011 1098 1045 796
4 799 1098 1011 466
4 466 1098 1011 796
4 375 221 443 565
4 333 375 443 565
4 765 443 333 375
4 443 846 992 274
4 765 443 992 274
4 443 221 375 846
4 1208 374 1236 651
4 357 1000 304 845
4 357 324 1000 845
4 283 790 844 444
4 283 444 844 1079
4 444 790 844 213
4 486 450 1126 692
4 676 535 427 451
4 574 234 993 420
4 692 1126 486 215
4 1127 720 673 462
4 453 308 737 1112
4 1247 454 344 936
4 1247 346 454 936
4 234 983 693 715
4 871 363 787 311
4 1121 787 871 363
4 1203 1003 852 592
4 192 1243 199 956
4 199 1222 198 956
4 852 1003 1100 592
4 423 294 234 143
4 321 1161 1210 1219
4 725 1006 440 607
4 1170 882 1060 1091
4 705 398 373 668
4 1236 398 373 705
4 357 1067 699 324
4 853 357 1067 699
4 784 626 478 556
4 481 1212 1264 995
4 481 1124 616 744
4 481 616 809 744
4 481 1264 754 995
4 281 488 572 841
4 481 1212 995 1124
4 470 596 1187 965
4 409 277 820 905
4 565 443 333 780
4 565 221 443 780
4 487 747 978 654
4 892 806 586 284
4 799 1055 1098 466
4 1264 1212 280 1133
4 280 1212 1264 481
4 280 1264 754 481
4 786 1002 356 517
4 522 352 939 288
4 1148 810 1260 1050
4 583 264 401 862
4 869 862 861 264
4 790 844 524 1014
4 1184 597 322 1175
4 1184 322 379 869
4 1184 1175 322 869
4 1128 1224 644 629
4 1248 507 508 214
4 1248 214 624 507
4 508 214 507 282
4 1248 507 278 508
4 278 508 507 622
4 1248 508 278 918
4 918 278 388 508
4 278 388 508 622
4 1145 320 619 237
4 607 287 638 309
4 607 238 287 1006
4 961 751 1199 1136
4 961 751 589 1199
4 618 751 1136 1199
4 485 292 471 1065
4 257 1065 471 292
4 383 1165 513 254
4 1165 808 513 807
4 796 1007 893 798
4 383 808 513 1165
4 513 808 1058 807
4 637 947 671 559
4 728 1119 424 516
4 424 516 226 252
4 728 516 424 252
4 86 88 1166 1232
4 380 390 148 438
4 345 644 527 1144
4 1144 527 410 644
4 559 497 1139 300
4 1099 498 981 529
4 719 1244 1095 1242
4 1176 591 425 531
4 425 591 244 531
4 319 537 56 60
4 319 560 537 60
4 536 1124 481 744
4 536 900 1212 1124
4 536 1212 481 1124
4 873 418 944 890
4 512 560 537 319
4 1108 203 542 1102
4 542 306 593 1102
4 483 907 475 314
4 907 1171 348 314
4 1171 1043 348 314
4 542 1102 593 1096
4 1007 611 914 798
4 1188 491 880 1080
4 968 608 920 525
4 602 1022 608 920
4 602 277 920 316
4 968 525 920 327
4 920 864 316 277
4 446 1049 946 1032
4 1032 816 1049 359
4 1032 816 446 1049
4 545 458 308 453
4 545 308 737 453
4 458 762 545 308
4 308 304 545 737
4 762 304 545 308
4 1219 547 564 678
4 603 222 780 548
4 780 222 331 548
4 549 1114 909 487
4 462 549 487 1114
4 549 319 1078 959
4 748 462 1114 549
4 628 1078 909 549
4 628 549 319 1078
4 1093 485 471 1065
4 978 647 345 1115
4 747 647 978 1115
4 747 654 1115 978
4 978 654 1115 345
4 819 1099 529 1186
4 819 1099 981 529
4 473 1099 981 819
4 219 805 1234 545
4 1210 836 538 942
4 526 609 792 1025
4 526 609 1025 824
4 342 609 792 526
4 342 609 526 824
4 592 1203 681 852
4 320 1050 1196 514
4 632 1169 213 652
4 558 784 242 26
4 478 626 698 556
4 558 1209 784 26
4 558 1209 478 784
4 558 784 556 242
4 80 1220 1249 1033
4 80 1220 77 1247
4 1204 934 336 1123
4 541 898 469 338
4 1147 875 1050 1156
4 1061 237 1145 619
4 1224 668 644 629
4 342 665 609 352
4 342 665 1227 609
4 940 343 873 1046
4 722 229 365 511
4 365 722 718 229
4 831 570 562 132
4 1085 570 562 831
4 562 570 138 132
4 966 755 927 1209
4 755 1209 289 927
4 1026 490 734 572
4 572 1188 445 579
4 1026 572 1188 490
4 494 635 946 729
4 635 729 500 946
4 651 398 351 1103
4 1103 398 351 668
4 565 780 333 603
4 603 653 333 565
4 651 705 575 700
4 651 700 575 354
4 308 360 433 578
4 1188 491 1080 579
4 491 1188 1026 579
4 797 563 899 1044
4 916 1032 446 1250
4 916 1032 1250 370
4 26 242 289 625
4 657 294 535 825
4 294 414 535 953
4 825 294 535 953
4 657 535 294 414
4 1184 766 597 247
4 460 597 1254 766
4 1254 766 597 1176
4 247 766 597 460
4 1031 400 460 366
4 366 460 1031 477
4 1031 460 164 477
4 1160 586 1062 1073
4 258 586 1062 806
4 575 1236 705 651
4 575 354 1236 651
4 577 1253 743 744
4 616 744 577 743
4 995 577 377 743
4 577 735 456 377
4 577 735 1253 456
4 951 262 1150 159
4 951 1150 262 460
4 951 1150 460 766
4 347 722 365 511
4 345 527 534 1144
4 856 830 492 1239
4 369 538 594 1024
4 594 678 818 494
4 369 1024 594 678
4 856 1165 492 595
4 916 361 446 816
4 620 649 340 906
4 620 474 340 649
4 620 649 553 474
4 329 649 553 620
4 620 329 649 906
4 932 568 971 1124
4 219 568 971 932
4 720 580 461 462
4 1228 592 852 1100
4 473 1099 758 1066
4 1236 94 1069 1208
4 1066 1099 758 471
4 1137 664 666 406
4 534 81 530 83
4 1052 497 721 1139
4 1035 721 1052 497
4 1239 383 528 254
4 387 1242 432 301
4 313 52 46 1020
4 963 614 506 1202
4 1202 614 506 532
4 481 1124 995 616
4 481 995 754 616
4 995 616 577 743
4 995 743 754 616
4 603 222 548 227
4 448 1071 166 617
4 166 1051 448 617
4 516 1119 937 343
4 391 937 394 1223
4 982 424 1051 1109
4 620 340 1113 906
4 602 920 778 1022
4 406 714 408 1137
4 617 170 666 664
4 669 876 393 355
4 996 111 1134 839
4 1167 996 1134 839
4 1167 1057 996 839
4 1151 950 503 449
4 1151 950 449 639
4 499 730 551 415
4 1093 396 485 1065
4 459 384 887 857
4 459 1161 686 941
4 459 384 385 887
4 655 480 784 561
4 1190 20 1145 417
4 624 1145 1248 20
4 1190 1145 20 1248
4 722 347 365 84
4 365 84 346 722
4 1219 1161 547 399
4 399 1161 547 686
4 622 508 507 282
4 622 388 508 282
4 622 822 282 1240
4 622 388 282 822
4 622 1240 507 20
4 712 349 684 363
4 712 504 684 349
4 466 1055 1098 1182
4 799 540 1055 466
4 511 938 229 367
4 511 938 367 665
4 353 1236 373 705
4 865 751 1151 950
4 444 213 844 332
4 1079 444 844 332
4 1079 332 844 223
4 210 644 627 680
4 680 629 627 502
4 680 644 627 629
4 209 237 317 926
4 877 980 964 860
4 756 757 280 1212
4 470 833 965 1187
4 757 1005 1133 1212
4 278 822 622 604
4 1127 253 1038 673
4 1236 398 705 651
4 460 1254 400 766
4 941 727 887 836
4 347 365 908 511
4 261 386 1240 493
4 261 1240 279 493
4 529 457 711 733
4 733 981 711 529
4 886 1051 162 1109
4 161 1109 1051 424
4 161 162 1051 1109
4 1088 663 853 699
4 795 419 859 656
4 314 1043 348 718
4 205 692 726 486
4 835 919 1082 1168
4 642 747 487 549
4 747 461 642 978
4 741 976 923 954
4 748 642 549 747
4 642 747 978 487
4 204 791 685 493
4 748 642 747 461
4 1183 310 1170 882
4 1082 882 310 1183
4 611 914 708 1007
4 708 205 640 611
4 1132 643 997 753
4 643 1263 753 1132
4 601 432 631 430
4 1247 337 405 829
4 307 332 411 623
4 711 457 453 458
4 529 457 1112 711
4 711 981 1112 529
4 711 453 308 458
4 308 788 1112 711
4 1113 329 906 1015
4 218 428 846 274
4 708 967 449 256
4 708 967 256 915
4 881 213 652 623
4 881 429 652 1169
4 884 376 661 652
4 652 376 661 623
4 881 213 1169 652
4 32 682 509 1018
4 682 610 509 1018
4 510 543 433 313
4 313 1020 46 302
4 313 543 433 302
4 383 1165 856 349
4 562 1219 547 399
4 578 360 433 305
4 923 1195 716 740
4 280 757 1133 1212
4 794 1039 611 1255
4 1231 459 1097 147
4 278 388 622 822
4 816 658 361 989
4 429 661 881 652
4 652 661 881 623
4 429 659 881 661
4 1253 437 725 736
4 1253 437 736 456
4 391 412 683 397
4 1061 1145 208 417
4 1239 856 830 250
4 499 1239 528 254
4 488 794 445 1188
4 617 666 448 664
4 851 312 51 447
4 172 1071 166 448
4 617 1071 166 969
4 166 1051 617 969
4 1137 448 408 252
4 450 1128 253 760
4 958 1037 467 950
4 750 1037 958 950
4 452 890 1119 912
4 1215 1185 567 912
4 940 1046 873 452
4 1185 567 573 1215
4 873 452 890 940
4 1160 674 1073 1062
4 674 1164 1163 1062
4 313 935 1020 433
4 433 360 1020 305
4 414 451 535 953
4 657 535 414 451
4 676 953 535 451
4 358 575 354 897
4 1116 575 358 897
4 575 1116 701 897
4 575 701 705 897
4 831 562 1219 1250
4 1250 831 369 1219
4 745 181 815 434
4 1056 1098 799 1055
4 1157 505 1056 799
4 1157 1098 799 1056
4 869 264 861 1175
4 1175 264 322 869
4 1196 987 1050 1156
4 1030 1196 1156 987
4 366 676 823 477
4 391 683 424 397
4 516 1119 424 683
4 391 516 424 683
4 738 1067 357 324
4 853 738 1067 357
4 530 849 1144 1115
4 853 738 357 663
4 1054 499 254 830
4 1054 830 254 492
4 1118 379 1238 838
4 622 1240 282 507
4 546 463 875 1156
4 204 791 778 685
4 484 464 1201 485
4 1186 677 529 457
4 498 257 757 1093
4 1188 579 1080 445
4 466 796 614 1202
4 365 722 346 718
4 132 831 139 687
4 571 719 403 1083
4 258 551 806 1163
4 549 1078 1114 748
4 669 876 355 811
4 805 219 287 324
4 33 699 35 931
4 1069 690 94 98
4 385 459 1097 1231
4 1097 385 399 459
4 1047 839 469 435
4 785 928 509 30
4 314 259 475 334
4 334 475 829 259
4 653 974 697 742
4 1179 697 974 742
4 1179 742 740 697
4 1175 591 322 264
4 851 560 55 537
4 777 836 1181 686
4 686 573 836 1181
4 136 404 135 598
4 676 953 451 402
4 557 801 1218 706
4 557 1075 801 706
4 5 3 707 1245
4 245 1242 601 903
4 452 890 912 709
4 1058 528 633 808
4 383 808 528 513
4 513 808 528 1058
4 711 981 733 746
4 884 661 429 652
4 884 659 429 661
4 884 659 1092 429
4 235 576 255 440
4 586 717 1160 1261
4 892 1261 717 586
4 416 286 1107 431
4 1206 286 330 275
4 1206 286 275 276
4 431 286 1206 276
4 1088 663 273 853
4 605 425 531 1176
4 597 1176 425 605
4 532 880 1041 491
4 726 445 293 285
4 445 692 726 281
4 794 445 293 726
4 726 445 285 486
4 797 496 436 729
4 377 743 735 752
4 577 743 735 377
4 577 743 1253 735
4 743 735 779 974
4 743 974 1253 735
4 743 735 752 779
4 453 737 1234 1112
4 545 737 1234 453
4 737 304 545 1234
4 960 133 316 92
4 525 92 316 266
4 698 1209 478 558
4 480 1257 242 26
4 318 26 1257 480
4 1202 796 614 532
4 1202 1182 796 532
4 1201 464 396 485
4 495 974 653 742
4 797 729 436 494
4 730 1068 520 551
4 133 551 520 1068
4 395 1068 730 551
4 294 745 815 434
4 776 178 745 184
4 776 745 434 184
4 488 281 502 841
4 1151 751 503 950
4 503 751 1136 618
4 1136 751 503 1151
4 381 808 637 504
4 730 92 520 1068
4 133 1068 520 92
4 446 816 1191 1116
4 1116 1191 358 816
4 509 243 274 240
4 63 60 560 628
4 63 628 560 909
4 63 60 55 560
4 522 665 352 511
4 472 239 748 512
4 1078 512 1110 315
4 1078 512 315 472
4 1099 819 471 1186
4 1099 819 758 471
4 515 437 691 891
4 212 684 311 712
4 795 1131 237 926
4 237 419 1131 795
4 44 851 447 518
4 447 518 855 296
4 1261 1059 1160 812
4 674 258 1062 1163
4 674 258 1073 1062
4 806 258 1163 1062
4 452 111 709 231
4 877 233 904 224
4 877 336 984 1072
4 858 646 517 522
4 517 858 671 646
4 889 960 807 526
4 525 608 526 968
4 417 20 208 626
4 458 845 545 762
4 845 304 545 762
4 1000 832 304 762
4 762 957 433 458
4 957 433 832 762
4 353 1236 705 575
4 486 915 708 205
4 205 915 708 640
4 486 967 708 915
4 530 1144 210 1115
4 220 239 211 233
4 220 233 472 239
4 860 220 211 233
4 944 1094 155 408
4 944 1094 408 406
4 769 698 279 626
4 310 674 770 1081
4 854 770 674 1081
4 1081 310 1170 770
4 617 173 170 664
4 448 1137 408 714
4 653 974 976 697
4 1179 976 974 697
4 543 957 433 302
4 1054 883 401 1193
4 825 178 745 776
4 294 745 434 776
4 294 434 574 776
4 854 674 1193 1164
4 674 1082 1193 1062
4 472 696 315 220
4 472 512 315 696
4 32 30 509 682
4 610 243 274 509
4 218 240 928 274
4 509 240 274 928
4 1173 228 859 893
4 698 966 478 1209
4 827 418 1134 193
4 555 842 249 223
4 1167 555 463 842
4 193 111 418 1134
4 842 1134 1167 555
4 827 418 476 1134
4 1134 111 418 476
4 842 193 1134 249
4 555 842 223 463
4 604 769 299 261
4 604 1240 769 261
4 265 604 299 261
4 428 218 928 274
4 557 480 260 655
4 880 491 1039 1041
4 176 645 714 180
4 1188 1039 880 491
4 173 714 176 664
4 255 269 783 872
4 776 434 574 184
4 715 434 234 294
4 850 917 269 783
4 783 576 269 255
4 783 917 269 576
4 947 559 216 781
4 1035 637 670 559
4 229 907 314 259
4 718 229 314 259
4 849 76 763 694
4 819 529 457 1186
4 319 628 560 60
4 788 981 1112 711
4 566 600 227 236
4 566 775 3 1245
4 566 1 3 775
4 788 981 711 746
4 568 455 442 1124
4 568 287 455 805
4 1195 467 1129 1204
4 1204 336 1037 1123
4 497 807 526 569
4 569 889 807 526
4 913 639 950 764
4 761 523 950 764
4 544 546 505 1157
4 946 370 635 594
4 729 500 496 436
4 393 729 946 500
4 605 597 823 1108
4 468 1037 741 1204
4 958 1037 1204 467
4 466 796 798 614
4 791 1012 685 493
4 937 1048 573 394
4 1185 573 251 1215
4 573 727 836 567
4 836 573 941 727
4 791 731 778 685
4 1001 1012 791 493
4 234 294 574 143
4 693 420 194 793
4 865 1136 230 207
4 207 1136 230 215
4 865 751 1136 1151
4 400 163 262 158
4 1031 163 164 262
4 400 951 158 262
4 738 663 304 357
4 738 287 1067 324
4 672 95 104 99
4 29 663 1088 699
4 197 1086 420 195
4 371 724 461 580
4 984 291 224 580
4 580 724 461 748
4 580 748 789 724
4 1094 581 155 408
4 1084 581 155 1094
4 353 101 105 897
4 354 897 353 105
4 318 480 561 784
4 1113 329 620 906
4 1078 1114 909 549
4 909 1078 560 1114
4 572 1188 579 1026
4 579 572 1026 837
4 586 806 258 284
4 717 586 1073 284
4 576 800 917 269
4 439 800 917 576
4 698 966 246 225
4 966 246 755 1209
4 225 246 755 966
4 698 966 1209 246
4 495 742 803 974
4 495 1074 803 742
4 803 779 974 742
4 1032 370 916 804
4 635 804 370 946
4 738 805 324 357
4 805 738 1234 304
4 738 805 287 324
4 738 304 805 357
4 805 287 455 738
4 455 738 1234 805
4 662 135 648 404
4 269 800 917 7
4 1137 666 728 406
4 481 616 754 809
4 616 743 754 809
4 756 481 754 809
4 779 749 997 974
4 779 974 997 743
4 921 997 743 779
4 1132 779 997 921
4 779 1132 997 749
4 984 589 224 291
4 555 1134 1167 519
4 582 590 418 193
4 733 981 819 323
4 733 981 323 746
4 981 340 323 746
4 473 981 323 819
4 473 323 981 340
4 448 666 1137 664
4 1137 424 448 252
4 448 424 1137 666
4 935 360 48 1020
4 935 360 1020 433
4 669 876 811 700
4 651 669 811 700
4 651 811 705 700
4 700 701 811 705
4 876 701 811 700
4 932 979 1234 774
4 557 1075 706 260
4 469 839 1047 231
4 426 806 284 551
4 406 664 714 1137
4 448 1137 714 664
4 1065 778 757 1017
4 400 951 460 766
4 247 766 460 1150
4 894 1094 155 944
4 894 1094 944 406
4 1094 408 406 714
4 1165 349 712 595
4 707 3 948 1245
4 746 711 433 733
4 733 458 711 433
4 510 733 433 543
4 733 458 433 543
4 1219 1161 564 547
4 547 1161 564 686
4 562 132 134 723
4 604 261 265 204
4 1060 1168 881 835
4 1026 393 489 1135
4 489 1135 393 500
4 489 359 500 393
4 455 988 739 725
4 511 938 1230 348
4 645 1094 406 714
4 884 376 652 636
4 636 376 652 623
4 606 650 131 127
4 606 998 684 688
4 606 688 650 127
4 175 657 825 745
4 175 181 657 745
4 306 143 593 1102
4 818 538 563 942
4 485 292 1065 1200
4 1201 396 1065 485
4 1200 292 1019 485
4 1000 324 699 1154
4 628 828 747 325
4 747 828 549 748
4 628 747 828 549
4 342 609 824 352
4 231 567 777 382
4 777 567 539 382
4 869 379 870 264
4 869 870 862 264
4 530 849 534 1144
4 763 534 78 849
4 296 267 610 855
4 486 692 915 205
4 517 522 288 612
4 1157 1045 799 1098
4 708 205 611 293
4 228 708 263 914
4 672 612 517 1192
4 962 522 517 612
4 301 613 248 206
4 200 613 1222 631
4 200 1086 197 202
4 1242 615 245 206
4 1242 206 771 615
4 1230 1171 634 348
4 675 1171 772 483
4 960 92 316 525
4 217 608 133 316
4 470 133 551 965
4 1126 618 272 270
4 1238 1184 838 379
4 29 663 24 1088
4 1248 214 508 918
4 1142 918 388 214
4 175 657 535 825
4 1161 836 621 1210
4 704 13 667 868
4 74 694 763 76
4 74 694 970 763
4 524 1262 919 885
4 1082 524 1262 919
4 784 556 478 558
4 631 206 301 1242
4 631 613 301 206
4 135 140 648 404
4 662 135 713 648
4 249 632 332 1009
4 781 671 559 300
4 671 300 288 670
4 1128 629 253 760
4 680 760 629 502
4 488 421 502 281
4 722 511 630 348
4 522 511 352 630
4 522 612 630 352
4 615 1242 245 903
4 601 631 933 420
4 631 432 1242 301
4 492 856 254 1165
4 1165 254 383 856
4 1239 254 856 383
4 856 583 492 830
4 824 1230 352 609
4 483 1023 675 1171
4 944 890 339 940
4 636 585 465 901
4 636 571 376 901
4 636 376 623 1177
4 636 623 307 411
4 636 307 585 411
4 637 671 670 559
4 380 1238 895 533
4 380 1238 533 438
4 1118 1238 380 438
4 1118 1238 895 380
4 950 865 467 1036
4 215 641 230 207
4 915 641 215 207
4 377 735 910 752
4 735 910 752 779
4 459 941 686 394
4 941 686 394 573
4 573 1048 686 394
4 539 541 911 898
4 539 898 911 899
4 539 1042 899 911
4 345 1115 1144 763
4 1256 659 702 593
4 1256 587 659 593
4 702 593 1091 1256
4 646 665 522 511
4 646 665 1221 522
4 510 906 340 323
4 606 773 131 650
4 606 688 773 650
4 131 662 135 127
4 662 135 127 713
4 294 715 434 815
4 688 362 955 713
4 256 215 1151 207
4 1032 804 1141 359
4 1250 1032 446 678
4 1250 1032 678 370
4 876 1153 700 669
4 795 1218 209 656
4 795 419 656 209
4 174 657 535 175
4 1255 880 796 293
4 1255 1007 611 293
4 884 1076 659 376
4 659 702 1076 884
4 660 758 1140 1066
4 200 613 1086 202
4 366 823 460 477
4 131 773 662 650
4 131 598 136 135
4 909 628 560 1078
4 342 1040 352 824
4 473 660 758 1246
4 1219 369 1250 678
4 1250 368 1180 831
4 562 1219 1250 678
4 16 704 13 667
4 509 274 682 928
4 928 428 682 28
4 932 568 1124 455
4 219 287 568 805
4 455 739 986 1234
4 362 689 688 973
4 117 118 689 902
4 174 657 427 535
4 664 714 176 645
4 609 675 1025 634
4 675 1023 1025 634
4 484 1023 1025 675
4 1025 484 675 792
4 734 393 669 489
4 1258 802 624 214
4 679 210 364 374
4 679 530 364 210
4 345 253 680 647
4 592 681 1211 1228
4 592 681 1228 852
4 682 274 509 610
4 584 647 760 673
4 344 66 337 329
4 329 66 328 344
4 1054 401 830 583
4 862 583 830 401
4 402 588 1108 542
4 402 588 542 1096
4 1108 1102 542 1174
4 27 699 29 1088
4 853 738 287 1067
4 1061 1145 417 1190
4 762 832 304 578
4 762 433 832 578
4 210 680 627 1103
4 680 502 627 1103
4 549 959 1078 748
4 828 959 549 748
4 748 1078 512 959
4 773 662 650 688
4 684 662 688 212
4 973 902 781 1090
4 902 1090 114 786
4 858 952 962 99
4 952 962 1087 522
4 952 95 1087 99
4 416 431 1107 185
4 1206 276 1152 431
4 431 1152 1206 185
4 541 614 963 1202
4 911 541 963 898
4 484 1201 1025 1200
4 692 1155 450 760
4 898 541 963 1202
4 692 760 641 421
4 186 187 693 434
4 234 601 693 983
4 757 1005 1225 1133
4 1017 1005 1225 757
4 663 1089 273 853
4 965 833 133 520
4 965 596 1187 520
4 965 833 520 1187
4 965 133 551 520
4 596 965 551 520
4 877 904 1072 984
4 220 211 696 267
4 220 696 211 239
4 1025 792 327 484
4 1201 327 464 484
4 1201 1025 327 484
4 1161 836 686 941
4 887 1161 836 621
4 887 836 1161 941
4 662 713 212 871
4 525 968 526 1025
4 617 173 969 170
4 969 1051 617 170
4 1051 170 969 167
4 294 825 745 776
4 1148 1050 987 810
4 514 1148 1050 987
4 320 514 1260 1050
4 811 701 355 705
4 1134 193 519 249
4 900 971 392 1124
4 971 932 1124 900
4 930 1029 332 1143
4 842 193 249 710
4 972 306 593 542
4 972 542 593 1096
4 312 56 319 537
4 512 537 312 319
4 715 657 414 451
4 652 332 623 213
4 790 844 213 524
4 964 716 521 765
4 1176 597 425 591
4 591 861 1175 597
4 591 861 597 425
4 131 773 598 662
4 746 433 510 733
4 746 510 433 935
4 1113 510 746 935
4 892 552 1261 586
4 1001 791 265 493
4 708 640 263 914
4 230 272 641 215
4 641 272 1126 215
4 692 641 215 915
4 1076 615 571 884
4 449 215 1151 256
4 571 615 465 884
4 884 571 376 636
4 884 1076 376 571
4 884 465 571 636
4 988 577 442 1124
4 977 740 1179 1129
4 943 1179 1129 977
4 977 943 741 1129
4 697 821 742 740
4 740 422 976 697
4 422 740 821 697
4 1141 816 1032 359
4 632 1169 652 307
4 371 272 584 641
4 270 272 641 584
4 307 332 623 652
4 632 652 332 307
4 487 978 1038 654
4 978 461 642 1038
4 642 978 1038 487
4 978 647 461 1038
4 808 1165 381 721
4 808 721 807 1165
4 786 356 858 517
4 786 356 109 858
4 517 356 858 672
4 541 338 813 1055
4 541 1055 813 540
4 541 338 469 813
4 541 813 469 996
4 1150 390 951 159
4 495 803 456 974
4 401 264 861 862
4 1054 883 830 401
4 862 401 830 861
4 401 591 861 264
4 748 462 789 1114
4 416 581 286 431
4 26 479 643 271
4 643 271 1132 413
4 643 1263 1132 479
4 1263 826 1132 479
4 1057 540 1259 996
4 1167 1259 1057 1158
4 562 1250 723 678
4 1250 678 446 723
4 315 945 220 447
4 315 851 945 447
4 928 274 682 428
4 580 724 224 984
4 447 47 45 296
4 44 447 45 296
4 44 447 296 518
4 752 927 921 1132
4 554 1261 303 1059
4 554 1142 1261 1059
4 394 937 412 941
4 573 1185 727 567
4 941 573 394 937
4 944 940 1229 873
4 554 1235 1261 1142
4 873 890 944 940
4 528 730 395 1058
4 415 730 551 395
4 1058 528 730 290
4 732 665 1227 342
4 581 431 714 1094
4 431 714 1094 645
4 572 490 734 488
4 1255 796 1007 293
4 1255 1039 1007 796
4 1081 674 1073 1160
4 1081 674 1160 1082
4 353 1236 98 373
4 1236 1069 98 373
4 84 346 82 365
4 607 273 439 576
4 439 273 607 853
4 853 607 1089 273
4 900 932 986 774
4 932 1234 986 774
4 900 932 1124 986
4 988 1253 725 736
4 988 725 1006 736
4 442 441 988 309
4 988 1253 744 725
4 739 988 744 725
4 989 658 113 358
4 816 658 989 358
4 113 1191 116 989
4 1191 816 446 989
4 446 989 116 1191
4 991 704 221 428
4 991 428 221 846
4 991 704 667 221
4 443 221 991 780
4 991 221 443 846
4 44 518 296 39
4 900 986 536 774
4 900 774 536 756
4 900 986 1124 536
4 728 1119 516 940
4 728 516 252 940
4 726 692 421 281
4 794 488 445 726
4 794 421 726 205
4 468 1204 741 1129
4 958 1204 1129 467
4 468 1204 1129 958
4 443 846 375 992
4 765 443 375 992
4 765 521 992 375
4 27 439 699 1088
4 439 287 1067 853
4 417 208 655 784
4 64 62 66 328
4 64 66 69 328
4 328 62 66 329
4 709 890 418 452
4 447 696 312 296
4 447 312 47 296
4 541 1182 338 1055
4 851 518 945 447
4 1022 608 920 968
4 1022 968 920 327
4 1022 968 327 1025
4 1000 931 304 832
4 1000 699 931 1154
4 1043 936 475 759
4 314 936 475 1043
4 936 829 475 553
4 1001 225 299 814
4 1001 1111 966 814
4 1001 299 265 814
4 1001 966 225 814
4 358 700 354 575
4 1116 700 358 575
4 358 816 700 1116
4 970 654 840 909
4 651 705 811 398
4 651 811 351 398
4 651 669 351 811
4 457 979 1112 453
4 453 1112 1234 979
4 456 437 736 1021
4 456 437 1021 515
4 437 515 456 495
4 437 456 1253 495
4 614 1039 796 798
4 1039 796 798 1007
4 611 1039 798 1007
4 1011 1045 893 796
4 419 1045 1011 799
4 1011 1045 859 893
4 859 1045 1011 419
4 393 496 729 500
4 791 731 685 1012
4 814 731 791 1012
4 1013 1261 1014 812
4 303 1261 1014 1013
4 1013 1159 812 1014
4 1013 812 768 1148
4 702 659 903 593
4 903 593 983 143
4 903 593 143 702
4 861 883 401 830
4 920 277 778 396
4 602 277 778 920
4 778 277 685 1017
4 685 277 778 204
4 204 277 778 602
4 1017 277 396 778
4 763 1115 654 345
4 362 689 122 688
4 218 704 991 428
4 928 428 19 704
4 218 704 667 991
4 928 218 704 667
4 664 714 645 406
4 710 411 1016 1177
4 411 1016 1177 623
4 710 930 1177 1016
4 1148 768 1147 987
4 16 928 19 704
4 719 1095 771 1242
4 609 1077 792 772
4 675 484 772 792
4 155 582 1216 767
4 767 1211 1216 1228
4 773 684 598 662
4 512 537 560 851
4 512 312 851 447
4 512 851 315 447
4 512 851 1110 315
4 512 312 537 851
4 566 600 775 227
4 566 1 775 922
4 1 2 775 872
4 208 317 1061 655
4 357 304 545 845
4 545 805 1234 304
4 805 304 545 357
4 515 603 599 1120
4 891 227 600 599
4 437 603 515 495
4 919 1168 1169 848
4 794 421 488 726
4 968 525 327 1025
4 757 677 863 498
4 1093 677 1005 757
4 498 677 1093 757
4 284 551 806 258
4 258 551 1163 499
4 680 253 629 760
4 647 760 253 680
4 461 647 584 673
4 506 532 614 1041
4 777 836 567 1181
4 686 1122 777 563
4 646 367 665 511
4 854 258 674 1163
4 113 989 119 658
4 119 361 989 120
4 446 123 989 361
4 361 989 120 123
4 1018 949 36 296
4 1018 36 41 296
4 141 380 146 144
4 380 438 148 144
4 146 380 148 144
4 380 438 144 378
4 662 648 871 404
4 1116 1191 897 358
4 16 928 704 667
4 362 955 1090 973
4 241 782 216 381
4 381 1207 782 216
4 524 1262 885 1014
4 524 1014 885 790
4 913 801 561 1075
4 495 603 515 1120
4 495 515 456 1074
4 762 845 957 458
4 1000 957 832 762
4 1000 302 832 957
4 662 648 713 871
4 313 433 1020 302
4 694 840 67 70
4 785 243 509 240
4 785 928 30 25
4 256 1151 639 207
4 449 1151 639 256
4 698 966 279 478
4 860 695 211 843
4 946 594 635 494
4 789 462 878 1114
4 472 1114 1214 315
4 462 789 878 580
4 632 1169 790 213
4 848 1169 790 632
4 848 790 919 885
4 279 225 299 1001
4 1090 955 781 973
4 273 800 439 576
4 859 419 798 656
4 419 1011 798 799
4 859 1011 798 419
4 1000 832 302 40
4 1021 437 736 691
4 1021 437 691 515
4 1021 515 691 1149
4 693 194 191 793
4 500 804 635 946
4 224 724 904 984
4 877 224 904 984
4 601 430 631 420
4 420 693 601 793
4 420 793 601 430
4 601 234 693 420
4 986 739 988 744
4 169 535 427 168
4 366 168 427 535
4 366 477 168 535
4 477 171 168 535
4 171 169 168 535
4 493 261 1001 279
4 1001 261 299 279
4 1218 263 795 801
4 795 801 263 228
4 1024 538 594 818
4 1024 818 594 678
4 1024 942 818 564
4 1024 538 818 942
4 1024 818 678 564
4 414 423 306 542
4 203 423 414 542
4 366 676 427 605
4 605 676 427 451
4 1254 366 427 605
4 1027 739 389 455
4 1027 739 455 1234
4 930 842 1029 710
4 249 842 1029 223
4 249 842 710 1029
4 902 781 1090 786
4 781 786 356 1090
4 964 1195 716 923
4 964 934 877 1195
4 964 1195 521 716
4 1195 923 964 934
4 475 759 1246 1140
4 660 759 1140 1246
4 498 1099 1093 1186
4 1093 471 1186 1099
4 636 585 901 1177
4 608 133 316 960
4 608 960 316 525
4 1108 203 402 542
4 402 953 203 1108
4 402 676 953 1108
4 1174 1102 542 1096
4 1108 542 588 1174
4 150 154 158 951
4 400 163 1031 262
4 400 262 1031 460
4 674 1062 1193 1164
4 1022 920 396 464
4 1022 464 396 1201
4 1022 396 1065 1201
4 926 1131 237 320
4 946 370 1032 804
4 1032 946 678 370
4 5 6 1245 8
4 1057 540 813 1055
4 694 747 840 654
4 581 408 1094 714
4 416 714 431 645
4 369 538 1034 594
4 635 1034 538 594
4 544 546 817 505
4 1259 847 519 817
4 847 546 519 817
4 494 635 729 436
4 884 307 465 636
4 421 760 502 629
4 760 421 1155 629
4 692 760 421 1155
4 833 820 1106 520
4 833 820 520 1187
4 473 1099 1066 498
4 473 498 981 1099
4 217 602 608 316
4 217 277 602 316
4 822 217 409 204
4 822 409 217 470
4 596 470 551 965
4 676 823 477 953
4 1025 634 824 609
4 461 584 720 673
4 344 936 474 553
4 270 584 673 720
4 270 584 760 673
4 749 826 1179 1132
4 1263 1132 826 749
4 155 894 944 590
4 155 894 590 767
4 582 155 944 590
4 582 155 590 767
4 827 418 873 476
4 827 582 873 418
4 412 937 394 391
4 937 1119 683 412
4 919 1160 1081 326
4 111 1047 476 839
4 839 111 1047 231
4 446 1250 368 916
4 601 993 420 933
4 420 234 993 601
4 746 733 510 323
4 510 746 323 340
4 556 626 698 769
4 698 299 556 769
4 762 578 304 308
4 1058 889 960 807
4 1058 92 960 889
4 831 139 570 132
4 832 305 1020 40
4 832 40 1020 302
4 470 217 133 833
4 217 316 133 833
4 470 409 217 833
4 217 820 316 833
4 409 820 217 833
4 218 834 765 333
4 327 525 316 266
4 1228 681 1211 1216
4 1082 835 524 919
4 837 355 734 1026
4 662 713 688 212
4 1001 1012 493 1111
4 573 567 1181 335
4 438 533 951 838
4 533 1184 951 838
4 1184 766 951 838
4 362 127 128 713
4 694 747 325 840
4 117 902 689 973
4 1224 841 837 668
4 1103 502 627 351
4 668 355 841 837
4 668 351 841 355
4 627 629 668 841
4 629 841 1224 668
4 860 211 220 843
4 220 211 267 843
4 1147 844 810 1050
4 1159 283 844 1147
4 810 1013 844 1147
4 839 111 231 996
4 469 813 839 996
4 839 469 996 231
4 1057 996 839 813
4 900 979 756 677
4 218 428 991 846
4 555 519 1167 847
4 1167 1259 847 519
4 1167 847 1259 1158
4 849 76 78 763
4 1194 73 76 849
4 892 1235 1261 552
4 892 388 1235 426
4 979 900 756 774
4 1 2 872 850
4 872 2 269 850
4 372 852 330 275
4 372 852 275 276
4 287 853 638 738
4 358 354 105 897
4 949 785 34 925
4 691 891 600 599
4 203 294 414 423
4 414 953 294 203
4 578 305 433 832
4 957 302 832 433
4 862 583 856 830
4 862 856 583 866
4 153 857 149 929
4 153 157 857 999
4 857 412 394 391
4 857 999 157 397
4 857 1231 384 149
4 470 426 388 596
4 426 470 551 596
4 859 1007 798 893
4 859 914 656 798
4 859 914 798 1007
4 220 696 447 267
4 296 447 267 855
4 220 239 472 696
4 696 447 315 220
4 233 220 407 860
4 407 860 220 243
4 677 979 863 268
4 327 266 316 864
4 316 266 1106 864
4 186 434 693 815
4 186 815 181 434
4 765 333 422 375
4 704 868 221 428
4 615 571 1242 1125
4 1092 1060 659 1256
4 1092 1091 1060 1256
4 1092 1060 1091 1168
4 1 2 850 4
4 1 2 3 775
4 331 222 1245 227
4 8 6 1245 874
4 1245 874 1217 8
4 603 599 222 227
4 222 236 227 599
4 775 2 3 0
4 1091 1060 1170 1168
4 269 2 7 4
4 269 0 7 2
4 222 1245 227 236
4 731 280 757 1133
4 731 757 1225 1133
4 872 227 600 255
4 1 872 775 922
4 872 775 600 227
4 1 872 922 850
4 600 255 235 872
4 731 280 1133 1111
4 731 1225 1111 1133
4 269 872 0 2
4 892 214 717 1059
4 255 783 235 872
4 891 691 440 437
4 719 1095 1244 852
4 275 248 276 852
4 1204 923 934 741
4 955 241 216 947
4 249 1029 332 223
4 636 901 376 1177
4 470 388 282 596
4 901 1083 376 1177
4 875 1079 844 223
4 875 555 223 463
4 1116 816 700 876
4 876 1116 1049 701
4 876 1116 701 700
4 1049 359 816 876
4 265 261 493 204
4 233 224 877 407
4 9 868 13 14
4 789 878 224 1214
4 878 789 224 580
4 580 291 224 878
4 5 10 8 1217
4 1042 506 879 436
4 1135 879 501 1041
4 614 880 532 796
4 1108 402 605 588
4 402 605 676 1108
4 340 473 323 1246
4 1246 473 323 758
4 473 323 758 819
4 375 221 565 867
4 565 221 222 867
4 236 867 222 221
4 510 313 935 1015
4 704 868 667 221
4 9 874 8 13
4 1217 13 8 874
4 510 313 433 935
4 1245 566 227 236
4 52 57 1213 313
4 1015 313 935 1213
4 449 256 913 801
4 263 256 801 232
4 232 256 801 913
4 708 256 801 263
4 449 256 801 708
4 1064 36 41 1018
4 19 428 21 14
4 667 221 874 222
4 667 868 874 221
4 17 15 23 273
4 566 775 1245 227
4 1245 874 236 222
4 1248 507 624 20
4 199 956 198 192
4 439 1067 699 853
4 235 600 691 891
4 255 227 600 891
4 255 600 235 891
4 429 881 1092 1168
4 790 844 1014 1159
4 919 848 885 896
4 1159 885 1014 790
4 1159 896 885 848
4 1168 1092 1060 881
4 881 1092 1060 659
4 429 659 1092 881
4 366 535 427 676
4 477 953 535 676
4 777 898 382 539
4 424 391 1109 226
4 886 391 394 1223
4 382 898 541 539
4 459 887 385 621
4 289 26 625 643
4 92 889 290 266
4 889 525 266 92
4 266 889 1197 525
4 290 889 633 266
4 266 889 633 1197
4 302 1154 40 37
4 1000 1154 40 302
4 388 892 214 596
4 228 708 801 263
4 364 530 410 210
4 874 236 222 221
4 856 492 254 1239
4 92 395 960 1068
4 787 363 1121 895
4 822 204 409 261
4 822 204 261 604
4 1070 168 165 427
4 1254 366 1070 427
4 366 168 1070 427
4 172 173 1071 617
4 617 173 1071 969
4 443 218 333 780
4 443 991 218 780
4 748 472 1114 789
4 748 512 1078 472
4 920 277 396 464
4 461 1038 647 673
4 642 461 462 1038
4 747 647 461 978
4 461 1038 673 462
4 920 864 277 464
4 345 763 1144 534
4 342 550 792 732
4 342 792 550 569
4 841 734 488 572
4 841 351 488 734
4 898 1122 435 1044
4 777 563 898 539
4 898 1044 338 532
4 797 436 899 494
4 797 899 436 506
4 499 528 415 254
4 830 499 254 1239
4 670 497 939 342
4 497 1035 342 670
4 1035 559 670 497
4 457 979 268 1112
4 900 457 392 971
4 571 1203 719 1083
4 1203 592 901 465
4 592 1203 901 1083
4 362 117 689 973
4 984 336 877 224
4 984 589 336 224
4 243 240 924 274
4 1147 1156 1050 987
4 1245 222 331 874
4 308 762 433 458
4 340 660 1246 759
4 956 198 189 1152
4 956 1152 189 1206
4 233 239 211 904
4 860 233 211 904
4 860 211 695 904
4 919 1168 881 1169
4 919 881 524 790
4 835 1168 881 919
4 835 881 524 919
4 409 905 1241 282
4 409 905 282 386
4 1118 404 380 1121
4 410 1232 1166 1069
4 672 858 517 962
4 858 522 517 962
4 858 522 962 952
4 858 646 522 952
4 433 308 746 360
4 741 977 923 976
4 741 977 1204 923
4 1204 977 741 1129
4 28 30 682 928
4 682 30 509 928
4 470 409 833 282
4 409 1241 833 282
4 171 825 535 477
4 887 459 1161 621
4 165 400 163 1031
4 400 1031 165 1070
4 366 1031 400 1070
4 1261 892 717 1059
4 1154 31 35 37
4 1154 699 35 31
4 961 751 1136 865
4 371 272 641 230
4 1114 1078 1110 315
4 1114 1078 315 472
4 748 1078 1114 472
4 35 931 38 33
4 865 1151 639 950
4 452 709 912 231
4 1215 912 567 231
4 914 640 263 232
4 263 232 656 914
4 915 215 256 207
4 263 640 256 232
4 708 640 256 263
4 32 509 36 1018
4 233 860 407 877
4 269 7 917 4
4 784 480 655 260
4 565 867 222 599
4 222 780 565 603
4 236 599 222 867
4 302 37 40 43
4 995 752 927 921
4 927 995 921 1264
4 222 874 667 331
4 422 375 333 565
4 787 870 363 895
4 296 47 45 41
4 46 43 49 302
4 44 851 50 447
4 47 45 51 447
4 47 447 51 312
4 44 50 45 447
4 49 46 313 52
4 313 302 46 49
4 1024 564 1219 942
4 1219 1024 678 564
4 52 49 54 313
4 537 56 55 51
4 1013 1159 844 1147
4 1159 1014 1013 844
4 1013 768 1147 1148
4 138 399 1097 570
4 1097 399 385 570
4 54 57 52 313
4 873 452 418 890
4 233 789 472 239
4 57 1213 58 53
4 1218 557 295 209
4 433 360 746 935
4 557 706 1218 295
4 209 795 926 295
4 439 853 699 1088
4 853 1088 439 273
4 112 356 1090 115
4 446 1049 816 1116
4 1116 1049 816 876
4 64 1162 58 62
4 947 671 559 781
4 63 65 60 628
4 947 781 902 671
4 65 325 67 61
4 329 66 59 62
4 715 234 983 306
4 18 439 27 23
4 328 1162 64 62
4 439 1088 27 23
4 1088 23 439 273
4 439 23 18 15
4 439 23 15 273
4 244 888 1183 883
4 425 888 244 883
4 425 888 883 861
4 135 404 662 598
4 909 63 65 68
4 131 598 135 662
4 628 63 65 909
4 68 70 65 840
4 68 840 65 909
4 1082 1160 1081 919
4 920 396 778 1022
4 1022 327 920 464
4 344 71 337 66
4 797 1041 506 436
4 539 898 899 563
4 539 538 563 899
4 898 532 899 1044
4 1044 797 532 899
4 66 69 328 344
4 235 238 440 691
4 566 922 775 600
4 970 68 70 74
4 922 872 775 600
4 922 872 600 850
4 71 344 75 69
4 1147 1079 844 875
4 74 70 694 76
4 74 70 970 694
4 1147 283 844 1079
4 1147 875 844 1050
4 964 521 860 924
4 964 924 834 765
4 980 964 924 834
4 860 964 924 980
4 964 521 924 765
4 518 925 855 296
4 77 346 79 75
4 81 76 78 849
4 362 122 127 688
4 79 77 82 346
4 80 82 77 1220
4 1073 586 1062 258
4 586 258 1073 284
4 874 566 1245 236
4 439 12 15 18
4 605 597 1254 823
4 1254 597 605 1176
4 1254 597 460 823
4 159 951 154 390
4 761 1257 625 242
4 90 908 87 85
4 89 87 93 347
4 761 950 958 764
4 958 950 1036 764
4 691 238 440 1006
4 1126 503 967 215
4 94 1208 97 91
4 872 269 783 850
4 600 872 235 850
4 872 783 235 850
4 1231 857 459 929
4 663 931 304 1000
4 931 832 40 38
4 815 294 657 745
4 657 294 825 745
4 1143 930 1016 332
4 715 657 294 414
4 715 657 815 294
4 633 807 808 550
4 1035 550 808 807
4 97 94 100 1236
4 98 100 94 1236
4 141 380 144 404
4 378 404 144 380
4 883 1193 1054 854
4 235 238 576 440
4 854 1054 1164 1193
4 235 703 576 238
4 830 883 1054 854
4 238 703 576 439
4 457 932 971 900
4 918 508 388 214
4 1260 1235 554 1142
4 101 102 100 353
4 1242 245 933 206
4 631 1242 933 206
4 631 206 933 613
4 221 667 991 780
4 991 667 218 780
4 222 331 667 780
4 222 667 221 780
4 353 101 102 105
4 105 106 897 101
4 311 363 297 712
4 712 349 363 297
4 726 692 445 486
4 341 692 445 281
4 486 692 445 341
4 1093 1017 757 1005
4 923 954 964 934
4 452 1046 873 476
4 873 476 418 452
4 1009 307 411 585
4 249 1009 332 1143
4 249 1029 1143 332
4 1010 283 1079 249
4 354 107 105 102
4 214 892 717 284
4 9 874 13 868
4 667 868 13 874
4 106 1172 110 897
4 106 897 110 105
4 68 970 840 909
4 632 213 332 652
4 696 239 472 512
4 696 512 315 447
4 1096 1091 587 1183
4 1183 1091 1170 1174
4 108 356 109 112
4 710 1177 930 1216
4 112 356 115 108
4 112 109 114 786
4 233 239 904 724
4 113 1191 110 116
4 246 26 289 1209
4 289 927 921 755
4 1119 251 573 937
4 937 1119 412 727
4 727 573 937 1119
4 1119 937 343 251
4 902 118 114 117
4 1221 665 670 939
4 288 939 670 497
4 288 1221 670 939
4 1039 491 1226 1041
4 115 1090 112 117
4 1039 1041 614 880
4 1119 343 940 251
4 1119 251 940 452
4 940 452 890 1119
4 516 1119 343 940
4 940 890 728 1119
4 942 777 563 686
4 564 942 563 686
4 275 248 1152 276
4 603 891 515 599
4 115 117 121 362
4 361 125 120 119
4 125 361 120 126
4 218 428 928 704
4 1115 849 763 694
4 362 127 122 121
4 128 362 121 127
4 610 220 843 243
4 124 689 606 122
4 243 220 843 860
4 610 267 843 220
4 607 287 309 1006
4 124 606 127 122
4 607 1006 309 725
4 1262 1160 896 812
4 919 896 885 1262
4 1159 812 885 896
4 1262 1261 812 1014
4 1262 812 1261 1160
4 319 628 60 325
4 488 1188 445 572
4 572 488 1188 490
4 227 948 775 1245
4 1028 1051 162 886
4 477 825 535 953
4 1028 982 1051 886
4 713 127 128 135
4 607 439 853 287
4 639 950 449 913
4 225 966 755 280
4 648 140 135 137
4 648 140 137 378
4 1107 286 1206 431
4 1107 431 1206 185
4 1107 1206 188 185
4 845 1000 304 762
4 845 957 1000 762
4 845 302 1000 957
4 1218 801 795 706
4 795 1218 295 209
4 1218 706 795 295
4 145 385 142 149
4 145 384 385 149
4 778 1017 685 731
4 778 731 757 1017
4 1012 685 1225 731
4 685 1017 1225 731
4 1017 757 1225 731
4 153 151 149 857
4 541 813 996 540
4 1240 822 386 261
4 822 386 282 1240
4 999 153 157 160
4 159 158 154 951
4 218 834 240 765
4 785 240 509 928
4 262 163 159 158
4 366 477 535 676
4 262 163 164 159
4 982 1109 1051 886
4 1109 391 886 226
4 982 1109 886 226
4 391 1109 886 397
4 1078 512 560 1110
4 512 851 560 1110
4 1114 1078 560 1110
4 1085 139 570 831
4 831 562 321 1219
4 477 164 168 171
4 688 955 241 212
4 931 832 1000 40
4 931 1154 40 1000
4 241 712 782 381
4 371 272 720 584
4 270 272 584 720
4 814 1012 791 1001
4 814 791 265 1001
4 814 1012 1001 1111
4 296 855 949 925
4 1248 1190 1260 918
4 508 388 214 282
4 426 892 388 596
4 956 1222 198 1004
4 956 387 301 275
4 298 387 956 275
4 270 618 272 291
4 270 291 272 720
4 270 291 720 1127
4 173 664 176 170
4 1256 882 1117 587
4 1060 882 1117 1256
4 881 1060 835 1117
4 174 179 657 175
4 714 172 173 177
4 175 171 178 825
4 176 714 177 180
4 745 178 181 184
4 181 815 186 179
4 881 1168 429 1169
4 186 434 181 187
4 191 693 187 190
4 761 750 958 950
4 0 3 948 707
4 92 1068 960 133
4 1174 1091 1096 1183
4 984 961 336 589
4 984 961 589 291
4 195 420 194 190
4 546 555 1010 875
4 555 519 847 546
4 555 519 546 1010
4 916 1250 368 1180
4 1051 170 666 617
4 948 775 0 872
4 872 2 775 0
4 1051 666 448 617
4 333 954 964 422
4 301 1004 275 248
4 275 1004 1152 248
4 956 301 1004 275
4 956 1152 1004 198
4 898 563 1122 1044
4 1122 563 898 777
4 417 20 1145 208
4 139 385 142 145
4 1124 986 988 744
4 455 988 1124 986
4 455 986 1124 932
4 430 197 194 196
4 858 962 672 99
4 759 1140 1104 1019
4 660 759 1019 1140
4 182 1107 185 416
4 970 694 654 763
4 840 68 70 970
4 970 70 840 694
4 765 716 375 422
4 765 716 521 375
4 765 521 274 992
4 199 1222 200 198
4 631 432 1222 430
4 1204 934 1123 741
4 1204 1123 1037 741
4 631 1222 200 430
4 604 822 622 1240
4 604 1240 622 20
4 1125 903 403 1242
4 615 1125 1242 903
4 903 615 1125 1076
4 1125 1178 376 403
4 1076 1178 376 1125
4 115 362 1090 117
4 1090 114 112 117
4 1121 363 871 684
4 341 837 281 445
4 973 689 688 947
4 973 947 781 902
4 973 902 689 947
4 1159 283 1147 975
4 601 1242 631 432
4 711 457 1112 453
4 711 1112 308 453
4 1189 520 551 730
4 1189 730 551 499
4 667 13 1217 874
4 667 10 1217 13
4 1132 752 779 921
4 1215 567 335 231
4 777 231 335 567
4 452 1215 335 231
4 452 231 335 1047
4 469 1047 335 231
4 469 231 335 777
4 1131 1196 237 320
4 821 375 565 1120
4 565 653 821 1120
4 606 688 684 773
4 684 662 773 688
4 855 243 785 925
4 855 785 509 949
4 243 980 924 834
4 850 703 917 783
4 783 703 917 576
4 4 703 917 850
4 218 765 240 274
4 924 240 834 765
4 982 424 226 252
4 982 424 1109 226
4 1166 88 91 1069
4 1144 410 534 530
4 522 962 1087 612
4 1087 95 672 99
4 310 1193 770 674
4 854 770 1193 674
4 310 674 1082 1193
4 945 407 220 243
4 800 11 917 7
4 7 11 917 985
4 917 11 12 985
4 1026 489 501 1135
4 1026 1135 501 491
4 489 501 1135 500
4 291 272 371 230
4 291 272 720 371
4 1082 1262 1160 919
4 919 1262 1160 896
4 1160 1082 1062 1262
4 718 229 348 314
4 229 907 938 348
4 348 511 938 229
4 229 907 348 314
4 175 535 174 171
4 514 987 1050 1196
4 335 469 777 435
4 80 1008 85 990
4 1132 753 997 749
4 952 1087 962 99
4 962 1087 672 99
4 577 1253 988 736
4 416 1101 185 180
4 416 645 1101 180
4 628 319 828 325
4 1073 717 1160 586
4 1160 552 1062 586
4 1261 1160 586 552
4 797 491 436 496
4 797 491 1041 436
4 501 1041 491 1135
4 952 367 511 908
4 952 511 1087 347
4 952 908 511 347
4 952 347 1087 95
4 952 347 95 93
4 952 90 347 93
4 952 90 908 347
4 1247 346 77 75
4 370 678 594 946
4 594 678 494 946
4 903 702 245 615
4 702 1076 615 903
4 245 1242 933 601
4 993 143 245 601
4 309 1006 988 725
4 455 725 309 988
4 172 617 1071 448
4 172 617 448 714
4 714 617 448 664
4 658 989 119 361
4 814 731 1012 1111
4 1012 1225 1111 731
4 814 1111 280 731
4 1228 155 767 894
4 1026 393 1135 496
4 1135 496 393 500
4 662 1121 871 684
4 598 1121 662 684
4 689 947 998 688
4 153 999 857 929
4 857 394 999 391
4 489 393 669 876
4 789 724 748 239
4 233 724 789 239
4 999 391 394 886
4 530 410 1166 364
4 364 1166 1208 1069
4 671 288 1002 517
4 671 300 1002 288
4 1032 446 678 946
4 937 1119 516 683
4 391 937 516 683
4 516 937 391 226
4 260 784 556 417
4 784 556 480 260
4 197 1086 195 202
4 842 582 827 193
4 582 944 418 590
4 582 944 873 418
4 719 771 1203 571
4 571 771 465 615
4 852 248 276 1003
4 301 1004 248 613
4 215 1151 503 449
4 607 853 638 287
4 796 293 893 1007
4 893 293 228 1007
4 80 1033 1008 990
4 1008 229 365 990
4 555 519 1010 249
4 1075 913 523 764
4 764 1075 561 480
4 764 913 561 1075
4 1161 836 942 686
4 761 1075 523 764
4 761 1075 764 480
4 895 870 1184 1238
4 1238 870 1184 379
4 787 1238 870 895
4 787 379 870 1238
4 688 662 650 713
4 1032 804 916 1141
4 916 816 1032 1141
4 1184 322 766 838
4 590 339 894 944
4 1118 838 1238 438
4 1190 1145 1258 320
4 1206 330 298 275
4 1264 995 921 754
4 1054 854 499 830
4 1163 854 499 1054
4 258 1163 854 499
4 1159 885 812 1014
4 630 511 1230 348
4 926 237 1061 619
4 1162 329 59 62
4 1162 59 57 62
4 523 913 1075 801
4 342 497 1040 526
4 342 526 1040 824
4 1190 278 20 22
4 20 278 1190 1248
4 1157 799 1196 1030
4 1157 1030 505 799
4 710 411 1143 1016
4 1009 411 1143 710
4 930 1029 1143 710
4 710 930 1016 1143
4 249 1009 1143 710
4 249 1029 710 1143
4 549 909 628 840
4 549 487 909 654
4 549 654 909 840
4 1124 577 995 616
4 534 849 530 81
4 849 534 78 81
4 663 699 33 931
4 29 663 699 33
4 1021 515 1149 1074
4 1074 515 1149 599
4 1018 509 36 949
4 1018 610 509 949
4 949 855 610 509
4 799 505 1056 540
4 799 1055 540 1056
4 858 356 109 104
4 858 356 104 672
4 858 104 103 99
4 858 104 109 103
4 858 104 99 672
4 955 216 781 947
4 973 955 781 947
4 947 688 973 955
4 1165 349 595 856
4 856 349 595 297
4 297 595 856 866
4 876 816 700 1153
4 876 359 816 1153
4 946 1032 1049 359
4 393 946 1049 359
4 946 804 1032 359
4 653 1120 742 821
4 653 821 742 697
4 495 1120 742 653
4 792 525 526 1025
4 342 569 526 792
4 792 525 569 526
4 948 227 872 255
4 948 775 872 227
4 835 1060 882 1117
4 672 962 517 612
4 962 672 1087 612
4 1033 259 229 990
4 1033 229 1008 990
4 1166 530 364 679
4 1144 680 210 1115
4 210 1144 410 644
4 950 639 1036 764
4 479 764 958 1036
4 671 559 300 670
4 559 497 300 670
4 950 1037 467 751
4 546 975 1147 875
4 288 1040 939 497
4 939 497 1040 342
4 546 1010 975 875
4 539 836 567 777
4 546 875 1147 1156
4 436 879 1041 506
4 538 1042 635 899
4 539 538 899 1042
4 1043 475 483 1104
4 532 880 614 1041
4 532 491 1041 797
4 898 1044 899 563
4 1066 1140 471 758
4 940 343 1046 251
4 940 251 1046 452
4 452 251 1046 1047
4 452 1047 335 251
4 937 251 573 1048
4 573 1181 686 1048
4 937 1048 343 251
4 157 886 397 999
4 157 886 162 397
4 445 726 488 281
4 494 594 538 818
4 635 594 538 494
4 899 635 538 494
4 494 818 538 563
4 899 494 538 563
4 309 287 441 1006
4 287 442 309 441
4 1142 892 1261 1059
4 970 840 654 694
4 940 343 252 1229
4 448 424 982 252
4 1128 644 253 629
4 666 170 1051 167
4 1219 831 369 321
4 945 925 243 855
4 528 395 415 254
4 525 960 526 608
4 1008 229 908 365
4 559 1052 381 216
4 381 1052 1207 216
4 808 721 381 1052
4 808 381 637 1052
4 855 243 610 509
4 855 243 509 785
4 916 1250 1180 370
4 1250 369 1180 370
4 1051 424 982 448
4 255 235 440 891
4 235 691 440 891
4 919 881 790 1169
4 881 790 1169 213
4 676 823 953 1108
4 80 990 1220 1033
4 718 990 334 346
4 365 718 346 990
4 605 823 676 1108
4 907 259 475 314
4 1013 812 1159 768
4 1013 1159 1147 768
4 427 657 451 535
4 842 1134 476 1167
4 476 1134 839 1167
4 830 1239 254 492
4 853 638 1089 607
4 853 1089 638 738
4 553 936 474 475
4 553 649 475 474
4 1246 474 475 649
4 371 580 461 720
4 584 371 461 720
4 948 872 269 255
4 200 613 631 1086
4 1228 155 1216 767
4 1033 334 405 259
4 1033 990 334 259
4 1125 903 1178 403
4 1076 903 1178 1125
4 1076 903 659 1178
4 279 1111 966 1001
4 219 458 545 453
4 473 819 758 1099
4 1058 395 1053 807
4 807 1058 633 808
4 1058 960 395 807
4 254 1165 513 1053
4 643 625 997 753
4 1006 736 441 988
4 736 1006 691 440
4 437 736 691 440
4 577 988 441 736
4 1163 1054 499 254
4 1163 1054 1164 854
4 374 210 364 1103
4 417 784 556 626
4 365 511 229 908
4 710 582 193 590
4 710 193 1009 1063
4 710 590 193 1063
4 811 705 355 398
4 811 355 351 398
4 655 784 260 417
4 417 655 1061 295
4 257 1065 757 1093
4 1066 257 498 1099
4 1093 471 257 1065
4 1093 471 1099 257
4 710 767 1063 585
4 698 225 279 966
4 143 593 1102 702
4 410 1069 364 373
4 296 36 39 949
4 296 925 949 39
4 877 695 1195 1072
4 877 336 1072 1195
4 336 467 1072 1195
4 688 955 212 713
4 1260 514 1258 802
4 660 1066 1140 1019
4 1019 471 1066 1140
4 1031 164 163 168
4 516 343 226 252
4 166 1051 162 1028
4 1074 515 599 1120
4 495 742 1120 1074
4 495 515 1074 1120
4 245 993 601 933
4 631 1242 601 933
4 557 706 295 260
4 480 1075 557 260
4 237 419 1196 1131
4 237 1196 419 1030
4 926 320 237 619
4 897 110 105 358
4 319 1078 560 628
4 828 319 549 959
4 659 702 903 1076
4 407 980 860 243
4 243 860 924 980
4 855 220 610 243
4 609 938 1077 772
4 609 938 665 1077
4 898 1044 435 338
4 805 545 219 357
4 249 332 1079 223
4 249 632 1079 332
4 875 555 1079 223
4 1201 1065 1200 485
4 484 1201 1200 485
4 517 1002 356 672
4 517 1192 1002 672
4 854 258 1073 674
4 459 857 941 394
4 929 857 459 394
4 394 412 857 941
4 698 299 279 225
4 592 1083 1211 681
4 372 330 1084 581
4 852 330 1084 372
4 852 681 1084 330
4 710 1216 930 582
4 952 511 522 1087
4 522 511 630 1087
4 522 612 1087 630
4 321 1085 562 831
4 631 933 1086 613
4 517 671 1221 646
4 522 665 1221 939
4 671 288 1221 670
4 528 730 499 415
4 395 92 730 1068
4 671 288 517 1221
4 288 522 1221 939
4 913 232 561 801
4 859 263 914 228
4 486 215 967 915
4 663 738 1089 853
4 422 923 716 740
4 281 629 502 841
4 281 421 502 629
4 1017 396 1093 1065
4 1095 301 275 248
4 1095 301 248 206
4 1095 248 771 206
4 1095 248 275 852
4 1095 248 1003 771
4 1095 248 852 1003
4 1212 900 756 677
4 392 457 900 677
4 1179 749 779 974
4 595 349 712 297
4 330 1244 298 275
4 330 852 1244 275
4 791 204 265 493
4 265 261 299 1001
4 466 1182 1098 796
4 1026 393 734 489
4 734 393 1026 355
4 1026 489 734 490
4 372 1100 276 1094
4 228 708 914 1007
4 859 228 1007 893
4 859 914 1007 228
4 1043 1104 483 1023
4 483 1023 1104 482
4 1104 482 1019 1140
4 495 1074 456 803
4 266 525 1197 1105
4 792 1105 525 327
4 327 525 266 1105
4 1106 92 290 266
4 316 92 1106 266
4 447 696 296 267
4 860 695 843 521
4 863 677 268 498
4 850 2 269 4
4 603 437 515 891
4 5 1245 1217 8
4 7 985 917 4
4 16 667 13 10
4 16 704 19 13
4 25 16 928 19
4 21 428 19 28
4 20 769 626 22
4 1126 450 270 692
4 1126 641 692 270
4 270 720 673 1127
4 450 1155 1128 760
4 1155 629 1128 760
4 692 641 1126 215
4 272 503 1126 215
4 372 1100 852 276
4 601 234 143 983
4 234 294 434 574
4 908 347 87 365
4 671 1002 786 517
4 671 786 858 517
4 671 300 781 1002
4 646 367 511 952
4 646 511 522 952
4 1213 57 1162 1015
4 328 1113 1162 329
4 1253 456 974 495
4 291 1136 272 230
4 230 1136 272 215
4 417 556 22 626
4 618 1136 272 291
4 503 1136 272 618
4 272 1136 503 215
4 1126 272 641 270
4 516 343 252 940
4 1137 252 408 1229
4 1022 1065 1200 1201
4 639 1151 865 207
4 961 1136 230 865
4 246 1209 698 558
4 27 1088 29 23
4 924 521 860 843
4 31 699 35 29
4 920 327 316 864
4 32 30 36 509
4 35 931 40 38
4 1097 1138 142 147
4 559 1139 1052 216
4 559 1139 216 300
4 1052 1139 1207 216
4 1247 829 405 334
4 1247 829 334 936
4 44 296 41 39
4 44 296 45 41
4 42 40 46 305
4 43 302 46 40
4 50 51 447 851
4 1020 52 46 48
4 1020 48 46 305
4 53 57 1213 52
4 312 51 47 56
4 313 52 1020 935
4 935 52 1020 48
4 53 935 48 52
4 537 55 56 60
4 58 57 62 1162
4 1015 313 1213 57
4 61 60 65 325
4 61 60 325 1251
4 840 67 70 65
4 325 840 65 67
4 628 909 65 840
4 1113 906 340 510
4 1113 510 935 1015
4 1113 746 510 340
4 329 344 328 553
4 762 433 578 308
4 66 337 72 71
4 78 74 763 76
4 77 1247 1233 80
4 346 1220 77 82
4 990 82 1220 346
4 86 83 88 1232
4 1115 1144 763 849
4 90 347 93 87
4 90 347 87 908
4 297 712 595 866
4 96 952 99 93
4 93 952 90 96
4 856 595 492 866
4 135 648 137 1146
4 1244 301 275 1095
4 347 511 630 722
4 387 1244 301 275
4 298 1244 387 275
4 1244 1095 275 852
4 1152 1206 275 276
4 956 275 1004 1152
4 1236 94 98 1069
4 231 469 996 382
4 353 354 102 100
4 353 354 100 1236
4 426 551 284 596
4 1136 1151 503 215
4 865 1151 1136 207
4 354 105 353 102
4 575 897 705 353
4 77 72 1252 1233
4 300 497 288 670
4 1248 278 1190 918
4 852 1003 276 1100
4 700 1116 701 575
4 358 110 105 107
4 383 513 528 254
4 254 1053 513 1058
4 254 513 528 1058
4 112 356 109 786
4 40 1154 35 37
4 1191 358 113 110
4 341 629 1155 281
4 692 341 450 1155
4 692 341 1155 281
4 450 341 1128 1155
4 341 629 1128 1155
4 1090 112 114 786
4 855 267 610 220
4 119 989 116 120
4 855 447 267 220
4 121 362 117 122
4 1191 110 897 358
4 130 368 126 132
4 130 368 132 831
4 131 650 662 127
4 135 713 1146 128
4 138 570 142 139
4 1196 1131 419 1045
4 715 423 234 306
4 1097 138 142 1138
4 147 149 1231 929
4 147 1231 459 929
4 147 149 142 1231
4 929 149 1231 857
4 146 380 390 148
4 152 390 154 148
4 150 390 148 154
4 1020 360 48 305
4 153 157 151 857
4 397 151 156 157
4 161 397 1109 424
4 161 397 157 162
4 1148 1050 1260 514
4 570 1085 385 139
4 160 886 157 999
4 165 1031 163 168
4 165 400 158 163
4 562 399 1085 321
4 399 321 385 1085
4 96 858 99 952
4 703 917 576 439
4 169 427 165 168
4 603 227 891 599
4 691 515 891 599
4 86 1166 91 679
4 86 1166 679 530
4 929 999 857 394
4 899 1042 635 436
4 496 500 1135 436
4 436 879 1135 1041
4 1135 436 491 496
4 1135 1041 491 436
4 436 500 1135 879
4 173 177 176 714
4 714 177 180 416
4 525 960 889 526
4 525 92 889 960
4 182 185 180 416
4 574 693 190 187
4 921 755 754 997
4 434 184 181 187
4 1259 817 1056 544
4 1082 310 1168 1081
4 745 181 434 184
4 574 187 190 184
4 1250 723 446 368
4 321 621 1161 399
4 328 344 474 553
4 328 620 553 474
4 189 183 185 1152
4 189 185 188 1206
4 189 185 1206 1152
4 606 689 998 688
4 748 462 549 642
4 686 1181 777 1122
4 335 435 777 1122
4 907 483 1171 314
4 483 1043 1171 314
4 907 483 938 1171
4 1171 1043 483 1023
4 857 412 391 397
4 857 391 999 397
4 192 198 189 956
4 1172 116 110 1191
4 1222 198 1004 613
4 1264 1133 280 1111
4 420 197 195 194
4 438 150 148 144
4 438 390 148 150
4 859 1045 1173 893
4 1173 1045 859 419
4 1131 1173 419 1045
4 200 201 197 430
4 199 1222 432 201
4 200 198 1222 613
4 200 613 202 198
4 199 1222 201 200
4 442 441 577 988
4 1165 808 381 504
4 1165 808 504 349
4 1165 504 381 712
4 1165 504 712 349
4 702 1256 1091 1092
4 142 570 385 139
4 569 525 889 526
4 959 1078 512 319
4 281 488 445 572
4 1155 421 281 629
4 692 1155 421 281
4 533 1150 951 1184
4 1184 1150 951 766
4 733 981 529 819
4 436 635 899 494
4 636 465 571 901
4 756 979 863 677
4 812 1262 885 896
4 812 885 1262 1014
4 1250 1180 369 831
4 200 430 197 1086
4 1086 430 197 420
4 469 898 435 338
4 777 898 469 382
4 850 703 783 235
4 243 860 843 924
4 573 335 1181 251
4 573 251 1181 1048
4 710 767 590 1063
4 710 767 582 590
4 616 743 809 744
4 369 1034 370 594
4 452 1119 1185 912
4 1119 1185 251 452
4 1119 1185 573 251
4 573 1119 727 1185
4 746 308 433 711
4 308 788 711 746
4 596 892 214 284
4 470 596 282 1187
4 470 833 1187 282
4 833 1241 1187 282
4 747 487 549 654
4 426 892 596 284
4 756 677 757 1212
4 1009 632 332 307
4 1009 307 332 411
4 283 848 790 632
4 358 107 105 354
4 794 1188 1255 1080
4 794 1188 1080 445
4 1188 501 490 1226
4 794 1039 1255 1188
4 381 637 947 504
4 1228 1094 155 894
4 1228 681 1216 155
4 1228 681 155 1084
4 282 388 214 596
4 596 551 284 1189
4 312 56 537 51
4 998 504 241 947
4 381 504 241 712
4 677 1005 757 1212
4 561 1075 801 557
4 561 1075 557 480
4 1192 612 517 288
4 517 288 1002 1192
4 291 720 580 371
4 700 701 705 575
4 604 20 769 1240
4 81 1194 76 849
4 333 653 422 565
4 431 372 276 1094
4 431 276 645 1094
4 1101 1152 185 183
4 431 276 1101 645
4 1246 649 340 474
4 1246 649 475 758
4 340 759 1246 474
4 97 1208 1236 354
4 97 1236 100 354
4 1222 613 301 631
4 336 467 984 1072
4 984 961 865 467
4 961 467 984 336
4 321 621 399 385
4 135 713 648 1146
4 1112 981 268 529
4 529 498 981 268
4 268 457 1112 529
4 1082 835 1168 882
4 402 542 972 1096
4 807 1058 889 633
4 1058 528 290 633
4 730 92 290 1106
4 1197 889 550 569
4 1197 889 633 550
4 1197 569 550 1105
4 580 291 1198 720
4 580 291 878 1198
4 1127 291 720 1198
4 961 1199 291 1136
4 961 1199 589 291
4 618 1199 1136 291
4 503 618 272 1126
4 1208 91 94 1069
4 1166 91 1208 1069
4 877 233 860 904
4 877 860 695 904
4 592 1083 901 1211
4 571 1083 376 901
4 1145 1061 619 1190
4 943 1263 826 749
4 943 826 1263 479
4 779 1179 974 742
4 976 749 1179 974
4 761 479 318 764
4 289 921 997 755
4 750 468 958 1037
4 808 721 1052 1035
4 808 1035 807 721
4 808 1052 637 1035
4 698 299 225 246
4 369 1219 321 1210
4 369 538 1024 942
4 1210 1161 942 1219
4 1022 327 464 1201
4 1022 1025 327 1201
4 1201 1025 1200 1022
4 607 309 638 725
4 287 442 455 309
4 541 1202 338 1182
4 541 898 338 1202
4 1203 719 1083 681
4 719 1095 1203 771
4 719 1095 852 1203
4 1203 719 681 852
4 1203 571 901 1083
4 1195 934 336 1204
4 1195 923 934 1204
4 1204 740 1195 923
4 1195 740 1204 1129
4 475 1104 1140 482
4 329 620 553 328
4 484 1200 1019 485
4 484 1019 482 485
4 1171 1023 634 1205
4 484 1023 483 482
4 484 1200 1023 1019
4 557 561 480 655
4 956 298 275 1206
4 956 275 1152 1206
4 132 831 687 130
4 192 1206 1243 956
4 298 387 1243 956
4 943 468 1129 958
4 943 479 958 1129
4 483 314 475 1043
4 219 971 457 932
4 609 1171 675 634
4 1171 1023 675 634
4 848 790 1159 283
4 591 425 244 401
4 98 100 1236 353
4 1243 1222 199 956
4 1243 387 301 956
4 781 786 671 1002
4 381 721 782 1207
4 381 1052 721 1207
4 1052 1139 721 1207
4 1118 438 380 378
4 1244 301 1095 206
4 956 301 1222 1004
4 301 1222 1004 613
4 1243 301 1222 956
4 719 1242 771 571
4 571 1242 771 615
4 1144 410 530 210
4 717 892 586 284
4 759 936 475 474
4 246 1209 558 26
4 286 372 330 275
4 286 372 275 276
4 306 234 983 143
4 669 393 734 355
4 652 429 307 1169
4 519 111 193 1134
4 1236 364 373 398
4 1236 364 398 374
4 1261 1235 892 1142
4 564 1161 942 686
4 1203 465 901 571
4 1203 771 465 571
4 544 817 1056 505
4 989 816 446 361
4 1211 1083 901 1177
4 585 1211 1177 710
4 1211 901 585 1177
4 455 988 986 739
4 941 937 412 727
4 727 573 941 937
4 1137 940 1229 944
4 940 890 339 728
4 314 259 334 718
4 365 229 718 990
4 314 718 334 936
4 228 293 708 1007
4 708 726 293 285
4 1058 395 254 1053
4 1053 1165 513 807
4 316 133 1106 92
4 833 316 133 1106
4 833 820 316 1106
4 920 608 316 525
4 602 920 608 316
4 920 525 316 327
4 449 256 639 913
4 611 640 708 914
4 692 641 915 421
4 708 915 256 640
4 1051 969 166 167
4 484 1025 1023 1200
4 544 847 546 463
4 1167 847 463 555
4 544 1158 1259 847
4 1161 1210 621 321
4 635 879 500 436
4 675 609 772 1171
4 609 938 772 1171
4 575 897 353 354
4 1234 568 932 455
4 1246 649 758 323
4 233 224 407 1214
4 789 224 233 1214
4 57 58 1213 1162
4 1113 329 1015 1162
4 1015 1213 935 1113
4 1113 906 510 1015
4 942 836 777 686
4 538 836 777 942
4 538 539 777 836
4 497 550 342 1035
4 1025 792 525 327
4 920 327 864 464
4 316 1106 820 864
4 452 1185 1215 912
4 1185 1215 251 452
4 251 1215 335 452
4 452 912 1215 231
4 1208 651 1236 354
4 399 385 621 459
4 330 852 719 1244
4 852 719 681 330
4 372 330 581 286
4 1211 681 1177 1216
4 637 381 559 1052
4 637 1052 559 1035
4 632 213 444 332
4 1079 632 444 332
4 975 283 1147 1079
4 975 283 1079 1010
4 1179 697 740 976
4 1142 1235 892 388
4 1158 847 463 1167
4 1242 1244 1095 206
4 301 1244 1242 206
4 1242 1095 771 206
4 1137 424 728 666
4 1051 424 448 666
4 237 1196 1030 514
4 1218 232 656 263
4 1218 561 209 232
4 1218 232 209 656
4 232 263 1218 801
4 561 232 1218 801
4 1158 847 544 463
4 468 1037 1204 958
4 1219 1161 942 564
4 1219 562 547 678
4 369 942 1219 1210
4 1219 369 678 1024
4 456 779 974 803
4 541 1055 466 1182
4 466 540 1055 541
4 755 754 1264 921
4 755 921 1264 927
4 500 359 804 946
4 1018 610 949 296
4 346 1247 77 1220
4 990 1220 334 346
4 283 790 444 632
4 283 632 444 1079
4 384 412 857 397
4 936 344 829 553
4 344 337 829 553
4 344 337 553 329
4 777 335 1181 567
4 1181 335 777 1122
4 573 567 335 1215
4 335 1047 469 435
4 646 1221 517 522
4 52 1213 935 313
4 934 336 877 1195
4 961 751 336 589
4 387 1244 1242 301
4 1125 615 571 1076
4 199 1243 432 1222
4 1222 432 631 301
4 882 1060 835 1168
4 950 865 1036 639
4 364 410 668 210
4 210 644 668 627
4 410 644 668 210
4 364 210 668 1103
4 210 627 668 1103
4 469 338 839 813
4 469 435 839 338
4 1093 1065 757 1017
4 781 559 216 300
4 209 557 295 655
4 209 561 557 655
4 417 208 1061 655
4 591 425 401 861
4 104 109 108 356
4 303 1261 552 1014
4 793 420 194 430
4 693 420 190 194
4 226 937 1223 343
4 391 937 1223 226
4 886 391 1223 226
4 270 253 1127 673
4 341 1224 1128 629
4 341 1224 281 837
4 341 1224 629 281
4 1245 874 331 1217
4 874 1217 667 331
4 670 665 342 939
4 670 665 732 342
4 56 60 1251 319
4 1251 60 325 319
4 435 1122 898 777
4 435 898 469 777
4 958 350 467 1129
4 350 1036 958 467
4 246 1209 289 755
4 937 1223 343 1048
4 452 1047 1046 476
4 1188 1039 1226 794
4 342 1227 792 609
4 732 1227 792 342
4 609 1077 1227 792
4 862 856 866 870
4 787 870 379 866
4 231 777 469 382
4 155 944 1229 873
4 630 511 352 1230
4 389 739 725 455
4 797 494 899 563
4 911 963 506 898
4 911 898 506 899
4 911 1042 899 506
4 1174 588 1183 1096
4 1174 1183 588 888
4 1174 588 1108 888
4 155 944 408 1229
4 465 307 585 636
4 1256 1117 659 587
4 1096 1091 1102 593
4 1096 587 1091 593
4 5 6 3 1245
4 1248 20 278 507
4 1142 918 1235 388
4 556 626 769 22
4 480 242 556 784
4 497 550 1035 807
4 889 807 550 569
4 497 569 550 807
4 889 807 633 550
4 34 509 30 785
4 1231 149 142 385
4 1231 149 385 384
4 1231 384 385 459
4 385 1097 142 1231
4 931 699 35 1154
4 25 928 30 28
4 917 985 12 4
4 4 12 917 703
4 34 785 30 25
4 793 194 196 430
4 459 857 887 941
4 941 412 857 887
4 34 509 36 30
4 635 1042 879 436
4 205 421 726 692
4 931 1154 35 40
4 941 727 412 887
4 284 551 258 1189
4 1189 551 258 499
4 518 39 925 296
4 1144 680 644 210
4 680 253 644 629
4 627 629 841 502
4 627 644 668 629
4 1208 679 364 374
4 1208 1166 364 679
4 1243 387 432 301
4 1243 301 432 1222
4 325 628 60 65
4 722 348 229 511
4 537 560 55 60
4 20 1240 626 769
4 906 649 340 323
4 328 1162 62 329
4 1184 379 870 869
4 328 329 620 1113
4 628 840 65 325
4 747 654 549 840
4 493 1225 1111 1012
4 73 694 67 70
4 534 410 1232 530
4 73 76 694 70
4 534 530 1232 83
4 67 694 325 840
4 1142 214 892 1059
4 1247 337 71 77
4 892 388 214 1142
4 1247 334 346 936
4 802 1059 214 1142
4 1247 344 75 71
4 1247 75 77 71
4 1247 75 344 454
4 1247 337 829 344
4 1247 829 936 344
4 1247 337 344 71
4 849 76 694 73
4 1236 1069 373 364
4 81 534 78 83
4 1031 168 165 1070
4 366 1031 168 477
4 366 400 460 1254
4 0 775 948 3
4 1078 560 512 319
4 1069 88 94 690
4 1092 702 659 884
4 398 355 351 668
4 811 669 351 355
4 916 816 446 1032
4 77 1247 337 1233
4 522 665 939 352
4 77 72 1233 337
4 1169 790 919 848
4 314 334 475 936
4 288 352 939 1040
4 612 522 288 352
4 446 123 116 989
4 694 763 1115 654
4 654 694 747 1115
4 1038 654 978 345
4 1013 1014 810 844
4 117 118 122 689
4 877 904 695 1072
4 361 120 126 123
4 689 688 606 122
4 1236 1208 364 374
4 134 132 129 723
4 132 368 126 129
4 446 1237 123 126
4 562 1250 831 723
4 984 291 371 230
4 984 291 580 371
4 562 831 132 723
4 371 984 724 580
4 961 1136 291 230
4 361 446 368 916
4 361 446 123 126
4 383 856 250 349
4 1239 856 250 383
4 431 372 286 276
4 372 1228 852 1100
4 372 1228 1100 1094
4 1250 369 370 678
4 1237 129 123 126
4 446 723 1237 368
4 132 368 129 723
4 368 723 1237 129
4 1216 582 710 767
4 723 368 1250 831
4 446 1237 126 368
4 650 662 127 713
4 668 410 364 373
4 398 364 373 668
4 353 354 1236 575
4 688 362 713 127
4 973 688 362 955
4 570 139 138 132
4 562 134 132 138
4 841 627 351 668
4 404 140 648 378
4 399 1161 686 459
4 399 621 1161 459
4 1231 1097 142 147
4 1157 546 505 1030
4 1157 1156 546 1030
4 220 945 243 855
4 447 518 945 855
4 151 384 857 397
4 151 857 157 397
4 422 716 375 821
4 150 951 390 154
4 166 982 1051 1028
4 1211 1177 710 1216
4 1211 1083 1177 681
4 582 155 873 944
4 884 636 652 307
4 884 659 661 376
4 307 636 652 623
4 571 403 376 1083
4 160 886 162 157
4 1019 1140 482 485
4 1019 1023 482 1104
4 884 652 429 307
4 262 951 158 159
4 1147 1050 810 987
4 1031 262 164 460
4 489 393 876 359
4 876 393 1049 359
4 489 876 669 359
4 161 162 1109 397
4 339 940 1137 944
4 245 143 702 903
4 983 143 601 903
4 601 143 245 903
4 180 1101 185 183
4 233 220 472 407
4 233 1214 407 472
4 789 1214 233 472
4 889 1058 92 290
4 889 1058 290 633
4 1140 1104 475 759
4 1043 759 475 1104
4 171 175 535 825
4 628 828 319 549
4 855 785 949 925
4 457 979 453 932
4 932 453 1234 979
4 219 545 1234 453
4 453 932 1234 219
4 932 219 453 457
4 458 845 219 545
4 287 455 738 309
4 420 197 194 430
4 625 1263 753 643
4 279 966 225 1001
4 631 430 200 1086
4 1188 1226 490 794
4 1222 201 430 432
4 810 303 1014 1013
4 281 572 837 841
4 445 572 579 837
4 837 734 572 1026
4 841 734 572 837
4 281 572 445 837
4 86 1232 1166 530
4 86 83 1232 530
4 229 722 718 348
4 361 446 126 368
4 798 1011 893 796
4 798 1011 859 893
4 1236 374 398 651
4 768 1159 1147 975
4 756 1212 280 481
4 1247 346 75 454
4 898 963 506 1202
4 541 466 614 1202
4 456 515 1021 1074
4 977 740 923 976
4 241 381 216 947
4 947 559 381 216
4 637 381 947 559
4 947 504 241 381
4 712 1165 782 381
4 381 721 1165 782
4 1206 298 1243 956
4 989 116 120 123
4 993 234 143 601
4 993 574 143 234
4 533 895 1184 1238
4 438 533 838 1238
4 533 1184 838 1238
4 390 1150 951 533
4 287 455 442 568
4 469 541 996 382
4 455 309 442 988
4 455 988 442 1124
4 409 905 820 1241
4 409 820 833 1241
4 833 820 1187 1241
4 409 386 261 277
4 261 277 386 493
4 409 277 905 386
4 897 1172 110 1191
4 1118 378 380 404
4 663 699 931 1000
4 845 324 1000 1154
4 845 1154 1000 302
4 1232 410 1166 530
4 50 851 55 51
4 473 660 1246 340
4 947 688 955 241
4 947 998 688 241
4 735 456 779 974
4 735 974 1253 456
4 607 439 287 238
4 24 663 273 1088
4 24 1088 273 23
4 548 222 331 227
4 886 391 397 999
4 424 516 391 226
4 391 937 683 412
4 224 789 233 724
4 580 789 224 724
4 1137 940 252 1229
4 1137 1229 408 944
4 1137 728 424 252
4 439 15 12 917
4 876 1049 393 701
4 609 1171 634 1230
4 938 1171 609 1230
4 1149 515 691 599
4 1167 996 1259 519
4 1259 996 817 519
4 519 111 1134 996
4 1167 519 1134 996
4 1167 1057 1259 996
4 964 695 1195 877
4 964 1195 695 521
4 964 860 695 877
4 964 695 860 521
4 249 193 1009 710
4 281 841 837 1224
4 629 841 281 1224
4 631 933 420 1086
4 318 480 764 561
4 764 480 318 761
4 887 1161 459 941
4 1231 384 459 857
4 1118 648 404 871
4 1038 253 345 647
4 516 343 937 226
4 635 436 500 729
4 853 357 699 663
4 673 720 461 462
4 989 358 113 1191
4 15 11 12 917
4 439 273 15 800
4 703 12 917 439
4 238 439 576 607
4 580 1198 462 720
4 580 1198 878 462
4 6 1 3 566
4 336 467 1037 751
4 851 537 55 51
4 735 456 910 779
4 921 779 743 752
4 386 822 409 261
4 1240 822 261 604
4 310 1081 1082 674
4 310 1193 883 770
4 340 649 1246 323
4 473 1066 758 660
4 474 759 1246 475
4 1126 967 486 215
4 1127 1038 462 673
4 1127 1198 720 462
4 635 370 1034 594
4 1026 496 1135 491
4 440 238 576 607
4 1006 238 440 607
4 1228 1084 155 1094
4 1236 1208 1069 364
4 410 1166 364 1069
4 1144 534 410 527
4 1195 467 1204 336
4 336 467 1204 1037
4 973 902 1090 117
4 362 117 122 689
4 111 709 418 452
4 111 452 418 476
4 856 870 250 349
4 32 36 1064 1018
4 1061 926 619 295
4 1061 295 619 417
4 259 990 334 718
4 229 259 718 990
4 1019 1066 471 292
4 174 427 169 535
4 434 693 574 187
4 1218 561 557 209
4 561 801 1218 557
4 557 260 295 655
4 257 292 471 1066
4 655 260 295 417
4 859 263 656 914
4 795 263 656 859
4 168 1031 164 477
4 292 471 1019 485
4 80 1220 1247 1249
4 1247 1249 1233 80
4 1247 405 337 1233
4 209 795 237 926
4 237 419 795 209
4 1104 475 483 482
4 761 480 318 1257
4 832 42 305 40
4 1019 1023 484 482
4 141 144 140 404
4 140 136 141 404
4 1015 1162 1213 1113
4 1261 717 1160 1059
4 314 1043 718 936
4 684 212 241 712
4 684 212 688 241
4 998 684 688 241
4 235 576 783 255
4 235 703 783 576
4 841 355 734 837
4 841 351 734 355
4 967 215 449 256
4 967 215 256 915
4 1184 322 838 379
4 1248 1142 918 1260
4 1142 1248 918 214
4 1142 1260 1235 918
4 789 1114 1214 472
4 1249 334 405 1033
4 1249 334 1247 405
4 1247 405 1233 1249
4 172 173 617 714
4 714 173 617 664
4 842 1134 555 249
4 555 1134 519 249
4 193 582 827 418
4 842 582 193 710
4 842 827 1134 193
4 829 475 334 936
4 447 945 220 855
4 789 878 1214 1114
4 518 925 945 855
4 407 980 877 860
4 822 409 282 386
4 822 409 470 282
4 378 404 140 144
4 558 556 698 246
4 77 1252 80 1233
4 938 1171 1230 348
4 4 917 269 850
4 816 358 989 1191
4 355 351 734 669
4 1188 488 794 490
4 662 404 871 1121
4 662 212 684 871
4 598 404 662 1121
4 871 684 311 212
4 1188 501 1026 490
4 921 997 754 743
4 270 641 760 584
4 692 450 270 760
4 692 641 760 270
4 450 253 270 760
4 270 253 673 760
4 1026 501 489 490
4 409 217 277 204
4 409 204 277 261
4 493 277 685 204
4 217 602 277 204
4 261 277 493 204
4 1254 366 400 1070
4 296 855 610 949
4 824 634 1230 609
4 420 234 693 574
4 977 740 1204 923
4 422 954 976 653
4 697 422 976 653
4 1204 740 977 1129
4 671 781 902 786
4 1259 1056 1158 544
4 857 412 384 887
4 366 168 1031 1070
4 273 17 15 11
4 800 273 15 11
4 439 15 917 800
4 1255 1039 796 880
4 1255 1080 880 293
4 1255 1188 880 1080
4 1255 1039 880 1188
4 799 1011 798 466
4 466 1011 798 796
4 541 1182 466 1202
4 1220 334 1249 1033
4 1220 990 334 1033
4 1220 334 1247 1249
4 647 253 760 673
4 647 1038 253 673
4 698 478 279 626
4 299 698 279 769
4 497 569 526 342
4 497 342 550 569
4 87 84 82 365
4 84 347 365 87
4 57 1015 313 54
4 495 603 1120 653
4 730 1106 520 92
4 278 20 22 604
4 278 507 20 622
4 278 604 622 20
4 710 930 842 582
4 372 581 1084 1094
4 1228 852 1084 372
4 1228 372 1084 1094
4 767 1211 710 1216
4 585 767 1211 710
4 85 1008 908 365
4 85 1008 365 990
4 908 365 87 85
4 85 365 87 82
4 85 990 365 82
4 899 1042 436 506
4 506 532 1041 797
4 1230 511 665 938
4 1142 214 802 1258
4 182 188 185 1107
4 346 334 1247 1220
4 795 1173 859 419
4 599 222 565 603
4 511 367 229 908
4 333 954 422 653
4 1131 795 419 1173
4 976 740 1179 977
4 943 1179 977 976
4 943 1129 1179 826
4 1260 1059 1148 802
4 1260 1142 1059 802
4 1228 681 1084 852
4 830 1054 583 492
4 984 961 291 230
4 984 961 230 865
4 1092 659 702 1256
4 1060 1117 659 1256
4 1060 1091 882 1256
4 366 823 605 1254
4 1260 1258 1142 802
4 174 535 169 171
4 1017 396 1065 778
4 396 778 1022 1065
4 431 276 1152 1101
4 180 645 183 176
4 180 645 1101 183
4 525 889 1197 569
4 525 569 1197 1105
4 1058 92 395 960
4 1058 730 395 92
4 92 1058 730 290
4 765 218 333 443
4 218 846 443 274
4 765 218 443 274
4 900 979 932 774
4 457 979 932 900
4 455 1234 986 932
4 536 774 744 756
4 1019 485 471 1140
4 1025 609 792 675
4 675 609 792 772
4 418 890 339 944
4 590 418 339 944
4 928 28 19 428
4 25 28 19 928
4 943 958 1130 468
4 479 958 994 1130
4 479 958 761 994
4 491 501 1026 1188
4 810 1013 1148 303
4 718 346 334 936
4 150 951 438 390
4 898 1202 506 532
4 898 532 506 899
4 692 421 915 205
4 1030 1156 546 987
4 876 701 393 355
4 876 701 355 811
4 192 1206 189 188
4 192 956 189 1206
4 493 685 1225 1012
4 565 222 221 780
4 765 521 924 274
4 964 765 333 422
4 964 716 765 422
4 964 923 422 954
4 964 923 716 422
4 422 375 565 821
4 565 653 422 821
4 422 716 821 740
4 422 697 821 653
4 881 524 790 213
4 1030 514 1196 987
4 342 550 732 1035
4 342 1035 732 670
4 424 666 1051 167
4 279 1111 1001 493
4 768 975 1147 987
4 391 424 1109 397
4 1147 546 1156 987
4 975 546 1147 987
4 1148 1147 810 987
4 1013 812 1148 1059
4 810 1013 1147 1148
4 161 1051 167 424
4 1095 1003 1203 771
4 1095 1003 852 1203
4 334 829 405 259
4 1205 1043 1171 1023
4 688 713 650 127
4 632 790 444 213
4 555 249 1079 223
4 283 632 1079 249
4 1010 555 1079 875
4 524 885 919 790
4 806 892 1235 426
4 426 806 892 284
4 586 552 1062 806
4 655 317 1061 295
4 655 317 295 209
4 321 1161 1219 399
4 562 321 1219 399
4 218 991 443 846
4 312 537 851 51
4 469 898 541 382
4 847 546 463 555
4 794 1255 611 293
4 293 611 794 205
4 794 1080 1255 293
4 794 1080 293 445
4 794 726 293 205
4 1159 283 790 844
4 543 458 433 957
4 1159 885 790 848
4 711 458 308 433
4 1124 577 616 744
4 986 739 744 774
4 536 986 1124 744
4 1124 988 577 744
4 756 536 481 744
4 571 1125 376 403
4 1076 1125 376 571
4 1076 1178 659 376
4 975 1079 1147 875
4 1160 674 1062 1082
4 1081 854 1073 674
4 1060 882 1170 1168
4 1091 882 587 1183
4 1256 1091 882 587
4 264 591 861 1175
4 869 322 379 264
4 1051 166 448 982
4 901 592 585 465
4 702 593 1102 1091
4 1256 593 1091 587
4 704 14 13 868
4 1217 10 8 13
4 704 14 868 428
4 704 14 19 13
4 704 428 19 14
4 604 20 22 769
4 1111 1264 966 280
4 814 966 225 280
4 814 1111 966 280
4 29 1088 24 23
4 29 33 24 663
4 29 33 699 35
4 1020 305 46 40
4 832 38 42 40
4 1020 40 46 302
4 1015 329 59 1162
4 66 71 69 344
4 365 990 346 82
4 907 1171 938 348
4 88 94 91 1069
4 1087 511 630 347
4 952 95 99 93
4 91 1166 1208 679
4 876 359 1153 669
4 1090 786 356 112
4 136 140 135 404
4 1118 895 1121 380
4 1118 378 404 648
4 151 857 384 149
4 166 1051 167 162
4 1028 886 162 160
4 175 181 745 178
4 175 179 657 181
4 1101 1152 431 185
4 416 714 645 180
4 815 745 657 181
4 815 181 657 179
4 793 194 191 196
4 693 194 190 191
4 603 653 565 1120
4 287 638 309 738
4 577 1253 736 456
4 219 568 932 1234
4 455 805 1234 568
4 738 1027 455 1234
4 458 457 453 219
4 447 312 696 512
4 577 1253 744 988
4 743 752 995 921
4 462 642 1038 487
4 748 462 642 461
4 961 751 865 467
4 741 468 943 976
4 943 976 1130 749
4 943 749 1130 1263
4 943 1130 976 468
4 1263 994 1257 625
4 318 784 26 480
4 1257 761 479 318
4 1257 1263 479 994
4 1257 994 479 761
4 921 995 743 754
4 1264 280 755 966
4 1264 280 754 755
4 900 457 979 677
4 677 863 756 757
4 685 1017 493 1225
4 1099 471 1066 257
4 475 1246 758 1140
4 660 1246 1140 758
4 348 1043 1171 1205
4 488 502 351 841
4 484 1023 675 483
4 316 864 820 277
4 1171 1205 634 348
4 1171 938 772 483
4 675 484 483 772
4 1230 352 665 511
4 609 1077 665 1227
4 708 726 285 486
4 1188 1226 1039 491
4 491 1226 501 1188
4 417 208 784 626
4 1061 317 926 295
4 939 665 342 352
4 939 1040 352 342
4 393 359 500 946
4 1135 500 501 879
4 491 1041 501 1226
4 1202 466 796 1182
4 320 1145 1258 514
4 1190 1258 1248 1260
4 624 802 1258 514
4 1258 624 1248 214
4 1258 1260 1142 1248
4 1258 214 1248 1142
4 1190 1260 320 1258
4 1035 497 807 721
4 1035 1052 559 497
4 899 797 532 506
4 369 594 370 678
4 1202 532 338 1182
4 1202 898 338 532
4 540 1055 1057 1056
4 1259 540 817 996
4 1057 540 996 813
4 544 1157 505 1056
4 1056 817 540 505
4 544 546 1157 1156
4 546 1156 544 463
4 1259 1056 1057 1158
4 1259 1056 540 1057
4 1259 540 1056 817
4 1013 1059 1148 303
4 1013 1261 812 1059
4 892 586 806 552
4 1262 552 1160 1261
4 383 1165 349 808
4 538 777 563 942
4 538 539 563 777
4 564 818 563 942
4 1210 1161 836 942
4 919 896 326 848
4 919 326 1168 848
4 1168 919 1082 1081
4 854 883 1193 770
4 770 310 1170 883
4 883 1183 401 1193
4 1181 573 836 567
4 836 686 941 573
4 937 394 1223 1048
4 310 1168 1170 882
4 881 1060 1117 659
4 883 888 1183 1174
4 425 531 244 588
4 944 894 406 339
4 1174 1091 1102 1096
4 409 277 217 820
4 246 558 556 242
4 769 299 556 22
4 296 36 41 39
4 949 36 39 34
4 949 925 34 39
4 949 36 34 509
4 420 190 574 693
4 923 976 422 954
4 923 954 934 741
4 976 943 1179 749
4 943 826 1179 749
4 986 739 774 1234
4 756 481 809 744
4 756 280 754 481
4 756 900 1212 536
4 756 1212 481 536
4 462 580 461 748
4 462 748 789 580
4 943 958 479 1130
4 943 1130 479 1263
4 943 468 741 1129
4 943 1129 826 479
4 958 750 1130 468
4 958 750 994 1130
4 479 1263 1130 994
4 1263 749 1130 753
4 1263 1132 749 753
4 1263 1130 994 753
4 625 994 753 1263
4 755 927 1264 966
4 761 479 764 958
4 486 692 215 915
4 514 1196 320 237
4 1145 1258 1248 1190
4 1145 1258 514 624
4 1259 817 544 847
4 552 1261 1262 1014
4 528 395 254 1058
4 854 1164 1163 674
4 552 1262 1160 1062
4 1082 882 1168 310
4 856 492 583 866
4 585 592 1211 767
4 592 901 585 1211
4 976 943 741 977
4 751 467 961 336
4 958 750 761 994
4 624 1145 1258 1248
4 1030 1196 1157 1156
4 1258 514 1260 320
4 1148 514 1260 802
4 546 555 875 463
4 310 1081 1170 1168
4 1183 882 1170 1091
4 1183 883 1174 1170
4 1179 1132 779 749
4 958 950 467 1036
4 761 625 1257 994
4 625 643 997 289

CELL_TYPES 4161
10
10
10
10
10
10
10
10
10
10
10
10
10
10
10
10
10
10
10
10
10
10
10
10
10
10
10
10
10
10
10
10
10
10
10
10
10
10
10
10
10
10
10
10
10
10
10
10
10
10
10
10
10
10
10
10
10
10
10
10
10
10
10
10
10
10
10
10
10
10
10
10
10
10
10
10
10
10
10
10
10
10
10
10
10
10
10
10
10
10
10
10
10
10
10
10
10
10
10
10
10
10
10
10
10
10
10
10
10
10
10
10
10
10
10
10
10
10
10
10
10
10
10
10
10
10
10
10
10
10
10
10
10
10
10
10
10
10
10
10
10
10
10
10
10
10
10
10
10
10
10
10
10
10
10
10
10
10
10
10
10
10
10
10
10
10
10
10
10
10
10
10
10
10
10
10
10
10
10
10
10
10
10
10
10
10
10
10
10
10
10
10
10
10
10
10
10
10
10
10
10
10
10
10
10
10
10
10
10
10
10
10
10
10
10
10
10
10
10
10
10
10
10
10
10
10
10
10
10
10
10
10
10
10
10
10
10
10
10
10
10
10
10
10
10
10
10
10
10
10
10
10
10
10
10
10
10
10
10
10
10
10
10
10
10
10
10
10
10
10
10
10
10
10
10
10
10
10
10
10
10
10
10
10
10
10
10
10
10
10
10
10
10
10
10
10
10
10
10
10
10
10
10
10
10
10
10
10
10
10
10
10
10
10
10
10
10
10
10
10
10
10
10
10
10
10
10
10
10
10
10
10
10
10
10
10
10
10
10
10
10
10
10
10
10
10
10
10
10
10
10
10
10
10
10
10
10
10
10
10
10
10
10
10
10
10
10
10
10
10
10
10
10
10
10
10
10
10
10
10
10
10
10
10
10
10
10
10
10
10
10
10
10
10
10
10
10
10
10
10
10
10
10
10
10
10
10
10
10
10
10
10
10
10
10
10
10
10
10
10
10
10
10
10
10
10
10
10
10
10
10
10
10
10
10
10
10
10
10
10
10
10
10
10
10
10
10
10
10
10
10
10
10
10
10
10
10
10
10
10
10
10
10
10
10
10
10
10
10
10
10
10
10
10
10
10
10
10
10
10
10
10
10
10
10
10
10
10
10
10
10
10
10
10
10
10
10
10
10
10
10
10
10
10
10
10
10
10
10
10
10
10
10
10
10
10
10
10
10
10
10
10
10
10
10
10
10
10
10
10
10
10
10
10
10
10
10
10
10
10
10
10
10
10
10
10
10
10
10
10
10
10
10
10
10
10
10
10
10
10
10
10
10
10
10
10
10
10
10
10
10
10
10
10
10
10
10
10
10
10
10
10
10
10
10
10
10
10
10
10
10
10
10
10
10
10
10
10
10
10
10
10
10
10
10
10
10
10
10
10
10
10
10
10
10
10
10
10
10
10
10
10
10
10
10
10
10
10
10
10
10
10
10
10
10
10
10
10
10
10
10
10
10
10
10
10
10
10
10
10
10
10
10
10
10
10
10
10
10
10
10
10
10
10
10
10
10
10
10
10
10
10
10
10
10
10
10
10
10
10
10
10
10
10
10
10
10
10
10
10
10
10
10
10
10
10
10
10
10
10
10
10
10
10
10
10
10
10
10
10
10
10
10
10
10
10
10
10
10
10
10
10
10
10
10
10
10
10
10
10
10
10
10
10
10
10
10
10
10
10
10
10
10
10
10
10
10
10
10
10
10
10
10
10
10
10
10
10
10
10
10
10
10
10
10
10
10
10
10
10
10
10
10
10
10
10
10
10
10
10
10
10
10
10
10
10
10
10
10
10
10
10
10
10
10
10
10
10
10
10
10
10
10
10
10
10
10
10
10
10
10
10
10
10
10
10
10
10
10
10
10
10
10
10
10
10
10
10
10
10
10
10
10
10
10
10
10
10
10
10
10
10
10
10
10
10
10
10
10
10
10
10
10
10
10
10
10
10
10
10
10
10
10
10
10
10
10
10
10
10
10
10
10
10
10
10
10
10
10
10
10
10
10
10
10
10
10
10
10
10
10
10
10
10
10
10
10
10
10
10
10
10
10
10
10
10
10
10
10
10
10
10
10
10
10
10
10
10
10
10
10
10
10
10
10
10
10
10
10
10
10
10
10
10
10
10
10
10
10
10
10
10
10
10
10
10
10
10
10
10
10
10
10
10
10
10
10
10
10
10
10
10
10
10
10
10
10
10
10
10
10
10
10
10
10
10
10
10
10
10
10
10
10
10
10
10
10
10
10
10
10
10
10
10
10
10
10
10
10
10
10
10
10
10
10
10
10
10
10
10
10
10
10
10
10
10
10
10
10
10
10
10
10
10
10
10
10
10
10
10
10
10
10
10
10
10
10
10
10
10
10
10
10
10
10
10
10
10
10
10
10
10
10
10
10
10
10
10
10
10
10
10
10
10
10
10
10
10
10
10
10
10
10
10
10
10
10
10
10
10
10
10
10
10
10
10
10
10
10
10
10
10
10
10
10
10
10
10
10
10
10
10
10
10
10
10
10
10
10
10
10
10
10
10
10
10
10
10
10
10
10
10
10
10
10
10
10
10
10
10
10
10
10
10
10
10
10
10
10
10
10
10
10
10
10
10
10
10
10
10
10
10
10
10
10
10
10
10
10
10
10
10
10
10
10
10
10
10
10
10
10
10
10
10
10
10
10
10
10
10
10
10
10
10
10
10
10
10
10
10
10
10
10
10
10
10
10
10
10
10
10
10
10
10
10
10
10
10
10
10
10
10
10
10
10
10
10
10
10
10
10
10
10
10
10
10
10
10
10
10
10
10
10
10
10
10
10
10
10
10
10
10
10
10
10
10
10
10
10
10
10
10
10
10
10
10
10
10
10
10
10
10
10
10
10
10
10
10
10
10
10
10
10
10
10
10
10
10
10
10
10
10
10
10
10
10
10
10
10
10
10
10
10
10
10
10
10
10
10
10
10
10
10
10
10
10
10
10
10
10
10
10
10
10
10
10
10
10
10
10
10
10
10
10
10
10
10
10
10
10
10
10
10
10
10
10
10
10
10
10
10
10
10
10
10
10
10
10
10
10
10
10
10
10
10
10
10
10
10
10
10
10
10
10
10
10
10
10
10
10
10
10
10
10
10
10
10
10
10
10
10
10
10
10
10
10
10
10
10
10
10
10
10
10
10
10
10
10
10
10
10
10
10
10
10
10
10
10
10
10
10
10
10
10
10
10
10
10
10
10
10
10
10
10
10
10
10
10
10
10
10
10
10
10
10
10
10
10
10
10
10
10
10
10
10
10
10
10
10
10
10
10
10
10
10
10
10
10
10
10
10
10
10
10
10
10
10
10
10
10
10
10
10
10
10
10
10
10
10
10
10
10
10
10
10
10
10
10
10
10
10
10
10
10
10
10
10
10
10
10
10
10
10
10
10
10
10
10
10
10
10
10
10
10
10
10
10
10
10
10
10
10
10
10
10
10
10
10
10
10
10
10
10
10
10
10
10
10
10
10
10
10
10
10
10
10
10
10
10
10
10
10
10
10
10
10
10
10
10
10
10
10
10
10
10
10
10
10
10
10
10
10
10
10
10
10
10
10
10
10
10
10
10
10
10
10
10
10
10
10
10
10
10
10
10
10
10
10
10
10
10
10
10
10
10
10
10
10
10
10
10
10
10
10
10
10
10
10
10
10
10
10
10
10
10
10
10
10
10
10
10
10
10
10
10
10
10
10
10
10
10
10
10
10
10
10
10
10
10
10
10
10
10
10
10
10
10
10
10
10
10
10
10
10
10
10
10
10
10
10
10
10
10
10
10
10
10
10
10
10
10
10
10
10
10
10
10
10
10
10
10
10
10
10
10
10
10
10
10
10
10
10
10
10
10
10
10
10
10
10
10
10
10
10
10
10
10
10
10
10
10
10
10
10
10
10
10
10
10
10
10
10
10
10
10
10
10
10
10
10
10
10
10
10
10
10
10
10
10
10
10
10
10
10
10
10
10
10
10
10
10
10
10
10
10
10
10
10
10
10
10
10
10
10
10
10
10
10
10
10
10
10
10
10
10
10
10
10
10
10
10
10
10
10
10
10
10
10
10
10
10
10
10
10
10
10
10
10
10
10
10
10
10
10
10
10
10
10
10
10
10
10
10
10
10
10
10
10
10
10
10
10
10
10
10
10
10
10
10
10
10
10
10
10
10
10
10
10
10
10
10
10
10
10
10
10
10
10
10
10
10
10
10
10
10
10
10
10
10
10
10
10
10
10
10
10
10
10
10
10
10
10
10
10
10
10
10
10
10
10
10
10
10
10
10
10
10
10
10
10
10
10
10
10
10
10
10
10
10
10
10
10
10
10
10
10
10
10
10
10
10
10
10
10
10
10
10
10
10
10
10
10
10
10
10
10
10
10
10
10
10
10
10
10
10
10
10
10
10
10
10
10
10
10
10
10
10
10
10
10
10
10
10
10
10
10
10
10
10
10
10
10
10
10
10
10
10
10
10
10
10
10
10
10
10
10
10
10
10
10
10
10
10
10
10
10
10
10
10
10
10
10
10
10
10
10
10
10
10
10
10
10
10
10
10
10
10
10
10
10
10
10
10
10
10
10
10
10
10
10
10
10
10
10
10
10
10
10
10
10
10
10
10
10
10
10
10
10
10
10
10
10
10
10
10
10
10
10
10
10
10
10
10
10
10
10
10
10
10
10
10
10
10
10
10
10
10
10
10
10
10
10
10
10
10
10
10
10
10
10
10
10
10
10
10
10
10
10
10
10
10
10
10
10
10
10
10
10
10
10
10
10
10
10
10
10
10
10
10
10
10
10
10
10
10
10
10
10
10
10
10
10
10
10
10
10
10
10
10
10
10
10
10
10
10
10
10
10
10
10
10
10
10
10
10
10
10
10
10
10
10
10
10
10
10
10
10
10
10
10
10
10
10
10
10
10
10
10
10
10
10
10
10
10
10
10
10
10
10
10
10
10
10
10
10
10
10
10
10
10
10
10
10
10
10
10
10
10
10
10
10
10
10
10
10
10
10
10
10
10
10
10
10
10
10
10
10
10
10
10
10
10
10
10
10
10
10
10
10
10
10
10
10
10
10
10
10
10
10
10
10
10
10
10
10
10
10
10
10
10
10
10
10
10
10
10
10
10
10
10
10
10
10
10
10
10
10
10
10
10
10
10
10
10
10
10
10
10
10
10
10
10
10
10
10
10
10
10
10
10
10
10
10
10
10
10
10
10
10
10
10
10
10
10
10
10
10
10
10
10
10
10
10
10
10
10
10
10
10
10
10
10
10
10
10
10
10
10
10
10
10
10
10
10
10
10
10
10
10
10
10
10
10
10
10
10
10
10
10
10
10
10
10
10
10
10
10
10
10
10
10
10
10
10
10
10
10
10
10
10
10
10
10
10
10
10
10
10
10
10
10
10
10
10
10
10
10
10
10
10
10
10
10
10
10
10
10
10
10
10
10
10
10
10
10
10
10
10
10
10
10
10
10
10
10
10
10
10
10
10
10
10
10
10
10
10
10
10
10
10
10
10
10
10
10
10
10
10
10
10
10
10
10
10
10
10
10
10
10
10
10
10
10
10
10
10
10
10
10
10
10
10
10
10
10
10
10
10
10
10
10
10
10
10
10
10
10
10
10
10
10
10
10
10
10
10
10
10
10
10
10
10
10
10
10
10
10
10
10
10
10
10
10
10
10
10
10
10
10
10
10
10
10
10
10
10
10
10
10
10
10
10
10
10
10
10
10
10
10
10
10
10
10
10
10
10
10
10
10
10
10
10
10
10
10
10
10
10
10
10
10
10
10
10
10
10
10
10
10
10
10
10
10
10
10
10
10
10
10
10
10
10
10
10
10
10
10
10
10
10
10
10
10
10
10
10
10
10
10
10
10
10
10
10
10
10
10
10
10
10
10
10
10
10
10
10
10
10
10
10
10
10
10
10
10
10
10
10
10
10
10
10
10
10
10
10
10
10
10
10
10
10
10
10
10
10
10
10
10
10
10
10
10
10
10
10
10
10
10
10
10
10
10
10
10
10
10
10
10
10
10
10
10
10
10
10
10
10
10
10
10
10
10
10
10
10
10
10
10
10
10
10
10
10
10
10
10
10
10
10
10
10
10
10
10
10
10
10
10
10
10
10
10
10
10
10
10
10
10
10
10
10
10
10
10
10
10
10
10
10
10
10
10
10
10
10
10
10
10
10
10
10
10
10
10
10
10
10
10
10
10
10
10
10
10
10
10
10
10
10
10
10
10
10
10
10
10
10
10
10
10
10
10
10
10
10
10
10
10
10
10
10
10
10
10
10
10
10
10
10
10
10
10
10
10
10
10
10
10
10
10
10
10
10
10
10
10
10
10
10
10
10
10
10
10
10
10
10
10
10
10
10
10
10
10
10
10
10
10
10
10
10
10
10
10
10
10
10
10
10
10
10
10
10
10
10
10
10
10
10
10
10
10
10
10
10
10
10
10
10
10
10
10
10
10
10
10
10
10
10
10
10
10
10
10
10
10
10
10
10
10
10
10
10
10
10
10
10
10
10
10
10
10
10
10
10
10
10
10
10
10
10
10
10
10
10
10
10
10
10
10
10
10
10
10
10
10
10
10
10
10
10
10
10
10
10
10
10
10
10
10
10
10
10
10
10
10
10
10
10
10
10
10
10
10
10
10
10
10
10
10
10
10
10
10
10
10
10
10
10
10
10
10
10
10
10
10
10
10
10
10
10
10
10
10
10
10
10
10
10
10
10
10
10
10
10
10
10
10
10
10
10
10
10
10
10
10
10
10
10
10
10
10
10
10
10
10
10
10
10
10
10
10
10
10
10
10
10
10
10
10
10
10
10
10
10
10
10
10
10
10
10
10
10
10
10
10
10
10
10
10
10
10
10
10
10
10
10
10
10
10
10
10
10
10
10
10
10
10
10
10
10
10
10
10
10
10
10
10
10
10
10
10
10
10
10
10
10
10
10
10
10
10
10
10
10
10
10
10
10
10
10
10
10
10
10
10
10
10
10
10
10
10
10
10
10
10
10
10
10
10
10
10
10
10
10
10
10
10
10
10
10
10
10
10
10
10
10
10
10
10
10
10
10
10
10
10
10
10
10
10
10
10
10
10
10
10
10
10
10
10
10
10
10
10
10
10
10
10
10
10
10
10
10
10
10
10
10
10
10
10
10
10
10
10
10
10
10
10
10
10
10
10
10
10
10
10
10
10
10
10
10
10
10
10
10
10
10
10
10
10
10
10
10
10
10
10
10
10
10
10
10
10
10
10
10
10
10
10
10
10
10
10
10
10
10
10
10
10
10
10
10
10
10
10
10
10
10
10
10
10
10
10
10
10
10
10
10
10
10
10
10
10
10
10
10
10
10
10
10
10
10
10
10
10
10
10
10
10
10
10
10
10
10
10
10
10
10
10
10
10
10
10
10
10
10
10
10
10
10
10
10
10
10
10
10
10
10
10
10
10
10
10
10
10
10
10
10
10
10
10
10
10
10
10
10
10
10
10
10
10
10
10
10
10
10
10
10
10
10
10
10
10
10
10
10
10
10
10
10
10
10
10
10
10
10
10
10
10
10
10
10
10
10
10
10
10
10
10
10
10
10
10
10
10
10
10
10
10
10
10
10
10
10
10
10
10
10
10
10
10
10
10
10
10
10
10
10
10
10
10
10
10
10
10
10
10
10
10
10
10
10
10
10
10
10
10
10
10
10
10
10
10
10
10
10
10
10
10
10
10
10
10
10
10
10
10
10
10
10
10
10
10
10
10
10
10
10
10
10
10
10
10
10
10
10
10
10
10
10
10
10
10
10
10
10
10
10
10
10
10
10
10
10
10
10
10
10
10
10
10
10
10
10
10
10
10
10
10
10
10
10
10
10
10
10
10
10
10
10
10
10
10
10
10
10
10
10
10
10
10
10
10
10
10
10
10
10
10
10
10
10
10
10
10
10
10
10
10
10
10
10
10
10
10
10
10
10
10
10
10
10
10
10
10
10
10
10
10
10
10
10
10
10
10
10
10
10
10
10
10
10
10
10
10
10
10
10
10
10
10
10
10
10
10
10
10
10
10
10
10
10
10
10
10
10
10
10
10
10
10
10
10
10
10
10
10
10
10
10
10
10
10
10
10
10
10
10
10
10
10
10
10
10
10
10
10
10
10
10
10
10
10
10
10
10
10
10
10
10
10
10
10
10
10
10
10
10
10
10
10
10
10
10
10
10
10
10
10
10
10
10
10
10
10
10
10
10
10
10
10
10
10
10
10
10
10
10
10
10
10
10
10
10
10
10
10
10
10
10
10
10
10
10
10
10
10
10
10
10
10
10
10
10
10
10
10
10
10
10
10
10
10
10
10
10
10
10
10
10
10
10
10
10
10
10
10
10
10
10
10
10
10
10
10
10
10
10
10
10
10
10
10
10
10
10
10
10
10
10
10
10
10
10
10
10
10
10
10
10
10
10
10
10
10
10
10
10
10
10
10
10
10
10
10
10
10
10
10
10
10
10
10
10
10
10
10
10
10
10
10
10
10
10
10
10
10
10
10
10
10
10
10
10
10
10
10
10
10
10
10
10
10
10
10
10
10
10
10
10
10
10
10
10
10
10
10
10
10
10
10
10
10
10
10
10
10
10
10
10
10
10
10
10
10
10
10
10
10
10
10
10
10
10
10
10
10
10
10
10
10
10
10
10
10
10
10
10
10
10
10
10
10
10
10
10
10
10
10
10
10
10
10
10
10
10
10
10
10
10
10
10
10
10
10
10
10
10
10
10
10
10
10
10
10
10
10
10
10
10
10
10
10
10
10
10
10
10
10
10
10
10
10
10
10
10
10
10
10
10
10
10
10
10
10
10
10
10
10
10
10
10
10
10
10
10
10
10
10
10
10
10
10
10
10
10
10
10
10
10
10
10
10
10
10
10
10
10
10
10
10
10
10
10
10
10
10
10
10
10
10
10
10
10
10
10
10
10
10
10
10
10
10
10
10
10
10
10
10
10
10
10
10
10
10
10
10
10
10
10
10
10
10
10
10
10
10
10
10
10
10
10
10
10
10
10
10
10
10
10
10
10
10
10
10
10
10
10
10
10
10
10
10
10
10
10
10
10
10
10
10
10
10
10
10
10
10
10
10
10
10
10
10
10
10
10
10
10
10
10
10
10
10
10
10
10
10
10
10
10
10
10
10
10
10
10
10
10
10
10
10
10
10
10
10
10
10
10
10
10
10
10
10
10
10
10
10
10
10
10
10
10
10
10
10
10
10
10
10
10
10
10
10
10
10
10
10
10
10
10
10
10
10
10
10
10
10
10
10
10
10
10
10
10
10
10
10
10
10
10
10
10
10
10
10
10
10
10
10
10
10
10
10
10
10
10
10
10
10
10
10
10
10
10
10
10
10
10
10
10
10
