# vtk DataFile Version 3.0
Cylinder
ASCII

DATASET UNSTRUCTURED_GRID
POINTS 2465 double
  1.00000000   0.00000000   1.00000000
  0.00000000   1.00000000   1.00000000
 -1.00000000   0.00000000   1.00000000
  0.00000000  -1.00000000   1.00000000
  0.00000000   0.00000000   1.00000000
  1.00000000   0.00000000   0.00000000
  0.00000000   1.00000000   0.00000000
 -1.00000000   0.00000000   0.00000000
  0.00000000  -1.00000000   0.00000000
  0.00000000   0.00000000   0.00000000
  1.00000000   0.00000000  -1.00000000
  0.00000000   1.00000000  -1.00000000
 -1.00000000   0.00000000  -1.00000000
  0.00000000  -1.00000000  -1.00000000
  0.00000000   0.00000000  -1.00000000
  0.50000000   0.00000000   1.00000000
  0.70710678   0.70710678   1.00000000
  0.50000000   0.00000000   0.50000000
  0.00000000   0.50000000   1.00000000
  0.00000000   0.00000000   0.50000000
  0.00000000   0.50000000   0.50000000
  0.70710678   0.70710678   0.50000000
  0.00000000   1.00000000   0.50000000
  0.00000000   0.50000000   0.00000000
  1.00000000   0.00000000   0.50000000
  0.70710678   0.70710678   0.00000000
  0.50000000   0.00000000   0.00000000
 -0.70710678   0.70710678   1.00000000
 -0.50000000   0.00000000   1.00000000
 -0.50000000   0.00000000   0.50000000
 -0.70710678   0.70710678   0.50000000
 -1.00000000   0.00000000   0.50000000
 -0.50000000   0.00000000   0.00000000
 -0.70710678   0.70710678   0.00000000
 -0.70710678  -0.70710678   1.00000000
  0.00000000  -0.50000000   1.00000000
  0.00000000  -0.50000000   0.50000000
 -0.70710678  -0.70710678   0.50000000
  0.00000000  -1.00000000   0.50000000
  0.00000000  -0.50000000   0.00000000
 -0.70710678  -0.70710678   0.00000000
  0.70710678  -0.70710678   1.00000000
  0.70710678  -0.70710678   0.50000000
  0.70710678  -0.70710678   0.00000000
  0.50000000   0.00000000  -0.50000000
  0.00000000   0.00000000  -0.50000000
  0.00000000   0.50000000  -0.50000000
  0.70710678   0.70710678  -0.50000000
  0.00000000   1.00000000  -0.50000000
  0.00000000   0.50000000  -1.00000000
  1.00000000   0.00000000  -0.50000000
  0.70710678   0.70710678  -1.00000000
  0.50000000   0.00000000  -1.00000000
 -0.50000000   0.00000000  -0.50000000
 -0.70710678   0.70710678  -0.50000000
 -1.00000000   0.00000000  -0.50000000
 -0.50000000   0.00000000  -1.00000000
 -0.70710678   0.70710678  -1.00000000
  0.00000000  -0.50000000  -0.50000000
 -0.70710678  -0.70710678  -0.50000000
  0.00000000  -1.00000000  -0.50000000
  0.00000000  -0.50000000  -1.00000000
 -0.70710678  -0.70710678  -1.00000000
  0.70710678  -0.70710678  -0.50000000
  0.70710678  -0.70710678  -1.00000000
  0.75000000   0.00000000   1.00000000
  0.92387953   0.38268343   1.00000000
  0.75000000   0.00000000   0.75000000
  0.64714216   0.37908710   1.00000000
  0.50000000   0.00000000   0.75000000
  0.64714216   0.37908710   0.75000000
  0.00000000   0.25000000   1.00000000
  0.25000000   0.00000000   1.00000000
  0.00000000   0.00000000   0.75000000
  0.35355339   0.35355339   1.00000000
  0.00000000   0.25000000   0.75000000
  0.25000000   0.00000000   0.75000000
  0.37908710   0.64714216   1.00000000
  0.38268343   0.92387953   1.00000000
  0.37908710   0.64714216   0.75000000
  0.00000000   0.75000000   1.00000000
  0.00000000   0.50000000   0.75000000
  0.00000000   0.75000000   0.75000000
  0.35355339   0.35355339   0.50000000
  0.00000000   0.25000000   0.50000000
  0.00000000   0.25000000   0.25000000
  0.25000000   0.00000000   0.50000000
  0.25000000   0.00000000   0.25000000
  0.00000000   0.00000000   0.25000000
  0.35355339   0.35355339   0.75000000
  0.92387953   0.38268343   0.75000000
  0.70710678   0.70710678   0.75000000
  0.64714216   0.37908710   0.50000000
  0.00000000   1.00000000   0.75000000
  0.38268343   0.92387953   0.75000000
  0.00000000   0.75000000   0.50000000
  0.38268343   0.92387953   0.50000000
  0.38268343   0.92387953   0.25000000
  0.37908710   0.64714216   0.25000000
  0.00000000   1.00000000   0.25000000
  0.00000000   0.75000000   0.25000000
  0.00000000   0.75000000   0.00000000
  0.35355339   0.35355339   0.25000000
  0.00000000   0.50000000   0.25000000
  0.00000000   0.25000000   0.00000000
  0.33541020   0.67082039   0.50000000
  1.00000000   0.00000000   0.75000000
  0.92387953   0.38268343   0.50000000
  0.75000000   0.00000000   0.50000000
  0.38268343   0.92387953   0.00000000
  0.70710678   0.70710678   0.25000000
  0.37908710   0.64714216   0.00000000
  0.92387953   0.38268343   0.25000000
  1.00000000   0.00000000   0.25000000
  0.75000000   0.00000000   0.25000000
  0.92387953   0.38268343   0.00000000
  0.64714216   0.37908710   0.00000000
  0.75000000   0.00000000   0.00000000
  0.50000000   0.00000000   0.25000000
  0.35355339   0.35355339   0.00000000
  0.25000000   0.00000000   0.00000000
  0.64714216   0.37908710   0.25000000
 -0.38268343   0.92387953   1.00000000
 -0.37908710   0.64714216   1.00000000
 -0.37908710   0.64714216   0.75000000
 -0.25000000   0.00000000   1.00000000
 -0.35355339   0.35355339   1.00000000
 -0.25000000   0.00000000   0.75000000
 -0.64714216   0.37908710   1.00000000
 -0.92387953   0.38268343   1.00000000
 -0.64714216   0.37908710   0.75000000
 -0.75000000   0.00000000   1.00000000
 -0.50000000   0.00000000   0.75000000
 -0.75000000   0.00000000   0.75000000
 -0.35355339   0.35355339   0.50000000
 -0.25000000   0.00000000   0.50000000
 -0.25000000   0.00000000   0.25000000
 -0.35355339   0.35355339   0.75000000
 -0.38268343   0.92387953   0.75000000
 -0.70710678   0.70710678   0.75000000
 -0.37908710   0.64714216   0.50000000
 -1.00000000   0.00000000   0.75000000
 -0.92387953   0.38268343   0.75000000
 -0.75000000   0.00000000   0.50000000
 -0.92387953   0.38268343   0.50000000
 -0.92387953   0.38268343   0.25000000
 -0.64714216   0.37908710   0.25000000
 -1.00000000   0.00000000   0.25000000
 -0.75000000   0.00000000   0.25000000
 -0.75000000   0.00000000   0.00000000
 -0.35355339   0.35355339   0.25000000
 -0.50000000   0.00000000   0.25000000
 -0.25000000   0.00000000   0.00000000
 -0.67082039   0.33541020   0.50000000
 -0.38268343   0.92387953   0.50000000
 -0.92387953   0.38268343   0.00000000
 -0.70710678   0.70710678   0.25000000
 -0.64714216   0.37908710   0.00000000
 -0.38268343   0.92387953   0.25000000
 -0.38268343   0.92387953   0.00000000
 -0.37908710   0.64714216   0.00000000
 -0.35355339   0.35355339   0.00000000
 -0.37908710   0.64714216   0.25000000
 -0.92387953  -0.38268343   1.00000000
 -0.64714216  -0.37908710   1.00000000
 -0.64714216  -0.37908710   0.75000000
  0.00000000  -0.25000000   1.00000000
 -0.35355339  -0.35355339   1.00000000
  0.00000000  -0.25000000   0.75000000
 -0.37908710  -0.64714216   1.00000000
 -0.38268343  -0.92387953   1.00000000
 -0.37908710  -0.64714216   0.75000000
  0.00000000  -0.75000000   1.00000000
  0.00000000  -0.50000000   0.75000000
  0.00000000  -0.75000000   0.75000000
 -0.35355339  -0.35355339   0.50000000
  0.00000000  -0.25000000   0.50000000
  0.00000000  -0.25000000   0.25000000
 -0.35355339  -0.35355339   0.75000000
 -0.92387953  -0.38268343   0.75000000
 -0.70710678  -0.70710678   0.75000000
 -0.64714216  -0.37908710   0.50000000
  0.00000000  -1.00000000   0.75000000
 -0.38268343  -0.92387953   0.75000000
  0.00000000  -0.75000000   0.50000000
 -0.38268343  -0.92387953   0.50000000
 -0.38268343  -0.92387953   0.25000000
 -0.37908710  -0.64714216   0.25000000
  0.00000000  -1.00000000   0.25000000
  0.00000000  -0.75000000   0.25000000
  0.00000000  -0.75000000   0.00000000
 -0.35355339  -0.35355339   0.25000000
  0.00000000  -0.50000000   0.25000000
  0.00000000  -0.25000000   0.00000000
 -0.33541020  -0.67082039   0.50000000
 -0.92387953  -0.38268343   0.50000000
 -0.38268343  -0.92387953   0.00000000
 -0.70710678  -0.70710678   0.25000000
 -0.37908710  -0.64714216   0.00000000
 -0.92387953  -0.38268343   0.25000000
 -0.92387953  -0.38268343   0.00000000
 -0.64714216  -0.37908710   0.00000000
 -0.35355339  -0.35355339   0.00000000
 -0.64714216  -0.37908710   0.25000000
  0.38268343  -0.92387953   1.00000000
  0.37908710  -0.64714216   1.00000000
  0.37908710  -0.64714216   0.75000000
  0.35355339  -0.35355339   1.00000000
  0.64714216  -0.37908710   1.00000000
  0.92387953  -0.38268343   1.00000000
  0.64714216  -0.37908710   0.75000000
  0.35355339  -0.35355339   0.50000000
  0.35355339  -0.35355339   0.75000000
  0.38268343  -0.92387953   0.75000000
  0.70710678  -0.70710678   0.75000000
  0.37908710  -0.64714216   0.50000000
  0.92387953  -0.38268343   0.75000000
  0.92387953  -0.38268343   0.50000000
  0.92387953  -0.38268343   0.25000000
  0.64714216  -0.37908710   0.25000000
  0.35355339  -0.35355339   0.25000000
  0.67082039  -0.33541020   0.50000000
  0.38268343  -0.92387953   0.50000000
  0.92387953  -0.38268343   0.00000000
  0.70710678  -0.70710678   0.25000000
  0.64714216  -0.37908710   0.00000000
  0.38268343  -0.92387953   0.25000000
  0.38268343  -0.92387953   0.00000000
  0.37908710  -0.64714216   0.00000000
  0.35355339  -0.35355339   0.00000000
  0.37908710  -0.64714216   0.25000000
  0.75000000   0.00000000  -0.25000000
  0.50000000   0.00000000  -0.25000000
  0.64714216   0.37908710  -0.25000000
  0.00000000   0.00000000  -0.25000000
  0.00000000   0.25000000  -0.25000000
  0.25000000   0.00000000  -0.25000000
  0.37908710   0.64714216  -0.25000000
  0.00000000   0.50000000  -0.25000000
  0.00000000   0.75000000  -0.25000000
  0.35355339   0.35355339  -0.50000000
  0.00000000   0.25000000  -0.50000000
  0.00000000   0.25000000  -0.75000000
  0.25000000   0.00000000  -0.50000000
  0.25000000   0.00000000  -0.75000000
  0.00000000   0.00000000  -0.75000000
  0.35355339   0.35355339  -0.25000000
  0.92387953   0.38268343  -0.25000000
  0.70710678   0.70710678  -0.25000000
  0.64714216   0.37908710  -0.50000000
  0.00000000   1.00000000  -0.25000000
  0.38268343   0.92387953  -0.25000000
  0.00000000   0.75000000  -0.50000000
  0.38268343   0.92387953  -0.50000000
  0.38268343   0.92387953  -0.75000000
  0.37908710   0.64714216  -0.75000000
  0.00000000   1.00000000  -0.75000000
  0.00000000   0.75000000  -0.75000000
  0.00000000   0.75000000  -1.00000000
  0.35355339   0.35355339  -0.75000000
  0.00000000   0.50000000  -0.75000000
  0.00000000   0.25000000  -1.00000000
  0.33541020   0.67082039  -0.50000000
  1.00000000   0.00000000  -0.25000000
  0.92387953   0.38268343  -0.50000000
  0.75000000   0.00000000  -0.50000000
  0.38268343   0.92387953  -1.00000000
  0.70710678   0.70710678  -0.75000000
  0.37908710   0.64714216  -1.00000000
  0.92387953   0.38268343  -0.75000000
  1.00000000   0.00000000  -0.75000000
  0.75000000   0.00000000  -0.75000000
  0.92387953   0.38268343  -1.00000000
  0.64714216   0.37908710  -1.00000000
  0.75000000   0.00000000  -1.00000000
  0.50000000   0.00000000  -0.75000000
  0.35355339   0.35355339  -1.00000000
  0.25000000   0.00000000  -1.00000000
  0.64714216   0.37908710  -0.75000000
 -0.37908710   0.64714216  -0.25000000
 -0.25000000   0.00000000  -0.25000000
 -0.64714216   0.37908710  -0.25000000
 -0.50000000   0.00000000  -0.25000000
 -0.75000000   0.00000000  -0.25000000
 -0.35355339   0.35355339  -0.50000000
 -0.25000000   0.00000000  -0.50000000
 -0.25000000   0.00000000  -0.75000000
 -0.35355339   0.35355339  -0.25000000
 -0.38268343   0.92387953  -0.25000000
 -0.70710678   0.70710678  -0.25000000
 -0.37908710   0.64714216  -0.50000000
 -1.00000000   0.00000000  -0.25000000
 -0.92387953   0.38268343  -0.25000000
 -0.75000000   0.00000000  -0.50000000
 -0.92387953   0.38268343  -0.50000000
 -0.92387953   0.38268343  -0.75000000
 -0.64714216   0.37908710  -0.75000000
 -1.00000000   0.00000000  -0.75000000
 -0.75000000   0.00000000  -0.75000000
 -0.75000000   0.00000000  -1.00000000
 -0.35355339   0.35355339  -0.75000000
 -0.50000000   0.00000000  -0.75000000
 -0.25000000   0.00000000  -1.00000000
 -0.67082039   0.33541020  -0.50000000
 -0.38268343   0.92387953  -0.50000000
 -0.92387953   0.38268343  -1.00000000
 -0.70710678   0.70710678  -0.75000000
 -0.64714216   0.37908710  -1.00000000
 -0.38268343   0.92387953  -0.75000000
 -0.38268343   0.92387953  -1.00000000
 -0.37908710   0.64714216  -1.00000000
 -0.35355339   0.35355339  -1.00000000
 -0.37908710   0.64714216  -0.75000000
 -0.64714216  -0.37908710  -0.25000000
  0.00000000  -0.25000000  -0.25000000
 -0.37908710  -0.64714216  -0.25000000
  0.00000000  -0.50000000  -0.25000000
  0.00000000  -0.75000000  -0.25000000
 -0.35355339  -0.35355339  -0.50000000
  0.00000000  -0.25000000  -0.50000000
  0.00000000  -0.25000000  -0.75000000
 -0.35355339  -0.35355339  -0.25000000
 -0.92387953  -0.38268343  -0.25000000
 -0.70710678  -0.70710678  -0.25000000
 -0.64714216  -0.37908710  -0.50000000
  0.00000000  -1.00000000  -0.25000000
 -0.38268343  -0.92387953  -0.25000000
  0.00000000  -0.75000000  -0.50000000
 -0.38268343  -0.92387953  -0.50000000
 -0.38268343  -0.92387953  -0.75000000
 -0.37908710  -0.64714216  -0.75000000
  0.00000000  -1.00000000  -0.75000000
  0.00000000  -0.75000000  -0.75000000
  0.00000000  -0.75000000  -1.00000000
 -0.35355339  -0.35355339  -0.75000000
  0.00000000  -0.50000000  -0.75000000
  0.00000000  -0.25000000  -1.00000000
 -0.33541020  -0.67082039  -0.50000000
 -0.92387953  -0.38268343  -0.50000000
 -0.38268343  -0.92387953  -1.00000000
 -0.70710678  -0.70710678  -0.75000000
 -0.37908710  -0.64714216  -1.00000000
 -0.92387953  -0.38268343  -0.75000000
 -0.92387953  -0.38268343  -1.00000000
 -0.64714216  -0.37908710  -1.00000000
 -0.35355339  -0.35355339  -1.00000000
 -0.64714216  -0.37908710  -0.75000000
  0.37908710  -0.64714216  -0.25000000
  0.64714216  -0.37908710  -0.25000000
  0.35355339  -0.35355339  -0.50000000
  0.35355339  -0.35355339  -0.25000000
  0.38268343  -0.92387953  -0.25000000
  0.70710678  -0.70710678  -0.25000000
  0.37908710  -0.64714216  -0.50000000
  0.92387953  -0.38268343  -0.25000000
  0.92387953  -0.38268343  -0.50000000
  0.92387953  -0.38268343  -0.75000000
  0.64714216  -0.37908710  -0.75000000
  0.35355339  -0.35355339  -0.75000000
  0.67082039  -0.33541020  -0.50000000
  0.38268343  -0.92387953  -0.50000000
  0.92387953  -0.38268343  -1.00000000
  0.70710678  -0.70710678  -0.75000000
  0.64714216  -0.37908710  -1.00000000
  0.38268343  -0.92387953  -0.75000000
  0.38268343  -0.92387953  -1.00000000
  0.37908710  -0.64714216  -1.00000000
  0.35355339  -0.35355339  -1.00000000
  0.37908710  -0.64714216  -0.75000000
  0.87500000   0.00000000   1.00000000
  0.98078528   0.19509032   1.00000000
  0.87500000   0.00000000   0.87500000
  0.85299207   0.19501160   1.00000000
  0.75000000   0.00000000   0.87500000
  0.85299207   0.19501160   0.87500000
  0.59343623   0.19610823   1.00000000
  0.62500000   0.00000000   1.00000000
  0.50000000   0.00000000   0.87500000
  0.72382892   0.19639677   1.00000000
  0.59343623   0.19610823   0.87500000
  0.62500000   0.00000000   0.87500000
  0.78732494   0.38176490   1.00000000
  0.83146961   0.55557023   1.00000000
  0.78732494   0.38176490   0.87500000
  0.68257254   0.54746664   1.00000000
  0.64714216   0.37908710   0.87500000
  0.68257254   0.54746664   0.87500000
  0.72382892   0.19639677   0.75000000
  0.59343623   0.19610823   0.75000000
  0.59343623   0.19610823   0.62500000
  0.62500000   0.00000000   0.75000000
  0.62500000   0.00000000   0.62500000
  0.50000000   0.00000000   0.62500000
  0.72382892   0.19639677   0.87500000
  0.00000000   0.12500000   1.00000000
  0.12500000   0.00000000   1.00000000
  0.00000000   0.00000000   0.87500000
  0.17677670   0.17677670   1.00000000
  0.00000000   0.12500000   0.87500000
  0.12500000   0.00000000   0.87500000
  0.19134172   0.46193977   1.00000000
  0.00000000   0.37500000   1.00000000
  0.00000000   0.37500000   0.87500000
  0.18954355   0.32357108   1.00000000
  0.18954355   0.32357108   0.87500000
  0.00000000   0.25000000   0.87500000
  0.32357108   0.18954355   1.00000000
  0.37500000   0.00000000   1.00000000
  0.25000000   0.00000000   0.87500000
  0.46193977   0.19134172   1.00000000
  0.32357108   0.18954355   0.87500000
  0.37500000   0.00000000   0.87500000
  0.12500000   0.00000000   0.75000000
  0.17677670   0.17677670   0.75000000
  0.12500000   0.00000000   0.62500000
  0.00000000   0.12500000   0.75000000
  0.00000000   0.00000000   0.62500000
  0.00000000   0.12500000   0.62500000
  0.17677670   0.17677670   0.87500000
  0.54746664   0.68257254   1.00000000
  0.55557023   0.83146961   1.00000000
  0.54746664   0.68257254   0.87500000
  0.38176490   0.78732494   1.00000000
  0.37908710   0.64714216   0.87500000
  0.38176490   0.78732494   0.87500000
  0.00000000   0.62500000   1.00000000
  0.19610823   0.59343623   1.00000000
  0.00000000   0.50000000   0.87500000
  0.19639677   0.72382892   1.00000000
  0.00000000   0.62500000   0.87500000
  0.19610823   0.59343623   0.87500000
  0.19501160   0.85299207   1.00000000
  0.19509032   0.98078528   1.00000000
  0.19501160   0.85299207   0.87500000
  0.00000000   0.87500000   1.00000000
  0.00000000   0.75000000   0.87500000
  0.00000000   0.87500000   0.87500000
  0.19639677   0.72382892   0.75000000
  0.00000000   0.62500000   0.75000000
  0.00000000   0.62500000   0.62500000
  0.19610823   0.59343623   0.75000000
  0.19610823   0.59343623   0.62500000
  0.00000000   0.50000000   0.62500000
  0.19639677   0.72382892   0.87500000
  0.19134172   0.46193977   0.50000000
  0.00000000   0.37500000   0.50000000
  0.00000000   0.37500000   0.37500000
  0.18954355   0.32357108   0.50000000
  0.18954355   0.32357108   0.37500000
  0.00000000   0.25000000   0.37500000
  0.37500000   0.00000000   0.50000000
  0.46193977   0.19134172   0.50000000
  0.37500000   0.00000000   0.37500000
  0.32357108   0.18954355   0.50000000
  0.25000000   0.00000000   0.37500000
  0.32357108   0.18954355   0.37500000
  0.17677670   0.17677670   0.50000000
  0.00000000   0.12500000   0.50000000
  0.00000000   0.12500000   0.37500000
  0.12500000   0.00000000   0.50000000
  0.12500000   0.00000000   0.37500000
  0.00000000   0.00000000   0.37500000
  0.00000000   0.12500000   0.25000000
  0.12500000   0.00000000   0.25000000
  0.00000000   0.00000000   0.12500000
  0.17677670   0.17677670   0.25000000
  0.00000000   0.12500000   0.12500000
  0.12500000   0.00000000   0.12500000
  0.17677670   0.17677670   0.37500000
  0.46193977   0.19134172   0.62500000
  0.32357108   0.18954355   0.62500000
  0.46193977   0.19134172   0.75000000
  0.37500000   0.00000000   0.62500000
  0.19134172   0.46193977   0.87500000
  0.18954355   0.32357108   0.75000000
  0.35355339   0.35355339   0.87500000
  0.17677670   0.17677670   0.62500000
  0.25000000   0.00000000   0.62500000
  0.37500000   0.00000000   0.75000000
  0.46193977   0.19134172   0.87500000
  0.33541020   0.16770510   0.75000000
  0.50429205   0.36920797   0.75000000
  0.53033009   0.53033009   0.87500000
  0.53033009   0.53033009   1.00000000
  0.36920797   0.50429205   0.87500000
  0.36920797   0.50429205   1.00000000
  0.50429205   0.36920797   1.00000000
  0.50332561   0.37052440   0.87500000
  0.35355339   0.35355339   0.62500000
  0.00000000   0.25000000   0.62500000
  0.19134172   0.46193977   0.75000000
  0.00000000   0.37500000   0.75000000
  0.19134172   0.46193977   0.62500000
  0.00000000   0.37500000   0.62500000
  0.18954355   0.32357108   0.62500000
  0.50429205   0.36920797   0.62500000
  0.53033009   0.53033009   0.75000000
  0.36920797   0.50429205   0.62500000
  0.36920797   0.50429205   0.75000000
  0.98078528   0.19509032   0.87500000
  0.92387953   0.38268343   0.87500000
  0.85299207   0.19501160   0.75000000
  0.70710678   0.70710678   0.87500000
  0.83146961   0.55557023   0.87500000
  0.68257254   0.54746664   0.75000000
  0.83146961   0.55557023   0.75000000
  0.83146961   0.55557023   0.62500000
  0.78732494   0.38176490   0.62500000
  0.70710678   0.70710678   0.62500000
  0.68257254   0.54746664   0.62500000
  0.68257254   0.54746664   0.50000000
  0.72382892   0.19639677   0.62500000
  0.64714216   0.37908710   0.62500000
  0.59343623   0.19610823   0.50000000
  0.78720352   0.38201521   0.75000000
  0.00000000   1.00000000   0.87500000
  0.19509032   0.98078528   0.87500000
  0.00000000   0.87500000   0.75000000
  0.19509032   0.98078528   0.62500000
  0.00000000   1.00000000   0.62500000
  0.00000000   0.87500000   0.50000000
  0.19509032   0.98078528   0.75000000
  0.19501160   0.85299207   0.62500000
  0.00000000   0.87500000   0.62500000
  0.38268343   0.92387953   0.87500000
  0.55557023   0.83146961   0.87500000
  0.38176490   0.78732494   0.75000000
  0.19639677   0.72382892   0.62500000
  0.00000000   0.75000000   0.62500000
  0.00000000   0.62500000   0.50000000
  0.19501160   0.85299207   0.75000000
  0.55557023   0.83146961   0.50000000
  0.55557023   0.83146961   0.37500000
  0.54746664   0.68257254   0.37500000
  0.38268343   0.92387953   0.37500000
  0.38176490   0.78732494   0.37500000
  0.38176490   0.78732494   0.25000000
  0.00000000   1.00000000   0.37500000
  0.19509032   0.98078528   0.50000000
  0.00000000   0.87500000   0.37500000
  0.19509032   0.98078528   0.37500000
  0.00000000   0.87500000   0.25000000
  0.19501160   0.85299207   0.37500000
  0.19509032   0.98078528   0.25000000
  0.19509032   0.98078528   0.12500000
  0.19501160   0.85299207   0.12500000
  0.00000000   1.00000000   0.12500000
  0.00000000   0.87500000   0.12500000
  0.00000000   0.87500000   0.00000000
  0.19639677   0.72382892   0.12500000
  0.00000000   0.75000000   0.12500000
  0.00000000   0.62500000   0.00000000
  0.19639677   0.72382892   0.25000000
  0.19610823   0.59343623   0.12500000
  0.00000000   0.62500000   0.12500000
  0.19624940   0.85270814   0.25000000
  0.19134172   0.46193977   0.12500000
  0.00000000   0.50000000   0.12500000
  0.00000000   0.37500000   0.00000000
  0.19134172   0.46193977   0.25000000
  0.18954355   0.32357108   0.12500000
  0.00000000   0.37500000   0.12500000
  0.46193977   0.19134172   0.37500000
  0.35355339   0.35355339   0.37500000
  0.32357108   0.18954355   0.25000000
  0.19134172   0.46193977   0.37500000
  0.00000000   0.50000000   0.37500000
  0.00000000   0.37500000   0.25000000
  0.00000000   0.25000000   0.12500000
  0.17677670   0.17677670   0.12500000
  0.00000000   0.12500000   0.00000000
  0.18954355   0.32357108   0.25000000
  0.48733301   0.39132025   0.50000000
  0.34880446   0.51861397   0.50000000
  0.51247377   0.54760446   0.62500000
  0.17221679   0.85788483   0.50000000
  0.17231469   0.72993674   0.50000000
  0.35926823   0.79784167   0.62500000
  0.19068850   0.59519988   0.50000000
  0.54256767   0.68647310   0.75000000
  0.37295085   0.65069783   0.62500000
  0.51247377   0.54760446   0.50000000
  0.54256767   0.68647310   0.50000000
  0.55557023   0.83146961   0.62500000
  0.35926823   0.79784167   0.50000000
  0.38268343   0.92387953   0.62500000
  0.55557023   0.83146961   0.75000000
  0.54256767   0.68647310   0.62500000
  0.34880446   0.51861397   0.37500000
  0.00000000   0.62500000   0.37500000
  0.17231469   0.72993674   0.37500000
  0.00000000   0.75000000   0.37500000
  0.19068850   0.59519988   0.25000000
  0.00000000   0.62500000   0.25000000
  0.19068850   0.59519988   0.37500000
  0.50429205   0.36920797   0.37500000
  0.53033009   0.53033009   0.37500000
  0.36920797   0.50429205   0.25000000
  0.37450797   0.64980288   0.37500000
  1.00000000   0.00000000   0.87500000
  0.98078528   0.19509032   0.75000000
  0.87500000   0.00000000   0.75000000
  0.83146961   0.55557023   0.50000000
  0.92387953   0.38268343   0.62500000
  0.78732494   0.38176490   0.50000000
  0.98078528   0.19509032   0.62500000
  1.00000000   0.00000000   0.62500000
  0.87500000   0.00000000   0.62500000
  0.98078528   0.19509032   0.50000000
  0.85299207   0.19501160   0.50000000
  0.87500000   0.00000000   0.50000000
  0.75000000   0.00000000   0.62500000
  0.72382892   0.19639677   0.50000000
  0.62500000   0.00000000   0.50000000
  0.85299207   0.19501160   0.62500000
  0.19509032   0.98078528   0.00000000
  0.38268343   0.92387953   0.12500000
  0.19501160   0.85299207   0.00000000
  0.70710678   0.70710678   0.12500000
  0.55557023   0.83146961   0.00000000
  0.54746664   0.68257254   0.00000000
  0.55557023   0.83146961   0.12500000
  0.54746664   0.68257254   0.12500000
  0.38176490   0.78732494   0.00000000
  0.55557023   0.83146961   0.25000000
  0.70710678   0.70710678   0.37500000
  0.54746664   0.68257254   0.25000000
  0.37908710   0.64714216   0.12500000
  0.19639677   0.72382892   0.00000000
  0.19610823   0.59343623   0.00000000
  0.38201521   0.78720352   0.12500000
  0.98078528   0.19509032   0.37500000
  1.00000000   0.00000000   0.37500000
  0.87500000   0.00000000   0.37500000
  0.98078528   0.19509032   0.25000000
  0.85299207   0.19501160   0.25000000
  0.87500000   0.00000000   0.25000000
  0.83146961   0.55557023   0.00000000
  0.83146961   0.55557023   0.12500000
  0.68257254   0.54746664   0.00000000
  0.92387953   0.38268343   0.12500000
  0.78732494   0.38176490   0.00000000
  0.78732494   0.38176490   0.12500000
  0.98078528   0.19509032   0.12500000
  1.00000000   0.00000000   0.12500000
  0.87500000   0.00000000   0.12500000
  0.98078528   0.19509032   0.00000000
  0.85299207   0.19501160   0.00000000
  0.87500000   0.00000000   0.00000000
  0.75000000   0.00000000   0.12500000
  0.72382892   0.19639677   0.00000000
  0.62500000   0.00000000   0.00000000
  0.72382892   0.19639677   0.12500000
  0.62500000   0.00000000   0.12500000
  0.59343623   0.19610823   0.00000000
  0.85299207   0.19501160   0.12500000
  0.50000000   0.00000000   0.12500000
  0.46193977   0.19134172   0.00000000
  0.37500000   0.00000000   0.00000000
  0.46193977   0.19134172   0.12500000
  0.37500000   0.00000000   0.12500000
  0.32357108   0.18954355   0.00000000
  0.50000000   0.00000000   0.37500000
  0.46193977   0.19134172   0.25000000
  0.37500000   0.00000000   0.25000000
  0.35355339   0.35355339   0.12500000
  0.19134172   0.46193977   0.00000000
  0.18954355   0.32357108   0.00000000
  0.17677670   0.17677670   0.00000000
  0.25000000   0.00000000   0.12500000
  0.12500000   0.00000000   0.00000000
  0.32357108   0.18954355   0.12500000
  0.59343623   0.19610823   0.37500000
  0.50429205   0.36920797   0.25000000
  0.64714216   0.37908710   0.37500000
  0.68257254   0.54746664   0.12500000
  0.53033009   0.53033009   0.12500000
  0.68257254   0.54746664   0.25000000
  0.36920797   0.50429205   0.12500000
  0.68257254   0.54746664   0.37500000
  0.53033009   0.53033009   0.25000000
  0.72382892   0.19639677   0.37500000
  0.85299207   0.19501160   0.37500000
  0.92387953   0.38268343   0.37500000
  0.78732494   0.38176490   0.25000000
  0.83146961   0.55557023   0.25000000
  0.83146961   0.55557023   0.37500000
  0.78732494   0.38176490   0.37500000
  0.59343623   0.19610823   0.25000000
  0.36920797   0.50429205   0.00000000
  0.64714216   0.37908710   0.12500000
  0.53033009   0.53033009   0.00000000
  0.59343623   0.19610823   0.12500000
  0.50429205   0.36920797   0.00000000
  0.50332561   0.37052440   0.12500000
  0.62500000   0.00000000   0.37500000
  0.75000000   0.00000000   0.37500000
  0.62500000   0.00000000   0.25000000
  0.72429715   0.19466290   0.25000000
 -0.19509032   0.98078528   1.00000000
 -0.19501160   0.85299207   1.00000000
 -0.19501160   0.85299207   0.87500000
 -0.19610823   0.59343623   1.00000000
 -0.19639677   0.72382892   1.00000000
 -0.19610823   0.59343623   0.87500000
 -0.38176490   0.78732494   1.00000000
 -0.55557023   0.83146961   1.00000000
 -0.38176490   0.78732494   0.87500000
 -0.54746664   0.68257254   1.00000000
 -0.37908710   0.64714216   0.87500000
 -0.54746664   0.68257254   0.87500000
 -0.19639677   0.72382892   0.75000000
 -0.19610823   0.59343623   0.75000000
 -0.19610823   0.59343623   0.62500000
 -0.19639677   0.72382892   0.87500000
 -0.12500000   0.00000000   1.00000000
 -0.17677670   0.17677670   1.00000000
 -0.12500000   0.00000000   0.87500000
 -0.46193977   0.19134172   1.00000000
 -0.37500000   0.00000000   1.00000000
 -0.37500000   0.00000000   0.87500000
 -0.32357108   0.18954355   1.00000000
 -0.32357108   0.18954355   0.87500000
 -0.25000000   0.00000000   0.87500000
 -0.18954355   0.32357108   1.00000000
 -0.19134172   0.46193977   1.00000000
 -0.18954355   0.32357108   0.87500000
 -0.17677670   0.17677670   0.75000000
 -0.12500000   0.00000000   0.75000000
 -0.12500000   0.00000000   0.62500000
 -0.17677670   0.17677670   0.87500000
 -0.68257254   0.54746664   1.00000000
 -0.83146961   0.55557023   1.00000000
 -0.68257254   0.54746664   0.87500000
 -0.78732494   0.38176490   1.00000000
 -0.64714216   0.37908710   0.87500000
 -0.78732494   0.38176490   0.87500000
 -0.62500000   0.00000000   1.00000000
 -0.59343623   0.19610823   1.00000000
 -0.50000000   0.00000000   0.87500000
 -0.72382892   0.19639677   1.00000000
 -0.62500000   0.00000000   0.87500000
 -0.59343623   0.19610823   0.87500000
 -0.85299207   0.19501160   1.00000000
 -0.98078528   0.19509032   1.00000000
 -0.85299207   0.19501160   0.87500000
 -0.87500000   0.00000000   1.00000000
 -0.75000000   0.00000000   0.87500000
 -0.87500000   0.00000000   0.87500000
 -0.72382892   0.19639677   0.75000000
 -0.62500000   0.00000000   0.75000000
 -0.62500000   0.00000000   0.62500000
 -0.59343623   0.19610823   0.75000000
 -0.59343623   0.19610823   0.62500000
 -0.50000000   0.00000000   0.62500000
 -0.72382892   0.19639677   0.87500000
 -0.46193977   0.19134172   0.50000000
 -0.37500000   0.00000000   0.50000000
 -0.37500000   0.00000000   0.37500000
 -0.32357108   0.18954355   0.50000000
 -0.32357108   0.18954355   0.37500000
 -0.25000000   0.00000000   0.37500000
 -0.19134172   0.46193977   0.50000000
 -0.18954355   0.32357108   0.50000000
 -0.18954355   0.32357108   0.37500000
 -0.17677670   0.17677670   0.50000000
 -0.12500000   0.00000000   0.50000000
 -0.12500000   0.00000000   0.37500000
 -0.12500000   0.00000000   0.25000000
 -0.17677670   0.17677670   0.25000000
 -0.12500000   0.00000000   0.12500000
 -0.17677670   0.17677670   0.37500000
 -0.19134172   0.46193977   0.62500000
 -0.18954355   0.32357108   0.62500000
 -0.19134172   0.46193977   0.75000000
 -0.46193977   0.19134172   0.87500000
 -0.32357108   0.18954355   0.75000000
 -0.35355339   0.35355339   0.87500000
 -0.17677670   0.17677670   0.62500000
 -0.19134172   0.46193977   0.87500000
 -0.16770510   0.33541020   0.75000000
 -0.36920797   0.50429205   0.75000000
 -0.53033009   0.53033009   0.87500000
 -0.53033009   0.53033009   1.00000000
 -0.50429205   0.36920797   0.87500000
 -0.50429205   0.36920797   1.00000000
 -0.36920797   0.50429205   1.00000000
 -0.37052440   0.50332561   0.87500000
 -0.35355339   0.35355339   0.62500000
 -0.25000000   0.00000000   0.62500000
 -0.46193977   0.19134172   0.75000000
 -0.37500000   0.00000000   0.75000000
 -0.46193977   0.19134172   0.62500000
 -0.37500000   0.00000000   0.62500000
 -0.32357108   0.18954355   0.62500000
 -0.36920797   0.50429205   0.62500000
 -0.53033009   0.53033009   0.75000000
 -0.50429205   0.36920797   0.62500000
 -0.50429205   0.36920797   0.75000000
 -0.19509032   0.98078528   0.87500000
 -0.38268343   0.92387953   0.87500000
 -0.19501160   0.85299207   0.75000000
 -0.70710678   0.70710678   0.87500000
 -0.55557023   0.83146961   0.87500000
 -0.54746664   0.68257254   0.75000000
 -0.55557023   0.83146961   0.75000000
 -0.55557023   0.83146961   0.62500000
 -0.38176490   0.78732494   0.62500000
 -0.70710678   0.70710678   0.62500000
 -0.54746664   0.68257254   0.62500000
 -0.54746664   0.68257254   0.50000000
 -0.19639677   0.72382892   0.62500000
 -0.37908710   0.64714216   0.62500000
 -0.19610823   0.59343623   0.50000000
 -0.38201521   0.78720352   0.75000000
 -1.00000000   0.00000000   0.87500000
 -0.98078528   0.19509032   0.87500000
 -0.87500000   0.00000000   0.75000000
 -0.98078528   0.19509032   0.62500000
 -1.00000000   0.00000000   0.62500000
 -0.87500000   0.00000000   0.50000000
 -0.98078528   0.19509032   0.75000000
 -0.85299207   0.19501160   0.62500000
 -0.87500000   0.00000000   0.62500000
 -0.92387953   0.38268343   0.87500000
 -0.83146961   0.55557023   0.87500000
 -0.78732494   0.38176490   0.75000000
 -0.72382892   0.19639677   0.62500000
 -0.75000000   0.00000000   0.62500000
 -0.62500000   0.00000000   0.50000000
 -0.85299207   0.19501160   0.75000000
 -0.83146961   0.55557023   0.50000000
 -0.83146961   0.55557023   0.37500000
 -0.68257254   0.54746664   0.37500000
 -0.92387953   0.38268343   0.37500000
 -0.78732494   0.38176490   0.37500000
 -0.78732494   0.38176490   0.25000000
 -1.00000000   0.00000000   0.37500000
 -0.98078528   0.19509032   0.50000000
 -0.87500000   0.00000000   0.37500000
 -0.98078528   0.19509032   0.37500000
 -0.87500000   0.00000000   0.25000000
 -0.85299207   0.19501160   0.37500000
 -0.98078528   0.19509032   0.25000000
 -0.98078528   0.19509032   0.12500000
 -0.85299207   0.19501160   0.12500000
 -1.00000000   0.00000000   0.12500000
 -0.87500000   0.00000000   0.12500000
 -0.87500000   0.00000000   0.00000000
 -0.72382892   0.19639677   0.12500000
 -0.75000000   0.00000000   0.12500000
 -0.62500000   0.00000000   0.00000000
 -0.72382892   0.19639677   0.25000000
 -0.59343623   0.19610823   0.12500000
 -0.62500000   0.00000000   0.12500000
 -0.85270814   0.19624940   0.25000000
 -0.46193977   0.19134172   0.12500000
 -0.50000000   0.00000000   0.12500000
 -0.37500000   0.00000000   0.00000000
 -0.46193977   0.19134172   0.25000000
 -0.32357108   0.18954355   0.12500000
 -0.37500000   0.00000000   0.12500000
 -0.19134172   0.46193977   0.37500000
 -0.35355339   0.35355339   0.37500000
 -0.18954355   0.32357108   0.25000000
 -0.46193977   0.19134172   0.37500000
 -0.50000000   0.00000000   0.37500000
 -0.37500000   0.00000000   0.25000000
 -0.25000000   0.00000000   0.12500000
 -0.17677670   0.17677670   0.12500000
 -0.12500000   0.00000000   0.00000000
 -0.32357108   0.18954355   0.25000000
 -0.39132025   0.48733301   0.50000000
 -0.51861397   0.34880446   0.50000000
 -0.54760446   0.51247377   0.62500000
 -0.85788483   0.17221679   0.50000000
 -0.72993674   0.17231469   0.50000000
 -0.79784167   0.35926823   0.62500000
 -0.59519988   0.19068850   0.50000000
 -0.68647310   0.54256767   0.75000000
 -0.65069783   0.37295085   0.62500000
 -0.54760446   0.51247377   0.50000000
 -0.68647310   0.54256767   0.50000000
 -0.83146961   0.55557023   0.62500000
 -0.79784167   0.35926823   0.50000000
 -0.92387953   0.38268343   0.62500000
 -0.83146961   0.55557023   0.75000000
 -0.68647310   0.54256767   0.62500000
 -0.51861397   0.34880446   0.37500000
 -0.62500000   0.00000000   0.37500000
 -0.72993674   0.17231469   0.37500000
 -0.75000000   0.00000000   0.37500000
 -0.59519988   0.19068850   0.25000000
 -0.62500000   0.00000000   0.25000000
 -0.59519988   0.19068850   0.37500000
 -0.36920797   0.50429205   0.37500000
 -0.53033009   0.53033009   0.37500000
 -0.50429205   0.36920797   0.25000000
 -0.64980288   0.37450797   0.37500000
 -0.19509032   0.98078528   0.75000000
 -0.55557023   0.83146961   0.50000000
 -0.38268343   0.92387953   0.62500000
 -0.38176490   0.78732494   0.50000000
 -0.19509032   0.98078528   0.62500000
 -0.19509032   0.98078528   0.50000000
 -0.19501160   0.85299207   0.50000000
 -0.19639677   0.72382892   0.50000000
 -0.19501160   0.85299207   0.62500000
 -0.98078528   0.19509032   0.00000000
 -0.92387953   0.38268343   0.12500000
 -0.85299207   0.19501160   0.00000000
 -0.70710678   0.70710678   0.12500000
 -0.83146961   0.55557023   0.00000000
 -0.68257254   0.54746664   0.00000000
 -0.83146961   0.55557023   0.12500000
 -0.68257254   0.54746664   0.12500000
 -0.78732494   0.38176490   0.00000000
 -0.83146961   0.55557023   0.25000000
 -0.70710678   0.70710678   0.37500000
 -0.68257254   0.54746664   0.25000000
 -0.64714216   0.37908710   0.12500000
 -0.72382892   0.19639677   0.00000000
 -0.59343623   0.19610823   0.00000000
 -0.78720352   0.38201521   0.12500000
 -0.19509032   0.98078528   0.37500000
 -0.19509032   0.98078528   0.25000000
 -0.19501160   0.85299207   0.25000000
 -0.55557023   0.83146961   0.00000000
 -0.55557023   0.83146961   0.12500000
 -0.54746664   0.68257254   0.00000000
 -0.38268343   0.92387953   0.12500000
 -0.38176490   0.78732494   0.00000000
 -0.38176490   0.78732494   0.12500000
 -0.19509032   0.98078528   0.12500000
 -0.19509032   0.98078528   0.00000000
 -0.19501160   0.85299207   0.00000000
 -0.19639677   0.72382892   0.00000000
 -0.19639677   0.72382892   0.12500000
 -0.19610823   0.59343623   0.00000000
 -0.19501160   0.85299207   0.12500000
 -0.19134172   0.46193977   0.00000000
 -0.19134172   0.46193977   0.12500000
 -0.18954355   0.32357108   0.00000000
 -0.19134172   0.46193977   0.25000000
 -0.35355339   0.35355339   0.12500000
 -0.46193977   0.19134172   0.00000000
 -0.32357108   0.18954355   0.00000000
 -0.17677670   0.17677670   0.00000000
 -0.18954355   0.32357108   0.12500000
 -0.19610823   0.59343623   0.37500000
 -0.36920797   0.50429205   0.25000000
 -0.37908710   0.64714216   0.37500000
 -0.54746664   0.68257254   0.12500000
 -0.53033009   0.53033009   0.12500000
 -0.54746664   0.68257254   0.25000000
 -0.50429205   0.36920797   0.12500000
 -0.54746664   0.68257254   0.37500000
 -0.53033009   0.53033009   0.25000000
 -0.19639677   0.72382892   0.37500000
 -0.19501160   0.85299207   0.37500000
 -0.38268343   0.92387953   0.37500000
 -0.38176490   0.78732494   0.25000000
 -0.55557023   0.83146961   0.25000000
 -0.55557023   0.83146961   0.37500000
 -0.38176490   0.78732494   0.37500000
 -0.19610823   0.59343623   0.25000000
 -0.50429205   0.36920797   0.00000000
 -0.37908710   0.64714216   0.12500000
 -0.53033009   0.53033009   0.00000000
 -0.19610823   0.59343623   0.12500000
 -0.36920797   0.50429205   0.00000000
 -0.37052440   0.50332561   0.12500000
 -0.19466290   0.72429715   0.25000000
 -0.98078528  -0.19509032   1.00000000
 -0.85299207  -0.19501160   1.00000000
 -0.85299207  -0.19501160   0.87500000
 -0.59343623  -0.19610823   1.00000000
 -0.72382892  -0.19639677   1.00000000
 -0.59343623  -0.19610823   0.87500000
 -0.78732494  -0.38176490   1.00000000
 -0.83146961  -0.55557023   1.00000000
 -0.78732494  -0.38176490   0.87500000
 -0.68257254  -0.54746664   1.00000000
 -0.64714216  -0.37908710   0.87500000
 -0.68257254  -0.54746664   0.87500000
 -0.72382892  -0.19639677   0.75000000
 -0.59343623  -0.19610823   0.75000000
 -0.59343623  -0.19610823   0.62500000
 -0.72382892  -0.19639677   0.87500000
  0.00000000  -0.12500000   1.00000000
 -0.17677670  -0.17677670   1.00000000
  0.00000000  -0.12500000   0.87500000
 -0.19134172  -0.46193977   1.00000000
  0.00000000  -0.37500000   1.00000000
  0.00000000  -0.37500000   0.87500000
 -0.18954355  -0.32357108   1.00000000
 -0.18954355  -0.32357108   0.87500000
  0.00000000  -0.25000000   0.87500000
 -0.32357108  -0.18954355   1.00000000
 -0.46193977  -0.19134172   1.00000000
 -0.32357108  -0.18954355   0.87500000
 -0.17677670  -0.17677670   0.75000000
  0.00000000  -0.12500000   0.75000000
  0.00000000  -0.12500000   0.62500000
 -0.17677670  -0.17677670   0.87500000
 -0.54746664  -0.68257254   1.00000000
 -0.55557023  -0.83146961   1.00000000
 -0.54746664  -0.68257254   0.87500000
 -0.38176490  -0.78732494   1.00000000
 -0.37908710  -0.64714216   0.87500000
 -0.38176490  -0.78732494   0.87500000
  0.00000000  -0.62500000   1.00000000
 -0.19610823  -0.59343623   1.00000000
  0.00000000  -0.50000000   0.87500000
 -0.19639677  -0.72382892   1.00000000
  0.00000000  -0.62500000   0.87500000
 -0.19610823  -0.59343623   0.87500000
 -0.19501160  -0.85299207   1.00000000
 -0.19509032  -0.98078528   1.00000000
 -0.19501160  -0.85299207   0.87500000
  0.00000000  -0.87500000   1.00000000
  0.00000000  -0.75000000   0.87500000
  0.00000000  -0.87500000   0.87500000
 -0.19639677  -0.72382892   0.75000000
  0.00000000  -0.62500000   0.75000000
  0.00000000  -0.62500000   0.62500000
 -0.19610823  -0.59343623   0.75000000
 -0.19610823  -0.59343623   0.62500000
  0.00000000  -0.50000000   0.62500000
 -0.19639677  -0.72382892   0.87500000
 -0.19134172  -0.46193977   0.50000000
  0.00000000  -0.37500000   0.50000000
  0.00000000  -0.37500000   0.37500000
 -0.18954355  -0.32357108   0.50000000
 -0.18954355  -0.32357108   0.37500000
  0.00000000  -0.25000000   0.37500000
 -0.46193977  -0.19134172   0.50000000
 -0.32357108  -0.18954355   0.50000000
 -0.32357108  -0.18954355   0.37500000
 -0.17677670  -0.17677670   0.50000000
  0.00000000  -0.12500000   0.50000000
  0.00000000  -0.12500000   0.37500000
  0.00000000  -0.12500000   0.25000000
 -0.17677670  -0.17677670   0.25000000
  0.00000000  -0.12500000   0.12500000
 -0.17677670  -0.17677670   0.37500000
 -0.46193977  -0.19134172   0.62500000
 -0.32357108  -0.18954355   0.62500000
 -0.46193977  -0.19134172   0.75000000
 -0.19134172  -0.46193977   0.87500000
 -0.18954355  -0.32357108   0.75000000
 -0.35355339  -0.35355339   0.87500000
 -0.17677670  -0.17677670   0.62500000
 -0.46193977  -0.19134172   0.87500000
 -0.33541020  -0.16770510   0.75000000
 -0.50429205  -0.36920797   0.75000000
 -0.53033009  -0.53033009   0.87500000
 -0.53033009  -0.53033009   1.00000000
 -0.36920797  -0.50429205   0.87500000
 -0.36920797  -0.50429205   1.00000000
 -0.50429205  -0.36920797   1.00000000
 -0.50332561  -0.37052440   0.87500000
 -0.35355339  -0.35355339   0.62500000
  0.00000000  -0.25000000   0.62500000
 -0.19134172  -0.46193977   0.75000000
  0.00000000  -0.37500000   0.75000000
 -0.19134172  -0.46193977   0.62500000
  0.00000000  -0.37500000   0.62500000
 -0.18954355  -0.32357108   0.62500000
 -0.50429205  -0.36920797   0.62500000
 -0.53033009  -0.53033009   0.75000000
 -0.36920797  -0.50429205   0.62500000
 -0.36920797  -0.50429205   0.75000000
 -0.98078528  -0.19509032   0.87500000
 -0.92387953  -0.38268343   0.87500000
 -0.85299207  -0.19501160   0.75000000
 -0.70710678  -0.70710678   0.87500000
 -0.83146961  -0.55557023   0.87500000
 -0.68257254  -0.54746664   0.75000000
 -0.83146961  -0.55557023   0.75000000
 -0.83146961  -0.55557023   0.62500000
 -0.78732494  -0.38176490   0.62500000
 -0.70710678  -0.70710678   0.62500000
 -0.68257254  -0.54746664   0.62500000
 -0.68257254  -0.54746664   0.50000000
 -0.72382892  -0.19639677   0.62500000
 -0.64714216  -0.37908710   0.62500000
 -0.59343623  -0.19610823   0.50000000
 -0.78720352  -0.38201521   0.75000000
  0.00000000  -1.00000000   0.87500000
 -0.19509032  -0.98078528   0.87500000
  0.00000000  -0.87500000   0.75000000
 -0.19509032  -0.98078528   0.62500000
  0.00000000  -1.00000000   0.62500000
  0.00000000  -0.87500000   0.50000000
 -0.19509032  -0.98078528   0.75000000
 -0.19501160  -0.85299207   0.62500000
  0.00000000  -0.87500000   0.62500000
 -0.38268343  -0.92387953   0.87500000
 -0.55557023  -0.83146961   0.87500000
 -0.38176490  -0.78732494   0.75000000
 -0.19639677  -0.72382892   0.62500000
  0.00000000  -0.75000000   0.62500000
  0.00000000  -0.62500000   0.50000000
 -0.19501160  -0.85299207   0.75000000
 -0.55557023  -0.83146961   0.50000000
 -0.55557023  -0.83146961   0.37500000
 -0.54746664  -0.68257254   0.37500000
 -0.38268343  -0.92387953   0.37500000
 -0.38176490  -0.78732494   0.37500000
 -0.38176490  -0.78732494   0.25000000
  0.00000000  -1.00000000   0.37500000
 -0.19509032  -0.98078528   0.50000000
  0.00000000  -0.87500000   0.37500000
 -0.19509032  -0.98078528   0.37500000
  0.00000000  -0.87500000   0.25000000
 -0.19501160  -0.85299207   0.37500000
 -0.19509032  -0.98078528   0.25000000
 -0.19509032  -0.98078528   0.12500000
 -0.19501160  -0.85299207   0.12500000
  0.00000000  -1.00000000   0.12500000
  0.00000000  -0.87500000   0.12500000
  0.00000000  -0.87500000   0.00000000
 -0.19639677  -0.72382892   0.12500000
  0.00000000  -0.75000000   0.12500000
  0.00000000  -0.62500000   0.00000000
 -0.19639677  -0.72382892   0.25000000
 -0.19610823  -0.59343623   0.12500000
  0.00000000  -0.62500000   0.12500000
 -0.19624940  -0.85270814   0.25000000
 -0.19134172  -0.46193977   0.12500000
  0.00000000  -0.50000000   0.12500000
  0.00000000  -0.37500000   0.00000000
 -0.19134172  -0.46193977   0.25000000
 -0.18954355  -0.32357108   0.12500000
  0.00000000  -0.37500000   0.12500000
 -0.46193977  -0.19134172   0.37500000
 -0.35355339  -0.35355339   0.37500000
 -0.32357108  -0.18954355   0.25000000
 -0.19134172  -0.46193977   0.37500000
  0.00000000  -0.50000000   0.37500000
  0.00000000  -0.37500000   0.25000000
  0.00000000  -0.25000000   0.12500000
 -0.17677670  -0.17677670   0.12500000
  0.00000000  -0.12500000   0.00000000
 -0.18954355  -0.32357108   0.25000000
 -0.48733301  -0.39132025   0.50000000
 -0.34880446  -0.51861397   0.50000000
 -0.51247377  -0.54760446   0.62500000
 -0.17221679  -0.85788483   0.50000000
 -0.17231469  -0.72993674   0.50000000
 -0.35926823  -0.79784167   0.62500000
 -0.19068850  -0.59519988   0.50000000
 -0.54256767  -0.68647310   0.75000000
 -0.37295085  -0.65069783   0.62500000
 -0.51247377  -0.54760446   0.50000000
 -0.54256767  -0.68647310   0.50000000
 -0.55557023  -0.83146961   0.62500000
 -0.35926823  -0.79784167   0.50000000
 -0.38268343  -0.92387953   0.62500000
 -0.55557023  -0.83146961   0.75000000
 -0.54256767  -0.68647310   0.62500000
 -0.34880446  -0.51861397   0.37500000
  0.00000000  -0.62500000   0.37500000
 -0.17231469  -0.72993674   0.37500000
  0.00000000  -0.75000000   0.37500000
 -0.19068850  -0.59519988   0.25000000
  0.00000000  -0.62500000   0.25000000
 -0.19068850  -0.59519988   0.37500000
 -0.50429205  -0.36920797   0.37500000
 -0.53033009  -0.53033009   0.37500000
 -0.36920797  -0.50429205   0.25000000
 -0.37450797  -0.64980288   0.37500000
 -0.98078528  -0.19509032   0.75000000
 -0.83146961  -0.55557023   0.50000000
 -0.92387953  -0.38268343   0.62500000
 -0.78732494  -0.38176490   0.50000000
 -0.98078528  -0.19509032   0.62500000
 -0.98078528  -0.19509032   0.50000000
 -0.85299207  -0.19501160   0.50000000
 -0.72382892  -0.19639677   0.50000000
 -0.85299207  -0.19501160   0.62500000
 -0.19509032  -0.98078528   0.00000000
 -0.38268343  -0.92387953   0.12500000
 -0.19501160  -0.85299207   0.00000000
 -0.70710678  -0.70710678   0.12500000
 -0.55557023  -0.83146961   0.00000000
 -0.54746664  -0.68257254   0.00000000
 -0.55557023  -0.83146961   0.12500000
 -0.54746664  -0.68257254   0.12500000
 -0.38176490  -0.78732494   0.00000000
 -0.55557023  -0.83146961   0.25000000
 -0.70710678  -0.70710678   0.37500000
 -0.54746664  -0.68257254   0.25000000
 -0.37908710  -0.64714216   0.12500000
 -0.19639677  -0.72382892   0.00000000
 -0.19610823  -0.59343623   0.00000000
 -0.38201521  -0.78720352   0.12500000
 -0.98078528  -0.19509032   0.37500000
 -0.98078528  -0.19509032   0.25000000
 -0.85299207  -0.19501160   0.25000000
 -0.83146961  -0.55557023   0.00000000
 -0.83146961  -0.55557023   0.12500000
 -0.68257254  -0.54746664   0.00000000
 -0.92387953  -0.38268343   0.12500000
 -0.78732494  -0.38176490   0.00000000
 -0.78732494  -0.38176490   0.12500000
 -0.98078528  -0.19509032   0.12500000
 -0.98078528  -0.19509032   0.00000000
 -0.85299207  -0.19501160   0.00000000
 -0.72382892  -0.19639677   0.00000000
 -0.72382892  -0.19639677   0.12500000
 -0.59343623  -0.19610823   0.00000000
 -0.85299207  -0.19501160   0.12500000
 -0.46193977  -0.19134172   0.00000000
 -0.46193977  -0.19134172   0.12500000
 -0.32357108  -0.18954355   0.00000000
 -0.46193977  -0.19134172   0.25000000
 -0.35355339  -0.35355339   0.12500000
 -0.19134172  -0.46193977   0.00000000
 -0.18954355  -0.32357108   0.00000000
 -0.17677670  -0.17677670   0.00000000
 -0.32357108  -0.18954355   0.12500000
 -0.59343623  -0.19610823   0.37500000
 -0.50429205  -0.36920797   0.25000000
 -0.64714216  -0.37908710   0.37500000
 -0.68257254  -0.54746664   0.12500000
 -0.53033009  -0.53033009   0.12500000
 -0.68257254  -0.54746664   0.25000000
 -0.36920797  -0.50429205   0.12500000
 -0.68257254  -0.54746664   0.37500000
 -0.53033009  -0.53033009   0.25000000
 -0.72382892  -0.19639677   0.37500000
 -0.85299207  -0.19501160   0.37500000
 -0.92387953  -0.38268343   0.37500000
 -0.78732494  -0.38176490   0.25000000
 -0.83146961  -0.55557023   0.25000000
 -0.83146961  -0.55557023   0.37500000
 -0.78732494  -0.38176490   0.37500000
 -0.59343623  -0.19610823   0.25000000
 -0.36920797  -0.50429205   0.00000000
 -0.64714216  -0.37908710   0.12500000
 -0.53033009  -0.53033009   0.00000000
 -0.59343623  -0.19610823   0.12500000
 -0.50429205  -0.36920797   0.00000000
 -0.50332561  -0.37052440   0.12500000
 -0.72429715  -0.19466290   0.25000000
  0.19509032  -0.98078528   1.00000000
  0.19501160  -0.85299207   1.00000000
  0.19501160  -0.85299207   0.87500000
  0.19610823  -0.59343623   1.00000000
  0.19639677  -0.72382892   1.00000000
  0.19610823  -0.59343623   0.87500000
  0.38176490  -0.78732494   1.00000000
  0.55557023  -0.83146961   1.00000000
  0.38176490  -0.78732494   0.87500000
  0.54746664  -0.68257254   1.00000000
  0.37908710  -0.64714216   0.87500000
  0.54746664  -0.68257254   0.87500000
  0.19639677  -0.72382892   0.75000000
  0.19610823  -0.59343623   0.75000000
  0.19610823  -0.59343623   0.62500000
  0.19639677  -0.72382892   0.87500000
  0.17677670  -0.17677670   1.00000000
  0.46193977  -0.19134172   1.00000000
  0.32357108  -0.18954355   1.00000000
  0.32357108  -0.18954355   0.87500000
  0.18954355  -0.32357108   1.00000000
  0.19134172  -0.46193977   1.00000000
  0.18954355  -0.32357108   0.87500000
  0.17677670  -0.17677670   0.75000000
  0.17677670  -0.17677670   0.87500000
  0.68257254  -0.54746664   1.00000000
  0.83146961  -0.55557023   1.00000000
  0.68257254  -0.54746664   0.87500000
  0.78732494  -0.38176490   1.00000000
  0.64714216  -0.37908710   0.87500000
  0.78732494  -0.38176490   0.87500000
  0.59343623  -0.19610823   1.00000000
  0.72382892  -0.19639677   1.00000000
  0.59343623  -0.19610823   0.87500000
  0.85299207  -0.19501160   1.00000000
  0.98078528  -0.19509032   1.00000000
  0.85299207  -0.19501160   0.87500000
  0.72382892  -0.19639677   0.75000000
  0.59343623  -0.19610823   0.75000000
  0.59343623  -0.19610823   0.62500000
  0.72382892  -0.19639677   0.87500000
  0.46193977  -0.19134172   0.50000000
  0.32357108  -0.18954355   0.50000000
  0.32357108  -0.18954355   0.37500000
  0.19134172  -0.46193977   0.50000000
  0.18954355  -0.32357108   0.50000000
  0.18954355  -0.32357108   0.37500000
  0.17677670  -0.17677670   0.50000000
  0.17677670  -0.17677670   0.25000000
  0.17677670  -0.17677670   0.37500000
  0.19134172  -0.46193977   0.62500000
  0.18954355  -0.32357108   0.62500000
  0.19134172  -0.46193977   0.75000000
  0.46193977  -0.19134172   0.87500000
  0.32357108  -0.18954355   0.75000000
  0.35355339  -0.35355339   0.87500000
  0.17677670  -0.17677670   0.62500000
  0.19134172  -0.46193977   0.87500000
  0.16770510  -0.33541020   0.75000000
  0.36920797  -0.50429205   0.75000000
  0.53033009  -0.53033009   0.87500000
  0.53033009  -0.53033009   1.00000000
  0.50429205  -0.36920797   0.87500000
  0.50429205  -0.36920797   1.00000000
  0.36920797  -0.50429205   1.00000000
  0.37052440  -0.50332561   0.87500000
  0.35355339  -0.35355339   0.62500000
  0.46193977  -0.19134172   0.75000000
  0.46193977  -0.19134172   0.62500000
  0.32357108  -0.18954355   0.62500000
  0.36920797  -0.50429205   0.62500000
  0.53033009  -0.53033009   0.75000000
  0.50429205  -0.36920797   0.62500000
  0.50429205  -0.36920797   0.75000000
  0.19509032  -0.98078528   0.87500000
  0.38268343  -0.92387953   0.87500000
  0.19501160  -0.85299207   0.75000000
  0.70710678  -0.70710678   0.87500000
  0.55557023  -0.83146961   0.87500000
  0.54746664  -0.68257254   0.75000000
  0.55557023  -0.83146961   0.75000000
  0.55557023  -0.83146961   0.62500000
  0.38176490  -0.78732494   0.62500000
  0.70710678  -0.70710678   0.62500000
  0.54746664  -0.68257254   0.62500000
  0.54746664  -0.68257254   0.50000000
  0.19639677  -0.72382892   0.62500000
  0.37908710  -0.64714216   0.62500000
  0.19610823  -0.59343623   0.50000000
  0.38201521  -0.78720352   0.75000000
  0.98078528  -0.19509032   0.87500000
  0.98078528  -0.19509032   0.62500000
  0.98078528  -0.19509032   0.75000000
  0.85299207  -0.19501160   0.62500000
  0.92387953  -0.38268343   0.87500000
  0.83146961  -0.55557023   0.87500000
  0.78732494  -0.38176490   0.75000000
  0.72382892  -0.19639677   0.62500000
  0.85299207  -0.19501160   0.75000000
  0.83146961  -0.55557023   0.50000000
  0.83146961  -0.55557023   0.37500000
  0.68257254  -0.54746664   0.37500000
  0.92387953  -0.38268343   0.37500000
  0.78732494  -0.38176490   0.37500000
  0.78732494  -0.38176490   0.25000000
  0.98078528  -0.19509032   0.50000000
  0.98078528  -0.19509032   0.37500000
  0.85299207  -0.19501160   0.37500000
  0.98078528  -0.19509032   0.25000000
  0.98078528  -0.19509032   0.12500000
  0.85299207  -0.19501160   0.12500000
  0.72382892  -0.19639677   0.12500000
  0.72382892  -0.19639677   0.25000000
  0.59343623  -0.19610823   0.12500000
  0.85270814  -0.19624940   0.25000000
  0.46193977  -0.19134172   0.12500000
  0.46193977  -0.19134172   0.25000000
  0.32357108  -0.18954355   0.12500000
  0.19134172  -0.46193977   0.37500000
  0.35355339  -0.35355339   0.37500000
  0.18954355  -0.32357108   0.25000000
  0.46193977  -0.19134172   0.37500000
  0.17677670  -0.17677670   0.12500000
  0.32357108  -0.18954355   0.25000000
  0.39132025  -0.48733301   0.50000000
  0.51861397  -0.34880446   0.50000000
  0.54760446  -0.51247377   0.62500000
  0.85788483  -0.17221679   0.50000000
  0.72993674  -0.17231469   0.50000000
  0.79784167  -0.35926823   0.62500000
  0.59519988  -0.19068850   0.50000000
  0.68647310  -0.54256767   0.75000000
  0.65069783  -0.37295085   0.62500000
  0.54760446  -0.51247377   0.50000000
  0.68647310  -0.54256767   0.50000000
  0.83146961  -0.55557023   0.62500000
  0.79784167  -0.35926823   0.50000000
  0.92387953  -0.38268343   0.62500000
  0.83146961  -0.55557023   0.75000000
  0.68647310  -0.54256767   0.62500000
  0.51861397  -0.34880446   0.37500000
  0.72993674  -0.17231469   0.37500000
  0.59519988  -0.19068850   0.25000000
  0.59519988  -0.19068850   0.37500000
  0.36920797  -0.50429205   0.37500000
  0.53033009  -0.53033009   0.37500000
  0.50429205  -0.36920797   0.25000000
  0.64980288  -0.37450797   0.37500000
  0.19509032  -0.98078528   0.75000000
  0.55557023  -0.83146961   0.50000000
  0.38268343  -0.92387953   0.62500000
  0.38176490  -0.78732494   0.50000000
  0.19509032  -0.98078528   0.62500000
  0.19509032  -0.98078528   0.50000000
  0.19501160  -0.85299207   0.50000000
  0.19639677  -0.72382892   0.50000000
  0.19501160  -0.85299207   0.62500000
  0.98078528  -0.19509032   0.00000000
  0.92387953  -0.38268343   0.12500000
  0.85299207  -0.19501160   0.00000000
  0.70710678  -0.70710678   0.12500000
  0.83146961  -0.55557023   0.00000000
  0.68257254  -0.54746664   0.00000000
  0.83146961  -0.55557023   0.12500000
  0.68257254  -0.54746664   0.12500000
  0.78732494  -0.38176490   0.00000000
  0.83146961  -0.55557023   0.25000000
  0.70710678  -0.70710678   0.37500000
  0.68257254  -0.54746664   0.25000000
  0.64714216  -0.37908710   0.12500000
  0.72382892  -0.19639677   0.00000000
  0.59343623  -0.19610823   0.00000000
  0.78720352  -0.38201521   0.12500000
  0.19509032  -0.98078528   0.37500000
  0.19509032  -0.98078528   0.25000000
  0.19501160  -0.85299207   0.25000000
  0.55557023  -0.83146961   0.00000000
  0.55557023  -0.83146961   0.12500000
  0.54746664  -0.68257254   0.00000000
  0.38268343  -0.92387953   0.12500000
  0.38176490  -0.78732494   0.00000000
  0.38176490  -0.78732494   0.12500000
  0.19509032  -0.98078528   0.12500000
  0.19509032  -0.98078528   0.00000000
  0.19501160  -0.85299207   0.00000000
  0.19639677  -0.72382892   0.00000000
  0.19639677  -0.72382892   0.12500000
  0.19610823  -0.59343623   0.00000000
  0.19501160  -0.85299207   0.12500000
  0.19134172  -0.46193977   0.00000000
  0.19134172  -0.46193977   0.12500000
  0.18954355  -0.32357108   0.00000000
  0.19134172  -0.46193977   0.25000000
  0.35355339  -0.35355339   0.12500000
  0.46193977  -0.19134172   0.00000000
  0.32357108  -0.18954355   0.00000000
  0.17677670  -0.17677670   0.00000000
  0.18954355  -0.32357108   0.12500000
  0.19610823  -0.59343623   0.37500000
  0.36920797  -0.50429205   0.25000000
  0.37908710  -0.64714216   0.37500000
  0.54746664  -0.68257254   0.12500000
  0.53033009  -0.53033009   0.12500000
  0.54746664  -0.68257254   0.25000000
  0.50429205  -0.36920797   0.12500000
  0.54746664  -0.68257254   0.37500000
  0.53033009  -0.53033009   0.25000000
  0.19639677  -0.72382892   0.37500000
  0.19501160  -0.85299207   0.37500000
  0.38268343  -0.92387953   0.37500000
  0.38176490  -0.78732494   0.25000000
  0.55557023  -0.83146961   0.25000000
  0.55557023  -0.83146961   0.37500000
  0.38176490  -0.78732494   0.37500000
  0.19610823  -0.59343623   0.25000000
  0.50429205  -0.36920797   0.00000000
  0.37908710  -0.64714216   0.12500000
  0.53033009  -0.53033009   0.00000000
  0.19610823  -0.59343623   0.12500000
  0.36920797  -0.50429205   0.00000000
  0.37052440  -0.50332561   0.12500000
  0.19466290  -0.72429715   0.25000000
  0.87500000   0.00000000  -0.12500000
  0.75000000   0.00000000  -0.12500000
  0.85299207   0.19501160  -0.12500000
  0.50000000   0.00000000  -0.12500000
  0.59343623   0.19610823  -0.12500000
  0.62500000   0.00000000  -0.12500000
  0.78732494   0.38176490  -0.12500000
  0.64714216   0.37908710  -0.12500000
  0.68257254   0.54746664  -0.12500000
  0.72382892   0.19639677  -0.25000000
  0.59343623   0.19610823  -0.25000000
  0.59343623   0.19610823  -0.37500000
  0.62500000   0.00000000  -0.25000000
  0.62500000   0.00000000  -0.37500000
  0.50000000   0.00000000  -0.37500000
  0.72382892   0.19639677  -0.12500000
  0.00000000   0.00000000  -0.12500000
  0.00000000   0.12500000  -0.12500000
  0.12500000   0.00000000  -0.12500000
  0.00000000   0.37500000  -0.12500000
  0.18954355   0.32357108  -0.12500000
  0.00000000   0.25000000  -0.12500000
  0.25000000   0.00000000  -0.12500000
  0.32357108   0.18954355  -0.12500000
  0.37500000   0.00000000  -0.12500000
  0.12500000   0.00000000  -0.25000000
  0.17677670   0.17677670  -0.25000000
  0.12500000   0.00000000  -0.37500000
  0.00000000   0.12500000  -0.25000000
  0.00000000   0.00000000  -0.37500000
  0.00000000   0.12500000  -0.37500000
  0.17677670   0.17677670  -0.12500000
  0.54746664   0.68257254  -0.12500000
  0.37908710   0.64714216  -0.12500000
  0.38176490   0.78732494  -0.12500000
  0.00000000   0.50000000  -0.12500000
  0.00000000   0.62500000  -0.12500000
  0.19610823   0.59343623  -0.12500000
  0.19501160   0.85299207  -0.12500000
  0.00000000   0.75000000  -0.12500000
  0.00000000   0.87500000  -0.12500000
  0.19639677   0.72382892  -0.25000000
  0.00000000   0.62500000  -0.25000000
  0.00000000   0.62500000  -0.37500000
  0.19610823   0.59343623  -0.25000000
  0.19610823   0.59343623  -0.37500000
  0.00000000   0.50000000  -0.37500000
  0.19639677   0.72382892  -0.12500000
  0.19134172   0.46193977  -0.50000000
  0.00000000   0.37500000  -0.50000000
  0.00000000   0.37500000  -0.62500000
  0.18954355   0.32357108  -0.50000000
  0.18954355   0.32357108  -0.62500000
  0.00000000   0.25000000  -0.62500000
  0.37500000   0.00000000  -0.50000000
  0.46193977   0.19134172  -0.50000000
  0.37500000   0.00000000  -0.62500000
  0.32357108   0.18954355  -0.50000000
  0.25000000   0.00000000  -0.62500000
  0.32357108   0.18954355  -0.62500000
  0.17677670   0.17677670  -0.50000000
  0.00000000   0.12500000  -0.50000000
  0.00000000   0.12500000  -0.62500000
  0.12500000   0.00000000  -0.50000000
  0.12500000   0.00000000  -0.62500000
  0.00000000   0.00000000  -0.62500000
  0.00000000   0.12500000  -0.75000000
  0.12500000   0.00000000  -0.75000000
  0.00000000   0.00000000  -0.87500000
  0.17677670   0.17677670  -0.75000000
  0.00000000   0.12500000  -0.87500000
  0.12500000   0.00000000  -0.87500000
  0.17677670   0.17677670  -0.62500000
  0.46193977   0.19134172  -0.37500000
  0.32357108   0.18954355  -0.37500000
  0.46193977   0.19134172  -0.25000000
  0.37500000   0.00000000  -0.37500000
  0.19134172   0.46193977  -0.12500000
  0.18954355   0.32357108  -0.25000000
  0.35355339   0.35355339  -0.12500000
  0.17677670   0.17677670  -0.37500000
  0.25000000   0.00000000  -0.37500000
  0.37500000   0.00000000  -0.25000000
  0.46193977   0.19134172  -0.12500000
  0.33541020   0.16770510  -0.25000000
  0.50429205   0.36920797  -0.25000000
  0.53033009   0.53033009  -0.12500000
  0.36920797   0.50429205  -0.12500000
  0.50332561   0.37052440  -0.12500000
  0.35355339   0.35355339  -0.37500000
  0.00000000   0.25000000  -0.37500000
  0.19134172   0.46193977  -0.25000000
  0.00000000   0.37500000  -0.25000000
  0.19134172   0.46193977  -0.37500000
  0.00000000   0.37500000  -0.37500000
  0.18954355   0.32357108  -0.37500000
  0.50429205   0.36920797  -0.37500000
  0.53033009   0.53033009  -0.25000000
  0.36920797   0.50429205  -0.37500000
  0.36920797   0.50429205  -0.25000000
  0.98078528   0.19509032  -0.12500000
  0.92387953   0.38268343  -0.12500000
  0.85299207   0.19501160  -0.25000000
  0.70710678   0.70710678  -0.12500000
  0.83146961   0.55557023  -0.12500000
  0.68257254   0.54746664  -0.25000000
  0.83146961   0.55557023  -0.25000000
  0.83146961   0.55557023  -0.37500000
  0.78732494   0.38176490  -0.37500000
  0.70710678   0.70710678  -0.37500000
  0.68257254   0.54746664  -0.37500000
  0.68257254   0.54746664  -0.50000000
  0.72382892   0.19639677  -0.37500000
  0.64714216   0.37908710  -0.37500000
  0.59343623   0.19610823  -0.50000000
  0.78720352   0.38201521  -0.25000000
  0.00000000   1.00000000  -0.12500000
  0.19509032   0.98078528  -0.12500000
  0.00000000   0.87500000  -0.25000000
  0.19509032   0.98078528  -0.37500000
  0.00000000   1.00000000  -0.37500000
  0.00000000   0.87500000  -0.50000000
  0.19509032   0.98078528  -0.25000000
  0.19501160   0.85299207  -0.37500000
  0.00000000   0.87500000  -0.37500000
  0.38268343   0.92387953  -0.12500000
  0.55557023   0.83146961  -0.12500000
  0.38176490   0.78732494  -0.25000000
  0.19639677   0.72382892  -0.37500000
  0.00000000   0.75000000  -0.37500000
  0.00000000   0.62500000  -0.50000000
  0.19501160   0.85299207  -0.25000000
  0.55557023   0.83146961  -0.50000000
  0.55557023   0.83146961  -0.62500000
  0.54746664   0.68257254  -0.62500000
  0.38268343   0.92387953  -0.62500000
  0.38176490   0.78732494  -0.62500000
  0.38176490   0.78732494  -0.75000000
  0.00000000   1.00000000  -0.62500000
  0.19509032   0.98078528  -0.50000000
  0.00000000   0.87500000  -0.62500000
  0.19509032   0.98078528  -0.62500000
  0.00000000   0.87500000  -0.75000000
  0.19501160   0.85299207  -0.62500000
  0.19509032   0.98078528  -0.75000000
  0.19509032   0.98078528  -0.87500000
  0.19501160   0.85299207  -0.87500000
  0.00000000   1.00000000  -0.87500000
  0.00000000   0.87500000  -0.87500000
  0.00000000   0.87500000  -1.00000000
  0.19639677   0.72382892  -0.87500000
  0.00000000   0.75000000  -0.87500000
  0.00000000   0.62500000  -1.00000000
  0.19639677   0.72382892  -0.75000000
  0.19610823   0.59343623  -0.87500000
  0.00000000   0.62500000  -0.87500000
  0.19624940   0.85270814  -0.75000000
  0.19134172   0.46193977  -0.87500000
  0.00000000   0.50000000  -0.87500000
  0.00000000   0.37500000  -1.00000000
  0.19134172   0.46193977  -0.75000000
  0.18954355   0.32357108  -0.87500000
  0.00000000   0.37500000  -0.87500000
  0.46193977   0.19134172  -0.62500000
  0.35355339   0.35355339  -0.62500000
  0.32357108   0.18954355  -0.75000000
  0.19134172   0.46193977  -0.62500000
  0.00000000   0.50000000  -0.62500000
  0.00000000   0.37500000  -0.75000000
  0.00000000   0.25000000  -0.87500000
  0.17677670   0.17677670  -0.87500000
  0.00000000   0.12500000  -1.00000000
  0.18954355   0.32357108  -0.75000000
  0.48733301   0.39132025  -0.50000000
  0.34880446   0.51861397  -0.50000000
  0.51247377   0.54760446  -0.37500000
  0.17221679   0.85788483  -0.50000000
  0.17231469   0.72993674  -0.50000000
  0.35926823   0.79784167  -0.37500000
  0.19068850   0.59519988  -0.50000000
  0.54256767   0.68647310  -0.25000000
  0.37295085   0.65069783  -0.37500000
  0.51247377   0.54760446  -0.50000000
  0.54256767   0.68647310  -0.50000000
  0.55557023   0.83146961  -0.37500000
  0.35926823   0.79784167  -0.50000000
  0.38268343   0.92387953  -0.37500000
  0.55557023   0.83146961  -0.25000000
  0.54256767   0.68647310  -0.37500000
  0.34880446   0.51861397  -0.62500000
  0.00000000   0.62500000  -0.62500000
  0.17231469   0.72993674  -0.62500000
  0.00000000   0.75000000  -0.62500000
  0.19068850   0.59519988  -0.75000000
  0.00000000   0.62500000  -0.75000000
  0.19068850   0.59519988  -0.62500000
  0.50429205   0.36920797  -0.62500000
  0.53033009   0.53033009  -0.62500000
  0.36920797   0.50429205  -0.75000000
  0.37450797   0.64980288  -0.62500000
  1.00000000   0.00000000  -0.12500000
  0.98078528   0.19509032  -0.25000000
  0.87500000   0.00000000  -0.25000000
  0.83146961   0.55557023  -0.50000000
  0.92387953   0.38268343  -0.37500000
  0.78732494   0.38176490  -0.50000000
  0.98078528   0.19509032  -0.37500000
  1.00000000   0.00000000  -0.37500000
  0.87500000   0.00000000  -0.37500000
  0.98078528   0.19509032  -0.50000000
  0.85299207   0.19501160  -0.50000000
  0.87500000   0.00000000  -0.50000000
  0.75000000   0.00000000  -0.37500000
  0.72382892   0.19639677  -0.50000000
  0.62500000   0.00000000  -0.50000000
  0.85299207   0.19501160  -0.37500000
  0.19509032   0.98078528  -1.00000000
  0.38268343   0.92387953  -0.87500000
  0.19501160   0.85299207  -1.00000000
  0.70710678   0.70710678  -0.87500000
  0.55557023   0.83146961  -1.00000000
  0.54746664   0.68257254  -1.00000000
  0.55557023   0.83146961  -0.87500000
  0.54746664   0.68257254  -0.87500000
  0.38176490   0.78732494  -1.00000000
  0.55557023   0.83146961  -0.75000000
  0.70710678   0.70710678  -0.62500000
  0.54746664   0.68257254  -0.75000000
  0.37908710   0.64714216  -0.87500000
  0.19639677   0.72382892  -1.00000000
  0.19610823   0.59343623  -1.00000000
  0.38201521   0.78720352  -0.87500000
  0.98078528   0.19509032  -0.62500000
  1.00000000   0.00000000  -0.62500000
  0.87500000   0.00000000  -0.62500000
  0.98078528   0.19509032  -0.75000000
  0.85299207   0.19501160  -0.75000000
  0.87500000   0.00000000  -0.75000000
  0.83146961   0.55557023  -1.00000000
  0.83146961   0.55557023  -0.87500000
  0.68257254   0.54746664  -1.00000000
  0.92387953   0.38268343  -0.87500000
  0.78732494   0.38176490  -1.00000000
  0.78732494   0.38176490  -0.87500000
  0.98078528   0.19509032  -0.87500000
  1.00000000   0.00000000  -0.87500000
  0.87500000   0.00000000  -0.87500000
  0.98078528   0.19509032  -1.00000000
  0.85299207   0.19501160  -1.00000000
  0.87500000   0.00000000  -1.00000000
  0.75000000   0.00000000  -0.87500000
  0.72382892   0.19639677  -1.00000000
  0.62500000   0.00000000  -1.00000000
  0.72382892   0.19639677  -0.87500000
  0.62500000   0.00000000  -0.87500000
  0.59343623   0.19610823  -1.00000000
  0.85299207   0.19501160  -0.87500000
  0.50000000   0.00000000  -0.87500000
  0.46193977   0.19134172  -1.00000000
  0.37500000   0.00000000  -1.00000000
  0.46193977   0.19134172  -0.87500000
  0.37500000   0.00000000  -0.87500000
  0.32357108   0.18954355  -1.00000000
  0.50000000   0.00000000  -0.62500000
  0.46193977   0.19134172  -0.75000000
  0.37500000   0.00000000  -0.75000000
  0.35355339   0.35355339  -0.87500000
  0.19134172   0.46193977  -1.00000000
  0.18954355   0.32357108  -1.00000000
  0.17677670   0.17677670  -1.00000000
  0.25000000   0.00000000  -0.87500000
  0.12500000   0.00000000  -1.00000000
  0.32357108   0.18954355  -0.87500000
  0.59343623   0.19610823  -0.62500000
  0.50429205   0.36920797  -0.75000000
  0.64714216   0.37908710  -0.62500000
  0.68257254   0.54746664  -0.87500000
  0.53033009   0.53033009  -0.87500000
  0.68257254   0.54746664  -0.75000000
  0.36920797   0.50429205  -0.87500000
  0.68257254   0.54746664  -0.62500000
  0.53033009   0.53033009  -0.75000000
  0.72382892   0.19639677  -0.62500000
  0.85299207   0.19501160  -0.62500000
  0.92387953   0.38268343  -0.62500000
  0.78732494   0.38176490  -0.75000000
  0.83146961   0.55557023  -0.75000000
  0.83146961   0.55557023  -0.62500000
  0.78732494   0.38176490  -0.62500000
  0.59343623   0.19610823  -0.75000000
  0.36920797   0.50429205  -1.00000000
  0.64714216   0.37908710  -0.87500000
  0.53033009   0.53033009  -1.00000000
  0.59343623   0.19610823  -0.87500000
  0.50429205   0.36920797  -1.00000000
  0.50332561   0.37052440  -0.87500000
  0.62500000   0.00000000  -0.62500000
  0.75000000   0.00000000  -0.62500000
  0.62500000   0.00000000  -0.75000000
  0.72429715   0.19466290  -0.75000000
 -0.19501160   0.85299207  -0.12500000
 -0.19610823   0.59343623  -0.12500000
 -0.38176490   0.78732494  -0.12500000
 -0.37908710   0.64714216  -0.12500000
 -0.54746664   0.68257254  -0.12500000
 -0.19639677   0.72382892  -0.25000000
 -0.19610823   0.59343623  -0.25000000
 -0.19610823   0.59343623  -0.37500000
 -0.19639677   0.72382892  -0.12500000
 -0.12500000   0.00000000  -0.12500000
 -0.37500000   0.00000000  -0.12500000
 -0.32357108   0.18954355  -0.12500000
 -0.25000000   0.00000000  -0.12500000
 -0.18954355   0.32357108  -0.12500000
 -0.17677670   0.17677670  -0.25000000
 -0.12500000   0.00000000  -0.25000000
 -0.12500000   0.00000000  -0.37500000
 -0.17677670   0.17677670  -0.12500000
 -0.68257254   0.54746664  -0.12500000
 -0.64714216   0.37908710  -0.12500000
 -0.78732494   0.38176490  -0.12500000
 -0.50000000   0.00000000  -0.12500000
 -0.62500000   0.00000000  -0.12500000
 -0.59343623   0.19610823  -0.12500000
 -0.85299207   0.19501160  -0.12500000
 -0.75000000   0.00000000  -0.12500000
 -0.87500000   0.00000000  -0.12500000
 -0.72382892   0.19639677  -0.25000000
 -0.62500000   0.00000000  -0.25000000
 -0.62500000   0.00000000  -0.37500000
 -0.59343623   0.19610823  -0.25000000
 -0.59343623   0.19610823  -0.37500000
 -0.50000000   0.00000000  -0.37500000
 -0.72382892   0.19639677  -0.12500000
 -0.46193977   0.19134172  -0.50000000
 -0.37500000   0.00000000  -0.50000000
 -0.37500000   0.00000000  -0.62500000
 -0.32357108   0.18954355  -0.50000000
 -0.32357108   0.18954355  -0.62500000
 -0.25000000   0.00000000  -0.62500000
 -0.19134172   0.46193977  -0.50000000
 -0.18954355   0.32357108  -0.50000000
 -0.18954355   0.32357108  -0.62500000
 -0.17677670   0.17677670  -0.50000000
 -0.12500000   0.00000000  -0.50000000
 -0.12500000   0.00000000  -0.62500000
 -0.12500000   0.00000000  -0.75000000
 -0.17677670   0.17677670  -0.75000000
 -0.12500000   0.00000000  -0.87500000
 -0.17677670   0.17677670  -0.62500000
 -0.19134172   0.46193977  -0.37500000
 -0.18954355   0.32357108  -0.37500000
 -0.19134172   0.46193977  -0.25000000
 -0.46193977   0.19134172  -0.12500000
 -0.32357108   0.18954355  -0.25000000
 -0.35355339   0.35355339  -0.12500000
 -0.17677670   0.17677670  -0.37500000
 -0.19134172   0.46193977  -0.12500000
 -0.16770510   0.33541020  -0.25000000
 -0.36920797   0.50429205  -0.25000000
 -0.53033009   0.53033009  -0.12500000
 -0.50429205   0.36920797  -0.12500000
 -0.37052440   0.50332561  -0.12500000
 -0.35355339   0.35355339  -0.37500000
 -0.25000000   0.00000000  -0.37500000
 -0.46193977   0.19134172  -0.25000000
 -0.37500000   0.00000000  -0.25000000
 -0.46193977   0.19134172  -0.37500000
 -0.37500000   0.00000000  -0.37500000
 -0.32357108   0.18954355  -0.37500000
 -0.36920797   0.50429205  -0.37500000
 -0.53033009   0.53033009  -0.25000000
 -0.50429205   0.36920797  -0.37500000
 -0.50429205   0.36920797  -0.25000000
 -0.19509032   0.98078528  -0.12500000
 -0.38268343   0.92387953  -0.12500000
 -0.19501160   0.85299207  -0.25000000
 -0.70710678   0.70710678  -0.12500000
 -0.55557023   0.83146961  -0.12500000
 -0.54746664   0.68257254  -0.25000000
 -0.55557023   0.83146961  -0.25000000
 -0.55557023   0.83146961  -0.37500000
 -0.38176490   0.78732494  -0.37500000
 -0.70710678   0.70710678  -0.37500000
 -0.54746664   0.68257254  -0.37500000
 -0.54746664   0.68257254  -0.50000000
 -0.19639677   0.72382892  -0.37500000
 -0.37908710   0.64714216  -0.37500000
 -0.19610823   0.59343623  -0.50000000
 -0.38201521   0.78720352  -0.25000000
 -1.00000000   0.00000000  -0.12500000
 -0.98078528   0.19509032  -0.12500000
 -0.87500000   0.00000000  -0.25000000
 -0.98078528   0.19509032  -0.37500000
 -1.00000000   0.00000000  -0.37500000
 -0.87500000   0.00000000  -0.50000000
 -0.98078528   0.19509032  -0.25000000
 -0.85299207   0.19501160  -0.37500000
 -0.87500000   0.00000000  -0.37500000
 -0.92387953   0.38268343  -0.12500000
 -0.83146961   0.55557023  -0.12500000
 -0.78732494   0.38176490  -0.25000000
 -0.72382892   0.19639677  -0.37500000
 -0.75000000   0.00000000  -0.37500000
 -0.62500000   0.00000000  -0.50000000
 -0.85299207   0.19501160  -0.25000000
 -0.83146961   0.55557023  -0.50000000
 -0.83146961   0.55557023  -0.62500000
 -0.68257254   0.54746664  -0.62500000
 -0.92387953   0.38268343  -0.62500000
 -0.78732494   0.38176490  -0.62500000
 -0.78732494   0.38176490  -0.75000000
 -1.00000000   0.00000000  -0.62500000
 -0.98078528   0.19509032  -0.50000000
 -0.87500000   0.00000000  -0.62500000
 -0.98078528   0.19509032  -0.62500000
 -0.87500000   0.00000000  -0.75000000
 -0.85299207   0.19501160  -0.62500000
 -0.98078528   0.19509032  -0.75000000
 -0.98078528   0.19509032  -0.87500000
 -0.85299207   0.19501160  -0.87500000
 -1.00000000   0.00000000  -0.87500000
 -0.87500000   0.00000000  -0.87500000
 -0.87500000   0.00000000  -1.00000000
 -0.72382892   0.19639677  -0.87500000
 -0.75000000   0.00000000  -0.87500000
 -0.62500000   0.00000000  -1.00000000
 -0.72382892   0.19639677  -0.75000000
 -0.59343623   0.19610823  -0.87500000
 -0.62500000   0.00000000  -0.87500000
 -0.85270814   0.19624940  -0.75000000
 -0.46193977   0.19134172  -0.87500000
 -0.50000000   0.00000000  -0.87500000
 -0.37500000   0.00000000  -1.00000000
 -0.46193977   0.19134172  -0.75000000
 -0.32357108   0.18954355  -0.87500000
 -0.37500000   0.00000000  -0.87500000
 -0.19134172   0.46193977  -0.62500000
 -0.35355339   0.35355339  -0.62500000
 -0.18954355   0.32357108  -0.75000000
 -0.46193977   0.19134172  -0.62500000
 -0.50000000   0.00000000  -0.62500000
 -0.37500000   0.00000000  -0.75000000
 -0.25000000   0.00000000  -0.87500000
 -0.17677670   0.17677670  -0.87500000
 -0.12500000   0.00000000  -1.00000000
 -0.32357108   0.18954355  -0.75000000
 -0.39132025   0.48733301  -0.50000000
 -0.51861397   0.34880446  -0.50000000
 -0.54760446   0.51247377  -0.37500000
 -0.85788483   0.17221679  -0.50000000
 -0.72993674   0.17231469  -0.50000000
 -0.79784167   0.35926823  -0.37500000
 -0.59519988   0.19068850  -0.50000000
 -0.68647310   0.54256767  -0.25000000
 -0.65069783   0.37295085  -0.37500000
 -0.54760446   0.51247377  -0.50000000
 -0.68647310   0.54256767  -0.50000000
 -0.83146961   0.55557023  -0.37500000
 -0.79784167   0.35926823  -0.50000000
 -0.92387953   0.38268343  -0.37500000
 -0.83146961   0.55557023  -0.25000000
 -0.68647310   0.54256767  -0.37500000
 -0.51861397   0.34880446  -0.62500000
 -0.62500000   0.00000000  -0.62500000
 -0.72993674   0.17231469  -0.62500000
 -0.75000000   0.00000000  -0.62500000
 -0.59519988   0.19068850  -0.75000000
 -0.62500000   0.00000000  -0.75000000
 -0.59519988   0.19068850  -0.62500000
 -0.36920797   0.50429205  -0.62500000
 -0.53033009   0.53033009  -0.62500000
 -0.50429205   0.36920797  -0.75000000
 -0.64980288   0.37450797  -0.62500000
 -0.19509032   0.98078528  -0.25000000
 -0.55557023   0.83146961  -0.50000000
 -0.38268343   0.92387953  -0.37500000
 -0.38176490   0.78732494  -0.50000000
 -0.19509032   0.98078528  -0.37500000
 -0.19509032   0.98078528  -0.50000000
 -0.19501160   0.85299207  -0.50000000
 -0.19639677   0.72382892  -0.50000000
 -0.19501160   0.85299207  -0.37500000
 -0.98078528   0.19509032  -1.00000000
 -0.92387953   0.38268343  -0.87500000
 -0.85299207   0.19501160  -1.00000000
 -0.70710678   0.70710678  -0.87500000
 -0.83146961   0.55557023  -1.00000000
 -0.68257254   0.54746664  -1.00000000
 -0.83146961   0.55557023  -0.87500000
 -0.68257254   0.54746664  -0.87500000
 -0.78732494   0.38176490  -1.00000000
 -0.83146961   0.55557023  -0.75000000
 -0.70710678   0.70710678  -0.62500000
 -0.68257254   0.54746664  -0.75000000
 -0.64714216   0.37908710  -0.87500000
 -0.72382892   0.19639677  -1.00000000
 -0.59343623   0.19610823  -1.00000000
 -0.78720352   0.38201521  -0.87500000
 -0.19509032   0.98078528  -0.62500000
 -0.19509032   0.98078528  -0.75000000
 -0.19501160   0.85299207  -0.75000000
 -0.55557023   0.83146961  -1.00000000
 -0.55557023   0.83146961  -0.87500000
 -0.54746664   0.68257254  -1.00000000
 -0.38268343   0.92387953  -0.87500000
 -0.38176490   0.78732494  -1.00000000
 -0.38176490   0.78732494  -0.87500000
 -0.19509032   0.98078528  -0.87500000
 -0.19509032   0.98078528  -1.00000000
 -0.19501160   0.85299207  -1.00000000
 -0.19639677   0.72382892  -1.00000000
 -0.19639677   0.72382892  -0.87500000
 -0.19610823   0.59343623  -1.00000000
 -0.19501160   0.85299207  -0.87500000
 -0.19134172   0.46193977  -1.00000000
 -0.19134172   0.46193977  -0.87500000
 -0.18954355   0.32357108  -1.00000000
 -0.19134172   0.46193977  -0.75000000
 -0.35355339   0.35355339  -0.87500000
 -0.46193977   0.19134172  -1.00000000
 -0.32357108   0.18954355  -1.00000000
 -0.17677670   0.17677670  -1.00000000
 -0.18954355   0.32357108  -0.87500000
 -0.19610823   0.59343623  -0.62500000
 -0.36920797   0.50429205  -0.75000000
 -0.37908710   0.64714216  -0.62500000
 -0.54746664   0.68257254  -0.87500000
 -0.53033009   0.53033009  -0.87500000
 -0.54746664   0.68257254  -0.75000000
 -0.50429205   0.36920797  -0.87500000
 -0.54746664   0.68257254  -0.62500000
 -0.53033009   0.53033009  -0.75000000
 -0.19639677   0.72382892  -0.62500000
 -0.19501160   0.85299207  -0.62500000
 -0.38268343   0.92387953  -0.62500000
 -0.38176490   0.78732494  -0.75000000
 -0.55557023   0.83146961  -0.75000000
 -0.55557023   0.83146961  -0.62500000
 -0.38176490   0.78732494  -0.62500000
 -0.19610823   0.59343623  -0.75000000
 -0.50429205   0.36920797  -1.00000000
 -0.37908710   0.64714216  -0.87500000
 -0.53033009   0.53033009  -1.00000000
 -0.19610823   0.59343623  -0.87500000
 -0.36920797   0.50429205  -1.00000000
 -0.37052440   0.50332561  -0.87500000
 -0.19466290   0.72429715  -0.75000000
 -0.85299207  -0.19501160  -0.12500000
 -0.59343623  -0.19610823  -0.12500000
 -0.78732494  -0.38176490  -0.12500000
 -0.64714216  -0.37908710  -0.12500000
 -0.68257254  -0.54746664  -0.12500000
 -0.72382892  -0.19639677  -0.25000000
 -0.59343623  -0.19610823  -0.25000000
 -0.59343623  -0.19610823  -0.37500000
 -0.72382892  -0.19639677  -0.12500000
  0.00000000  -0.12500000  -0.12500000
  0.00000000  -0.37500000  -0.12500000
 -0.18954355  -0.32357108  -0.12500000
  0.00000000  -0.25000000  -0.12500000
 -0.32357108  -0.18954355  -0.12500000
 -0.17677670  -0.17677670  -0.25000000
  0.00000000  -0.12500000  -0.25000000
  0.00000000  -0.12500000  -0.37500000
 -0.17677670  -0.17677670  -0.12500000
 -0.54746664  -0.68257254  -0.12500000
 -0.37908710  -0.64714216  -0.12500000
 -0.38176490  -0.78732494  -0.12500000
  0.00000000  -0.50000000  -0.12500000
  0.00000000  -0.62500000  -0.12500000
 -0.19610823  -0.59343623  -0.12500000
 -0.19501160  -0.85299207  -0.12500000
  0.00000000  -0.75000000  -0.12500000
  0.00000000  -0.87500000  -0.12500000
 -0.19639677  -0.72382892  -0.25000000
  0.00000000  -0.62500000  -0.25000000
  0.00000000  -0.62500000  -0.37500000
 -0.19610823  -0.59343623  -0.25000000
 -0.19610823  -0.59343623  -0.37500000
  0.00000000  -0.50000000  -0.37500000
 -0.19639677  -0.72382892  -0.12500000
 -0.19134172  -0.46193977  -0.50000000
  0.00000000  -0.37500000  -0.50000000
  0.00000000  -0.37500000  -0.62500000
 -0.18954355  -0.32357108  -0.50000000
 -0.18954355  -0.32357108  -0.62500000
  0.00000000  -0.25000000  -0.62500000
 -0.46193977  -0.19134172  -0.50000000
 -0.32357108  -0.18954355  -0.50000000
 -0.32357108  -0.18954355  -0.62500000
 -0.17677670  -0.17677670  -0.50000000
  0.00000000  -0.12500000  -0.50000000
  0.00000000  -0.12500000  -0.62500000
  0.00000000  -0.12500000  -0.75000000
 -0.17677670  -0.17677670  -0.75000000
  0.00000000  -0.12500000  -0.87500000
 -0.17677670  -0.17677670  -0.62500000
 -0.46193977  -0.19134172  -0.37500000
 -0.32357108  -0.18954355  -0.37500000
 -0.46193977  -0.19134172  -0.25000000
 -0.19134172  -0.46193977  -0.12500000
 -0.18954355  -0.32357108  -0.25000000
 -0.35355339  -0.35355339  -0.12500000
 -0.17677670  -0.17677670  -0.37500000
 -0.46193977  -0.19134172  -0.12500000
 -0.33541020  -0.16770510  -0.25000000
 -0.50429205  -0.36920797  -0.25000000
 -0.53033009  -0.53033009  -0.12500000
 -0.36920797  -0.50429205  -0.12500000
 -0.50332561  -0.37052440  -0.12500000
 -0.35355339  -0.35355339  -0.37500000
  0.00000000  -0.25000000  -0.37500000
 -0.19134172  -0.46193977  -0.25000000
  0.00000000  -0.37500000  -0.25000000
 -0.19134172  -0.46193977  -0.37500000
  0.00000000  -0.37500000  -0.37500000
 -0.18954355  -0.32357108  -0.37500000
 -0.50429205  -0.36920797  -0.37500000
 -0.53033009  -0.53033009  -0.25000000
 -0.36920797  -0.50429205  -0.37500000
 -0.36920797  -0.50429205  -0.25000000
 -0.98078528  -0.19509032  -0.12500000
 -0.92387953  -0.38268343  -0.12500000
 -0.85299207  -0.19501160  -0.25000000
 -0.70710678  -0.70710678  -0.12500000
 -0.83146961  -0.55557023  -0.12500000
 -0.68257254  -0.54746664  -0.25000000
 -0.83146961  -0.55557023  -0.25000000
 -0.83146961  -0.55557023  -0.37500000
 -0.78732494  -0.38176490  -0.37500000
 -0.70710678  -0.70710678  -0.37500000
 -0.68257254  -0.54746664  -0.37500000
 -0.68257254  -0.54746664  -0.50000000
 -0.72382892  -0.19639677  -0.37500000
 -0.64714216  -0.37908710  -0.37500000
 -0.59343623  -0.19610823  -0.50000000
 -0.78720352  -0.38201521  -0.25000000
  0.00000000  -1.00000000  -0.12500000
 -0.19509032  -0.98078528  -0.12500000
  0.00000000  -0.87500000  -0.25000000
 -0.19509032  -0.98078528  -0.37500000
  0.00000000  -1.00000000  -0.37500000
  0.00000000  -0.87500000  -0.50000000
 -0.19509032  -0.98078528  -0.25000000
 -0.19501160  -0.85299207  -0.37500000
  0.00000000  -0.87500000  -0.37500000
 -0.38268343  -0.92387953  -0.12500000
 -0.55557023  -0.83146961  -0.12500000
 -0.38176490  -0.78732494  -0.25000000
 -0.19639677  -0.72382892  -0.37500000
  0.00000000  -0.75000000  -0.37500000
  0.00000000  -0.62500000  -0.50000000
 -0.19501160  -0.85299207  -0.25000000
 -0.55557023  -0.83146961  -0.50000000
 -0.55557023  -0.83146961  -0.62500000
 -0.54746664  -0.68257254  -0.62500000
 -0.38268343  -0.92387953  -0.62500000
 -0.38176490  -0.78732494  -0.62500000
 -0.38176490  -0.78732494  -0.75000000
  0.00000000  -1.00000000  -0.62500000
 -0.19509032  -0.98078528  -0.50000000
  0.00000000  -0.87500000  -0.62500000
 -0.19509032  -0.98078528  -0.62500000
  0.00000000  -0.87500000  -0.75000000
 -0.19501160  -0.85299207  -0.62500000
 -0.19509032  -0.98078528  -0.75000000
 -0.19509032  -0.98078528  -0.87500000
 -0.19501160  -0.85299207  -0.87500000
  0.00000000  -1.00000000  -0.87500000
  0.00000000  -0.87500000  -0.87500000
  0.00000000  -0.87500000  -1.00000000
 -0.19639677  -0.72382892  -0.87500000
  0.00000000  -0.75000000  -0.87500000
  0.00000000  -0.62500000  -1.00000000
 -0.19639677  -0.72382892  -0.75000000
 -0.19610823  -0.59343623  -0.87500000
  0.00000000  -0.62500000  -0.87500000
 -0.19624940  -0.85270814  -0.75000000
 -0.19134172  -0.46193977  -0.87500000
  0.00000000  -0.50000000  -0.87500000
  0.00000000  -0.37500000  -1.00000000
 -0.19134172  -0.46193977  -0.75000000
 -0.18954355  -0.32357108  -0.87500000
  0.00000000  -0.37500000  -0.87500000
 -0.46193977  -0.19134172  -0.62500000
 -0.35355339  -0.35355339  -0.62500000
 -0.32357108  -0.18954355  -0.75000000
 -0.19134172  -0.46193977  -0.62500000
  0.00000000  -0.50000000  -0.62500000
  0.00000000  -0.37500000  -0.75000000
  0.00000000  -0.25000000  -0.87500000
 -0.17677670  -0.17677670  -0.87500000
  0.00000000  -0.12500000  -1.00000000
 -0.18954355  -0.32357108  -0.75000000
 -0.48733301  -0.39132025  -0.50000000
 -0.34880446  -0.51861397  -0.50000000
 -0.51247377  -0.54760446  -0.37500000
 -0.17221679  -0.85788483  -0.50000000
 -0.17231469  -0.72993674  -0.50000000
 -0.35926823  -0.79784167  -0.37500000
 -0.19068850  -0.59519988  -0.50000000
 -0.54256767  -0.68647310  -0.25000000
 -0.37295085  -0.65069783  -0.37500000
 -0.51247377  -0.54760446  -0.50000000
 -0.54256767  -0.68647310  -0.50000000
 -0.55557023  -0.83146961  -0.37500000
 -0.35926823  -0.79784167  -0.50000000
 -0.38268343  -0.92387953  -0.37500000
 -0.55557023  -0.83146961  -0.25000000
 -0.54256767  -0.68647310  -0.37500000
 -0.34880446  -0.51861397  -0.62500000
  0.00000000  -0.62500000  -0.62500000
 -0.17231469  -0.72993674  -0.62500000
  0.00000000  -0.75000000  -0.62500000
 -0.19068850  -0.59519988  -0.75000000
  0.00000000  -0.62500000  -0.75000000
 -0.19068850  -0.59519988  -0.62500000
 -0.50429205  -0.36920797  -0.62500000
 -0.53033009  -0.53033009  -0.62500000
 -0.36920797  -0.50429205  -0.75000000
 -0.37450797  -0.64980288  -0.62500000
 -0.98078528  -0.19509032  -0.25000000
 -0.83146961  -0.55557023  -0.50000000
 -0.92387953  -0.38268343  -0.37500000
 -0.78732494  -0.38176490  -0.50000000
 -0.98078528  -0.19509032  -0.37500000
 -0.98078528  -0.19509032  -0.50000000
 -0.85299207  -0.19501160  -0.50000000
 -0.72382892  -0.19639677  -0.50000000
 -0.85299207  -0.19501160  -0.37500000
 -0.19509032  -0.98078528  -1.00000000
 -0.38268343  -0.92387953  -0.87500000
 -0.19501160  -0.85299207  -1.00000000
 -0.70710678  -0.70710678  -0.87500000
 -0.55557023  -0.83146961  -1.00000000
 -0.54746664  -0.68257254  -1.00000000
 -0.55557023  -0.83146961  -0.87500000
 -0.54746664  -0.68257254  -0.87500000
 -0.38176490  -0.78732494  -1.00000000
 -0.55557023  -0.83146961  -0.75000000
 -0.70710678  -0.70710678  -0.62500000
 -0.54746664  -0.68257254  -0.75000000
 -0.37908710  -0.64714216  -0.87500000
 -0.19639677  -0.72382892  -1.00000000
 -0.19610823  -0.59343623  -1.00000000
 -0.38201521  -0.78720352  -0.87500000
 -0.98078528  -0.19509032  -0.62500000
 -0.98078528  -0.19509032  -0.75000000
 -0.85299207  -0.19501160  -0.75000000
 -0.83146961  -0.55557023  -1.00000000
 -0.83146961  -0.55557023  -0.87500000
 -0.68257254  -0.54746664  -1.00000000
 -0.92387953  -0.38268343  -0.87500000
 -0.78732494  -0.38176490  -1.00000000
 -0.78732494  -0.38176490  -0.87500000
 -0.98078528  -0.19509032  -0.87500000
 -0.98078528  -0.19509032  -1.00000000
 -0.85299207  -0.19501160  -1.00000000
 -0.72382892  -0.19639677  -1.00000000
 -0.72382892  -0.19639677  -0.87500000
 -0.59343623  -0.19610823  -1.00000000
 -0.85299207  -0.19501160  -0.87500000
 -0.46193977  -0.19134172  -1.00000000
 -0.46193977  -0.19134172  -0.87500000
 -0.32357108  -0.18954355  -1.00000000
 -0.46193977  -0.19134172  -0.75000000
 -0.35355339  -0.35355339  -0.87500000
 -0.19134172  -0.46193977  -1.00000000
 -0.18954355  -0.32357108  -1.00000000
 -0.17677670  -0.17677670  -1.00000000
 -0.32357108  -0.18954355  -0.87500000
 -0.59343623  -0.19610823  -0.62500000
 -0.50429205  -0.36920797  -0.75000000
 -0.64714216  -0.37908710  -0.62500000
 -0.68257254  -0.54746664  -0.87500000
 -0.53033009  -0.53033009  -0.87500000
 -0.68257254  -0.54746664  -0.75000000
 -0.36920797  -0.50429205  -0.87500000
 -0.68257254  -0.54746664  -0.62500000
 -0.53033009  -0.53033009  -0.75000000
 -0.72382892  -0.19639677  -0.62500000
 -0.85299207  -0.19501160  -0.62500000
 -0.92387953  -0.38268343  -0.62500000
 -0.78732494  -0.38176490  -0.75000000
 -0.83146961  -0.55557023  -0.75000000
 -0.83146961  -0.55557023  -0.62500000
 -0.78732494  -0.38176490  -0.62500000
 -0.59343623  -0.19610823  -0.75000000
 -0.36920797  -0.50429205  -1.00000000
 -0.64714216  -0.37908710  -0.87500000
 -0.53033009  -0.53033009  -1.00000000
 -0.59343623  -0.19610823  -0.87500000
 -0.50429205  -0.36920797  -1.00000000
 -0.50332561  -0.37052440  -0.87500000
 -0.72429715  -0.19466290  -0.75000000
  0.19501160  -0.85299207  -0.12500000
  0.19610823  -0.59343623  -0.12500000
  0.38176490  -0.78732494  -0.12500000
  0.37908710  -0.64714216  -0.12500000
  0.54746664  -0.68257254  -0.12500000
  0.19639677  -0.72382892  -0.25000000
  0.19610823  -0.59343623  -0.25000000
  0.19610823  -0.59343623  -0.37500000
  0.19639677  -0.72382892  -0.12500000
  0.32357108  -0.18954355  -0.12500000
  0.18954355  -0.32357108  -0.12500000
  0.17677670  -0.17677670  -0.25000000
  0.17677670  -0.17677670  -0.12500000
  0.68257254  -0.54746664  -0.12500000
  0.64714216  -0.37908710  -0.12500000
  0.78732494  -0.38176490  -0.12500000
  0.59343623  -0.19610823  -0.12500000
  0.85299207  -0.19501160  -0.12500000
  0.72382892  -0.19639677  -0.25000000
  0.59343623  -0.19610823  -0.25000000
  0.59343623  -0.19610823  -0.37500000
  0.72382892  -0.19639677  -0.12500000
  0.46193977  -0.19134172  -0.50000000
  0.32357108  -0.18954355  -0.50000000
  0.32357108  -0.18954355  -0.62500000
  0.19134172  -0.46193977  -0.50000000
  0.18954355  -0.32357108  -0.50000000
  0.18954355  -0.32357108  -0.62500000
  0.17677670  -0.17677670  -0.50000000
  0.17677670  -0.17677670  -0.75000000
  0.17677670  -0.17677670  -0.62500000
  0.19134172  -0.46193977  -0.37500000
  0.18954355  -0.32357108  -0.37500000
  0.19134172  -0.46193977  -0.25000000
  0.46193977  -0.19134172  -0.12500000
  0.32357108  -0.18954355  -0.25000000
  0.35355339  -0.35355339  -0.12500000
  0.17677670  -0.17677670  -0.37500000
  0.19134172  -0.46193977  -0.12500000
  0.16770510  -0.33541020  -0.25000000
  0.36920797  -0.50429205  -0.25000000
  0.53033009  -0.53033009  -0.12500000
  0.50429205  -0.36920797  -0.12500000
  0.37052440  -0.50332561  -0.12500000
  0.35355339  -0.35355339  -0.37500000
  0.46193977  -0.19134172  -0.25000000
  0.46193977  -0.19134172  -0.37500000
  0.32357108  -0.18954355  -0.37500000
  0.36920797  -0.50429205  -0.37500000
  0.53033009  -0.53033009  -0.25000000
  0.50429205  -0.36920797  -0.37500000
  0.50429205  -0.36920797  -0.25000000
  0.19509032  -0.98078528  -0.12500000
  0.38268343  -0.92387953  -0.12500000
  0.19501160  -0.85299207  -0.25000000
  0.70710678  -0.70710678  -0.12500000
  0.55557023  -0.83146961  -0.12500000
  0.54746664  -0.68257254  -0.25000000
  0.55557023  -0.83146961  -0.25000000
  0.55557023  -0.83146961  -0.37500000
  0.38176490  -0.78732494  -0.37500000
  0.70710678  -0.70710678  -0.37500000
  0.54746664  -0.68257254  -0.37500000
  0.54746664  -0.68257254  -0.50000000
  0.19639677  -0.72382892  -0.37500000
  0.37908710  -0.64714216  -0.37500000
  0.19610823  -0.59343623  -0.50000000
  0.38201521  -0.78720352  -0.25000000
  0.98078528  -0.19509032  -0.12500000
  0.98078528  -0.19509032  -0.37500000
  0.98078528  -0.19509032  -0.25000000
  0.85299207  -0.19501160  -0.37500000
  0.92387953  -0.38268343  -0.12500000
  0.83146961  -0.55557023  -0.12500000
  0.78732494  -0.38176490  -0.25000000
  0.72382892  -0.19639677  -0.37500000
  0.85299207  -0.19501160  -0.25000000
  0.83146961  -0.55557023  -0.50000000
  0.83146961  -0.55557023  -0.62500000
  0.68257254  -0.54746664  -0.62500000
  0.92387953  -0.38268343  -0.62500000
  0.78732494  -0.38176490  -0.62500000
  0.78732494  -0.38176490  -0.75000000
  0.98078528  -0.19509032  -0.50000000
  0.98078528  -0.19509032  -0.62500000
  0.85299207  -0.19501160  -0.62500000
  0.98078528  -0.19509032  -0.75000000
  0.98078528  -0.19509032  -0.87500000
  0.85299207  -0.19501160  -0.87500000
  0.72382892  -0.19639677  -0.87500000
  0.72382892  -0.19639677  -0.75000000
  0.59343623  -0.19610823  -0.87500000
  0.85270814  -0.19624940  -0.75000000
  0.46193977  -0.19134172  -0.87500000
  0.46193977  -0.19134172  -0.75000000
  0.32357108  -0.18954355  -0.87500000
  0.19134172  -0.46193977  -0.62500000
  0.35355339  -0.35355339  -0.62500000
  0.18954355  -0.32357108  -0.75000000
  0.46193977  -0.19134172  -0.62500000
  0.17677670  -0.17677670  -0.87500000
  0.32357108  -0.18954355  -0.75000000
  0.39132025  -0.48733301  -0.50000000
  0.51861397  -0.34880446  -0.50000000
  0.54760446  -0.51247377  -0.37500000
  0.85788483  -0.17221679  -0.50000000
  0.72993674  -0.17231469  -0.50000000
  0.79784167  -0.35926823  -0.37500000
  0.59519988  -0.19068850  -0.50000000
  0.68647310  -0.54256767  -0.25000000
  0.65069783  -0.37295085  -0.37500000
  0.54760446  -0.51247377  -0.50000000
  0.68647310  -0.54256767  -0.50000000
  0.83146961  -0.55557023  -0.37500000
  0.79784167  -0.35926823  -0.50000000
  0.92387953  -0.38268343  -0.37500000
  0.83146961  -0.55557023  -0.25000000
  0.68647310  -0.54256767  -0.37500000
  0.51861397  -0.34880446  -0.62500000
  0.72993674  -0.17231469  -0.62500000
  0.59519988  -0.19068850  -0.75000000
  0.59519988  -0.19068850  -0.62500000
  0.36920797  -0.50429205  -0.62500000
  0.53033009  -0.53033009  -0.62500000
  0.50429205  -0.36920797  -0.75000000
  0.64980288  -0.37450797  -0.62500000
  0.19509032  -0.98078528  -0.25000000
  0.55557023  -0.83146961  -0.50000000
  0.38268343  -0.92387953  -0.37500000
  0.38176490  -0.78732494  -0.50000000
  0.19509032  -0.98078528  -0.37500000
  0.19509032  -0.98078528  -0.50000000
  0.19501160  -0.85299207  -0.50000000
  0.19639677  -0.72382892  -0.50000000
  0.19501160  -0.85299207  -0.37500000
  0.98078528  -0.19509032  -1.00000000
  0.92387953  -0.38268343  -0.87500000
  0.85299207  -0.19501160  -1.00000000
  0.70710678  -0.70710678  -0.87500000
  0.83146961  -0.55557023  -1.00000000
  0.68257254  -0.54746664  -1.00000000
  0.83146961  -0.55557023  -0.87500000
  0.68257254  -0.54746664  -0.87500000
  0.78732494  -0.38176490  -1.00000000
  0.83146961  -0.55557023  -0.75000000
  0.70710678  -0.70710678  -0.62500000
  0.68257254  -0.54746664  -0.75000000
  0.64714216  -0.37908710  -0.87500000
  0.72382892  -0.19639677  -1.00000000
  0.59343623  -0.19610823  -1.00000000
  0.78720352  -0.38201521  -0.87500000
  0.19509032  -0.98078528  -0.62500000
  0.19509032  -0.98078528  -0.75000000
  0.19501160  -0.85299207  -0.75000000
  0.55557023  -0.83146961  -1.00000000
  0.55557023  -0.83146961  -0.87500000
  0.54746664  -0.68257254  -1.00000000
  0.38268343  -0.92387953  -0.87500000
  0.38176490  -0.78732494  -1.00000000
  0.38176490  -0.78732494  -0.87500000
  0.19509032  -0.98078528  -0.87500000
  0.19509032  -0.98078528  -1.00000000
  0.19501160  -0.85299207  -1.00000000
  0.19639677  -0.72382892  -1.00000000
  0.19639677  -0.72382892  -0.87500000
  0.19610823  -0.59343623  -1.00000000
  0.19501160  -0.85299207  -0.87500000
  0.19134172  -0.46193977  -1.00000000
  0.19134172  -0.46193977  -0.87500000
  0.18954355  -0.32357108  -1.00000000
  0.19134172  -0.46193977  -0.75000000
  0.35355339  -0.35355339  -0.87500000
  0.46193977  -0.19134172  -1.00000000
  0.32357108  -0.18954355  -1.00000000
  0.17677670  -0.17677670  -1.00000000
  0.18954355  -0.32357108  -0.87500000
  0.19610823  -0.59343623  -0.62500000
  0.36920797  -0.50429205  -0.75000000
  0.37908710  -0.64714216  -0.62500000
  0.54746664  -0.68257254  -0.87500000
  0.53033009  -0.53033009  -0.87500000
  0.54746664  -0.68257254  -0.75000000
  0.50429205  -0.36920797  -0.87500000
  0.54746664  -0.68257254  -0.62500000
  0.53033009  -0.53033009  -0.75000000
  0.19639677  -0.72382892  -0.62500000
  0.19501160  -0.85299207  -0.62500000
  0.38268343  -0.92387953  -0.62500000
  0.38176490  -0.78732494  -0.75000000
  0.55557023  -0.83146961  -0.75000000
  0.55557023  -0.83146961  -0.62500000
  0.38176490  -0.78732494  -0.62500000
  0.19610823  -0.59343623  -0.75000000
  0.50429205  -0.36920797  -1.00000000
  0.37908710  -0.64714216  -0.87500000
  0.53033009  -0.53033009  -1.00000000
  0.19610823  -0.59343623  -0.87500000
  0.36920797  -0.50429205  -1.00000000
  0.37052440  -0.50332561  -0.87500000
  0.19466290  -0.72429715  -0.75000000

CELLS 12288 61440
4      0    369    370    371
4     65    372    369    373
4    370    372     66    374
4    374    371    373     67
4    371    372    373    369
4    371    370    372    369
4    371    373    372    374
4    371    372    370    374
4     15    375    376    377
4     68    378    375    379
4    376    378     65    380
4    380    377    379     69
4    377    378    379    375
4    377    376    378    375
4    377    379    378    380
4    377    378    376    380
4     66    381    382    383
4     68    384    381    385
4    382    384     16    386
4    386    383    385     70
4    383    384    385    381
4    383    382    384    381
4    383    385    384    386
4    383    384    382    386
4     70    387    388    389
4     67    390    387    391
4    388    390     69    392
4    392    389    391     17
4    389    390    391    387
4    389    388    390    387
4    389    391    390    392
4    389    390    388    392
4     67    393    390    373
4     68    379    393    378
4    390    379     69    380
4    380    373    378     65
4    373    379    378    393
4    373    390    379    393
4    373    378    379    380
4    373    379    390    380
4     67    374    393    373
4     66    381    374    372
4    393    381     68    378
4    378    373    372     65
4    373    381    372    374
4    373    393    381    374
4    373    372    381    378
4    373    381    393    378
4     67    390    393    387
4     69    379    390    388
4    393    379     68    385
4    385    387    388     70
4    387    379    388    390
4    387    393    379    390
4    387    388    379    385
4    387    379    393    385
4     67    393    374    387
4     68    381    393    385
4    374    381     66    383
4    383    387    385     70
4    387    381    385    393
4    387    374    381    393
4    387    385    381    383
4    387    381    374    383
4      4    394    395    396
4     71    397    394    398
4    395    397     72    399
4    399    396    398     73
4    396    397    398    394
4    396    395    397    394
4    396    398    397    399
4    396    397    395    399
4     18    400    401    402
4     74    403    400    404
4    401    403     71    405
4    405    402    404     75
4    402    403    404    400
4    402    401    403    400
4    402    404    403    405
4    402    403    401    405
4     72    406    407    408
4     74    409    406    410
4    407    409     15    411
4    411    408    410     76
4    408    409    410    406
4    408    407    409    406
4    408    410    409    411
4    408    409    407    411
4     76    412    413    414
4     73    415    412    416
4    413    415     75    417
4    417    414    416     19
4    414    415    416    412
4    414    413    415    412
4    414    416    415    417
4    414    415    413    417
4     73    418    415    398
4     74    404    418    403
4    415    404     75    405
4    405    398    403     71
4    398    404    403    418
4    398    415    404    418
4    398    403    404    405
4    398    404    415    405
4     73    399    418    398
4     72    406    399    397
4    418    406     74    403
4    403    398    397     71
4    398    406    397    399
4    398    418    406    399
4    398    397    406    403
4    398    406    418    403
4     73    415    418    412
4     75    404    415    413
4    418    404     74    410
4    410    412    413     76
4    412    404    413    415
4    412    418    404    415
4    412    413    404    410
4    412    404    418    410
4     73    418    399    412
4     74    406    418    410
4    399    406     72    408
4    408    412    410     76
4    412    406    410    418
4    412    399    406    418
4    412    410    406    408
4    412    406    399    408
4     16    419    420    421
4     77    422    419    423
4    420    422     78    424
4    424    421    423     79
4    421    422    423    419
4    421    420    422    419
4    421    423    422    424
4    421    422    420    424
4     18    425    426    427
4     80    428    425    429
4    426    428     77    430
4    430    427    429     81
4    427    428    429    425
4    427    426    428    425
4    427    429    428    430
4    427    428    426    430
4     78    431    432    433
4     80    434    431    435
4    432    434      1    436
4    436    433    435     82
4    433    434    435    431
4    433    432    434    431
4    433    435    434    436
4    433    434    432    436
4     82    437    438    439
4     79    440    437    441
4    438    440     81    442
4    442    439    441     20
4    439    440    441    437
4    439    438    440    437
4    439    441    440    442
4    439    440    438    442
4     79    443    440    423
4     80    429    443    428
4    440    429     81    430
4    430    423    428     77
4    423    429    428    443
4    423    440    429    443
4    423    428    429    430
4    423    429    440    430
4     79    424    443    423
4     78    431    424    422
4    443    431     80    428
4    428    423    422     77
4    423    431    422    424
4    423    443    431    424
4    423    422    431    428
4    423    431    443    428
4     79    440    443    437
4     81    429    440    438
4    443    429     80    435
4    435    437    438     82
4    437    429    438    440
4    437    443    429    440
4    437    438    429    435
4    437    429    443    435
4     79    443    424    437
4     80    431    443    435
4    424    431     78    433
4    433    437    435     82
4    437    431    435    443
4    437    424    431    443
4    437    435    431    433
4    437    431    424    433
4     20    444    445    446
4     83    447    444    448
4    445    447     84    449
4    449    446    448     85
4    446    447    448    444
4    446    445    447    444
4    446    448    447    449
4    446    447    445    449
4     17    450    451    452
4     86    453    450    454
4    451    453     83    455
4    455    452    454     87
4    452    453    454    450
4    452    451    453    450
4    452    454    453    455
4    452    453    451    455
4     84    456    457    458
4     86    459    456    460
4    457    459     19    461
4    461    458    460     88
4    458    459    460    456
4    458    457    459    456
4    458    460    459    461
4    458    459    457    461
4     88    462    463    464
4     85    465    462    466
4    463    465     87    467
4    467    464    466      9
4    464    465    466    462
4    464    463    465    462
4    464    466    465    467
4    464    465    463    467
4     85    468    465    448
4     86    454    468    453
4    465    454     87    455
4    455    448    453     83
4    448    454    453    468
4    448    465    454    468
4    448    453    454    455
4    448    454    465    455
4     85    449    468    448
4     84    456    449    447
4    468    456     86    453
4    453    448    447     83
4    448    456    447    449
4    448    468    456    449
4    448    447    456    453
4    448    456    468    453
4     85    465    468    462
4     87    454    465    463
4    468    454     86    460
4    460    462    463     88
4    462    454    463    465
4    462    468    454    465
4    462    463    454    460
4    462    454    468    460
4     85    468    449    462
4     86    456    468    460
4    449    456     84    458
4    458    462    460     88
4    462    456    460    468
4    462    449    456    468
4    462    460    456    458
4    462    456    449    458
4     17    469    450    392
4     89    470    469    471
4    450    470     86    472
4    472    392    471     69
4    392    470    471    469
4    392    450    470    469
4    392    471    470    472
4    392    470    450    472
4     18    402    473    400
4     75    474    402    404
4    473    474     89    475
4    475    400    404     74
4    400    474    404    402
4    400    473    474    402
4    400    404    474    475
4    400    474    473    475
4     86    476    459    477
4     75    417    476    413
4    459    417     19    414
4    414    477    413     76
4    477    417    413    476
4    477    459    417    476
4    477    413    417    414
4    477    417    459    414
4     76    478    410    411
4     69    479    478    377
4    410    479     74    409
4    409    411    377     15
4    411    479    377    478
4    411    410    479    478
4    411    377    479    409
4    411    479    410    409
4     69    480    479    471
4     75    404    480    474
4    479    404     74    475
4    475    471    474     89
4    471    404    474    480
4    471    479    404    480
4    471    474    404    475
4    471    404    479    475
4     69    472    480    471
4     86    476    472    470
4    480    476     75    474
4    474    471    470     89
4    471    476    470    472
4    471    480    476    472
4    471    470    476    474
4    471    476    480    474
4     69    479    480    478
4     74    404    479    410
4    480    404     75    413
4    413    478    410     76
4    478    404    410    479
4    478    480    404    479
4    478    410    404    413
4    478    404    480    413
4     69    480    472    478
4     75    476    480    413
4    472    476     86    477
4    477    478    413     76
4    478    476    413    480
4    478    472    476    480
4    478    413    476    477
4    478    476    472    477
4     17    389    469    392
4     70    481    389    388
4    469    481     89    471
4    471    392    388     69
4    392    481    388    389
4    392    469    481    389
4    392    388    481    471
4    392    481    469    471
4     16    419    386    384
4     77    482    419    483
4    386    482     70    385
4    385    384    483     68
4    384    482    483    419
4    384    386    482    419
4    384    483    482    385
4    384    482    386    385
4     89    484    473    475
4     77    426    484    485
4    473    426     18    400
4    400    475    485     74
4    475    426    485    484
4    475    473    426    484
4    475    485    426    400
4    475    426    473    400
4     74    479    486    409
4     69    379    479    377
4    486    379     68    375
4    375    409    377     15
4    409    379    377    479
4    409    486    379    479
4    409    377    379    375
4    409    379    486    375
4     69    487    379    388
4     77    483    487    482
4    379    483     68    385
4    385    388    482     70
4    388    483    482    487
4    388    379    483    487
4    388    482    483    385
4    388    483    379    385
4     69    471    487    388
4     89    484    471    481
4    487    484     77    482
4    482    388    481     70
4    388    484    481    471
4    388    487    484    471
4    388    481    484    482
4    388    484    487    482
4     69    379    487    479
4     68    483    379    486
4    487    483     77    485
4    485    479    486     74
4    479    483    486    379
4    479    487    483    379
4    479    486    483    485
4    479    483    487    485
4     69    487    471    479
4     77    484    487    485
4    471    484     89    475
4    475    479    485     74
4    479    484    485    487
4    479    471    484    487
4    479    485    484    475
4    479    484    471    475
4     17    450    469    451
4     86    470    450    453
4    469    470     89    488
4    488    451    453     83
4    451    470    453    450
4    451    469    470    450
4    451    453    470    488
4    451    470    469    488
4     19    417    459    457
4     75    476    417    489
4    459    476     86    456
4    456    457    489     84
4    457    476    489    417
4    457    459    476    417
4    457    489    476    456
4    457    476    459    456
4     89    474    473    490
4     75    402    474    491
4    473    402     18    427
4    427    490    491     81
4    490    402    491    474
4    490    473    402    474
4    490    491    402    427
4    490    402    473    427
4     81    492    493    442
4     83    447    492    444
4    493    447     84    445
4    445    442    444     20
4    442    447    444    492
4    442    493    447    492
4    442    444    447    445
4    442    447    493    445
4     83    494    447    453
4     75    489    494    476
4    447    489     84    456
4    456    453    476     86
4    453    489    476    494
4    453    447    489    494
4    453    476    489    456
4    453    489    447    456
4     83    488    494    453
4     89    474    488    470
4    494    474     75    476
4    476    453    470     86
4    453    474    470    488
4    453    494    474    488
4    453    470    474    476
4    453    474    494    476
4     83    447    494    492
4     84    489    447    493
4    494    489     75    491
4    491    492    493     81
4    492    489    493    447
4    492    494    489    447
4    492    493    489    491
4    492    489    494    491
4     83    494    488    492
4     75    474    494    491
4    488    474     89    490
4    490    492    491     81
4    492    474    491    494
4    492    488    474    494
4    492    491    474    490
4    492    474    488    490
4     17    469    389    451
4     89    481    469    488
4    389    481     70    495
4    495    451    488     83
4    451    481    488    469
4    451    389    481    469
4    451    488    481    495
4    451    481    389    495
4     18    426    473    427
4     77    484    426    430
4    473    484     89    490
4    490    427    430     81
4    427    484    430    426
4    427    473    484    426
4    427    430    484    490
4    427    484    473    490
4     70    482    386    496
4     77    419    482    423
4    386    419     16    421
4    421    496    423     79
4    496    419    423    482
4    496    386    419    482
4    496    423    419    421
4    496    419    386    421
4     79    497    440    441
4     83    492    497    444
4    440    492     81    442
4    442    441    444     20
4    441    492    444    497
4    441    440    492    497
4    441    444    492    442
4    441    492    440    442
4     83    498    492    488
4     77    430    498    484
4    492    430     81    490
4    490    488    484     89
4    488    430    484    498
4    488    492    430    498
4    488    484    430    490
4    488    430    492    490
4     83    495    498    488
4     70    482    495    481
4    498    482     77    484
4    484    488    481     89
4    488    482    481    495
4    488    498    482    495
4    488    481    482    484
4    488    482    498    484
4     83    492    498    497
4     81    430    492    440
4    498    430     77    423
4    423    497    440     79
4    497    430    440    492
4    497    498    430    492
4    497    440    430    423
4    497    430    498    423
4     83    498    495    497
4     77    482    498    423
4    495    482     70    496
4    496    497    423     79
4    497    482    423    498
4    497    495    482    498
4    497    423    482    496
4    497    482    495    496
4      0    370    499    371
4     66    500    370    374
4    499    500     90    501
4    501    371    374     67
4    371    500    374    370
4    371    499    500    370
4    371    374    500    501
4    371    500    499    501
4     16    502    382    386
4     91    503    502    504
4    382    503     66    383
4    383    386    504     70
4    386    503    504    502
4    386    382    503    502
4    386    504    503    383
4    386    503    382    383
4     90    505    506    507
4     91    508    505    509
4    506    508     21    510
4    510    507    509     92
4    507    508    509    505
4    507    506    508    505
4    507    509    508    510
4    507    508    506    510
4     92    511    512    513
4     67    387    511    391
4    512    387     70    389
4    389    513    391     17
4    513    387    391    511
4    513    512    387    511
4    513    391    387    389
4    513    387    512    389
4     67    514    387    374
4     91    504    514    503
4    387    504     70    383
4    383    374    503     66
4    374    504    503    514
4    374    387    504    514
4    374    503    504    383
4    374    504    387    383
4     67    501    514    374
4     90    505    501    500
4    514    505     91    503
4    503    374    500     66
4    374    505    500    501
4    374    514    505    501
4    374    500    505    503
4    374    505    514    503
4     67    387    514    511
4     70    504    387    512
4    514    504     91    509
4    509    511    512     92
4    511    504    512    387
4    511    514    504    387
4    511    512    504    509
4    511    504    514    509
4     67    514    501    511
4     91    505    514    509
4    501    505     90    507
4    507    511    509     92
4    511    505    509    514
4    511    501    505    514
4    511    509    505    507
4    511    505    501    507
4      1    515    432    436
4     93    516    515    517
4    432    516     78    433
4    433    436    517     82
4    436    516    517    515
4    436    432    516    515
4    436    517    516    433
4    436    516    432    433
4     22    518    519    520
4     94    521    518    522
4    519    521     93    523
4    523    520    522     95
4    520    521    522    518
4    520    519    521    518
4    520    522    521    523
4    520    521    519    523
4     78    524    420    424
4     94    525    524    526
4    420    525     16    421
4    421    424    526     79
4    424    525    526    524
4    424    420    525    524
4    424    526    525    421
4    424    525    420    421
4     79    437    527    441
4     82    528    437    439
4    527    528     95    529
4    529    441    439     20
4    441    528    439    437
4    441    527    528    437
4    441    439    528    529
4    441    528    527    529
4     82    530    528    517
4     94    522    530    521
4    528    522     95    523
4    523    517    521     93
4    517    522    521    530
4    517    528    522    530
4    517    521    522    523
4    517    522    528    523
4     82    433    530    517
4     78    524    433    516
4    530    524     94    521
4    521    517    516     93
4    517    524    516    433
4    517    530    524    433
4    517    516    524    521
4    517    524    530    521
4     82    528    530    437
4     95    522    528    527
4    530    522     94    526
4    526    437    527     79
4    437    522    527    528
4    437    530    522    528
4    437    527    522    526
4    437    522    530    526
4     82    530    433    437
4     94    524    530    526
4    433    524     78    424
4    424    437    526     79
4    437    524    526    530
4    437    433    524    530
4    437    526    524    424
4    437    524    433    424
4     21    531    532    533
4     96    534    531    535
4    532    534     97    536
4    536    533    535     98
4    533    534    535    531
4    533    532    534    531
4    533    535    534    536
4    533    534    532    536
4     22    537    538    539
4     99    540    537    541
4    538    540     96    542
4    542    539    541    100
4    539    540    541    537
4    539    538    540    537
4    539    541    540    542
4    539    540    538    542
4     97    543    544    545
4     99    546    543    547
4    544    546      6    548
4    548    545    547    101
4    545    546    547    543
4    545    544    546    543
4    545    547    546    548
4    545    546    544    548
4    101    549    550    551
4     98    552    549    553
4    550    552    100    554
4    554    551    553     23
4    551    552    553    549
4    551    550    552    549
4    551    553    552    554
4    551    552    550    554
4     98    555    552    535
4     99    541    555    540
4    552    541    100    542
4    542    535    540     96
4    535    541    540    555
4    535    552    541    555
4    535    540    541    542
4    535    541    552    542
4     98    536    555    535
4     97    543    536    534
4    555    543     99    540
4    540    535    534     96
4    535    543    534    536
4    535    555    543    536
4    535    534    543    540
4    535    543    555    540
4     98    552    555    549
4    100    541    552    550
4    555    541     99    547
4    547    549    550    101
4    549    541    550    552
4    549    555    541    552
4    549    550    541    547
4    549    541    555    547
4     98    555    536    549
4     99    543    555    547
4    536    543     97    545
4    545    549    547    101
4    549    543    547    555
4    549    536    543    555
4    549    547    543    545
4    549    543    536    545
4     23    556    557    558
4    102    559    556    560
4    557    559    103    561
4    561    558    560    104
4    558    559    560    556
4    558    557    559    556
4    558    560    559    561
4    558    559    557    561
4     17    451    562    452
4     83    563    451    455
4    562    563    102    564
4    564    452    455     87
4    452    563    455    451
4    452    562    563    451
4    452    455    563    564
4    452    563    562    564
4    103    565    566    567
4     83    444    565    448
4    566    444     20    446
4    446    567    448     85
4    567    444    448    565
4    567    566    444    565
4    567    448    444    446
4    567    444    566    446
4     85    568    465    466
4    104    569    568    570
4    465    569     87    467
4    467    466    570      9
4    466    569    570    568
4    466    465    569    568
4    466    570    569    467
4    466    569    465    467
4    104    571    569    560
4     83    455    571    563
4    569    455     87    564
4    564    560    563    102
4    560    455    563    571
4    560    569    455    571
4    560    563    455    564
4    560    455    569    564
4    104    561    571    560
4    103    565    561    559
4    571    565     83    563
4    563    560    559    102
4    560    565    559    561
4    560    571    565    561
4    560    559    565    563
4    560    565    571    563
4    104    569    571    568
4     87    455    569    465
4    571    455     83    448
4    448    568    465     85
4    568    455    465    569
4    568    571    455    569
4    568    465    455    448
4    568    455    571    448
4    104    571    561    568
4     83    565    571    448
4    561    565    103    567
4    567    568    448     85
4    568    565    448    571
4    568    561    565    571
4    568    448    565    567
4    568    565    561    567
4     17    572    451    389
4    105    573    572    574
4    451    573     83    495
4    495    389    574     70
4    389    573    574    572
4    389    451    573    572
4    389    574    573    495
4    389    573    451    495
4     22    520    575    518
4     95    576    520    522
4    575    576    105    577
4    577    518    522     94
4    518    576    522    520
4    518    575    576    520
4    518    522    576    577
4    518    576    575    577
4     83    578    444    497
4     95    529    578    527
4    444    529     20    441
4    441    497    527     79
4    497    529    527    578
4    497    444    529    578
4    497    527    529    441
4    497    529    444    441
4     79    496    526    421
4     70    579    496    386
4    526    579     94    525
4    525    421    386     16
4    421    579    386    496
4    421    526    579    496
4    421    386    579    525
4    421    579    526    525
4     70    580    579    574
4     95    522    580    576
4    579    522     94    577
4    577    574    576    105
4    574    522    576    580
4    574    579    522    580
4    574    576    522    577
4    574    522    579    577
4     70    495    580    574
4     83    578    495    573
4    580    578     95    576
4    576    574    573    105
4    574    578    573    495
4    574    580    578    495
4    574    573    578    576
4    574    578    580    576
4     70    579    580    496
4     94    522    579    526
4    580    522     95    527
4    527    496    526     79
4    496    522    526    579
4    496    580    522    579
4    496    526    522    527
4    496    522    580    527
4     70    580    495    496
4     95    578    580    527
4    495    578     83    497
4    497    496    527     79
4    496    578    527    580
4    496    495    578    580
4    496    527    578    497
4    496    578    495    497
4     17    513    572    389
4     92    581    513    512
4    572    581    105    574
4    574    389    512     70
4    389    581    512    513
4    389    572    581    513
4    389    512    581    574
4    389    581    572    574
4     21    531    510    508
4     96    582    531    583
4    510    582     92    509
4    509    508    583     91
4    508    582    583    531
4    508    510    582    531
4    508    583    582    509
4    508    582    510    509
4    105    584    575    577
4     96    538    584    585
4    575    538     22    518
4    518    577    585     94
4    577    538    585    584
4    577    575    538    584
4    577    585    538    518
4    577    538    575    518
4     94    579    586    525
4     70    504    579    386
4    586    504     91    502
4    502    525    386     16
4    525    504    386    579
4    525    586    504    579
4    525    386    504    502
4    525    504    586    502
4     70    587    504    512
4     96    583    587    582
4    504    583     91    509
4    509    512    582     92
4    512    583    582    587
4    512    504    583    587
4    512    582    583    509
4    512    583    504    509
4     70    574    587    512
4    105    584    574    581
4    587    584     96    582
4    582    512    581     92
4    512    584    581    574
4    512    587    584    574
4    512    581    584    582
4    512    584    587    582
4     70    504    587    579
4     91    583    504    586
4    587    583     96    585
4    585    579    586     94
4    579    583    586    504
4    579    587    583    504
4    579    586    583    585
4    579    583    587    585
4     70    587    574    579
4     96    584    587    585
4    574    584    105    577
4    577    579    585     94
4    579    584    585    587
4    579    574    584    587
4    579    585    584    577
4    579    584    574    577
4     17    451    572    562
4     83    573    451    563
4    572    573    105    588
4    588    562    563    102
4    562    573    563    451
4    562    572    573    451
4    562    563    573    588
4    562    573    572    588
4     20    529    444    566
4     95    578    529    589
4    444    578     83    565
4    565    566    589    103
4    566    578    589    529
4    566    444    578    529
4    566    589    578    565
4    566    578    444    565
4    105    576    575    590
4     95    520    576    591
4    575    520     22    539
4    539    590    591    100
4    590    520    591    576
4    590    575    520    576
4    590    591    520    539
4    590    520    575    539
4    100    592    593    554
4    102    559    592    556
4    593    559    103    557
4    557    554    556     23
4    554    559    556    592
4    554    593    559    592
4    554    556    559    557
4    554    559    593    557
4    102    594    559    563
4     95    589    594    578
4    559    589    103    565
4    565    563    578     83
4    563    589    578    594
4    563    559    589    594
4    563    578    589    565
4    563    589    559    565
4    102    588    594    563
4    105    576    588    573
4    594    576     95    578
4    578    563    573     83
4    563    576    573    588
4    563    594    576    588
4    563    573    576    578
4    563    576    594    578
4    102    559    594    592
4    103    589    559    593
4    594    589     95    591
4    591    592    593    100
4    592    589    593    559
4    592    594    589    559
4    592    593    589    591
4    592    589    594    591
4    102    594    588    592
4     95    576    594    591
4    588    576    105    590
4    590    592    591    100
4    592    576    591    594
4    592    588    576    594
4    592    591    576    590
4    592    576    588    590
4     17    572    513    562
4    105    581    572    588
4    513    581     92    595
4    595    562    588    102
4    562    581    588    572
4    562    513    581    572
4    562    588    581    595
4    562    581    513    595
4     22    538    575    539
4     96    584    538    542
4    575    584    105    590
4    590    539    542    100
4    539    584    542    538
4    539    575    584    538
4    539    542    584    590
4    539    584    575    590
4     92    582    510    596
4     96    531    582    535
4    510    531     21    533
4    533    596    535     98
4    596    531    535    582
4    596    510    531    582
4    596    535    531    533
4    596    531    510    533
4     98    597    552    553
4    102    592    597    556
4    552    592    100    554
4    554    553    556     23
4    553    592    556    597
4    553    552    592    597
4    553    556    592    554
4    553    592    552    554
4    102    598    592    588
4     96    542    598    584
4    592    542    100    590
4    590    588    584    105
4    588    542    584    598
4    588    592    542    598
4    588    584    542    590
4    588    542    592    590
4    102    595    598    588
4     92    582    595    581
4    598    582     96    584
4    584    588    581    105
4    588    582    581    595
4    588    598    582    595
4    588    581    582    584
4    588    582    598    584
4    102    592    598    597
4    100    542    592    552
4    598    542     96    535
4    535    597    552     98
4    597    542    552    592
4    597    598    542    592
4    597    552    542    535
4    597    542    598    535
4    102    598    595    597
4     96    582    598    535
4    595    582     92    596
4    596    597    535     98
4    597    582    535    598
4    597    595    582    598
4    597    535    582    596
4    597    582    595    596
4      0    499    599    371
4     90    600    499    501
4    599    600    106    601
4    601    371    501     67
4    371    600    501    499
4    371    599    600    499
4    371    501    600    601
4    371    600    599    601
4     21    602    506    510
4    107    603    602    604
4    506    603     90    507
4    507    510    604     92
4    510    603    604    602
4    510    506    603    602
4    510    604    603    507
4    510    603    506    507
4    106    605    606    607
4    107    608    605    609
4    606    608     24    610
4    610    607    609    108
4    607    608    609    605
4    607    606    608    605
4    607    609    608    610
4    607    608    606    610
4    108    611    612    613
4     67    511    611    391
4    612    511     92    513
4    513    613    391     17
4    613    511    391    611
4    613    612    511    611
4    613    391    511    513
4    613    511    612    513
4     67    614    511    501
4    107    604    614    603
4    511    604     92    507
4    507    501    603     90
4    501    604    603    614
4    501    511    604    614
4    501    603    604    507
4    501    604    511    507
4     67    601    614    501
4    106    605    601    600
4    614    605    107    603
4    603    501    600     90
4    501    605    600    601
4    501    614    605    601
4    501    600    605    603
4    501    605    614    603
4     67    511    614    611
4     92    604    511    612
4    614    604    107    609
4    609    611    612    108
4    611    604    612    511
4    611    614    604    511
4    611    612    604    609
4    611    604    614    609
4     67    614    601    611
4    107    605    614    609
4    601    605    106    607
4    607    611    609    108
4    611    605    609    614
4    611    601    605    614
4    611    609    605    607
4    611    605    601    607
4      6    615    544    548
4    109    616    615    617
4    544    616     97    545
4    545    548    617    101
4    548    616    617    615
4    548    544    616    615
4    548    617    616    545
4    548    616    544    545
4     25    618    619    620
4    110    621    618    622
4    619    621    109    623
4    623    620    622    111
4    620    621    622    618
4    620    619    621    618
4    620    622    621    623
4    620    621    619    623
4     97    624    532    536
4    110    625    624    626
4    532    625     21    533
4    533    536    626     98
4    536    625    626    624
4    536    532    625    624
4    536    626    625    533
4    536    625    532    533
4     98    549    627    553
4    101    628    549    551
4    627    628    111    629
4    629    553    551     23
4    553    628    551    549
4    553    627    628    549
4    553    551    628    629
4    553    628    627    629
4    101    630    628    617
4    110    622    630    621
4    628    622    111    623
4    623    617    621    109
4    617    622    621    630
4    617    628    622    630
4    617    621    622    623
4    617    622    628    623
4    101    545    630    617
4     97    624    545    616
4    630    624    110    621
4    621    617    616    109
4    617    624    616    545
4    617    630    624    545
4    617    616    624    621
4    617    624    630    621
4    101    628    630    549
4    111    622    628    627
4    630    622    110    626
4    626    549    627     98
4    549    622    627    628
4    549    630    622    628
4    549    627    622    626
4    549    622    630    626
4    101    630    545    549
4    110    624    630    626
4    545    624     97    536
4    536    549    626     98
4    549    624    626    630
4    549    545    624    630
4    549    626    624    536
4    549    624    545    536
4     24    631    632    633
4    112    634    631    635
4    632    634    113    636
4    636    633    635    114
4    633    634    635    631
4    633    632    634    631
4    633    635    634    636
4    633    634    632    636
4     25    637    638    639
4    115    640    637    641
4    638    640    112    642
4    642    639    641    116
4    639    640    641    637
4    639    638    640    637
4    639    641    640    642
4    639    640    638    642
4    113    643    644    645
4    115    646    643    647
4    644    646      5    648
4    648    645    647    117
4    645    646    647    643
4    645    644    646    643
4    645    647    646    648
4    645    646    644    648
4    117    649    650    651
4    114    652    649    653
4    650    652    116    654
4    654    651    653     26
4    651    652    653    649
4    651    650    652    649
4    651    653    652    654
4    651    652    650    654
4    114    655    652    635
4    115    641    655    640
4    652    641    116    642
4    642    635    640    112
4    635    641    640    655
4    635    652    641    655
4    635    640    641    642
4    635    641    652    642
4    114    636    655    635
4    113    643    636    634
4    655    643    115    640
4    640    635    634    112
4    635    643    634    636
4    635    655    643    636
4    635    634    643    640
4    635    643    655    640
4    114    652    655    649
4    116    641    652    650
4    655    641    115    647
4    647    649    650    117
4    649    641    650    652
4    649    655    641    652
4    649    650    641    647
4    649    641    655    647
4    114    655    636    649
4    115    643    655    647
4    636    643    113    645
4    645    649    647    117
4    649    643    647    655
4    649    636    643    655
4    649    647    643    645
4    649    643    636    645
4     26    656    657    658
4    118    659    656    660
4    657    659    119    661
4    661    658    660    120
4    658    659    660    656
4    658    657    659    656
4    658    660    659    661
4    658    659    657    661
4     17    562    662    452
4    102    663    562    564
4    662    663    118    664
4    664    452    564     87
4    452    663    564    562
4    452    662    663    562
4    452    564    663    664
4    452    663    662    664
4    119    665    666    667
4    102    556    665    560
4    666    556     23    558
4    558    667    560    104
4    667    556    560    665
4    667    666    556    665
4    667    560    556    558
4    667    556    666    558
4    104    668    569    570
4    120    669    668    670
4    569    669     87    467
4    467    570    670      9
4    570    669    670    668
4    570    569    669    668
4    570    670    669    467
4    570    669    569    467
4    120    671    669    660
4    102    564    671    663
4    669    564     87    664
4    664    660    663    118
4    660    564    663    671
4    660    669    564    671
4    660    663    564    664
4    660    564    669    664
4    120    661    671    660
4    119    665    661    659
4    671    665    102    663
4    663    660    659    118
4    660    665    659    661
4    660    671    665    661
4    660    659    665    663
4    660    665    671    663
4    120    669    671    668
4     87    564    669    569
4    671    564    102    560
4    560    668    569    104
4    668    564    569    669
4    668    671    564    669
4    668    569    564    560
4    668    564    671    560
4    120    671    661    668
4    102    665    671    560
4    661    665    119    667
4    667    668    560    104
4    668    665    560    671
4    668    661    665    671
4    668    560    665    667
4    668    665    661    667
4     17    672    562    513
4    121    673    672    674
4    562    673    102    595
4    595    513    674     92
4    513    673    674    672
4    513    562    673    672
4    513    674    673    595
4    513    673    562    595
4     25    620    675    618
4    111    676    620    622
4    675    676    121    677
4    677    618    622    110
4    618    676    622    620
4    618    675    676    620
4    618    622    676    677
4    618    676    675    677
4    102    678    556    597
4    111    629    678    627
4    556    629     23    553
4    553    597    627     98
4    597    629    627    678
4    597    556    629    678
4    597    627    629    553
4    597    629    556    553
4     98    596    626    533
4     92    679    596    510
4    626    679    110    625
4    625    533    510     21
4    533    679    510    596
4    533    626    679    596
4    533    510    679    625
4    533    679    626    625
4     92    680    679    674
4    111    622    680    676
4    679    622    110    677
4    677    674    676    121
4    674    622    676    680
4    674    679    622    680
4    674    676    622    677
4    674    622    679    677
4     92    595    680    674
4    102    678    595    673
4    680    678    111    676
4    676    674    673    121
4    674    678    673    595
4    674    680    678    595
4    674    673    678    676
4    674    678    680    676
4     92    679    680    596
4    110    622    679    626
4    680    622    111    627
4    627    596    626     98
4    596    622    626    679
4    596    680    622    679
4    596    626    622    627
4    596    622    680    627
4     92    680    595    596
4    111    678    680    627
4    595    678    102    597
4    597    596    627     98
4    596    678    627    680
4    596    595    678    680
4    596    627    678    597
4    596    678    595    597
4     17    613    672    513
4    108    681    613    612
4    672    681    121    674
4    674    513    612     92
4    513    681    612    613
4    513    672    681    613
4    513    612    681    674
4    513    681    672    674
4     24    631    610    608
4    112    682    631    683
4    610    682    108    609
4    609    608    683    107
4    608    682    683    631
4    608    610    682    631
4    608    683    682    609
4    608    682    610    609
4    121    684    675    677
4    112    638    684    685
4    675    638     25    618
4    618    677    685    110
4    677    638    685    684
4    677    675    638    684
4    677    685    638    618
4    677    638    675    618
4    110    679    686    625
4     92    604    679    510
4    686    604    107    602
4    602    625    510     21
4    625    604    510    679
4    625    686    604    679
4    625    510    604    602
4    625    604    686    602
4     92    687    604    612
4    112    683    687    682
4    604    683    107    609
4    609    612    682    108
4    612    683    682    687
4    612    604    683    687
4    612    682    683    609
4    612    683    604    609
4     92    674    687    612
4    121    684    674    681
4    687    684    112    682
4    682    612    681    108
4    612    684    681    674
4    612    687    684    674
4    612    681    684    682
4    612    684    687    682
4     92    604    687    679
4    107    683    604    686
4    687    683    112    685
4    685    679    686    110
4    679    683    686    604
4    679    687    683    604
4    679    686    683    685
4    679    683    687    685
4     92    687    674    679
4    112    684    687    685
4    674    684    121    677
4    677    679    685    110
4    679    684    685    687
4    679    674    684    687
4    679    685    684    677
4    679    684    674    677
4     17    562    672    662
4    102    673    562    663
4    672    673    121    688
4    688    662    663    118
4    662    673    663    562
4    662    672    673    562
4    662    663    673    688
4    662    673    672    688
4     23    629    556    666
4    111    678    629    689
4    556    678    102    665
4    665    666    689    119
4    666    678    689    629
4    666    556    678    629
4    666    689    678    665
4    666    678    556    665
4    121    676    675    690
4    111    620    676    691
4    675    620     25    639
4    639    690    691    116
4    690    620    691    676
4    690    675    620    676
4    690    691    620    639
4    690    620    675    639
4    116    692    693    654
4    118    659    692    656
4    693    659    119    657
4    657    654    656     26
4    654    659    656    692
4    654    693    659    692
4    654    656    659    657
4    654    659    693    657
4    118    694    659    663
4    111    689    694    678
4    659    689    119    665
4    665    663    678    102
4    663    689    678    694
4    663    659    689    694
4    663    678    689    665
4    663    689    659    665
4    118    688    694    663
4    121    676    688    673
4    694    676    111    678
4    678    663    673    102
4    663    676    673    688
4    663    694    676    688
4    663    673    676    678
4    663    676    694    678
4    118    659    694    692
4    119    689    659    693
4    694    689    111    691
4    691    692    693    116
4    692    689    693    659
4    692    694    689    659
4    692    693    689    691
4    692    689    694    691
4    118    694    688    692
4    111    676    694    691
4    688    676    121    690
4    690    692    691    116
4    692    676    691    694
4    692    688    676    694
4    692    691    676    690
4    692    676    688    690
4     17    672    613    662
4    121    681    672    688
4    613    681    108    695
4    695    662    688    118
4    662    681    688    672
4    662    613    681    672
4    662    688    681    695
4    662    681    613    695
4     25    638    675    639
4    112    684    638    642
4    675    684    121    690
4    690    639    642    116
4    639    684    642    638
4    639    675    684    638
4    639    642    684    690
4    639    684    675    690
4    108    682    610    696
4    112    631    682    635
4    610    631     24    633
4    633    696    635    114
4    696    631    635    682
4    696    610    631    682
4    696    635    631    633
4    696    631    610    633
4    114    697    652    653
4    118    692    697    656
4    652    692    116    654
4    654    653    656     26
4    653    692    656    697
4    653    652    692    697
4    653    656    692    654
4    653    692    652    654
4    118    698    692    688
4    112    642    698    684
4    692    642    116    690
4    690    688    684    121
4    688    642    684    698
4    688    692    642    698
4    688    684    642    690
4    688    642    692    690
4    118    695    698    688
4    108    682    695    681
4    698    682    112    684
4    684    688    681    121
4    688    682    681    695
4    688    698    682    695
4    688    681    682    684
4    688    682    698    684
4    118    692    698    697
4    116    642    692    652
4    698    642    112    635
4    635    697    652    114
4    697    642    652    692
4    697    698    642    692
4    697    652    642    635
4    697    642    698    635
4    118    698    695    697
4    112    682    698    635
4    695    682    108    696
4    696    697    635    114
4    697    682    635    698
4    697    695    682    698
4    697    635    682    696
4    697    682    695    696
4      1    434    699    436
4     80    700    434    435
4    699    700    122    701
4    701    436    435     82
4    436    700    435    434
4    436    699    700    434
4    436    435    700    701
4    436    700    699    701
4     18    702    425    427
4    123    703    702    704
4    425    703     80    429
4    429    427    704     81
4    427    703    704    702
4    427    425    703    702
4    427    704    703    429
4    427    703    425    429
4    122    705    706    707
4    123    708    705    709
4    706    708     27    710
4    710    707    709    124
4    707    708    709    705
4    707    706    708    705
4    707    709    708    710
4    707    708    706    710
4    124    711    712    713
4     82    438    711    439
4    712    438     81    442
4    442    713    439     20
4    713    438    439    711
4    713    712    438    711
4    713    439    438    442
4    713    438    712    442
4     82    714    438    435
4    123    704    714    703
4    438    704     81    429
4    429    435    703     80
4    435    704    703    714
4    435    438    704    714
4    435    703    704    429
4    435    704    438    429
4     82    701    714    435
4    122    705    701    700
4    714    705    123    703
4    703    435    700     80
4    435    705    700    701
4    435    714    705    701
4    435    700    705    703
4    435    705    714    703
4     82    438    714    711
4     81    704    438    712
4    714    704    123    709
4    709    711    712    124
4    711    704    712    438
4    711    714    704    438
4    711    712    704    709
4    711    704    714    709
4     82    714    701    711
4    123    705    714    709
4    701    705    122    707
4    707    711    709    124
4    711    705    709    714
4    711    701    705    714
4    711    709    705    707
4    711    705    701    707
4      4    715    394    396
4    125    716    715    717
4    394    716     71    398
4    398    396    717     73
4    396    716    717    715
4    396    394    716    715
4    396    717    716    398
4    396    716    394    398
4     28    718    719    720
4    126    721    718    722
4    719    721    125    723
4    723    720    722    127
4    720    721    722    718
4    720    719    721    718
4    720    722    721    723
4    720    721    719    723
4     71    724    401    405
4    126    725    724    726
4    401    725     18    402
4    402    405    726     75
4    405    725    726    724
4    405    401    725    724
4    405    726    725    402
4    405    725    401    402
4     75    415    727    417
4     73    728    415    416
4    727    728    127    729
4    729    417    416     19
4    417    728    416    415
4    417    727    728    415
4    417    416    728    729
4    417    728    727    729
4     73    730    728    717
4    126    722    730    721
4    728    722    127    723
4    723    717    721    125
4    717    722    721    730
4    717    728    722    730
4    717    721    722    723
4    717    722    728    723
4     73    398    730    717
4     71    724    398    716
4    730    724    126    721
4    721    717    716    125
4    717    724    716    398
4    717    730    724    398
4    717    716    724    721
4    717    724    730    721
4     73    728    730    415
4    127    722    728    727
4    730    722    126    726
4    726    415    727     75
4    415    722    727    728
4    415    730    722    728
4    415    727    722    726
4    415    722    730    726
4     73    730    398    415
4    126    724    730    726
4    398    724     71    405
4    405    415    726     75
4    415    724    726    730
4    415    398    724    730
4    415    726    724    405
4    415    724    398    405
4     27    731    732    733
4    128    734    731    735
4    732    734    129    736
4    736    733    735    130
4    733    734    735    731
4    733    732    734    731
4    733    735    734    736
4    733    734    732    736
4     28    737    738    739
4    131    740    737    741
4    738    740    128    742
4    742    739    741    132
4    739    740    741    737
4    739    738    740    737
4    739    741    740    742
4    739    740    738    742
4    129    743    744    745
4    131    746    743    747
4    744    746      2    748
4    748    745    747    133
4    745    746    747    743
4    745    744    746    743
4    745    747    746    748
4    745    746    744    748
4    133    749    750    751
4    130    752    749    753
4    750    752    132    754
4    754    751    753     29
4    751    752    753    749
4    751    750    752    749
4    751    753    752    754
4    751    752    750    754
4    130    755    752    735
4    131    741    755    740
4    752    741    132    742
4    742    735    740    128
4    735    741    740    755
4    735    752    741    755
4    735    740    741    742
4    735    741    752    742
4    130    736    755    735
4    129    743    736    734
4    755    743    131    740
4    740    735    734    128
4    735    743    734    736
4    735    755    743    736
4    735    734    743    740
4    735    743    755    740
4    130    752    755    749
4    132    741    752    750
4    755    741    131    747
4    747    749    750    133
4    749    741    750    752
4    749    755    741    752
4    749    750    741    747
4    749    741    755    747
4    130    755    736    749
4    131    743    755    747
4    736    743    129    745
4    745    749    747    133
4    749    743    747    755
4    749    736    743    755
4    749    747    743    745
4    749    743    736    745
4     29    756    757    758
4    134    759    756    760
4    757    759    135    761
4    761    758    760    136
4    758    759    760    756
4    758    757    759    756
4    758    760    759    761
4    758    759    757    761
4     20    445    762    446
4     84    763    445    449
4    762    763    134    764
4    764    446    449     85
4    446    763    449    445
4    446    762    763    445
4    446    449    763    764
4    446    763    762    764
4    135    765    766    767
4     84    457    765    458
4    766    457     19    461
4    461    767    458     88
4    767    457    458    765
4    767    766    457    765
4    767    458    457    461
4    767    457    766    461
4     88    768    462    464
4    136    769    768    770
4    462    769     85    466
4    466    464    770      9
4    464    769    770    768
4    464    462    769    768
4    464    770    769    466
4    464    769    462    466
4    136    771    769    760
4     84    449    771    763
4    769    449     85    764
4    764    760    763    134
4    760    449    763    771
4    760    769    449    771
4    760    763    449    764
4    760    449    769    764
4    136    761    771    760
4    135    765    761    759
4    771    765     84    763
4    763    760    759    134
4    760    765    759    761
4    760    771    765    761
4    760    759    765    763
4    760    765    771    763
4    136    769    771    768
4     85    449    769    462
4    771    449     84    458
4    458    768    462     88
4    768    449    462    769
4    768    771    449    769
4    768    462    449    458
4    768    449    771    458
4    136    771    761    768
4     84    765    771    458
4    761    765    135    767
4    767    768    458     88
4    768    765    458    771
4    768    761    765    771
4    768    458    765    767
4    768    765    761    767
4     20    772    445    442
4    137    773    772    774
4    445    773     84    493
4    493    442    774     81
4    442    773    774    772
4    442    445    773    772
4    442    774    773    493
4    442    773    445    493
4     28    720    775    718
4    127    776    720    722
4    775    776    137    777
4    777    718    722    126
4    718    776    722    720
4    718    775    776    720
4    718    722    776    777
4    718    776    775    777
4     84    778    457    489
4    127    729    778    727
4    457    729     19    417
4    417    489    727     75
4    489    729    727    778
4    489    457    729    778
4    489    727    729    417
4    489    729    457    417
4     75    491    726    402
4     81    779    491    427
4    726    779    126    725
4    725    402    427     18
4    402    779    427    491
4    402    726    779    491
4    402    427    779    725
4    402    779    726    725
4     81    780    779    774
4    127    722    780    776
4    779    722    126    777
4    777    774    776    137
4    774    722    776    780
4    774    779    722    780
4    774    776    722    777
4    774    722    779    777
4     81    493    780    774
4     84    778    493    773
4    780    778    127    776
4    776    774    773    137
4    774    778    773    493
4    774    780    778    493
4    774    773    778    776
4    774    778    780    776
4     81    779    780    491
4    126    722    779    726
4    780    722    127    727
4    727    491    726     75
4    491    722    726    779
4    491    780    722    779
4    491    726    722    727
4    491    722    780    727
4     81    780    493    491
4    127    778    780    727
4    493    778     84    489
4    489    491    727     75
4    491    778    727    780
4    491    493    778    780
4    491    727    778    489
4    491    778    493    489
4     20    713    772    442
4    124    781    713    712
4    772    781    137    774
4    774    442    712     81
4    442    781    712    713
4    442    772    781    713
4    442    712    781    774
4    442    781    772    774
4     27    731    710    708
4    128    782    731    783
4    710    782    124    709
4    709    708    783    123
4    708    782    783    731
4    708    710    782    731
4    708    783    782    709
4    708    782    710    709
4    137    784    775    777
4    128    738    784    785
4    775    738     28    718
4    718    777    785    126
4    777    738    785    784
4    777    775    738    784
4    777    785    738    718
4    777    738    775    718
4    126    779    786    725
4     81    704    779    427
4    786    704    123    702
4    702    725    427     18
4    725    704    427    779
4    725    786    704    779
4    725    427    704    702
4    725    704    786    702
4     81    787    704    712
4    128    783    787    782
4    704    783    123    709
4    709    712    782    124
4    712    783    782    787
4    712    704    783    787
4    712    782    783    709
4    712    783    704    709
4     81    774    787    712
4    137    784    774    781
4    787    784    128    782
4    782    712    781    124
4    712    784    781    774
4    712    787    784    774
4    712    781    784    782
4    712    784    787    782
4     81    704    787    779
4    123    783    704    786
4    787    783    128    785
4    785    779    786    126
4    779    783    786    704
4    779    787    783    704
4    779    786    783    785
4    779    783    787    785
4     81    787    774    779
4    128    784    787    785
4    774    784    137    777
4    777    779    785    126
4    779    784    785    787
4    779    774    784    787
4    779    785    784    777
4    779    784    774    777
4     20    445    772    762
4     84    773    445    763
4    772    773    137    788
4    788    762    763    134
4    762    773    763    445
4    762    772    773    445
4    762    763    773    788
4    762    773    772    788
4     19    729    457    766
4    127    778    729    789
4    457    778     84    765
4    765    766    789    135
4    766    778    789    729
4    766    457    778    729
4    766    789    778    765
4    766    778    457    765
4    137    776    775    790
4    127    720    776    791
4    775    720     28    739
4    739    790    791    132
4    790    720    791    776
4    790    775    720    776
4    790    791    720    739
4    790    720    775    739
4    132    792    793    754
4    134    759    792    756
4    793    759    135    757
4    757    754    756     29
4    754    759    756    792
4    754    793    759    792
4    754    756    759    757
4    754    759    793    757
4    134    794    759    763
4    127    789    794    778
4    759    789    135    765
4    765    763    778     84
4    763    789    778    794
4    763    759    789    794
4    763    778    789    765
4    763    789    759    765
4    134    788    794    763
4    137    776    788    773
4    794    776    127    778
4    778    763    773     84
4    763    776    773    788
4    763    794    776    788
4    763    773    776    778
4    763    776    794    778
4    134    759    794    792
4    135    789    759    793
4    794    789    127    791
4    791    792    793    132
4    792    789    793    759
4    792    794    789    759
4    792    793    789    791
4    792    789    794    791
4    134    794    788    792
4    127    776    794    791
4    788    776    137    790
4    790    792    791    132
4    792    776    791    794
4    792    788    776    794
4    792    791    776    790
4    792    776    788    790
4     20    772    713    762
4    137    781    772    788
4    713    781    124    795
4    795    762    788    134
4    762    781    788    772
4    762    713    781    772
4    762    788    781    795
4    762    781    713    795
4     28    738    775    739
4    128    784    738    742
4    775    784    137    790
4    790    739    742    132
4    739    784    742    738
4    739    775    784    738
4    739    742    784    790
4    739    784    775    790
4    124    782    710    796
4    128    731    782    735
4    710    731     27    733
4    733    796    735    130
4    796    731    735    782
4    796    710    731    782
4    796    735    731    733
4    796    731    710    733
4    130    797    752    753
4    134    792    797    756
4    752    792    132    754
4    754    753    756     29
4    753    792    756    797
4    753    752    792    797
4    753    756    792    754
4    753    792    752    754
4    134    798    792    788
4    128    742    798    784
4    792    742    132    790
4    790    788    784    137
4    788    742    784    798
4    788    792    742    798
4    788    784    742    790
4    788    742    792    790
4    134    795    798    788
4    124    782    795    781
4    798    782    128    784
4    784    788    781    137
4    788    782    781    795
4    788    798    782    795
4    788    781    782    784
4    788    782    798    784
4    134    792    798    797
4    132    742    792    752
4    798    742    128    735
4    735    797    752    130
4    797    742    752    792
4    797    798    742    792
4    797    752    742    735
4    797    742    798    735
4    134    798    795    797
4    128    782    798    735
4    795    782    124    796
4    796    797    735    130
4    797    782    735    798
4    797    795    782    798
4    797    735    782    796
4    797    782    795    796
4      1    699    799    436
4    122    800    699    701
4    799    800    138    801
4    801    436    701     82
4    436    800    701    699
4    436    799    800    699
4    436    701    800    801
4    436    800    799    801
4     27    802    706    710
4    139    803    802    804
4    706    803    122    707
4    707    710    804    124
4    710    803    804    802
4    710    706    803    802
4    710    804    803    707
4    710    803    706    707
4    138    805    806    807
4    139    808    805    809
4    806    808     30    810
4    810    807    809    140
4    807    808    809    805
4    807    806    808    805
4    807    809    808    810
4    807    808    806    810
4    140    811    812    813
4     82    711    811    439
4    812    711    124    713
4    713    813    439     20
4    813    711    439    811
4    813    812    711    811
4    813    439    711    713
4    813    711    812    713
4     82    814    711    701
4    139    804    814    803
4    711    804    124    707
4    707    701    803    122
4    701    804    803    814
4    701    711    804    814
4    701    803    804    707
4    701    804    711    707
4     82    801    814    701
4    138    805    801    800
4    814    805    139    803
4    803    701    800    122
4    701    805    800    801
4    701    814    805    801
4    701    800    805    803
4    701    805    814    803
4     82    711    814    811
4    124    804    711    812
4    814    804    139    809
4    809    811    812    140
4    811    804    812    711
4    811    814    804    711
4    811    812    804    809
4    811    804    814    809
4     82    814    801    811
4    139    805    814    809
4    801    805    138    807
4    807    811    809    140
4    811    805    809    814
4    811    801    805    814
4    811    809    805    807
4    811    805    801    807
4      2    815    744    748
4    141    816    815    817
4    744    816    129    745
4    745    748    817    133
4    748    816    817    815
4    748    744    816    815
4    748    817    816    745
4    748    816    744    745
4     31    818    819    820
4    142    821    818    822
4    819    821    141    823
4    823    820    822    143
4    820    821    822    818
4    820    819    821    818
4    820    822    821    823
4    820    821    819    823
4    129    824    732    736
4    142    825    824    826
4    732    825     27    733
4    733    736    826    130
4    736    825    826    824
4    736    732    825    824
4    736    826    825    733
4    736    825    732    733
4    130    749    827    753
4    133    828    749    751
4    827    828    143    829
4    829    753    751     29
4    753    828    751    749
4    753    827    828    749
4    753    751    828    829
4    753    828    827    829
4    133    830    828    817
4    142    822    830    821
4    828    822    143    823
4    823    817    821    141
4    817    822    821    830
4    817    828    822    830
4    817    821    822    823
4    817    822    828    823
4    133    745    830    817
4    129    824    745    816
4    830    824    142    821
4    821    817    816    141
4    817    824    816    745
4    817    830    824    745
4    817    816    824    821
4    817    824    830    821
4    133    828    830    749
4    143    822    828    827
4    830    822    142    826
4    826    749    827    130
4    749    822    827    828
4    749    830    822    828
4    749    827    822    826
4    749    822    830    826
4    133    830    745    749
4    142    824    830    826
4    745    824    129    736
4    736    749    826    130
4    749    824    826    830
4    749    745    824    830
4    749    826    824    736
4    749    824    745    736
4     30    831    832    833
4    144    834    831    835
4    832    834    145    836
4    836    833    835    146
4    833    834    835    831
4    833    832    834    831
4    833    835    834    836
4    833    834    832    836
4     31    837    838    839
4    147    840    837    841
4    838    840    144    842
4    842    839    841    148
4    839    840    841    837
4    839    838    840    837
4    839    841    840    842
4    839    840    838    842
4    145    843    844    845
4    147    846    843    847
4    844    846      7    848
4    848    845    847    149
4    845    846    847    843
4    845    844    846    843
4    845    847    846    848
4    845    846    844    848
4    149    849    850    851
4    146    852    849    853
4    850    852    148    854
4    854    851    853     32
4    851    852    853    849
4    851    850    852    849
4    851    853    852    854
4    851    852    850    854
4    146    855    852    835
4    147    841    855    840
4    852    841    148    842
4    842    835    840    144
4    835    841    840    855
4    835    852    841    855
4    835    840    841    842
4    835    841    852    842
4    146    836    855    835
4    145    843    836    834
4    855    843    147    840
4    840    835    834    144
4    835    843    834    836
4    835    855    843    836
4    835    834    843    840
4    835    843    855    840
4    146    852    855    849
4    148    841    852    850
4    855    841    147    847
4    847    849    850    149
4    849    841    850    852
4    849    855    841    852
4    849    850    841    847
4    849    841    855    847
4    146    855    836    849
4    147    843    855    847
4    836    843    145    845
4    845    849    847    149
4    849    843    847    855
4    849    836    843    855
4    849    847    843    845
4    849    843    836    845
4     32    856    857    858
4    150    859    856    860
4    857    859    151    861
4    861    858    860    152
4    858    859    860    856
4    858    857    859    856
4    858    860    859    861
4    858    859    857    861
4     20    762    862    446
4    134    863    762    764
4    862    863    150    864
4    864    446    764     85
4    446    863    764    762
4    446    862    863    762
4    446    764    863    864
4    446    863    862    864
4    151    865    866    867
4    134    756    865    760
4    866    756     29    758
4    758    867    760    136
4    867    756    760    865
4    867    866    756    865
4    867    760    756    758
4    867    756    866    758
4    136    868    769    770
4    152    869    868    870
4    769    869     85    466
4    466    770    870      9
4    770    869    870    868
4    770    769    869    868
4    770    870    869    466
4    770    869    769    466
4    152    871    869    860
4    134    764    871    863
4    869    764     85    864
4    864    860    863    150
4    860    764    863    871
4    860    869    764    871
4    860    863    764    864
4    860    764    869    864
4    152    861    871    860
4    151    865    861    859
4    871    865    134    863
4    863    860    859    150
4    860    865    859    861
4    860    871    865    861
4    860    859    865    863
4    860    865    871    863
4    152    869    871    868
4     85    764    869    769
4    871    764    134    760
4    760    868    769    136
4    868    764    769    869
4    868    871    764    869
4    868    769    764    760
4    868    764    871    760
4    152    871    861    868
4    134    865    871    760
4    861    865    151    867
4    867    868    760    136
4    868    865    760    871
4    868    861    865    871
4    868    760    865    867
4    868    865    861    867
4     20    872    762    713
4    153    873    872    874
4    762    873    134    795
4    795    713    874    124
4    713    873    874    872
4    713    762    873    872
4    713    874    873    795
4    713    873    762    795
4     31    820    875    818
4    143    876    820    822
4    875    876    153    877
4    877    818    822    142
4    818    876    822    820
4    818    875    876    820
4    818    822    876    877
4    818    876    875    877
4    134    878    756    797
4    143    829    878    827
4    756    829     29    753
4    753    797    827    130
4    797    829    827    878
4    797    756    829    878
4    797    827    829    753
4    797    829    756    753
4    130    796    826    733
4    124    879    796    710
4    826    879    142    825
4    825    733    710     27
4    733    879    710    796
4    733    826    879    796
4    733    710    879    825
4    733    879    826    825
4    124    880    879    874
4    143    822    880    876
4    879    822    142    877
4    877    874    876    153
4    874    822    876    880
4    874    879    822    880
4    874    876    822    877
4    874    822    879    877
4    124    795    880    874
4    134    878    795    873
4    880    878    143    876
4    876    874    873    153
4    874    878    873    795
4    874    880    878    795
4    874    873    878    876
4    874    878    880    876
4    124    879    880    796
4    142    822    879    826
4    880    822    143    827
4    827    796    826    130
4    796    822    826    879
4    796    880    822    879
4    796    826    822    827
4    796    822    880    827
4    124    880    795    796
4    143    878    880    827
4    795    878    134    797
4    797    796    827    130
4    796    878    827    880
4    796    795    878    880
4    796    827    878    797
4    796    878    795    797
4     20    813    872    713
4    140    881    813    812
4    872    881    153    874
4    874    713    812    124
4    713    881    812    813
4    713    872    881    813
4    713    812    881    874
4    713    881    872    874
4     30    831    810    808
4    144    882    831    883
4    810    882    140    809
4    809    808    883    139
4    808    882    883    831
4    808    810    882    831
4    808    883    882    809
4    808    882    810    809
4    153    884    875    877
4    144    838    884    885
4    875    838     31    818
4    818    877    885    142
4    877    838    885    884
4    877    875    838    884
4    877    885    838    818
4    877    838    875    818
4    142    879    886    825
4    124    804    879    710
4    886    804    139    802
4    802    825    710     27
4    825    804    710    879
4    825    886    804    879
4    825    710    804    802
4    825    804    886    802
4    124    887    804    812
4    144    883    887    882
4    804    883    139    809
4    809    812    882    140
4    812    883    882    887
4    812    804    883    887
4    812    882    883    809
4    812    883    804    809
4    124    874    887    812
4    153    884    874    881
4    887    884    144    882
4    882    812    881    140
4    812    884    881    874
4    812    887    884    874
4    812    881    884    882
4    812    884    887    882
4    124    804    887    879
4    139    883    804    886
4    887    883    144    885
4    885    879    886    142
4    879    883    886    804
4    879    887    883    804
4    879    886    883    885
4    879    883    887    885
4    124    887    874    879
4    144    884    887    885
4    874    884    153    877
4    877    879    885    142
4    879    884    885    887
4    879    874    884    887
4    879    885    884    877
4    879    884    874    877
4     20    762    872    862
4    134    873    762    863
4    872    873    153    888
4    888    862    863    150
4    862    873    863    762
4    862    872    873    762
4    862    863    873    888
4    862    873    872    888
4     29    829    756    866
4    143    878    829    889
4    756    878    134    865
4    865    866    889    151
4    866    878    889    829
4    866    756    878    829
4    866    889    878    865
4    866    878    756    865
4    153    876    875    890
4    143    820    876    891
4    875    820     31    839
4    839    890    891    148
4    890    820    891    876
4    890    875    820    876
4    890    891    820    839
4    890    820    875    839
4    148    892    893    854
4    150    859    892    856
4    893    859    151    857
4    857    854    856     32
4    854    859    856    892
4    854    893    859    892
4    854    856    859    857
4    854    859    893    857
4    150    894    859    863
4    143    889    894    878
4    859    889    151    865
4    865    863    878    134
4    863    889    878    894
4    863    859    889    894
4    863    878    889    865
4    863    889    859    865
4    150    888    894    863
4    153    876    888    873
4    894    876    143    878
4    878    863    873    134
4    863    876    873    888
4    863    894    876    888
4    863    873    876    878
4    863    876    894    878
4    150    859    894    892
4    151    889    859    893
4    894    889    143    891
4    891    892    893    148
4    892    889    893    859
4    892    894    889    859
4    892    893    889    891
4    892    889    894    891
4    150    894    888    892
4    143    876    894    891
4    888    876    153    890
4    890    892    891    148
4    892    876    891    894
4    892    888    876    894
4    892    891    876    890
4    892    876    888    890
4     20    872    813    862
4    153    881    872    888
4    813    881    140    895
4    895    862    888    150
4    862    881    888    872
4    862    813    881    872
4    862    888    881    895
4    862    881    813    895
4     31    838    875    839
4    144    884    838    842
4    875    884    153    890
4    890    839    842    148
4    839    884    842    838
4    839    875    884    838
4    839    842    884    890
4    839    884    875    890
4    140    882    810    896
4    144    831    882    835
4    810    831     30    833
4    833    896    835    146
4    896    831    835    882
4    896    810    831    882
4    896    835    831    833
4    896    831    810    833
4    146    897    852    853
4    150    892    897    856
4    852    892    148    854
4    854    853    856     32
4    853    892    856    897
4    853    852    892    897
4    853    856    892    854
4    853    892    852    854
4    150    898    892    888
4    144    842    898    884
4    892    842    148    890
4    890    888    884    153
4    888    842    884    898
4    888    892    842    898
4    888    884    842    890
4    888    842    892    890
4    150    895    898    888
4    140    882    895    881
4    898    882    144    884
4    884    888    881    153
4    888    882    881    895
4    888    898    882    895
4    888    881    882    884
4    888    882    898    884
4    150    892    898    897
4    148    842    892    852
4    898    842    144    835
4    835    897    852    146
4    897    842    852    892
4    897    898    842    892
4    897    852    842    835
4    897    842    898    835
4    150    898    895    897
4    144    882    898    835
4    895    882    140    896
4    896    897    835    146
4    897    882    835    898
4    897    895    882    898
4    897    835    882    896
4    897    882    895    896
4      1    799    515    436
4    138    899    799    801
4    515    899     93    517
4    517    436    801     82
4    436    899    801    799
4    436    515    899    799
4    436    801    899    517
4    436    899    515    517
4     30    900    806    810
4    154    901    900    902
4    806    901    138    807
4    807    810    902    140
4    810    901    902    900
4    810    806    901    900
4    810    902    901    807
4    810    901    806    807
4     93    903    519    523
4    154    904    903    905
4    519    904     22    520
4    520    523    905     95
4    523    904    905    903
4    523    519    904    903
4    523    905    904    520
4    523    904    519    520
4     95    528    906    529
4     82    811    528    439
4    906    811    140    813
4    813    529    439     20
4    529    811    439    528
4    529    906    811    528
4    529    439    811    813
4    529    811    906    813
4     82    907    811    801
4    154    902    907    901
4    811    902    140    807
4    807    801    901    138
4    801    902    901    907
4    801    811    902    907
4    801    901    902    807
4    801    902    811    807
4     82    517    907    801
4     93    903    517    899
4    907    903    154    901
4    901    801    899    138
4    801    903    899    517
4    801    907    903    517
4    801    899    903    901
4    801    903    907    901
4     82    811    907    528
4    140    902    811    906
4    907    902    154    905
4    905    528    906     95
4    528    902    906    811
4    528    907    902    811
4    528    906    902    905
4    528    902    907    905
4     82    907    517    528
4    154    903    907    905
4    517    903     93    523
4    523    528    905     95
4    528    903    905    907
4    528    517    903    907
4    528    905    903    523
4    528    903    517    523
4      7    908    844    848
4    155    909    908    910
4    844    909    145    845
4    845    848    910    149
4    848    909    910    908
4    848    844    909    908
4    848    910    909    845
4    848    909    844    845
4     33    911    912    913
4    156    914    911    915
4    912    914    155    916
4    916    913    915    157
4    913    914    915    911
4    913    912    914    911
4    913    915    914    916
4    913    914    912    916
4    145    917    832    836
4    156    918    917    919
4    832    918     30    833
4    833    836    919    146
4    836    918    919    917
4    836    832    918    917
4    836    919    918    833
4    836    918    832    833
4    146    849    920    853
4    149    921    849    851
4    920    921    157    922
4    922    853    851     32
4    853    921    851    849
4    853    920    921    849
4    853    851    921    922
4    853    921    920    922
4    149    923    921    910
4    156    915    923    914
4    921    915    157    916
4    916    910    914    155
4    910    915    914    923
4    910    921    915    923
4    910    914    915    916
4    910    915    921    916
4    149    845    923    910
4    145    917    845    909
4    923    917    156    914
4    914    910    909    155
4    910    917    909    845
4    910    923    917    845
4    910    909    917    914
4    910    917    923    914
4    149    921    923    849
4    157    915    921    920
4    923    915    156    919
4    919    849    920    146
4    849    915    920    921
4    849    923    915    921
4    849    920    915    919
4    849    915    923    919
4    149    923    845    849
4    156    917    923    919
4    845    917    145    836
4    836    849    919    146
4    849    917    919    923
4    849    845    917    923
4    849    919    917    836
4    849    917    845    836
4     22    924    537    539
4    158    925    924    926
4    537    925     99    541
4    541    539    926    100
4    539    925    926    924
4    539    537    925    924
4    539    926    925    541
4    539    925    537    541
4     33    927    928    929
4    159    930    927    931
4    928    930    158    932
4    932    929    931    160
4    929    930    931    927
4    929    928    930    927
4    929    931    930    932
4    929    930    928    932
4     99    933    546    547
4    159    934    933    935
4    546    934      6    548
4    548    547    935    101
4    547    934    935    933
4    547    546    934    933
4    547    935    934    548
4    547    934    546    548
4    101    550    936    551
4    100    937    550    554
4    936    937    160    938
4    938    551    554     23
4    551    937    554    550
4    551    936    937    550
4    551    554    937    938
4    551    937    936    938
4    100    939    937    926
4    159    931    939    930
4    937    931    160    932
4    932    926    930    158
4    926    931    930    939
4    926    937    931    939
4    926    930    931    932
4    926    931    937    932
4    100    541    939    926
4     99    933    541    925
4    939    933    159    930
4    930    926    925    158
4    926    933    925    541
4    926    939    933    541
4    926    925    933    930
4    926    933    939    930
4    100    937    939    550
4    160    931    937    936
4    939    931    159    935
4    935    550    936    101
4    550    931    936    937
4    550    939    931    937
4    550    936    931    935
4    550    931    939    935
4    100    939    541    550
4    159    933    939    935
4    541    933     99    547
4    547    550    935    101
4    550    933    935    939
4    550    541    933    939
4    550    935    933    547
4    550    933    541    547
4     23    557    940    558
4    103    941    557    561
4    940    941    161    942
4    942    558    561    104
4    558    941    561    557
4    558    940    941    557
4    558    561    941    942
4    558    941    940    942
4     20    862    566    446
4    150    943    862    864
4    566    943    103    567
4    567    446    864     85
4    446    943    864    862
4    446    566    943    862
4    446    864    943    567
4    446    943    566    567
4    161    944    945    946
4    150    856    944    860
4    945    856     32    858
4    858    946    860    152
4    946    856    860    944
4    946    945    856    944
4    946    860    856    858
4    946    856    945    858
4    152    947    869    870
4    104    568    947    570
4    869    568     85    466
4    466    870    570      9
4    870    568    570    947
4    870    869    568    947
4    870    570    568    466
4    870    568    869    466
4    104    948    568    561
4    150    864    948    943
4    568    864     85    567
4    567    561    943    103
4    561    864    943    948
4    561    568    864    948
4    561    943    864    567
4    561    864    568    567
4    104    942    948    561
4    161    944    942    941
4    948    944    150    943
4    943    561    941    103
4    561    944    941    942
4    561    948    944    942
4    561    941    944    943
4    561    944    948    943
4    104    568    948    947
4     85    864    568    869
4    948    864    150    860
4    860    947    869    152
4    947    864    869    568
4    947    948    864    568
4    947    869    864    860
4    947    864    948    860
4    104    948    942    947
4    150    944    948    860
4    942    944    161    946
4    946    947    860    152
4    947    944    860    948
4    947    942    944    948
4    947    860    944    946
4    947    944    942    946
4     20    949    862    813
4    162    950    949    951
4    862    950    150    895
4    895    813    951    140
4    813    950    951    949
4    813    862    950    949
4    813    951    950    895
4    813    950    862    895
4     33    913    952    911
4    157    953    913    915
4    952    953    162    954
4    954    911    915    156
4    911    953    915    913
4    911    952    953    913
4    911    915    953    954
4    911    953    952    954
4    150    955    856    897
4    157    922    955    920
4    856    922     32    853
4    853    897    920    146
4    897    922    920    955
4    897    856    922    955
4    897    920    922    853
4    897    922    856    853
4    146    896    919    833
4    140    956    896    810
4    919    956    156    918
4    918    833    810     30
4    833    956    810    896
4    833    919    956    896
4    833    810    956    918
4    833    956    919    918
4    140    957    956    951
4    157    915    957    953
4    956    915    156    954
4    954    951    953    162
4    951    915    953    957
4    951    956    915    957
4    951    953    915    954
4    951    915    956    954
4    140    895    957    951
4    150    955    895    950
4    957    955    157    953
4    953    951    950    162
4    951    955    950    895
4    951    957    955    895
4    951    950    955    953
4    951    955    957    953
4    140    956    957    896
4    156    915    956    919
4    957    915    157    920
4    920    896    919    146
4    896    915    919    956
4    896    957    915    956
4    896    919    915    920
4    896    915    957    920
4    140    957    895    896
4    157    955    957    920
4    895    955    150    897
4    897    896    920    146
4    896    955    920    957
4    896    895    955    957
4    896    920    955    897
4    896    955    895    897
4     20    529    949    813
4     95    958    529    906
4    949    958    162    951
4    951    813    906    140
4    813    958    906    529
4    813    949    958    529
4    813    906    958    951
4    813    958    949    951
4     22    924    520    904
4    158    959    924    960
4    520    959     95    905
4    905    904    960    154
4    904    959    960    924
4    904    520    959    924
4    904    960    959    905
4    904    959    520    905
4    162    961    952    954
4    158    928    961    962
4    952    928     33    911
4    911    954    962    156
4    954    928    962    961
4    954    952    928    961
4    954    962    928    911
4    954    928    952    911
4    156    956    963    918
4    140    902    956    810
4    963    902    154    900
4    900    918    810     30
4    918    902    810    956
4    918    963    902    956
4    918    810    902    900
4    918    902    963    900
4    140    964    902    906
4    158    960    964    959
4    902    960    154    905
4    905    906    959     95
4    906    960    959    964
4    906    902    960    964
4    906    959    960    905
4    906    960    902    905
4    140    951    964    906
4    162    961    951    958
4    964    961    158    959
4    959    906    958     95
4    906    961    958    951
4    906    964    961    951
4    906    958    961    959
4    906    961    964    959
4    140    902    964    956
4    154    960    902    963
4    964    960    158    962
4    962    956    963    156
4    956    960    963    902
4    956    964    960    902
4    956    963    960    962
4    956    960    964    962
4    140    964    951    956
4    158    961    964    962
4    951    961    162    954
4    954    956    962    156
4    956    961    962    964
4    956    951    961    964
4    956    962    961    954
4    956    961    951    954
4     20    862    949    566
4    150    950    862    943
4    949    950    162    965
4    965    566    943    103
4    566    950    943    862
4    566    949    950    862
4    566    943    950    965
4    566    950    949    965
4     32    922    856    945
4    157    955    922    966
4    856    955    150    944
4    944    945    966    161
4    945    955    966    922
4    945    856    955    922
4    945    966    955    944
4    945    955    856    944
4    162    953    952    967
4    157    913    953    968
4    952    913     33    929
4    929    967    968    160
4    967    913    968    953
4    967    952    913    953
4    967    968    913    929
4    967    913    952    929
4    160    969    970    938
4    103    941    969    557
4    970    941    161    940
4    940    938    557     23
4    938    941    557    969
4    938    970    941    969
4    938    557    941    940
4    938    941    970    940
4    103    971    941    943
4    157    966    971    955
4    941    966    161    944
4    944    943    955    150
4    943    966    955    971
4    943    941    966    971
4    943    955    966    944
4    943    966    941    944
4    103    965    971    943
4    162    953    965    950
4    971    953    157    955
4    955    943    950    150
4    943    953    950    965
4    943    971    953    965
4    943    950    953    955
4    943    953    971    955
4    103    941    971    969
4    161    966    941    970
4    971    966    157    968
4    968    969    970    160
4    969    966    970    941
4    969    971    966    941
4    969    970    966    968
4    969    966    971    968
4    103    971    965    969
4    157    953    971    968
4    965    953    162    967
4    967    969    968    160
4    969    953    968    971
4    969    965    953    971
4    969    968    953    967
4    969    953    965    967
4     20    949    529    566
4    162    958    949    965
4    529    958     95    589
4    589    566    965    103
4    566    958    965    949
4    566    529    958    949
4    566    965    958    589
4    566    958    529    589
4     33    928    952    929
4    158    961    928    932
4    952    961    162    967
4    967    929    932    160
4    929    961    932    928
4    929    952    961    928
4    929    932    961    967
4    929    961    952    967
4     95    959    520    591
4    158    924    959    926
4    520    924     22    539
4    539    591    926    100
4    591    924    926    959
4    591    520    924    959
4    591    926    924    539
4    591    924    520    539
4    100    593    937    554
4    103    969    593    557
4    937    969    160    938
4    938    554    557     23
4    554    969    557    593
4    554    937    969    593
4    554    557    969    938
4    554    969    937    938
4    103    972    969    965
4    158    932    972    961
4    969    932    160    967
4    967    965    961    162
4    965    932    961    972
4    965    969    932    972
4    965    961    932    967
4    965    932    969    967
4    103    589    972    965
4     95    959    589    958
4    972    959    158    961
4    961    965    958    162
4    965    959    958    589
4    965    972    959    589
4    965    958    959    961
4    965    959    972    961
4    103    969    972    593
4    160    932    969    937
4    972    932    158    926
4    926    593    937    100
4    593    932    937    969
4    593    972    932    969
4    593    937    932    926
4    593    932    972    926
4    103    972    589    593
4    158    959    972    926
4    589    959     95    591
4    591    593    926    100
4    593    959    926    972
4    593    589    959    972
4    593    926    959    591
4    593    959    589    591
4      2    746    973    748
4    131    974    746    747
4    973    974    163    975
4    975    748    747    133
4    748    974    747    746
4    748    973    974    746
4    748    747    974    975
4    748    974    973    975
4     28    976    737    739
4    164    977    976    978
4    737    977    131    741
4    741    739    978    132
4    739    977    978    976
4    739    737    977    976
4    739    978    977    741
4    739    977    737    741
4    163    979    980    981
4    164    982    979    983
4    980    982     34    984
4    984    981    983    165
4    981    982    983    979
4    981    980    982    979
4    981    983    982    984
4    981    982    980    984
4    165    985    986    987
4    133    750    985    751
4    986    750    132    754
4    754    987    751     29
4    987    750    751    985
4    987    986    750    985
4    987    751    750    754
4    987    750    986    754
4    133    988    750    747
4    164    978    988    977
4    750    978    132    741
4    741    747    977    131
4    747    978    977    988
4    747    750    978    988
4    747    977    978    741
4    747    978    750    741
4    133    975    988    747
4    163    979    975    974
4    988    979    164    977
4    977    747    974    131
4    747    979    974    975
4    747    988    979    975
4    747    974    979    977
4    747    979    988    977
4    133    750    988    985
4    132    978    750    986
4    988    978    164    983
4    983    985    986    165
4    985    978    986    750
4    985    988    978    750
4    985    986    978    983
4    985    978    988    983
4    133    988    975    985
4    164    979    988    983
4    975    979    163    981
4    981    985    983    165
4    985    979    983    988
4    985    975    979    988
4    985    983    979    981
4    985    979    975    981
4      4    989    715    396
4    166    990    989    991
4    715    990    125    717
4    717    396    991     73
4    396    990    991    989
4    396    715    990    989
4    396    991    990    717
4    396    990    715    717
4     35    992    993    994
4    167    995    992    996
4    993    995    166    997
4    997    994    996    168
4    994    995    996    992
4    994    993    995    992
4    994    996    995    997
4    994    995    993    997
4    125    998    719    723
4    167    999    998   1000
4    719    999     28    720
4    720    723   1000    127
4    723    999   1000    998
4    723    719    999    998
4    723   1000    999    720
4    723    999    719    720
4    127    728   1001    729
4     73   1002    728    416
4   1001   1002    168   1003
4   1003    729    416     19
4    729   1002    416    728
4    729   1001   1002    728
4    729    416   1002   1003
4    729   1002   1001   1003
4     73   1004   1002    991
4    167    996   1004    995
4   1002    996    168    997
4    997    991    995    166
4    991    996    995   1004
4    991   1002    996   1004
4    991    995    996    997
4    991    996   1002    997
4     73    717   1004    991
4    125    998    717    990
4   1004    998    167    995
4    995    991    990    166
4    991    998    990    717
4    991   1004    998    717
4    991    990    998    995
4    991    998   1004    995
4     73   1002   1004    728
4    168    996   1002   1001
4   1004    996    167   1000
4   1000    728   1001    127
4    728    996   1001   1002
4    728   1004    996   1002
4    728   1001    996   1000
4    728    996   1004   1000
4     73   1004    717    728
4    167    998   1004   1000
4    717    998    125    723
4    723    728   1000    127
4    728    998   1000   1004
4    728    717    998   1004
4    728   1000    998    723
4    728    998    717    723
4     34   1005   1006   1007
4    169   1008   1005   1009
4   1006   1008    170   1010
4   1010   1007   1009    171
4   1007   1008   1009   1005
4   1007   1006   1008   1005
4   1007   1009   1008   1010
4   1007   1008   1006   1010
4     35   1011   1012   1013
4    172   1014   1011   1015
4   1012   1014    169   1016
4   1016   1013   1015    173
4   1013   1014   1015   1011
4   1013   1012   1014   1011
4   1013   1015   1014   1016
4   1013   1014   1012   1016
4    170   1017   1018   1019
4    172   1020   1017   1021
4   1018   1020      3   1022
4   1022   1019   1021    174
4   1019   1020   1021   1017
4   1019   1018   1020   1017
4   1019   1021   1020   1022
4   1019   1020   1018   1022
4    174   1023   1024   1025
4    171   1026   1023   1027
4   1024   1026    173   1028
4   1028   1025   1027     36
4   1025   1026   1027   1023
4   1025   1024   1026   1023
4   1025   1027   1026   1028
4   1025   1026   1024   1028
4    171   1029   1026   1009
4    172   1015   1029   1014
4   1026   1015    173   1016
4   1016   1009   1014    169
4   1009   1015   1014   1029
4   1009   1026   1015   1029
4   1009   1014   1015   1016
4   1009   1015   1026   1016
4    171   1010   1029   1009
4    170   1017   1010   1008
4   1029   1017    172   1014
4   1014   1009   1008    169
4   1009   1017   1008   1010
4   1009   1029   1017   1010
4   1009   1008   1017   1014
4   1009   1017   1029   1014
4    171   1026   1029   1023
4    173   1015   1026   1024
4   1029   1015    172   1021
4   1021   1023   1024    174
4   1023   1015   1024   1026
4   1023   1029   1015   1026
4   1023   1024   1015   1021
4   1023   1015   1029   1021
4    171   1029   1010   1023
4    172   1017   1029   1021
4   1010   1017    170   1019
4   1019   1023   1021    174
4   1023   1017   1021   1029
4   1023   1010   1017   1029
4   1023   1021   1017   1019
4   1023   1017   1010   1019
4     36   1030   1031   1032
4    175   1033   1030   1034
4   1031   1033    176   1035
4   1035   1032   1034    177
4   1032   1033   1034   1030
4   1032   1031   1033   1030
4   1032   1034   1033   1035
4   1032   1033   1031   1035
4     29    757   1036    758
4    135   1037    757    761
4   1036   1037    175   1038
4   1038    758    761    136
4    758   1037    761    757
4    758   1036   1037    757
4    758    761   1037   1038
4    758   1037   1036   1038
4    176   1039   1040   1041
4    135    766   1039    767
4   1040    766     19    461
4    461   1041    767     88
4   1041    766    767   1039
4   1041   1040    766   1039
4   1041    767    766    461
4   1041    766   1040    461
4     88   1042    768    464
4    177   1043   1042   1044
4    768   1043    136    770
4    770    464   1044      9
4    464   1043   1044   1042
4    464    768   1043   1042
4    464   1044   1043    770
4    464   1043    768    770
4    177   1045   1043   1034
4    135    761   1045   1037
4   1043    761    136   1038
4   1038   1034   1037    175
4   1034    761   1037   1045
4   1034   1043    761   1045
4   1034   1037    761   1038
4   1034    761   1043   1038
4    177   1035   1045   1034
4    176   1039   1035   1033
4   1045   1039    135   1037
4   1037   1034   1033    175
4   1034   1039   1033   1035
4   1034   1045   1039   1035
4   1034   1033   1039   1037
4   1034   1039   1045   1037
4    177   1043   1045   1042
4    136    761   1043    768
4   1045    761    135    767
4    767   1042    768     88
4   1042    761    768   1043
4   1042   1045    761   1043
4   1042    768    761    767
4   1042    761   1045    767
4    177   1045   1035   1042
4    135   1039   1045    767
4   1035   1039    176   1041
4   1041   1042    767     88
4   1042   1039    767   1045
4   1042   1035   1039   1045
4   1042    767   1039   1041
4   1042   1039   1035   1041
4     29   1046    757    754
4    178   1047   1046   1048
4    757   1047    135    793
4    793    754   1048    132
4    754   1047   1048   1046
4    754    757   1047   1046
4    754   1048   1047    793
4    754   1047    757    793
4     35    994   1049    992
4    168   1050    994    996
4   1049   1050    178   1051
4   1051    992    996    167
4    992   1050    996    994
4    992   1049   1050    994
4    992    996   1050   1051
4    992   1050   1049   1051
4    135   1052    766    789
4    168   1003   1052   1001
4    766   1003     19    729
4    729    789   1001    127
4    789   1003   1001   1052
4    789    766   1003   1052
4    789   1001   1003    729
4    789   1003    766    729
4    127    791   1000    720
4    132   1053    791    739
4   1000   1053    167    999
4    999    720    739     28
4    720   1053    739    791
4    720   1000   1053    791
4    720    739   1053    999
4    720   1053   1000    999
4    132   1054   1053   1048
4    168    996   1054   1050
4   1053    996    167   1051
4   1051   1048   1050    178
4   1048    996   1050   1054
4   1048   1053    996   1054
4   1048   1050    996   1051
4   1048    996   1053   1051
4    132    793   1054   1048
4    135   1052    793   1047
4   1054   1052    168   1050
4   1050   1048   1047    178
4   1048   1052   1047    793
4   1048   1054   1052    793
4   1048   1047   1052   1050
4   1048   1052   1054   1050
4    132   1053   1054    791
4    167    996   1053   1000
4   1054    996    168   1001
4   1001    791   1000    127
4    791    996   1000   1053
4    791   1054    996   1053
4    791   1000    996   1001
4    791    996   1054   1001
4    132   1054    793    791
4    168   1052   1054   1001
4    793   1052    135    789
4    789    791   1001    127
4    791   1052   1001   1054
4    791    793   1052   1054
4    791   1001   1052    789
4    791   1052    793    789
4     29    987   1046    754
4    165   1055    987    986
4   1046   1055    178   1048
4   1048    754    986    132
4    754   1055    986    987
4    754   1046   1055    987
4    754    986   1055   1048
4    754   1055   1046   1048
4     34   1005    984    982
4    169   1056   1005   1057
4    984   1056    165    983
4    983    982   1057    164
4    982   1056   1057   1005
4    982    984   1056   1005
4    982   1057   1056    983
4    982   1056    984    983
4    178   1058   1049   1051
4    169   1012   1058   1059
4   1049   1012     35    992
4    992   1051   1059    167
4   1051   1012   1059   1058
4   1051   1049   1012   1058
4   1051   1059   1012    992
4   1051   1012   1049    992
4    167   1053   1060    999
4    132    978   1053    739
4   1060    978    164    976
4    976    999    739     28
4    999    978    739   1053
4    999   1060    978   1053
4    999    739    978    976
4    999    978   1060    976
4    132   1061    978    986
4    169   1057   1061   1056
4    978   1057    164    983
4    983    986   1056    165
4    986   1057   1056   1061
4    986    978   1057   1061
4    986   1056   1057    983
4    986   1057    978    983
4    132   1048   1061    986
4    178   1058   1048   1055
4   1061   1058    169   1056
4   1056    986   1055    165
4    986   1058   1055   1048
4    986   1061   1058   1048
4    986   1055   1058   1056
4    986   1058   1061   1056
4    132    978   1061   1053
4    164   1057    978   1060
4   1061   1057    169   1059
4   1059   1053   1060    167
4   1053   1057   1060    978
4   1053   1061   1057    978
4   1053   1060   1057   1059
4   1053   1057   1061   1059
4    132   1061   1048   1053
4    169   1058   1061   1059
4   1048   1058    178   1051
4   1051   1053   1059    167
4   1053   1058   1059   1061
4   1053   1048   1058   1061
4   1053   1059   1058   1051
4   1053   1058   1048   1051
4     29    757   1046   1036
4    135   1047    757   1037
4   1046   1047    178   1062
4   1062   1036   1037    175
4   1036   1047   1037    757
4   1036   1046   1047    757
4   1036   1037   1047   1062
4   1036   1047   1046   1062
4     19   1003    766   1040
4    168   1052   1003   1063
4    766   1052    135   1039
4   1039   1040   1063    176
4   1040   1052   1063   1003
4   1040    766   1052   1003
4   1040   1063   1052   1039
4   1040   1052    766   1039
4    178   1050   1049   1064
4    168    994   1050   1065
4   1049    994     35   1013
4   1013   1064   1065    173
4   1064    994   1065   1050
4   1064   1049    994   1050
4   1064   1065    994   1013
4   1064    994   1049   1013
4    173   1066   1067   1028
4    175   1033   1066   1030
4   1067   1033    176   1031
4   1031   1028   1030     36
4   1028   1033   1030   1066
4   1028   1067   1033   1066
4   1028   1030   1033   1031
4   1028   1033   1067   1031
4    175   1068   1033   1037
4    168   1063   1068   1052
4   1033   1063    176   1039
4   1039   1037   1052    135
4   1037   1063   1052   1068
4   1037   1033   1063   1068
4   1037   1052   1063   1039
4   1037   1063   1033   1039
4    175   1062   1068   1037
4    178   1050   1062   1047
4   1068   1050    168   1052
4   1052   1037   1047    135
4   1037   1050   1047   1062
4   1037   1068   1050   1062
4   1037   1047   1050   1052
4   1037   1050   1068   1052
4    175   1033   1068   1066
4    176   1063   1033   1067
4   1068   1063    168   1065
4   1065   1066   1067    173
4   1066   1063   1067   1033
4   1066   1068   1063   1033
4   1066   1067   1063   1065
4   1066   1063   1068   1065
4    175   1068   1062   1066
4    168   1050   1068   1065
4   1062   1050    178   1064
4   1064   1066   1065    173
4   1066   1050   1065   1068
4   1066   1062   1050   1068
4   1066   1065   1050   1064
4   1066   1050   1062   1064
4     29   1046    987   1036
4    178   1055   1046   1062
4    987   1055    165   1069
4   1069   1036   1062    175
4   1036   1055   1062   1046
4   1036    987   1055   1046
4   1036   1062   1055   1069
4   1036   1055    987   1069
4     35   1012   1049   1013
4    169   1058   1012   1016
4   1049   1058    178   1064
4   1064   1013   1016    173
4   1013   1058   1016   1012
4   1013   1049   1058   1012
4   1013   1016   1058   1064
4   1013   1058   1049   1064
4    165   1056    984   1070
4    169   1005   1056   1009
4    984   1005     34   1007
4   1007   1070   1009    171
4   1070   1005   1009   1056
4   1070    984   1005   1056
4   1070   1009   1005   1007
4   1070   1005    984   1007
4    171   1071   1026   1027
4    175   1066   1071   1030
4   1026   1066    173   1028
4   1028   1027   1030     36
4   1027   1066   1030   1071
4   1027   1026   1066   1071
4   1027   1030   1066   1028
4   1027   1066   1026   1028
4    175   1072   1066   1062
4    169   1016   1072   1058
4   1066   1016    173   1064
4   1064   1062   1058    178
4   1062   1016   1058   1072
4   1062   1066   1016   1072
4   1062   1058   1016   1064
4   1062   1016   1066   1064
4    175   1069   1072   1062
4    165   1056   1069   1055
4   1072   1056    169   1058
4   1058   1062   1055    178
4   1062   1056   1055   1069
4   1062   1072   1056   1069
4   1062   1055   1056   1058
4   1062   1056   1072   1058
4    175   1066   1072   1071
4    173   1016   1066   1026
4   1072   1016    169   1009
4   1009   1071   1026    171
4   1071   1016   1026   1066
4   1071   1072   1016   1066
4   1071   1026   1016   1009
4   1071   1016   1072   1009
4    175   1072   1069   1071
4    169   1056   1072   1009
4   1069   1056    165   1070
4   1070   1071   1009    171
4   1071   1056   1009   1072
4   1071   1069   1056   1072
4   1071   1009   1056   1070
4   1071   1056   1069   1070
4      2    973   1073    748
4    163   1074    973    975
4   1073   1074    179   1075
4   1075    748    975    133
4    748   1074    975    973
4    748   1073   1074    973
4    748    975   1074   1075
4    748   1074   1073   1075
4     34   1076    980    984
4    180   1077   1076   1078
4    980   1077    163    981
4    981    984   1078    165
4    984   1077   1078   1076
4    984    980   1077   1076
4    984   1078   1077    981
4    984   1077    980    981
4    179   1079   1080   1081
4    180   1082   1079   1083
4   1080   1082     37   1084
4   1084   1081   1083    181
4   1081   1082   1083   1079
4   1081   1080   1082   1079
4   1081   1083   1082   1084
4   1081   1082   1080   1084
4    181   1085   1086   1087
4    133    985   1085    751
4   1086    985    165    987
4    987   1087    751     29
4   1087    985    751   1085
4   1087   1086    985   1085
4   1087    751    985    987
4   1087    985   1086    987
4    133   1088    985    975
4    180   1078   1088   1077
4    985   1078    165    981
4    981    975   1077    163
4    975   1078   1077   1088
4    975    985   1078   1088
4    975   1077   1078    981
4    975   1078    985    981
4    133   1075   1088    975
4    179   1079   1075   1074
4   1088   1079    180   1077
4   1077    975   1074    163
4    975   1079   1074   1075
4    975   1088   1079   1075
4    975   1074   1079   1077
4    975   1079   1088   1077
4    133    985   1088   1085
4    165   1078    985   1086
4   1088   1078    180   1083
4   1083   1085   1086    181
4   1085   1078   1086    985
4   1085   1088   1078    985
4   1085   1086   1078   1083
4   1085   1078   1088   1083
4    133   1088   1075   1085
4    180   1079   1088   1083
4   1075   1079    179   1081
4   1081   1085   1083    181
4   1085   1079   1083   1088
4   1085   1075   1079   1088
4   1085   1083   1079   1081
4   1085   1079   1075   1081
4      3   1089   1018   1022
4    182   1090   1089   1091
4   1018   1090    170   1019
4   1019   1022   1091    174
4   1022   1090   1091   1089
4   1022   1018   1090   1089
4   1022   1091   1090   1019
4   1022   1090   1018   1019
4     38   1092   1093   1094
4    183   1095   1092   1096
4   1093   1095    182   1097
4   1097   1094   1096    184
4   1094   1095   1096   1092
4   1094   1093   1095   1092
4   1094   1096   1095   1097
4   1094   1095   1093   1097
4    170   1098   1006   1010
4    183   1099   1098   1100
4   1006   1099     34   1007
4   1007   1010   1100    171
4   1010   1099   1100   1098
4   1010   1006   1099   1098
4   1010   1100   1099   1007
4   1010   1099   1006   1007
4    171   1023   1101   1027
4    174   1102   1023   1025
4   1101   1102    184   1103
4   1103   1027   1025     36
4   1027   1102   1025   1023
4   1027   1101   1102   1023
4   1027   1025   1102   1103
4   1027   1102   1101   1103
4    174   1104   1102   1091
4    183   1096   1104   1095
4   1102   1096    184   1097
4   1097   1091   1095    182
4   1091   1096   1095   1104
4   1091   1102   1096   1104
4   1091   1095   1096   1097
4   1091   1096   1102   1097
4    174   1019   1104   1091
4    170   1098   1019   1090
4   1104   1098    183   1095
4   1095   1091   1090    182
4   1091   1098   1090   1019
4   1091   1104   1098   1019
4   1091   1090   1098   1095
4   1091   1098   1104   1095
4    174   1102   1104   1023
4    184   1096   1102   1101
4   1104   1096    183   1100
4   1100   1023   1101    171
4   1023   1096   1101   1102
4   1023   1104   1096   1102
4   1023   1101   1096   1100
4   1023   1096   1104   1100
4    174   1104   1019   1023
4    183   1098   1104   1100
4   1019   1098    170   1010
4   1010   1023   1100    171
4   1023   1098   1100   1104
4   1023   1019   1098   1104
4   1023   1100   1098   1010
4   1023   1098   1019   1010
4     37   1105   1106   1107
4    185   1108   1105   1109
4   1106   1108    186   1110
4   1110   1107   1109    187
4   1107   1108   1109   1105
4   1107   1106   1108   1105
4   1107   1109   1108   1110
4   1107   1108   1106   1110
4     38   1111   1112   1113
4    188   1114   1111   1115
4   1112   1114    185   1116
4   1116   1113   1115    189
4   1113   1114   1115   1111
4   1113   1112   1114   1111
4   1113   1115   1114   1116
4   1113   1114   1112   1116
4    186   1117   1118   1119
4    188   1120   1117   1121
4   1118   1120      8   1122
4   1122   1119   1121    190
4   1119   1120   1121   1117
4   1119   1118   1120   1117
4   1119   1121   1120   1122
4   1119   1120   1118   1122
4    190   1123   1124   1125
4    187   1126   1123   1127
4   1124   1126    189   1128
4   1128   1125   1127     39
4   1125   1126   1127   1123
4   1125   1124   1126   1123
4   1125   1127   1126   1128
4   1125   1126   1124   1128
4    187   1129   1126   1109
4    188   1115   1129   1114
4   1126   1115    189   1116
4   1116   1109   1114    185
4   1109   1115   1114   1129
4   1109   1126   1115   1129
4   1109   1114   1115   1116
4   1109   1115   1126   1116
4    187   1110   1129   1109
4    186   1117   1110   1108
4   1129   1117    188   1114
4   1114   1109   1108    185
4   1109   1117   1108   1110
4   1109   1129   1117   1110
4   1109   1108   1117   1114
4   1109   1117   1129   1114
4    187   1126   1129   1123
4    189   1115   1126   1124
4   1129   1115    188   1121
4   1121   1123   1124    190
4   1123   1115   1124   1126
4   1123   1129   1115   1126
4   1123   1124   1115   1121
4   1123   1115   1129   1121
4    187   1129   1110   1123
4    188   1117   1129   1121
4   1110   1117    186   1119
4   1119   1123   1121    190
4   1123   1117   1121   1129
4   1123   1110   1117   1129
4   1123   1121   1117   1119
4   1123   1117   1110   1119
4     39   1130   1131   1132
4    191   1133   1130   1134
4   1131   1133    192   1135
4   1135   1132   1134    193
4   1132   1133   1134   1130
4   1132   1131   1133   1130
4   1132   1134   1133   1135
4   1132   1133   1131   1135
4     29   1036   1136    758
4    175   1137   1036   1038
4   1136   1137    191   1138
4   1138    758   1038    136
4    758   1137   1038   1036
4    758   1136   1137   1036
4    758   1038   1137   1138
4    758   1137   1136   1138
4    192   1139   1140   1141
4    175   1030   1139   1034
4   1140   1030     36   1032
4   1032   1141   1034    177
4   1141   1030   1034   1139
4   1141   1140   1030   1139
4   1141   1034   1030   1032
4   1141   1030   1140   1032
4    177   1142   1043   1044
4    193   1143   1142   1144
4   1043   1143    136    770
4    770   1044   1144      9
4   1044   1143   1144   1142
4   1044   1043   1143   1142
4   1044   1144   1143    770
4   1044   1143   1043    770
4    193   1145   1143   1134
4    175   1038   1145   1137
4   1143   1038    136   1138
4   1138   1134   1137    191
4   1134   1038   1137   1145
4   1134   1143   1038   1145
4   1134   1137   1038   1138
4   1134   1038   1143   1138
4    193   1135   1145   1134
4    192   1139   1135   1133
4   1145   1139    175   1137
4   1137   1134   1133    191
4   1134   1139   1133   1135
4   1134   1145   1139   1135
4   1134   1133   1139   1137
4   1134   1139   1145   1137
4    193   1143   1145   1142
4    136   1038   1143   1043
4   1145   1038    175   1034
4   1034   1142   1043    177
4   1142   1038   1043   1143
4   1142   1145   1038   1143
4   1142   1043   1038   1034
4   1142   1038   1145   1034
4    193   1145   1135   1142
4    175   1139   1145   1034
4   1135   1139    192   1141
4   1141   1142   1034    177
4   1142   1139   1034   1145
4   1142   1135   1139   1145
4   1142   1034   1139   1141
4   1142   1139   1135   1141
4     29   1146   1036    987
4    194   1147   1146   1148
4   1036   1147    175   1069
4   1069    987   1148    165
4    987   1147   1148   1146
4    987   1036   1147   1146
4    987   1148   1147   1069
4    987   1147   1036   1069
4     38   1094   1149   1092
4    184   1150   1094   1096
4   1149   1150    194   1151
4   1151   1092   1096    183
4   1092   1150   1096   1094
4   1092   1149   1150   1094
4   1092   1096   1150   1151
4   1092   1150   1149   1151
4    175   1152   1030   1071
4    184   1103   1152   1101
4   1030   1103     36   1027
4   1027   1071   1101    171
4   1071   1103   1101   1152
4   1071   1030   1103   1152
4   1071   1101   1103   1027
4   1071   1103   1030   1027
4    171   1070   1100   1007
4    165   1153   1070    984
4   1100   1153    183   1099
4   1099   1007    984     34
4   1007   1153    984   1070
4   1007   1100   1153   1070
4   1007    984   1153   1099
4   1007   1153   1100   1099
4    165   1154   1153   1148
4    184   1096   1154   1150
4   1153   1096    183   1151
4   1151   1148   1150    194
4   1148   1096   1150   1154
4   1148   1153   1096   1154
4   1148   1150   1096   1151
4   1148   1096   1153   1151
4    165   1069   1154   1148
4    175   1152   1069   1147
4   1154   1152    184   1150
4   1150   1148   1147    194
4   1148   1152   1147   1069
4   1148   1154   1152   1069
4   1148   1147   1152   1150
4   1148   1152   1154   1150
4    165   1153   1154   1070
4    183   1096   1153   1100
4   1154   1096    184   1101
4   1101   1070   1100    171
4   1070   1096   1100   1153
4   1070   1154   1096   1153
4   1070   1100   1096   1101
4   1070   1096   1154   1101
4    165   1154   1069   1070
4    184   1152   1154   1101
4   1069   1152    175   1071
4   1071   1070   1101    171
4   1070   1152   1101   1154
4   1070   1069   1152   1154
4   1070   1101   1152   1071
4   1070   1152   1069   1071
4     29   1087   1146    987
4    181   1155   1087   1086
4   1146   1155    194   1148
4   1148    987   1086    165
4    987   1155   1086   1087
4    987   1146   1155   1087
4    987   1086   1155   1148
4    987   1155   1146   1148
4     37   1105   1084   1082
4    185   1156   1105   1157
4   1084   1156    181   1083
4   1083   1082   1157    180
4   1082   1156   1157   1105
4   1082   1084   1156   1105
4   1082   1157   1156   1083
4   1082   1156   1084   1083
4    194   1158   1149   1151
4    185   1112   1158   1159
4   1149   1112     38   1092
4   1092   1151   1159    183
4   1151   1112   1159   1158
4   1151   1149   1112   1158
4   1151   1159   1112   1092
4   1151   1112   1149   1092
4    183   1153   1160   1099
4    165   1078   1153    984
4   1160   1078    180   1076
4   1076   1099    984     34
4   1099   1078    984   1153
4   1099   1160   1078   1153
4   1099    984   1078   1076
4   1099   1078   1160   1076
4    165   1161   1078   1086
4    185   1157   1161   1156
4   1078   1157    180   1083
4   1083   1086   1156    181
4   1086   1157   1156   1161
4   1086   1078   1157   1161
4   1086   1156   1157   1083
4   1086   1157   1078   1083
4    165   1148   1161   1086
4    194   1158   1148   1155
4   1161   1158    185   1156
4   1156   1086   1155    181
4   1086   1158   1155   1148
4   1086   1161   1158   1148
4   1086   1155   1158   1156
4   1086   1158   1161   1156
4    165   1078   1161   1153
4    180   1157   1078   1160
4   1161   1157    185   1159
4   1159   1153   1160    183
4   1153   1157   1160   1078
4   1153   1161   1157   1078
4   1153   1160   1157   1159
4   1153   1157   1161   1159
4    165   1161   1148   1153
4    185   1158   1161   1159
4   1148   1158    194   1151
4   1151   1153   1159    183
4   1153   1158   1159   1161
4   1153   1148   1158   1161
4   1153   1159   1158   1151
4   1153   1158   1148   1151
4     29   1036   1146   1136
4    175   1147   1036   1137
4   1146   1147    194   1162
4   1162   1136   1137    191
4   1136   1147   1137   1036
4   1136   1146   1147   1036
4   1136   1137   1147   1162
4   1136   1147   1146   1162
4     36   1103   1030   1140
4    184   1152   1103   1163
4   1030   1152    175   1139
4   1139   1140   1163    192
4   1140   1152   1163   1103
4   1140   1030   1152   1103
4   1140   1163   1152   1139
4   1140   1152   1030   1139
4    194   1150   1149   1164
4    184   1094   1150   1165
4   1149   1094     38   1113
4   1113   1164   1165    189
4   1164   1094   1165   1150
4   1164   1149   1094   1150
4   1164   1165   1094   1113
4   1164   1094   1149   1113
4    189   1166   1167   1128
4    191   1133   1166   1130
4   1167   1133    192   1131
4   1131   1128   1130     39
4   1128   1133   1130   1166
4   1128   1167   1133   1166
4   1128   1130   1133   1131
4   1128   1133   1167   1131
4    191   1168   1133   1137
4    184   1163   1168   1152
4   1133   1163    192   1139
4   1139   1137   1152    175
4   1137   1163   1152   1168
4   1137   1133   1163   1168
4   1137   1152   1163   1139
4   1137   1163   1133   1139
4    191   1162   1168   1137
4    194   1150   1162   1147
4   1168   1150    184   1152
4   1152   1137   1147    175
4   1137   1150   1147   1162
4   1137   1168   1150   1162
4   1137   1147   1150   1152
4   1137   1150   1168   1152
4    191   1133   1168   1166
4    192   1163   1133   1167
4   1168   1163    184   1165
4   1165   1166   1167    189
4   1166   1163   1167   1133
4   1166   1168   1163   1133
4   1166   1167   1163   1165
4   1166   1163   1168   1165
4    191   1168   1162   1166
4    184   1150   1168   1165
4   1162   1150    194   1164
4   1164   1166   1165    189
4   1166   1150   1165   1168
4   1166   1162   1150   1168
4   1166   1165   1150   1164
4   1166   1150   1162   1164
4     29   1146   1087   1136
4    194   1155   1146   1162
4   1087   1155    181   1169
4   1169   1136   1162    191
4   1136   1155   1162   1146
4   1136   1087   1155   1146
4   1136   1162   1155   1169
4   1136   1155   1087   1169
4     38   1112   1149   1113
4    185   1158   1112   1116
4   1149   1158    194   1164
4   1164   1113   1116    189
4   1113   1158   1116   1112
4   1113   1149   1158   1112
4   1113   1116   1158   1164
4   1113   1158   1149   1164
4    181   1156   1084   1170
4    185   1105   1156   1109
4   1084   1105     37   1107
4   1107   1170   1109    187
4   1170   1105   1109   1156
4   1170   1084   1105   1156
4   1170   1109   1105   1107
4   1170   1105   1084   1107
4    187   1171   1126   1127
4    191   1166   1171   1130
4   1126   1166    189   1128
4   1128   1127   1130     39
4   1127   1166   1130   1171
4   1127   1126   1166   1171
4   1127   1130   1166   1128
4   1127   1166   1126   1128
4    191   1172   1166   1162
4    185   1116   1172   1158
4   1166   1116    189   1164
4   1164   1162   1158    194
4   1162   1116   1158   1172
4   1162   1166   1116   1172
4   1162   1158   1116   1164
4   1162   1116   1166   1164
4    191   1169   1172   1162
4    181   1156   1169   1155
4   1172   1156    185   1158
4   1158   1162   1155    194
4   1162   1156   1155   1169
4   1162   1172   1156   1169
4   1162   1155   1156   1158
4   1162   1156   1172   1158
4    191   1166   1172   1171
4    189   1116   1166   1126
4   1172   1116    185   1109
4   1109   1171   1126    187
4   1171   1116   1126   1166
4   1171   1172   1116   1166
4   1171   1126   1116   1109
4   1171   1116   1172   1109
4    191   1172   1169   1171
4    185   1156   1172   1109
4   1169   1156    181   1170
4   1170   1171   1109    187
4   1171   1156   1109   1172
4   1171   1169   1156   1172
4   1171   1109   1156   1170
4   1171   1156   1169   1170
4      2   1073    815    748
4    179   1173   1073   1075
4    815   1173    141    817
4    817    748   1075    133
4    748   1173   1075   1073
4    748    815   1173   1073
4    748   1075   1173    817
4    748   1173    815    817
4     37   1174   1080   1084
4    195   1175   1174   1176
4   1080   1175    179   1081
4   1081   1084   1176    181
4   1084   1175   1176   1174
4   1084   1080   1175   1174
4   1084   1176   1175   1081
4   1084   1175   1080   1081
4    141   1177    819    823
4    195   1178   1177   1179
4    819   1178     31    820
4    820    823   1179    143
4    823   1178   1179   1177
4    823    819   1178   1177
4    823   1179   1178    820
4    823   1178    819    820
4    143    828   1180    829
4    133   1085    828    751
4   1180   1085    181   1087
4   1087    829    751     29
4    829   1085    751    828
4    829   1180   1085    828
4    829    751   1085   1087
4    829   1085   1180   1087
4    133   1181   1085   1075
4    195   1176   1181   1175
4   1085   1176    181   1081
4   1081   1075   1175    179
4   1075   1176   1175   1181
4   1075   1085   1176   1181
4   1075   1175   1176   1081
4   1075   1176   1085   1081
4    133    817   1181   1075
4    141   1177    817   1173
4   1181   1177    195   1175
4   1175   1075   1173    179
4   1075   1177   1173    817
4   1075   1181   1177    817
4   1075   1173   1177   1175
4   1075   1177   1181   1175
4    133   1085   1181    828
4    181   1176   1085   1180
4   1181   1176    195   1179
4   1179    828   1180    143
4    828   1176   1180   1085
4    828   1181   1176   1085
4    828   1180   1176   1179
4    828   1176   1181   1179
4    133   1181    817    828
4    195   1177   1181   1179
4    817   1177    141    823
4    823    828   1179    143
4    828   1177   1179   1181
4    828    817   1177   1181
4    828   1179   1177    823
4    828   1177    817    823
4      8   1182   1118   1122
4    196   1183   1182   1184
4   1118   1183    186   1119
4   1119   1122   1184    190
4   1122   1183   1184   1182
4   1122   1118   1183   1182
4   1122   1184   1183   1119
4   1122   1183   1118   1119
4     40   1185   1186   1187
4    197   1188   1185   1189
4   1186   1188    196   1190
4   1190   1187   1189    198
4   1187   1188   1189   1185
4   1187   1186   1188   1185
4   1187   1189   1188   1190
4   1187   1188   1186   1190
4    186   1191   1106   1110
4    197   1192   1191   1193
4   1106   1192     37   1107
4   1107   1110   1193    187
4   1110   1192   1193   1191
4   1110   1106   1192   1191
4   1110   1193   1192   1107
4   1110   1192   1106   1107
4    187   1123   1194   1127
4    190   1195   1123   1125
4   1194   1195    198   1196
4   1196   1127   1125     39
4   1127   1195   1125   1123
4   1127   1194   1195   1123
4   1127   1125   1195   1196
4   1127   1195   1194   1196
4    190   1197   1195   1184
4    197   1189   1197   1188
4   1195   1189    198   1190
4   1190   1184   1188    196
4   1184   1189   1188   1197
4   1184   1195   1189   1197
4   1184   1188   1189   1190
4   1184   1189   1195   1190
4    190   1119   1197   1184
4    186   1191   1119   1183
4   1197   1191    197   1188
4   1188   1184   1183    196
4   1184   1191   1183   1119
4   1184   1197   1191   1119
4   1184   1183   1191   1188
4   1184   1191   1197   1188
4    190   1195   1197   1123
4    198   1189   1195   1194
4   1197   1189    197   1193
4   1193   1123   1194    187
4   1123   1189   1194   1195
4   1123   1197   1189   1195
4   1123   1194   1189   1193
4   1123   1189   1197   1193
4    190   1197   1119   1123
4    197   1191   1197   1193
4   1119   1191    186   1110
4   1110   1123   1193    187
4   1123   1191   1193   1197
4   1123   1119   1191   1197
4   1123   1193   1191   1110
4   1123   1191   1119   1110
4     31   1198    837    839
4    199   1199   1198   1200
4    837   1199    147    841
4    841    839   1200    148
4    839   1199   1200   1198
4    839    837   1199   1198
4    839   1200   1199    841
4    839   1199    837    841
4     40   1201   1202   1203
4    200   1204   1201   1205
4   1202   1204    199   1206
4   1206   1203   1205    201
4   1203   1204   1205   1201
4   1203   1202   1204   1201
4   1203   1205   1204   1206
4   1203   1204   1202   1206
4    147   1207    846    847
4    200   1208   1207   1209
4    846   1208      7    848
4    848    847   1209    149
4    847   1208   1209   1207
4    847    846   1208   1207
4    847   1209   1208    848
4    847   1208    846    848
4    149    850   1210    851
4    148   1211    850    854
4   1210   1211    201   1212
4   1212    851    854     32
4    851   1211    854    850
4    851   1210   1211    850
4    851    854   1211   1212
4    851   1211   1210   1212
4    148   1213   1211   1200
4    200   1205   1213   1204
4   1211   1205    201   1206
4   1206   1200   1204    199
4   1200   1205   1204   1213
4   1200   1211   1205   1213
4   1200   1204   1205   1206
4   1200   1205   1211   1206
4    148    841   1213   1200
4    147   1207    841   1199
4   1213   1207    200   1204
4   1204   1200   1199    199
4   1200   1207   1199    841
4   1200   1213   1207    841
4   1200   1199   1207   1204
4   1200   1207   1213   1204
4    148   1211   1213    850
4    201   1205   1211   1210
4   1213   1205    200   1209
4   1209    850   1210    149
4    850   1205   1210   1211
4    850   1213   1205   1211
4    850   1210   1205   1209
4    850   1205   1213   1209
4    148   1213    841    850
4    200   1207   1213   1209
4    841   1207    147    847
4    847    850   1209    149
4    850   1207   1209   1213
4    850    841   1207   1213
4    850   1209   1207    847
4    850   1207    841    847
4     32    857   1214    858
4    151   1215    857    861
4   1214   1215    202   1216
4   1216    858    861    152
4    858   1215    861    857
4    858   1214   1215    857
4    858    861   1215   1216
4    858   1215   1214   1216
4     29   1136    866    758
4    191   1217   1136   1138
4    866   1217    151    867
4    867    758   1138    136
4    758   1217   1138   1136
4    758    866   1217   1136
4    758   1138   1217    867
4    758   1217    866    867
4    202   1218   1219   1220
4    191   1130   1218   1134
4   1219   1130     39   1132
4   1132   1220   1134    193
4   1220   1130   1134   1218
4   1220   1219   1130   1218
4   1220   1134   1130   1132
4   1220   1130   1219   1132
4    193   1221   1143   1144
4    152    868   1221    870
4   1143    868    136    770
4    770   1144    870      9
4   1144    868    870   1221
4   1144   1143    868   1221
4   1144    870    868    770
4   1144    868   1143    770
4    152   1222    868    861
4    191   1138   1222   1217
4    868   1138    136    867
4    867    861   1217    151
4    861   1138   1217   1222
4    861    868   1138   1222
4    861   1217   1138    867
4    861   1138    868    867
4    152   1216   1222    861
4    202   1218   1216   1215
4   1222   1218    191   1217
4   1217    861   1215    151
4    861   1218   1215   1216
4    861   1222   1218   1216
4    861   1215   1218   1217
4    861   1218   1222   1217
4    152    868   1222   1221
4    136   1138    868   1143
4   1222   1138    191   1134
4   1134   1221   1143    193
4   1221   1138   1143    868
4   1221   1222   1138    868
4   1221   1143   1138   1134
4   1221   1138   1222   1134
4    152   1222   1216   1221
4    191   1218   1222   1134
4   1216   1218    202   1220
4   1220   1221   1134    193
4   1221   1218   1134   1222
4   1221   1216   1218   1222
4   1221   1134   1218   1220
4   1221   1218   1216   1220
4     29   1223   1136   1087
4    203   1224   1223   1225
4   1136   1224    191   1169
4   1169   1087   1225    181
4   1087   1224   1225   1223
4   1087   1136   1224   1223
4   1087   1225   1224   1169
4   1087   1224   1136   1169
4     40   1187   1226   1185
4    198   1227   1187   1189
4   1226   1227    203   1228
4   1228   1185   1189    197
4   1185   1227   1189   1187
4   1185   1226   1227   1187
4   1185   1189   1227   1228
4   1185   1227   1226   1228
4    191   1229   1130   1171
4    198   1196   1229   1194
4   1130   1196     39   1127
4   1127   1171   1194    187
4   1171   1196   1194   1229
4   1171   1130   1196   1229
4   1171   1194   1196   1127
4   1171   1196   1130   1127
4    187   1170   1193   1107
4    181   1230   1170   1084
4   1193   1230    197   1192
4   1192   1107   1084     37
4   1107   1230   1084   1170
4   1107   1193   1230   1170
4   1107   1084   1230   1192
4   1107   1230   1193   1192
4    181   1231   1230   1225
4    198   1189   1231   1227
4   1230   1189    197   1228
4   1228   1225   1227    203
4   1225   1189   1227   1231
4   1225   1230   1189   1231
4   1225   1227   1189   1228
4   1225   1189   1230   1228
4    181   1169   1231   1225
4    191   1229   1169   1224
4   1231   1229    198   1227
4   1227   1225   1224    203
4   1225   1229   1224   1169
4   1225   1231   1229   1169
4   1225   1224   1229   1227
4   1225   1229   1231   1227
4    181   1230   1231   1170
4    197   1189   1230   1193
4   1231   1189    198   1194
4   1194   1170   1193    187
4   1170   1189   1193   1230
4   1170   1231   1189   1230
4   1170   1193   1189   1194
4   1170   1189   1231   1194
4    181   1231   1169   1170
4    198   1229   1231   1194
4   1169   1229    191   1171
4   1171   1170   1194    187
4   1170   1229   1194   1231
4   1170   1169   1229   1231
4   1170   1194   1229   1171
4   1170   1229   1169   1171
4     29    829   1223   1087
4    143   1232    829   1180
4   1223   1232    203   1225
4   1225   1087   1180    181
4   1087   1232   1180    829
4   1087   1223   1232    829
4   1087   1180   1232   1225
4   1087   1232   1223   1225
4     31   1198    820   1178
4    199   1233   1198   1234
4    820   1233    143   1179
4   1179   1178   1234    195
4   1178   1233   1234   1198
4   1178    820   1233   1198
4   1178   1234   1233   1179
4   1178   1233    820   1179
4    203   1235   1226   1228
4    199   1202   1235   1236
4   1226   1202     40   1185
4   1185   1228   1236    197
4   1228   1202   1236   1235
4   1228   1226   1202   1235
4   1228   1236   1202   1185
4   1228   1202   1226   1185
4    197   1230   1237   1192
4    181   1176   1230   1084
4   1237   1176    195   1174
4   1174   1192   1084     37
4   1192   1176   1084   1230
4   1192   1237   1176   1230
4   1192   1084   1176   1174
4   1192   1176   1237   1174
4    181   1238   1176   1180
4    199   1234   1238   1233
4   1176   1234    195   1179
4   1179   1180   1233    143
4   1180   1234   1233   1238
4   1180   1176   1234   1238
4   1180   1233   1234   1179
4   1180   1234   1176   1179
4    181   1225   1238   1180
4    203   1235   1225   1232
4   1238   1235    199   1233
4   1233   1180   1232    143
4   1180   1235   1232   1225
4   1180   1238   1235   1225
4   1180   1232   1235   1233
4   1180   1235   1238   1233
4    181   1176   1238   1230
4    195   1234   1176   1237
4   1238   1234    199   1236
4   1236   1230   1237    197
4   1230   1234   1237   1176
4   1230   1238   1234   1176
4   1230   1237   1234   1236
4   1230   1234   1238   1236
4    181   1238   1225   1230
4    199   1235   1238   1236
4   1225   1235    203   1228
4   1228   1230   1236    197
4   1230   1235   1236   1238
4   1230   1225   1235   1238
4   1230   1236   1235   1228
4   1230   1235   1225   1228
4     29   1136   1223    866
4    191   1224   1136   1217
4   1223   1224    203   1239
4   1239    866   1217    151
4    866   1224   1217   1136
4    866   1223   1224   1136
4    866   1217   1224   1239
4    866   1224   1223   1239
4     39   1196   1130   1219
4    198   1229   1196   1240
4   1130   1229    191   1218
4   1218   1219   1240    202
4   1219   1229   1240   1196
4   1219   1130   1229   1196
4   1219   1240   1229   1218
4   1219   1229   1130   1218
4    203   1227   1226   1241
4    198   1187   1227   1242
4   1226   1187     40   1203
4   1203   1241   1242    201
4   1241   1187   1242   1227
4   1241   1226   1187   1227
4   1241   1242   1187   1203
4   1241   1187   1226   1203
4    201   1243   1244   1212
4    151   1215   1243    857
4   1244   1215    202   1214
4   1214   1212    857     32
4   1212   1215    857   1243
4   1212   1244   1215   1243
4   1212    857   1215   1214
4   1212   1215   1244   1214
4    151   1245   1215   1217
4    198   1240   1245   1229
4   1215   1240    202   1218
4   1218   1217   1229    191
4   1217   1240   1229   1245
4   1217   1215   1240   1245
4   1217   1229   1240   1218
4   1217   1240   1215   1218
4    151   1239   1245   1217
4    203   1227   1239   1224
4   1245   1227    198   1229
4   1229   1217   1224    191
4   1217   1227   1224   1239
4   1217   1245   1227   1239
4   1217   1224   1227   1229
4   1217   1227   1245   1229
4    151   1215   1245   1243
4    202   1240   1215   1244
4   1245   1240    198   1242
4   1242   1243   1244    201
4   1243   1240   1244   1215
4   1243   1245   1240   1215
4   1243   1244   1240   1242
4   1243   1240   1245   1242
4    151   1245   1239   1243
4    198   1227   1245   1242
4   1239   1227    203   1241
4   1241   1243   1242    201
4   1243   1227   1242   1245
4   1243   1239   1227   1245
4   1243   1242   1227   1241
4   1243   1227   1239   1241
4     29   1223    829    866
4    203   1232   1223   1239
4    829   1232    143    889
4    889    866   1239    151
4    866   1232   1239   1223
4    866    829   1232   1223
4    866   1239   1232    889
4    866   1232    829    889
4     40   1202   1226   1203
4    199   1235   1202   1206
4   1226   1235    203   1241
4   1241   1203   1206    201
4   1203   1235   1206   1202
4   1203   1226   1235   1202
4   1203   1206   1235   1241
4   1203   1235   1226   1241
4    143   1233    820    891
4    199   1198   1233   1200
4    820   1198     31    839
4    839    891   1200    148
4    891   1198   1200   1233
4    891    820   1198   1233
4    891   1200   1198    839
4    891   1198    820    839
4    148    893   1211    854
4    151   1243    893    857
4   1211   1243    201   1212
4   1212    854    857     32
4    854   1243    857    893
4    854   1211   1243    893
4    854    857   1243   1212
4    854   1243   1211   1212
4    151   1246   1243   1239
4    199   1206   1246   1235
4   1243   1206    201   1241
4   1241   1239   1235    203
4   1239   1206   1235   1246
4   1239   1243   1206   1246
4   1239   1235   1206   1241
4   1239   1206   1243   1241
4    151    889   1246   1239
4    143   1233    889   1232
4   1246   1233    199   1235
4   1235   1239   1232    203
4   1239   1233   1232    889
4   1239   1246   1233    889
4   1239   1232   1233   1235
4   1239   1233   1246   1235
4    151   1243   1246    893
4    201   1206   1243   1211
4   1246   1206    199   1200
4   1200    893   1211    148
4    893   1206   1211   1243
4    893   1246   1206   1243
4    893   1211   1206   1200
4    893   1206   1246   1200
4    151   1246    889    893
4    199   1233   1246   1200
4    889   1233    143    891
4    891    893   1200    148
4    893   1233   1200   1246
4    893    889   1233   1246
4    893   1200   1233    891
4    893   1233    889    891
4      3   1020   1247   1022
4    172   1248   1020   1021
4   1247   1248    204   1249
4   1249   1022   1021    174
4   1022   1248   1021   1020
4   1022   1247   1248   1020
4   1022   1021   1248   1249
4   1022   1248   1247   1249
4     35   1250   1011   1013
4    205   1251   1250   1252
4   1011   1251    172   1015
4   1015   1013   1252    173
4   1013   1251   1252   1250
4   1013   1011   1251   1250
4   1013   1252   1251   1015
4   1013   1251   1011   1015
4    204   1253   1254   1255
4    205   1256   1253   1257
4   1254   1256     41   1258
4   1258   1255   1257    206
4   1255   1256   1257   1253
4   1255   1254   1256   1253
4   1255   1257   1256   1258
4   1255   1256   1254   1258
4    206   1259   1260   1261
4    174   1024   1259   1025
4   1260   1024    173   1028
4   1028   1261   1025     36
4   1261   1024   1025   1259
4   1261   1260   1024   1259
4   1261   1025   1024   1028
4   1261   1024   1260   1028
4    174   1262   1024   1021
4    205   1252   1262   1251
4   1024   1252    173   1015
4   1015   1021   1251    172
4   1021   1252   1251   1262
4   1021   1024   1252   1262
4   1021   1251   1252   1015
4   1021   1252   1024   1015
4    174   1249   1262   1021
4    204   1253   1249   1248
4   1262   1253    205   1251
4   1251   1021   1248    172
4   1021   1253   1248   1249
4   1021   1262   1253   1249
4   1021   1248   1253   1251
4   1021   1253   1262   1251
4    174   1024   1262   1259
4    173   1252   1024   1260
4   1262   1252    205   1257
4   1257   1259   1260    206
4   1259   1252   1260   1024
4   1259   1262   1252   1024
4   1259   1260   1252   1257
4   1259   1252   1262   1257
4    174   1262   1249   1259
4    205   1253   1262   1257
4   1249   1253    204   1255
4   1255   1259   1257    206
4   1259   1253   1257   1262
4   1259   1249   1253   1262
4   1259   1257   1253   1255
4   1259   1253   1249   1255
4      4    395    989    396
4     72   1263    395    399
4    989   1263    166    991
4    991    396    399     73
4    396   1263    399    395
4    396    989   1263    395
4    396    399   1263    991
4    396   1263    989    991
4     15   1264    407    411
4    207   1265   1264   1266
4    407   1265     72    408
4    408    411   1266     76
4    411   1265   1266   1264
4    411    407   1265   1264
4    411   1266   1265    408
4    411   1265    407    408
4    166   1267    993    997
4    207   1268   1267   1269
4    993   1268     35    994
4    994    997   1269    168
4    997   1268   1269   1267
4    997    993   1268   1267
4    997   1269   1268    994
4    997   1268    993    994
4    168   1002   1270   1003
4     73    412   1002    416
4   1270    412     76    414
4    414   1003    416     19
4   1003    412    416   1002
4   1003   1270    412   1002
4   1003    416    412    414
4   1003    412   1270    414
4     73   1271    412    399
4    207   1266   1271   1265
4    412   1266     76    408
4    408    399   1265     72
4    399   1266   1265   1271
4    399    412   1266   1271
4    399   1265   1266    408
4    399   1266    412    408
4     73    991   1271    399
4    166   1267    991   1263
4   1271   1267    207   1265
4   1265    399   1263     72
4    399   1267   1263    991
4    399   1271   1267    991
4    399   1263   1267   1265
4    399   1267   1271   1265
4     73    412   1271   1002
4     76   1266    412   1270
4   1271   1266    207   1269
4   1269   1002   1270    168
4   1002   1266   1270    412
4   1002   1271   1266    412
4   1002   1270   1266   1269
4   1002   1266   1271   1269
4     73   1271    991   1002
4    207   1267   1271   1269
4    991   1267    166    997
4    997   1002   1269    168
4   1002   1267   1269   1271
4   1002    991   1267   1271
4   1002   1269   1267    997
4   1002   1267    991    997
4     41   1272   1273   1274
4    208   1275   1272   1276
4   1273   1275    209   1277
4   1277   1274   1276    210
4   1274   1275   1276   1272
4   1274   1273   1275   1272
4   1274   1276   1275   1277
4   1274   1275   1273   1277
4     15    376   1278    377
4     65   1279    376    380
4   1278   1279    208   1280
4   1280    377    380     69
4    377   1279    380    376
4    377   1278   1279    376
4    377    380   1279   1280
4    377   1279   1278   1280
4    209   1281   1282   1283
4     65    369   1281    373
4   1282    369      0    371
4    371   1283    373     67
4   1283    369    373   1281
4   1283   1282    369   1281
4   1283    373    369    371
4   1283    369   1282    371
4     67   1284    390    391
4    210   1285   1284   1286
4    390   1285     69    392
4    392    391   1286     17
4    391   1285   1286   1284
4    391    390   1285   1284
4    391   1286   1285    392
4    391   1285    390    392
4    210   1287   1285   1276
4     65    380   1287   1279
4   1285    380     69   1280
4   1280   1276   1279    208
4   1276    380   1279   1287
4   1276   1285    380   1287
4   1276   1279    380   1280
4   1276    380   1285   1280
4    210   1277   1287   1276
4    209   1281   1277   1275
4   1287   1281     65   1279
4   1279   1276   1275    208
4   1276   1281   1275   1277
4   1276   1287   1281   1277
4   1276   1275   1281   1279
4   1276   1281   1287   1279
4    210   1285   1287   1284
4     69    380   1285    390
4   1287    380     65    373
4    373   1284    390     67
4   1284    380    390   1285
4   1284   1287    380   1285
4   1284    390    380    373
4   1284    380   1287    373
4    210   1287   1277   1284
4     65   1281   1287    373
4   1277   1281    209   1283
4   1283   1284    373     67
4   1284   1281    373   1287
4   1284   1277   1281   1287
4   1284    373   1281   1283
4   1284   1281   1277   1283
4     17   1288    450    452
4    211   1289   1288   1290
4    450   1289     86    454
4    454    452   1290     87
4    452   1289   1290   1288
4    452    450   1289   1288
4    452   1290   1289    454
4    452   1289    450    454
4     36   1031   1291   1032
4    176   1292   1031   1035
4   1291   1292    211   1293
4   1293   1032   1035    177
4   1032   1292   1035   1031
4   1032   1291   1292   1031
4   1032   1035   1292   1293
4   1032   1292   1291   1293
4     86   1294    459    460
4    176   1040   1294   1041
4    459   1040     19    461
4    461    460   1041     88
4    460   1040   1041   1294
4    460    459   1040   1294
4    460   1041   1040    461
4    460   1040    459    461
4     88    463   1042    464
4     87   1295    463    467
4   1042   1295    177   1044
4   1044    464    467      9
4    464   1295    467    463
4    464   1042   1295    463
4    464    467   1295   1044
4    464   1295   1042   1044
4     87   1296   1295   1290
4    176   1035   1296   1292
4   1295   1035    177   1293
4   1293   1290   1292    211
4   1290   1035   1292   1296
4   1290   1295   1035   1296
4   1290   1292   1035   1293
4   1290   1035   1295   1293
4     87    454   1296   1290
4     86   1294    454   1289
4   1296   1294    176   1292
4   1292   1290   1289    211
4   1290   1294   1289    454
4   1290   1296   1294    454
4   1290   1289   1294   1292
4   1290   1294   1296   1292
4     87   1295   1296    463
4    177   1035   1295   1042
4   1296   1035    176   1041
4   1041    463   1042     88
4    463   1035   1042   1295
4    463   1296   1035   1295
4    463   1042   1035   1041
4    463   1035   1296   1041
4     87   1296    454    463
4    176   1294   1296   1041
4    454   1294     86    460
4    460    463   1041     88
4    463   1294   1041   1296
4    463    454   1294   1296
4    463   1041   1294    460
4    463   1294    454    460
4     36   1297   1031   1028
4    212   1298   1297   1299
4   1031   1298    176   1067
4   1067   1028   1299    173
4   1028   1298   1299   1297
4   1028   1031   1298   1297
4   1028   1299   1298   1067
4   1028   1298   1031   1067
4     15    411   1300   1264
4     76   1301    411   1266
4   1300   1301    212   1302
4   1302   1264   1266    207
4   1264   1301   1266    411
4   1264   1300   1301    411
4   1264   1266   1301   1302
4   1264   1301   1300   1302
4    176   1303   1040   1063
4     76    414   1303   1270
4   1040    414     19   1003
4   1003   1063   1270    168
4   1063    414   1270   1303
4   1063   1040    414   1303
4   1063   1270    414   1003
4   1063    414   1040   1003
4    168   1065   1269    994
4    173   1304   1065   1013
4   1269   1304    207   1268
4   1268    994   1013     35
4    994   1304   1013   1065
4    994   1269   1304   1065
4    994   1013   1304   1268
4    994   1304   1269   1268
4    173   1305   1304   1299
4     76   1266   1305   1301
4   1304   1266    207   1302
4   1302   1299   1301    212
4   1299   1266   1301   1305
4   1299   1304   1266   1305
4   1299   1301   1266   1302
4   1299   1266   1304   1302
4    173   1067   1305   1299
4    176   1303   1067   1298
4   1305   1303     76   1301
4   1301   1299   1298    212
4   1299   1303   1298   1067
4   1299   1305   1303   1067
4   1299   1298   1303   1301
4   1299   1303   1305   1301
4    173   1304   1305   1065
4    207   1266   1304   1269
4   1305   1266     76   1270
4   1270   1065   1269    168
4   1065   1266   1269   1304
4   1065   1305   1266   1304
4   1065   1269   1266   1270
4   1065   1266   1305   1270
4    173   1305   1067   1065
4     76   1303   1305   1270
4   1067   1303    176   1063
4   1063   1065   1270    168
4   1065   1303   1270   1305
4   1065   1067   1303   1305
4   1065   1270   1303   1063
4   1065   1303   1067   1063
4     36   1261   1297   1028
4    206   1306   1261   1260
4   1297   1306    212   1299
4   1299   1028   1260    173
4   1028   1306   1260   1261
4   1028   1297   1306   1261
4   1028   1260   1306   1299
4   1028   1306   1297   1299
4     41   1272   1258   1256
4    208   1307   1272   1308
4   1258   1307    206   1257
4   1257   1256   1308    205
4   1256   1307   1308   1272
4   1256   1258   1307   1272
4   1256   1308   1307   1257
4   1256   1307   1258   1257
4    212   1309   1300   1302
4    208   1278   1309   1310
4   1300   1278     15   1264
4   1264   1302   1310    207
4   1302   1278   1310   1309
4   1302   1300   1278   1309
4   1302   1310   1278   1264
4   1302   1278   1300   1264
4    207   1304   1311   1268
4    173   1252   1304   1013
4   1311   1252    205   1250
4   1250   1268   1013     35
4   1268   1252   1013   1304
4   1268   1311   1252   1304
4   1268   1013   1252   1250
4   1268   1252   1311   1250
4    173   1312   1252   1260
4    208   1308   1312   1307
4   1252   1308    205   1257
4   1257   1260   1307    206
4   1260   1308   1307   1312
4   1260   1252   1308   1312
4   1260   1307   1308   1257
4   1260   1308   1252   1257
4    173   1299   1312   1260
4    212   1309   1299   1306
4   1312   1309    208   1307
4   1307   1260   1306    206
4   1260   1309   1306   1299
4   1260   1312   1309   1299
4   1260   1306   1309   1307
4   1260   1309   1312   1307
4    173   1252   1312   1304
4    205   1308   1252   1311
4   1312   1308    208   1310
4   1310   1304   1311    207
4   1304   1308   1311   1252
4   1304   1312   1308   1252
4   1304   1311   1308   1310
4   1304   1308   1312   1310
4    173   1312   1299   1304
4    208   1309   1312   1310
4   1299   1309    212   1302
4   1302   1304   1310    207
4   1304   1309   1310   1312
4   1304   1299   1309   1312
4   1304   1310   1309   1302
4   1304   1309   1299   1302
4     36   1031   1297   1291
4    176   1298   1031   1292
4   1297   1298    212   1313
4   1313   1291   1292    211
4   1291   1298   1292   1031
4   1291   1297   1298   1031
4   1291   1292   1298   1313
4   1291   1298   1297   1313
4     19    414   1040    459
4     76   1303    414    477
4   1040   1303    176   1294
4   1294    459    477     86
4    459   1303    477    414
4    459   1040   1303    414
4    459    477   1303   1294
4    459   1303   1040   1294
4    212   1301   1300   1314
4     76    411   1301    478
4   1300    411     15    377
4    377   1314    478     69
4   1314    411    478   1301
4   1314   1300    411   1301
4   1314    478    411    377
4   1314    411   1300    377
4     69   1315    472    392
4    211   1289   1315   1288
4    472   1289     86    450
4    450    392   1288     17
4    392   1289   1288   1315
4    392    472   1289   1315
4    392   1288   1289    450
4    392   1289    472    450
4    211   1316   1289   1292
4     76    477   1316   1303
4   1289    477     86   1294
4   1294   1292   1303    176
4   1292    477   1303   1316
4   1292   1289    477   1316
4   1292   1303    477   1294
4   1292    477   1289   1294
4    211   1313   1316   1292
4    212   1301   1313   1298
4   1316   1301     76   1303
4   1303   1292   1298    176
4   1292   1301   1298   1313
4   1292   1316   1301   1313
4   1292   1298   1301   1303
4   1292   1301   1316   1303
4    211   1289   1316   1315
4     86    477   1289    472
4   1316    477     76    478
4    478   1315    472     69
4   1315    477    472   1289
4   1315   1316    477   1289
4   1315    472    477    478
4   1315    477   1316    478
4    211   1316   1313   1315
4     76   1301   1316    478
4   1313   1301    212   1314
4   1314   1315    478     69
4   1315   1301    478   1316
4   1315   1313   1301   1316
4   1315    478   1301   1314
4   1315   1301   1313   1314
4     36   1297   1261   1291
4    212   1306   1297   1313
4   1261   1306    206   1317
4   1317   1291   1313    211
4   1291   1306   1313   1297
4   1291   1261   1306   1297
4   1291   1313   1306   1317
4   1291   1306   1261   1317
4     15   1278   1300    377
4    208   1309   1278   1280
4   1300   1309    212   1314
4   1314    377   1280     69
4    377   1309   1280   1278
4    377   1300   1309   1278
4    377   1280   1309   1314
4    377   1309   1300   1314
4    206   1307   1258   1318
4    208   1272   1307   1276
4   1258   1272     41   1274
4   1274   1318   1276    210
4   1318   1272   1276   1307
4   1318   1258   1272   1307
4   1318   1276   1272   1274
4   1318   1272   1258   1274
4    210   1319   1285   1286
4    211   1315   1319   1288
4   1285   1315     69    392
4    392   1286   1288     17
4   1286   1315   1288   1319
4   1286   1285   1315   1319
4   1286   1288   1315    392
4   1286   1315   1285    392
4    211   1320   1315   1313
4    208   1280   1320   1309
4   1315   1280     69   1314
4   1314   1313   1309    212
4   1313   1280   1309   1320
4   1313   1315   1280   1320
4   1313   1309   1280   1314
4   1313   1280   1315   1314
4    211   1317   1320   1313
4    206   1307   1317   1306
4   1320   1307    208   1309
4   1309   1313   1306    212
4   1313   1307   1306   1317
4   1313   1320   1307   1317
4   1313   1306   1307   1309
4   1313   1307   1320   1309
4    211   1315   1320   1319
4     69   1280   1315   1285
4   1320   1280    208   1276
4   1276   1319   1285    210
4   1319   1280   1285   1315
4   1319   1320   1280   1315
4   1319   1285   1280   1276
4   1319   1280   1320   1276
4    211   1320   1317   1319
4    208   1307   1320   1276
4   1317   1307    206   1318
4   1318   1319   1276    210
4   1319   1307   1276   1320
4   1319   1317   1307   1320
4   1319   1276   1307   1318
4   1319   1307   1317   1318
4      3   1247   1321   1022
4    204   1322   1247   1249
4   1321   1322    213   1323
4   1323   1022   1249    174
4   1022   1322   1249   1247
4   1022   1321   1322   1247
4   1022   1249   1322   1323
4   1022   1322   1321   1323
4     41   1324   1254   1258
4    214   1325   1324   1326
4   1254   1325    204   1255
4   1255   1258   1326    206
4   1258   1325   1326   1324
4   1258   1254   1325   1324
4   1258   1326   1325   1255
4   1258   1325   1254   1255
4    213   1327   1328   1329
4    214   1330   1327   1331
4   1328   1330     42   1332
4   1332   1329   1331    215
4   1329   1330   1331   1327
4   1329   1328   1330   1327
4   1329   1331   1330   1332
4   1329   1330   1328   1332
4    215   1333   1334   1335
4    174   1259   1333   1025
4   1334   1259    206   1261
4   1261   1335   1025     36
4   1335   1259   1025   1333
4   1335   1334   1259   1333
4   1335   1025   1259   1261
4   1335   1259   1334   1261
4    174   1336   1259   1249
4    214   1326   1336   1325
4   1259   1326    206   1255
4   1255   1249   1325    204
4   1249   1326   1325   1336
4   1249   1259   1326   1336
4   1249   1325   1326   1255
4   1249   1326   1259   1255
4    174   1323   1336   1249
4    213   1327   1323   1322
4   1336   1327    214   1325
4   1325   1249   1322    204
4   1249   1327   1322   1323
4   1249   1336   1327   1323
4   1249   1322   1327   1325
4   1249   1327   1336   1325
4    174   1259   1336   1333
4    206   1326   1259   1334
4   1336   1326    214   1331
4   1331   1333   1334    215
4   1333   1326   1334   1259
4   1333   1336   1326   1259
4   1333   1334   1326   1331
4   1333   1326   1336   1331
4    174   1336   1323   1333
4    214   1327   1336   1331
4   1323   1327    213   1329
4   1329   1333   1331    215
4   1333   1327   1331   1336
4   1333   1323   1327   1336
4   1333   1331   1327   1329
4   1333   1327   1323   1329
4      0    599   1282    371
4    106   1337    599    601
4   1282   1337    209   1283
4   1283    371    601     67
4    371   1337    601    599
4    371   1282   1337    599
4    371    601   1337   1283
4    371   1337   1282   1283
4     24   1338    606    610
4    216   1339   1338   1340
4    606   1339    106    607
4    607    610   1340    108
4    610   1339   1340   1338
4    610    606   1339   1338
4    610   1340   1339    607
4    610   1339    606    607
4    209   1341   1273   1277
4    216   1342   1341   1343
4   1273   1342     41   1274
4   1274   1277   1343    210
4   1277   1342   1343   1341
4   1277   1273   1342   1341
4   1277   1343   1342   1274
4   1277   1342   1273   1274
4    210   1284   1344   1286
4     67    611   1284    391
4   1344    611    108    613
4    613   1286    391     17
4   1286    611    391   1284
4   1286   1344    611   1284
4   1286    391    611    613
4   1286    611   1344    613
4     67   1345    611    601
4    216   1340   1345   1339
4    611   1340    108    607
4    607    601   1339    106
4    601   1340   1339   1345
4    601    611   1340   1345
4    601   1339   1340    607
4    601   1340    611    607
4     67   1283   1345    601
4    209   1341   1283   1337
4   1345   1341    216   1339
4   1339    601   1337    106
4    601   1341   1337   1283
4    601   1345   1341   1283
4    601   1337   1341   1339
4    601   1341   1345   1339
4     67    611   1345   1284
4    108   1340    611   1344
4   1345   1340    216   1343
4   1343   1284   1344    210
4   1284   1340   1344    611
4   1284   1345   1340    611
4   1284   1344   1340   1343
4   1284   1340   1345   1343
4     67   1345   1283   1284
4    216   1341   1345   1343
4   1283   1341    209   1277
4   1277   1284   1343    210
4   1284   1341   1343   1345
4   1284   1283   1341   1345
4   1284   1343   1341   1277
4   1284   1341   1283   1277
4     42   1346   1347   1348
4    217   1349   1346   1350
4   1347   1349    218   1351
4   1351   1348   1350    219
4   1348   1349   1350   1346
4   1348   1347   1349   1346
4   1348   1350   1349   1351
4   1348   1349   1347   1351
4     24    632   1352    633
4    113   1353    632    636
4   1352   1353    217   1354
4   1354    633    636    114
4    633   1353    636    632
4    633   1352   1353    632
4    633    636   1353   1354
4    633   1353   1352   1354
4    218   1355   1356   1357
4    113    644   1355    645
4   1356    644      5    648
4    648   1357    645    117
4   1357    644    645   1355
4   1357   1356    644   1355
4   1357    645    644    648
4   1357    644   1356    648
4    117   1358    649    651
4    219   1359   1358   1360
4    649   1359    114    653
4    653    651   1360     26
4    651   1359   1360   1358
4    651    649   1359   1358
4    651   1360   1359    653
4    651   1359    649    653
4    219   1361   1359   1350
4    113    636   1361   1353
4   1359    636    114   1354
4   1354   1350   1353    217
4   1350    636   1353   1361
4   1350   1359    636   1361
4   1350   1353    636   1354
4   1350    636   1359   1354
4    219   1351   1361   1350
4    218   1355   1351   1349
4   1361   1355    113   1353
4   1353   1350   1349    217
4   1350   1355   1349   1351
4   1350   1361   1355   1351
4   1350   1349   1355   1353
4   1350   1355   1361   1353
4    219   1359   1361   1358
4    114    636   1359    649
4   1361    636    113    645
4    645   1358    649    117
4   1358    636    649   1359
4   1358   1361    636   1359
4   1358    649    636    645
4   1358    636   1361    645
4    219   1361   1351   1358
4    113   1355   1361    645
4   1351   1355    218   1357
4   1357   1358    645    117
4   1358   1355    645   1361
4   1358   1351   1355   1361
4   1358    645   1355   1357
4   1358   1355   1351   1357
4     26   1362    656    658
4    220   1363   1362   1364
4    656   1363    118    660
4    660    658   1364    120
4    658   1363   1364   1362
4    658    656   1363   1362
4    658   1364   1363    660
4    658   1363    656    660
4     36   1291   1365   1032
4    211   1366   1291   1293
4   1365   1366    220   1367
4   1367   1032   1293    177
4   1032   1366   1293   1291
4   1032   1365   1366   1291
4   1032   1293   1366   1367
4   1032   1366   1365   1367
4    118   1368    662    664
4    211   1288   1368   1290
4    662   1288     17    452
4    452    664   1290     87
4    664   1288   1290   1368
4    664    662   1288   1368
4    664   1290   1288    452
4    664   1288    662    452
4     87    669   1295    467
4    120   1369    669    670
4   1295   1369    177   1044
4   1044    467    670      9
4    467   1369    670    669
4    467   1295   1369    669
4    467    670   1369   1044
4    467   1369   1295   1044
4    120   1370   1369   1364
4    211   1293   1370   1366
4   1369   1293    177   1367
4   1367   1364   1366    220
4   1364   1293   1366   1370
4   1364   1369   1293   1370
4   1364   1366   1293   1367
4   1364   1293   1369   1367
4    120    660   1370   1364
4    118   1368    660   1363
4   1370   1368    211   1366
4   1366   1364   1363    220
4   1364   1368   1363    660
4   1364   1370   1368    660
4   1364   1363   1368   1366
4   1364   1368   1370   1366
4    120   1369   1370    669
4    177   1293   1369   1295
4   1370   1293    211   1290
4   1290    669   1295     87
4    669   1293   1295   1369
4    669   1370   1293   1369
4    669   1295   1293   1290
4    669   1293   1370   1290
4    120   1370    660    669
4    211   1368   1370   1290
4    660   1368    118    664
4    664    669   1290     87
4    669   1368   1290   1370
4    669    660   1368   1370
4    669   1290   1368    664
4    669   1368    660    664
4     36   1371   1291   1261
4    221   1372   1371   1373
4   1291   1372    211   1317
4   1317   1261   1373    206
4   1261   1372   1373   1371
4   1261   1291   1372   1371
4   1261   1373   1372   1317
4   1261   1372   1291   1317
4     24    610   1374   1338
4    108   1375    610   1340
4   1374   1375    221   1376
4   1376   1338   1340    216
4   1338   1375   1340    610
4   1338   1374   1375    610
4   1338   1340   1375   1376
4   1338   1375   1374   1376
4    211   1377   1288   1319
4    108    613   1377   1344
4   1288    613     17   1286
4   1286   1319   1344    210
4   1319    613   1344   1377
4   1319   1288    613   1377
4   1319   1344    613   1286
4   1319    613   1288   1286
4    210   1318   1343   1274
4    206   1378   1318   1258
4   1343   1378    216   1342
4   1342   1274   1258     41
4   1274   1378   1258   1318
4   1274   1343   1378   1318
4   1274   1258   1378   1342
4   1274   1378   1343   1342
4    206   1379   1378   1373
4    108   1340   1379   1375
4   1378   1340    216   1376
4   1376   1373   1375    221
4   1373   1340   1375   1379
4   1373   1378   1340   1379
4   1373   1375   1340   1376
4   1373   1340   1378   1376
4    206   1317   1379   1373
4    211   1377   1317   1372
4   1379   1377    108   1375
4   1375   1373   1372    221
4   1373   1377   1372   1317
4   1373   1379   1377   1317
4   1373   1372   1377   1375
4   1373   1377   1379   1375
4    206   1378   1379   1318
4    216   1340   1378   1343
4   1379   1340    108   1344
4   1344   1318   1343    210
4   1318   1340   1343   1378
4   1318   1379   1340   1378
4   1318   1343   1340   1344
4   1318   1340   1379   1344
4    206   1379   1317   1318
4    108   1377   1379   1344
4   1317   1377    211   1319
4   1319   1318   1344    210
4   1318   1377   1344   1379
4   1318   1317   1377   1379
4   1318   1344   1377   1319
4   1318   1377   1317   1319
4     36   1335   1371   1261
4    215   1380   1335   1334
4   1371   1380    221   1373
4   1373   1261   1334    206
4   1261   1380   1334   1335
4   1261   1371   1380   1335
4   1261   1334   1380   1373
4   1261   1380   1371   1373
4     42   1346   1332   1330
4    217   1381   1346   1382
4   1332   1381    215   1331
4   1331   1330   1382    214
4   1330   1381   1382   1346
4   1330   1332   1381   1346
4   1330   1382   1381   1331
4   1330   1381   1332   1331
4    221   1383   1374   1376
4    217   1352   1383   1384
4   1374   1352     24   1338
4   1338   1376   1384    216
4   1376   1352   1384   1383
4   1376   1374   1352   1383
4   1376   1384   1352   1338
4   1376   1352   1374   1338
4    216   1378   1385   1342
4    206   1326   1378   1258
4   1385   1326    214   1324
4   1324   1342   1258     41
4   1342   1326   1258   1378
4   1342   1385   1326   1378
4   1342   1258   1326   1324
4   1342   1326   1385   1324
4    206   1386   1326   1334
4    217   1382   1386   1381
4   1326   1382    214   1331
4   1331   1334   1381    215
4   1334   1382   1381   1386
4   1334   1326   1382   1386
4   1334   1381   1382   1331
4   1334   1382   1326   1331
4    206   1373   1386   1334
4    221   1383   1373   1380
4   1386   1383    217   1381
4   1381   1334   1380    215
4   1334   1383   1380   1373
4   1334   1386   1383   1373
4   1334   1380   1383   1381
4   1334   1383   1386   1381
4    206   1326   1386   1378
4    214   1382   1326   1385
4   1386   1382    217   1384
4   1384   1378   1385    216
4   1378   1382   1385   1326
4   1378   1386   1382   1326
4   1378   1385   1382   1384
4   1378   1382   1386   1384
4    206   1386   1373   1378
4    217   1383   1386   1384
4   1373   1383    221   1376
4   1376   1378   1384    216
4   1378   1383   1384   1386
4   1378   1373   1383   1386
4   1378   1384   1383   1376
4   1378   1383   1373   1376
4     36   1291   1371   1365
4    211   1372   1291   1366
4   1371   1372    221   1387
4   1387   1365   1366    220
4   1365   1372   1366   1291
4   1365   1371   1372   1291
4   1365   1366   1372   1387
4   1365   1372   1371   1387
4     17    613   1288    662
4    108   1377    613    695
4   1288   1377    211   1368
4   1368    662    695    118
4    662   1377    695    613
4    662   1288   1377    613
4    662    695   1377   1368
4    662   1377   1288   1368
4    221   1375   1374   1388
4    108    610   1375    696
4   1374    610     24    633
4    633   1388    696    114
4   1388    610    696   1375
4   1388   1374    610   1375
4   1388    696    610    633
4   1388    610   1374    633
4    114   1389    697    653
4    220   1363   1389   1362
4    697   1363    118    656
4    656    653   1362     26
4    653   1363   1362   1389
4    653    697   1363   1389
4    653   1362   1363    656
4    653   1363    697    656
4    220   1390   1363   1366
4    108    695   1390   1377
4   1363    695    118   1368
4   1368   1366   1377    211
4   1366    695   1377   1390
4   1366   1363    695   1390
4   1366   1377    695   1368
4   1366    695   1363   1368
4    220   1387   1390   1366
4    221   1375   1387   1372
4   1390   1375    108   1377
4   1377   1366   1372    211
4   1366   1375   1372   1387
4   1366   1390   1375   1387
4   1366   1372   1375   1377
4   1366   1375   1390   1377
4    220   1363   1390   1389
4    118    695   1363    697
4   1390    695    108    696
4    696   1389    697    114
4   1389    695    697   1363
4   1389   1390    695   1363
4   1389    697    695    696
4   1389    695   1390    696
4    220   1390   1387   1389
4    108   1375   1390    696
4   1387   1375    221   1388
4   1388   1389    696    114
4   1389   1375    696   1390
4   1389   1387   1375   1390
4   1389    696   1375   1388
4   1389   1375   1387   1388
4     36   1371   1335   1365
4    221   1380   1371   1387
4   1335   1380    215   1391
4   1391   1365   1387    220
4   1365   1380   1387   1371
4   1365   1335   1380   1371
4   1365   1387   1380   1391
4   1365   1380   1335   1391
4     24   1352   1374    633
4    217   1383   1352   1354
4   1374   1383    221   1388
4   1388    633   1354    114
4    633   1383   1354   1352
4    633   1374   1383   1352
4    633   1354   1383   1388
4    633   1383   1374   1388
4    215   1381   1332   1392
4    217   1346   1381   1350
4   1332   1346     42   1348
4   1348   1392   1350    219
4   1392   1346   1350   1381
4   1392   1332   1346   1381
4   1392   1350   1346   1348
4   1392   1346   1332   1348
4    219   1393   1359   1360
4    220   1389   1393   1362
4   1359   1389    114    653
4    653   1360   1362     26
4   1360   1389   1362   1393
4   1360   1359   1389   1393
4   1360   1362   1389    653
4   1360   1389   1359    653
4    220   1394   1389   1387
4    217   1354   1394   1383
4   1389   1354    114   1388
4   1388   1387   1383    221
4   1387   1354   1383   1394
4   1387   1389   1354   1394
4   1387   1383   1354   1388
4   1387   1354   1389   1388
4    220   1391   1394   1387
4    215   1381   1391   1380
4   1394   1381    217   1383
4   1383   1387   1380    221
4   1387   1381   1380   1391
4   1387   1394   1381   1391
4   1387   1380   1381   1383
4   1387   1381   1394   1383
4    220   1389   1394   1393
4    114   1354   1389   1359
4   1394   1354    217   1350
4   1350   1393   1359    219
4   1393   1354   1359   1389
4   1393   1394   1354   1389
4   1393   1359   1354   1350
4   1393   1354   1394   1350
4    220   1394   1391   1393
4    217   1381   1394   1350
4   1391   1381    215   1392
4   1392   1393   1350    219
4   1393   1381   1350   1394
4   1393   1391   1381   1394
4   1393   1350   1381   1392
4   1393   1381   1391   1392
4      3   1321   1089   1022
4    213   1395   1321   1323
4   1089   1395    182   1091
4   1091   1022   1323    174
4   1022   1395   1323   1321
4   1022   1089   1395   1321
4   1022   1323   1395   1091
4   1022   1395   1089   1091
4     42   1396   1328   1332
4    222   1397   1396   1398
4   1328   1397    213   1329
4   1329   1332   1398    215
4   1332   1397   1398   1396
4   1332   1328   1397   1396
4   1332   1398   1397   1329
4   1332   1397   1328   1329
4    182   1399   1093   1097
4    222   1400   1399   1401
4   1093   1400     38   1094
4   1094   1097   1401    184
4   1097   1400   1401   1399
4   1097   1093   1400   1399
4   1097   1401   1400   1094
4   1097   1400   1093   1094
4    184   1102   1402   1103
4    174   1333   1102   1025
4   1402   1333    215   1335
4   1335   1103   1025     36
4   1103   1333   1025   1102
4   1103   1402   1333   1102
4   1103   1025   1333   1335
4   1103   1333   1402   1335
4    174   1403   1333   1323
4    222   1398   1403   1397
4   1333   1398    215   1329
4   1329   1323   1397    213
4   1323   1398   1397   1403
4   1323   1333   1398   1403
4   1323   1397   1398   1329
4   1323   1398   1333   1329
4    174   1091   1403   1323
4    182   1399   1091   1395
4   1403   1399    222   1397
4   1397   1323   1395    213
4   1323   1399   1395   1091
4   1323   1403   1399   1091
4   1323   1395   1399   1397
4   1323   1399   1403   1397
4    174   1333   1403   1102
4    215   1398   1333   1402
4   1403   1398    222   1401
4   1401   1102   1402    184
4   1102   1398   1402   1333
4   1102   1403   1398   1333
4   1102   1402   1398   1401
4   1102   1398   1403   1401
4    174   1403   1091   1102
4    222   1399   1403   1401
4   1091   1399    182   1097
4   1097   1102   1401    184
4   1102   1399   1401   1403
4   1102   1091   1399   1403
4   1102   1401   1399   1097
4   1102   1399   1091   1097
4      5   1404   1356    648
4    223   1405   1404   1406
4   1356   1405    218   1357
4   1357    648   1406    117
4    648   1405   1406   1404
4    648   1356   1405   1404
4    648   1406   1405   1357
4    648   1405   1356   1357
4     43   1407   1408   1409
4    224   1410   1407   1411
4   1408   1410    223   1412
4   1412   1409   1411    225
4   1409   1410   1411   1407
4   1409   1408   1410   1407
4   1409   1411   1410   1412
4   1409   1410   1408   1412
4    218   1413   1347   1351
4    224   1414   1413   1415
4   1347   1414     42   1348
4   1348   1351   1415    219
4   1351   1414   1415   1413
4   1351   1347   1414   1413
4   1351   1415   1414   1348
4   1351   1414   1347   1348
4    219   1358   1416   1360
4    117   1417   1358    651
4   1416   1417    225   1418
4   1418   1360    651     26
4   1360   1417    651   1358
4   1360   1416   1417   1358
4   1360    651   1417   1418
4   1360   1417   1416   1418
4    117   1419   1417   1406
4    224   1411   1419   1410
4   1417   1411    225   1412
4   1412   1406   1410    223
4   1406   1411   1410   1419
4   1406   1417   1411   1419
4   1406   1410   1411   1412
4   1406   1411   1417   1412
4    117   1357   1419   1406
4    218   1413   1357   1405
4   1419   1413    224   1410
4   1410   1406   1405    223
4   1406   1413   1405   1357
4   1406   1419   1413   1357
4   1406   1405   1413   1410
4   1406   1413   1419   1410
4    117   1417   1419   1358
4    225   1411   1417   1416
4   1419   1411    224   1415
4   1415   1358   1416    219
4   1358   1411   1416   1417
4   1358   1419   1411   1417
4   1358   1416   1411   1415
4   1358   1411   1419   1415
4    117   1419   1357   1358
4    224   1413   1419   1415
4   1357   1413    218   1351
4   1351   1358   1415    219
4   1358   1413   1415   1419
4   1358   1357   1413   1419
4   1358   1415   1413   1351
4   1358   1413   1357   1351
4     38   1420   1111   1113
4    226   1421   1420   1422
4   1111   1421    188   1115
4   1115   1113   1422    189
4   1113   1421   1422   1420
4   1113   1111   1421   1420
4   1113   1422   1421   1115
4   1113   1421   1111   1115
4     43   1423   1424   1425
4    227   1426   1423   1427
4   1424   1426    226   1428
4   1428   1425   1427    228
4   1425   1426   1427   1423
4   1425   1424   1426   1423
4   1425   1427   1426   1428
4   1425   1426   1424   1428
4    188   1429   1120   1121
4    227   1430   1429   1431
4   1120   1430      8   1122
4   1122   1121   1431    190
4   1121   1430   1431   1429
4   1121   1120   1430   1429
4   1121   1431   1430   1122
4   1121   1430   1120   1122
4    190   1124   1432   1125
4    189   1433   1124   1128
4   1432   1433    228   1434
4   1434   1125   1128     39
4   1125   1433   1128   1124
4   1125   1432   1433   1124
4   1125   1128   1433   1434
4   1125   1433   1432   1434
4    189   1435   1433   1422
4    227   1427   1435   1426
4   1433   1427    228   1428
4   1428   1422   1426    226
4   1422   1427   1426   1435
4   1422   1433   1427   1435
4   1422   1426   1427   1428
4   1422   1427   1433   1428
4    189   1115   1435   1422
4    188   1429   1115   1421
4   1435   1429    227   1426
4   1426   1422   1421    226
4   1422   1429   1421   1115
4   1422   1435   1429   1115
4   1422   1421   1429   1426
4   1422   1429   1435   1426
4    189   1433   1435   1124
4    228   1427   1433   1432
4   1435   1427    227   1431
4   1431   1124   1432    190
4   1124   1427   1432   1433
4   1124   1435   1427   1433
4   1124   1432   1427   1431
4   1124   1427   1435   1431
4    189   1435   1115   1124
4    227   1429   1435   1431
4   1115   1429    188   1121
4   1121   1124   1431    190
4   1124   1429   1431   1435
4   1124   1115   1429   1435
4   1124   1431   1429   1121
4   1124   1429   1115   1121
4     39   1131   1436   1132
4    192   1437   1131   1135
4   1436   1437    229   1438
4   1438   1132   1135    193
4   1132   1437   1135   1131
4   1132   1436   1437   1131
4   1132   1135   1437   1438
4   1132   1437   1436   1438
4     36   1365   1140   1032
4    220   1439   1365   1367
4   1140   1439    192   1141
4   1141   1032   1367    177
4   1032   1439   1367   1365
4   1032   1140   1439   1365
4   1032   1367   1439   1141
4   1032   1439   1140   1141
4    229   1440   1441   1442
4    220   1362   1440   1364
4   1441   1362     26    658
4    658   1442   1364    120
4   1442   1362   1364   1440
4   1442   1441   1362   1440
4   1442   1364   1362    658
4   1442   1362   1441    658
4    120   1443   1369    670
4    193   1142   1443   1144
4   1369   1142    177   1044
4   1044    670   1144      9
4    670   1142   1144   1443
4    670   1369   1142   1443
4    670   1144   1142   1044
4    670   1142   1369   1044
4    193   1444   1142   1135
4    220   1367   1444   1439
4   1142   1367    177   1141
4   1141   1135   1439    192
4   1135   1367   1439   1444
4   1135   1142   1367   1444
4   1135   1439   1367   1141
4   1135   1367   1142   1141
4    193   1438   1444   1135
4    229   1440   1438   1437
4   1444   1440    220   1439
4   1439   1135   1437    192
4   1135   1440   1437   1438
4   1135   1444   1440   1438
4   1135   1437   1440   1439
4   1135   1440   1444   1439
4    193   1142   1444   1443
4    177   1367   1142   1369
4   1444   1367    220   1364
4   1364   1443   1369    120
4   1443   1367   1369   1142
4   1443   1444   1367   1142
4   1443   1369   1367   1364
4   1443   1367   1444   1364
4    193   1444   1438   1443
4    220   1440   1444   1364
4   1438   1440    229   1442
4   1442   1443   1364    120
4   1443   1440   1364   1444
4   1443   1438   1440   1444
4   1443   1364   1440   1442
4   1443   1440   1438   1442
4     36   1445   1365   1335
4    230   1446   1445   1447
4   1365   1446    220   1391
4   1391   1335   1447    215
4   1335   1446   1447   1445
4   1335   1365   1446   1445
4   1335   1447   1446   1391
4   1335   1446   1365   1391
4     43   1409   1448   1407
4    225   1449   1409   1411
4   1448   1449    230   1450
4   1450   1407   1411    224
4   1407   1449   1411   1409
4   1407   1448   1449   1409
4   1407   1411   1449   1450
4   1407   1449   1448   1450
4    220   1451   1362   1393
4    225   1418   1451   1416
4   1362   1418     26   1360
4   1360   1393   1416    219
4   1393   1418   1416   1451
4   1393   1362   1418   1451
4   1393   1416   1418   1360
4   1393   1418   1362   1360
4    219   1392   1415   1348
4    215   1452   1392   1332
4   1415   1452    224   1414
4   1414   1348   1332     42
4   1348   1452   1332   1392
4   1348   1415   1452   1392
4   1348   1332   1452   1414
4   1348   1452   1415   1414
4    215   1453   1452   1447
4    225   1411   1453   1449
4   1452   1411    224   1450
4   1450   1447   1449    230
4   1447   1411   1449   1453
4   1447   1452   1411   1453
4   1447   1449   1411   1450
4   1447   1411   1452   1450
4    215   1391   1453   1447
4    220   1451   1391   1446
4   1453   1451    225   1449
4   1449   1447   1446    230
4   1447   1451   1446   1391
4   1447   1453   1451   1391
4   1447   1446   1451   1449
4   1447   1451   1453   1449
4    215   1452   1453   1392
4    224   1411   1452   1415
4   1453   1411    225   1416
4   1416   1392   1415    219
4   1392   1411   1415   1452
4   1392   1453   1411   1452
4   1392   1415   1411   1416
4   1392   1411   1453   1416
4    215   1453   1391   1392
4    225   1451   1453   1416
4   1391   1451    220   1393
4   1393   1392   1416    219
4   1392   1451   1416   1453
4   1392   1391   1451   1453
4   1392   1416   1451   1393
4   1392   1451   1391   1393
4     36   1103   1445   1335
4    184   1454   1103   1402
4   1445   1454    230   1447
4   1447   1335   1402    215
4   1335   1454   1402   1103
4   1335   1445   1454   1103
4   1335   1402   1454   1447
4   1335   1454   1445   1447
4     38   1420   1094   1400
4    226   1455   1420   1456
4   1094   1455    184   1401
4   1401   1400   1456    222
4   1400   1455   1456   1420
4   1400   1094   1455   1420
4   1400   1456   1455   1401
4   1400   1455   1094   1401
4    230   1457   1448   1450
4    226   1424   1457   1458
4   1448   1424     43   1407
4   1407   1450   1458    224
4   1450   1424   1458   1457
4   1450   1448   1424   1457
4   1450   1458   1424   1407
4   1450   1424   1448   1407
4    224   1452   1459   1414
4    215   1398   1452   1332
4   1459   1398    222   1396
4   1396   1414   1332     42
4   1414   1398   1332   1452
4   1414   1459   1398   1452
4   1414   1332   1398   1396
4   1414   1398   1459   1396
4    215   1460   1398   1402
4    226   1456   1460   1455
4   1398   1456    222   1401
4   1401   1402   1455    184
4   1402   1456   1455   1460
4   1402   1398   1456   1460
4   1402   1455   1456   1401
4   1402   1456   1398   1401
4    215   1447   1460   1402
4    230   1457   1447   1454
4   1460   1457    226   1455
4   1455   1402   1454    184
4   1402   1457   1454   1447
4   1402   1460   1457   1447
4   1402   1454   1457   1455
4   1402   1457   1460   1455
4    215   1398   1460   1452
4    222   1456   1398   1459
4   1460   1456    226   1458
4   1458   1452   1459    224
4   1452   1456   1459   1398
4   1452   1460   1456   1398
4   1452   1459   1456   1458
4   1452   1456   1460   1458
4    215   1460   1447   1452
4    226   1457   1460   1458
4   1447   1457    230   1450
4   1450   1452   1458    224
4   1452   1457   1458   1460
4   1452   1447   1457   1460
4   1452   1458   1457   1450
4   1452   1457   1447   1450
4     36   1365   1445   1140
4    220   1446   1365   1439
4   1445   1446    230   1461
4   1461   1140   1439    192
4   1140   1446   1439   1365
4   1140   1445   1446   1365
4   1140   1439   1446   1461
4   1140   1446   1445   1461
4     26   1418   1362   1441
4    225   1451   1418   1462
4   1362   1451    220   1440
4   1440   1441   1462    229
4   1441   1451   1462   1418
4   1441   1362   1451   1418
4   1441   1462   1451   1440
4   1441   1451   1362   1440
4    230   1449   1448   1463
4    225   1409   1449   1464
4   1448   1409     43   1425
4   1425   1463   1464    228
4   1463   1409   1464   1449
4   1463   1448   1409   1449
4   1463   1464   1409   1425
4   1463   1409   1448   1425
4    228   1465   1466   1434
4    192   1437   1465   1131
4   1466   1437    229   1436
4   1436   1434   1131     39
4   1434   1437   1131   1465
4   1434   1466   1437   1465
4   1434   1131   1437   1436
4   1434   1437   1466   1436
4    192   1467   1437   1439
4    225   1462   1467   1451
4   1437   1462    229   1440
4   1440   1439   1451    220
4   1439   1462   1451   1467
4   1439   1437   1462   1467
4   1439   1451   1462   1440
4   1439   1462   1437   1440
4    192   1461   1467   1439
4    230   1449   1461   1446
4   1467   1449    225   1451
4   1451   1439   1446    220
4   1439   1449   1446   1461
4   1439   1467   1449   1461
4   1439   1446   1449   1451
4   1439   1449   1467   1451
4    192   1437   1467   1465
4    229   1462   1437   1466
4   1467   1462    225   1464
4   1464   1465   1466    228
4   1465   1462   1466   1437
4   1465   1467   1462   1437
4   1465   1466   1462   1464
4   1465   1462   1467   1464
4    192   1467   1461   1465
4    225   1449   1467   1464
4   1461   1449    230   1463
4   1463   1465   1464    228
4   1465   1449   1464   1467
4   1465   1461   1449   1467
4   1465   1464   1449   1463
4   1465   1449   1461   1463
4     36   1445   1103   1140
4    230   1454   1445   1461
4   1103   1454    184   1163
4   1163   1140   1461    192
4   1140   1454   1461   1445
4   1140   1103   1454   1445
4   1140   1461   1454   1163
4   1140   1454   1103   1163
4     43   1424   1448   1425
4    226   1457   1424   1428
4   1448   1457    230   1463
4   1463   1425   1428    228
4   1425   1457   1428   1424
4   1425   1448   1457   1424
4   1425   1428   1457   1463
4   1425   1457   1448   1463
4    184   1455   1094   1165
4    226   1420   1455   1422
4   1094   1420     38   1113
4   1113   1165   1422    189
4   1165   1420   1422   1455
4   1165   1094   1420   1455
4   1165   1422   1420   1113
4   1165   1420   1094   1113
4    189   1167   1433   1128
4    192   1465   1167   1131
4   1433   1465    228   1434
4   1434   1128   1131     39
4   1128   1465   1131   1167
4   1128   1433   1465   1167
4   1128   1131   1465   1434
4   1128   1465   1433   1434
4    192   1468   1465   1461
4    226   1428   1468   1457
4   1465   1428    228   1463
4   1463   1461   1457    230
4   1461   1428   1457   1468
4   1461   1465   1428   1468
4   1461   1457   1428   1463
4   1461   1428   1465   1463
4    192   1163   1468   1461
4    184   1455   1163   1454
4   1468   1455    226   1457
4   1457   1461   1454    230
4   1461   1455   1454   1163
4   1461   1468   1455   1163
4   1461   1454   1455   1457
4   1461   1455   1468   1457
4    192   1465   1468   1167
4    228   1428   1465   1433
4   1468   1428    226   1422
4   1422   1167   1433    189
4   1167   1428   1433   1465
4   1167   1468   1428   1465
4   1167   1433   1428   1422
4   1167   1428   1468   1422
4    192   1468   1163   1167
4    226   1455   1468   1422
4   1163   1455    184   1165
4   1165   1167   1422    189
4   1167   1455   1422   1468
4   1167   1163   1455   1468
4   1167   1422   1455   1165
4   1167   1455   1163   1165
4      5    648    646   1469
4    117    647    648   1470
4    646    647    115   1471
4   1471   1469   1470    231
4   1469    647   1470    648
4   1469    646    647    648
4   1469   1470    647   1471
4   1469    647    646   1471
4     26    654    651   1472
4    116    650    654   1473
4    651    650    117   1474
4   1474   1472   1473    232
4   1472    650   1473    654
4   1472    651    650    654
4   1472   1473    650   1474
4   1472    650    651   1474
4    115    641    637   1475
4    116    639    641   1476
4    637    639     25   1477
4   1477   1475   1476    233
4   1475    639   1476    641
4   1475    637    639    641
4   1475   1476    639   1477
4   1475    639    637   1477
4    233   1478   1479   1480
4    231   1481   1478   1482
4   1479   1481    232   1483
4   1483   1480   1482     44
4   1480   1481   1482   1478
4   1480   1479   1481   1478
4   1480   1482   1481   1483
4   1480   1481   1479   1483
4    231   1484   1481   1470
4    116   1473   1484    650
4   1481   1473    232   1474
4   1474   1470    650    117
4   1470   1473    650   1484
4   1470   1481   1473   1484
4   1470    650   1473   1474
4   1470   1473   1481   1474
4    231   1471   1484   1470
4    115    641   1471    647
4   1484    641    116    650
4    650   1470    647    117
4   1470    641    647   1471
4   1470   1484    641   1471
4   1470    647    641    650
4   1470    641   1484    650
4    231   1481   1484   1478
4    232   1473   1481   1479
4   1484   1473    116   1476
4   1476   1478   1479    233
4   1478   1473   1479   1481
4   1478   1484   1473   1481
4   1478   1479   1473   1476
4   1478   1473   1484   1476
4    231   1484   1471   1478
4    116    641   1484   1476
4   1471    641    115   1475
4   1475   1478   1476    233
4   1478    641   1476   1484
4   1478   1471    641   1484
4   1478   1476    641   1475
4   1478    641   1471   1475
4      9    570    670   1485
4    104    668    570   1486
4    670    668    120   1487
4   1487   1485   1486    234
4   1485    668   1486    570
4   1485    670    668    570
4   1485   1486    668   1487
4   1485    668    670   1487
4     23    666    558   1488
4    119    667    666   1489
4    558    667    104   1490
4   1490   1488   1489    235
4   1488    667   1489    666
4   1488    558    667    666
4   1488   1489    667   1490
4   1488    667    558   1490
4    120    661    658   1491
4    119    657    661   1492
4    658    657     26   1493
4   1493   1491   1492    236
4   1491    657   1492    661
4   1491    658    657    661
4   1491   1492    657   1493
4   1491    657    658   1493
4    236   1494   1495   1496
4    234   1497   1494   1498
4   1495   1497    235   1499
4   1499   1496   1498     45
4   1496   1497   1498   1494
4   1496   1495   1497   1494
4   1496   1498   1497   1499
4   1496   1497   1495   1499
4    234   1500   1497   1486
4    119   1489   1500    667
4   1497   1489    235   1490
4   1490   1486    667    104
4   1486   1489    667   1500
4   1486   1497   1489   1500
4   1486    667   1489   1490
4   1486   1489   1497   1490
4    234   1487   1500   1486
4    120    661   1487    668
4   1500    661    119    667
4    667   1486    668    104
4   1486    661    668   1487
4   1486   1500    661   1487
4   1486    668    661    667
4   1486    661   1500    667
4    234   1497   1500   1494
4    235   1489   1497   1495
4   1500   1489    119   1492
4   1492   1494   1495    236
4   1494   1489   1495   1497
4   1494   1500   1489   1497
4   1494   1495   1489   1492
4   1494   1489   1500   1492
4    234   1500   1487   1494
4    119    661   1500   1492
4   1487    661    120   1491
4   1491   1494   1492    236
4   1494    661   1492   1500
4   1494   1487    661   1500
4   1494   1492    661   1491
4   1494    661   1487   1491
4     25    620    619   1501
4    111    623    620   1502
4    619    623    109   1503
4   1503   1501   1502    237
4   1501    623   1502    620
4   1501    619    623    620
4   1501   1502    623   1503
4   1501    623    619   1503
4     23    551    629   1504
4    101    628    551   1505
4    629    628    111   1506
4   1506   1504   1505    238
4   1504    628   1505    551
4   1504    629    628    551
4   1504   1505    628   1506
4   1504    628    629   1506
4    109    617    615   1507
4    101    548    617   1508
4    615    548      6   1509
4   1509   1507   1508    239
4   1507    548   1508    617
4   1507    615    548    617
4   1507   1508    548   1509
4   1507    548    615   1509
4    239   1510   1511   1512
4    237   1513   1510   1514
4   1511   1513    238   1515
4   1515   1512   1514     46
4   1512   1513   1514   1510
4   1512   1511   1513   1510
4   1512   1514   1513   1515
4   1512   1513   1511   1515
4    237   1516   1513   1502
4    101   1505   1516    628
4   1513   1505    238   1506
4   1506   1502    628    111
4   1502   1505    628   1516
4   1502   1513   1505   1516
4   1502    628   1505   1506
4   1502   1505   1513   1506
4    237   1503   1516   1502
4    109    617   1503    623
4   1516    617    101    628
4    628   1502    623    111
4   1502    617    623   1503
4   1502   1516    617   1503
4   1502    623    617    628
4   1502    617   1516    628
4    237   1513   1516   1510
4    238   1505   1513   1511
4   1516   1505    101   1508
4   1508   1510   1511    239
4   1510   1505   1511   1513
4   1510   1516   1505   1513
4   1510   1511   1505   1508
4   1510   1505   1516   1508
4    237   1516   1503   1510
4    101    617   1516   1508
4   1503    617    109   1507
4   1507   1510   1508    239
4   1510    617   1508   1516
4   1510   1503    617   1516
4   1510   1508    617   1507
4   1510    617   1503   1507
4     46   1517   1518   1519
4    240   1520   1517   1521
4   1518   1520    241   1522
4   1522   1519   1521    242
4   1519   1520   1521   1517
4   1519   1518   1520   1517
4   1519   1521   1520   1522
4   1519   1520   1518   1522
4     44   1523   1524   1525
4    243   1526   1523   1527
4   1524   1526    240   1528
4   1528   1525   1527    244
4   1525   1526   1527   1523
4   1525   1524   1526   1523
4   1525   1527   1526   1528
4   1525   1526   1524   1528
4    241   1529   1530   1531
4    243   1532   1529   1533
4   1530   1532     45   1534
4   1534   1531   1533    245
4   1531   1532   1533   1529
4   1531   1530   1532   1529
4   1531   1533   1532   1534
4   1531   1532   1530   1534
4    245   1535   1536   1537
4    242   1538   1535   1539
4   1536   1538    244   1540
4   1540   1537   1539     14
4   1537   1538   1539   1535
4   1537   1536   1538   1535
4   1537   1539   1538   1540
4   1537   1538   1536   1540
4    242   1541   1538   1521
4    243   1527   1541   1526
4   1538   1527    244   1528
4   1528   1521   1526    240
4   1521   1527   1526   1541
4   1521   1538   1527   1541
4   1521   1526   1527   1528
4   1521   1527   1538   1528
4    242   1522   1541   1521
4    241   1529   1522   1520
4   1541   1529    243   1526
4   1526   1521   1520    240
4   1521   1529   1520   1522
4   1521   1541   1529   1522
4   1521   1520   1529   1526
4   1521   1529   1541   1526
4    242   1538   1541   1535
4    244   1527   1538   1536
4   1541   1527    243   1533
4   1533   1535   1536    245
4   1535   1527   1536   1538
4   1535   1541   1527   1538
4   1535   1536   1527   1533
4   1535   1527   1541   1533
4    242   1541   1522   1535
4    243   1529   1541   1533
4   1522   1529    241   1531
4   1531   1535   1533    245
4   1535   1529   1533   1541
4   1535   1522   1529   1541
4   1535   1533   1529   1531
4   1535   1529   1522   1531
4     44   1542   1523   1483
4    246   1543   1542   1544
4   1523   1543    243   1545
4   1545   1483   1544    232
4   1483   1543   1544   1542
4   1483   1523   1543   1542
4   1483   1544   1543   1545
4   1483   1543   1523   1545
4     23   1488   1546    666
4    235   1547   1488   1489
4   1546   1547    246   1548
4   1548    666   1489    119
4    666   1547   1489   1488
4    666   1546   1547   1488
4    666   1489   1547   1548
4    666   1547   1546   1548
4    243   1549   1532   1550
4    235   1499   1549   1495
4   1532   1499     45   1496
4   1496   1550   1495    236
4   1550   1499   1495   1549
4   1550   1532   1499   1549
4   1550   1495   1499   1496
4   1550   1499   1532   1496
4    236   1551   1492   1493
4    232   1552   1551   1472
4   1492   1552    119    657
4    657   1493   1472     26
4   1493   1552   1472   1551
4   1493   1492   1552   1551
4   1493   1472   1552    657
4   1493   1552   1492    657
4    232   1553   1552   1544
4    235   1489   1553   1547
4   1552   1489    119   1548
4   1548   1544   1547    246
4   1544   1489   1547   1553
4   1544   1552   1489   1553
4   1544   1547   1489   1548
4   1544   1489   1552   1548
4    232   1545   1553   1544
4    243   1549   1545   1543
4   1553   1549    235   1547
4   1547   1544   1543    246
4   1544   1549   1543   1545
4   1544   1553   1549   1545
4   1544   1543   1549   1547
4   1544   1549   1553   1547
4    232   1552   1553   1551
4    119   1489   1552   1492
4   1553   1489    235   1495
4   1495   1551   1492    236
4   1551   1489   1492   1552
4   1551   1553   1489   1552
4   1551   1492   1489   1495
4   1551   1489   1553   1495
4    232   1553   1545   1551
4    235   1549   1553   1495
4   1545   1549    243   1550
4   1550   1551   1495    236
4   1551   1549   1495   1553
4   1551   1545   1549   1553
4   1551   1495   1549   1550
4   1551   1549   1545   1550
4     44   1480   1542   1483
4    233   1554   1480   1479
4   1542   1554    246   1544
4   1544   1483   1479    232
4   1483   1554   1479   1480
4   1483   1542   1554   1480
4   1483   1479   1554   1544
4   1483   1554   1542   1544
4     25    620   1477    639
4    111   1555    620    691
4   1477   1555    233   1476
4   1476    639    691    116
4    639   1555    691    620
4    639   1477   1555    620
4    639    691   1555   1476
4    639   1555   1477   1476
4    246   1556   1546   1548
4    111    629   1556    689
4   1546    629     23    666
4    666   1548    689    119
4   1548    629    689   1556
4   1548   1546    629   1556
4   1548    689    629    666
4   1548    629   1546    666
4    119   1552    693    657
4    232   1473   1552   1472
4    693   1473    116    654
4    654    657   1472     26
4    657   1473   1472   1552
4    657    693   1473   1552
4    657   1472   1473    654
4    657   1473    693    654
4    232   1557   1473   1479
4    111    691   1557   1555
4   1473    691    116   1476
4   1476   1479   1555    233
4   1479    691   1555   1557
4   1479   1473    691   1557
4   1479   1555    691   1476
4   1479    691   1473   1476
4    232   1544   1557   1479
4    246   1556   1544   1554
4   1557   1556    111   1555
4   1555   1479   1554    233
4   1479   1556   1554   1544
4   1479   1557   1556   1544
4   1479   1554   1556   1555
4   1479   1556   1557   1555
4    232   1473   1557   1552
4    116    691   1473    693
4   1557    691    111    689
4    689   1552    693    119
4   1552    691    693   1473
4   1552   1557    691   1473
4   1552    693    691    689
4   1552    691   1557    689
4    232   1557   1544   1552
4    111   1556   1557    689
4   1544   1556    246   1548
4   1548   1552    689    119
4   1552   1556    689   1557
4   1552   1544   1556   1557
4   1552    689   1556   1548
4   1552   1556   1544   1548
4     44   1523   1542   1524
4    243   1543   1523   1526
4   1542   1543    246   1558
4   1558   1524   1526    240
4   1524   1543   1526   1523
4   1524   1542   1543   1523
4   1524   1526   1543   1558
4   1524   1543   1542   1558
4     45   1499   1532   1530
4    235   1549   1499   1559
4   1532   1549    243   1529
4   1529   1530   1559    241
4   1530   1549   1559   1499
4   1530   1532   1549   1499
4   1530   1559   1549   1529
4   1530   1549   1532   1529
4    246   1547   1546   1560
4    235   1488   1547   1561
4   1546   1488     23   1504
4   1504   1560   1561    238
4   1560   1488   1561   1547
4   1560   1546   1488   1547
4   1560   1561   1488   1504
4   1560   1488   1546   1504
4    238   1562   1563   1515
4    240   1520   1562   1517
4   1563   1520    241   1518
4   1518   1515   1517     46
4   1515   1520   1517   1562
4   1515   1563   1520   1562
4   1515   1517   1520   1518
4   1515   1520   1563   1518
4    240   1564   1520   1526
4    235   1559   1564   1549
4   1520   1559    241   1529
4   1529   1526   1549    243
4   1526   1559   1549   1564
4   1526   1520   1559   1564
4   1526   1549   1559   1529
4   1526   1559   1520   1529
4    240   1558   1564   1526
4    246   1547   1558   1543
4   1564   1547    235   1549
4   1549   1526   1543    243
4   1526   1547   1543   1558
4   1526   1564   1547   1558
4   1526   1543   1547   1549
4   1526   1547   1564   1549
4    240   1520   1564   1562
4    241   1559   1520   1563
4   1564   1559    235   1561
4   1561   1562   1563    238
4   1562   1559   1563   1520
4   1562   1564   1559   1520
4   1562   1563   1559   1561
4   1562   1559   1564   1561
4    240   1564   1558   1562
4    235   1547   1564   1561
4   1558   1547    246   1560
4   1560   1562   1561    238
4   1562   1547   1561   1564
4   1562   1558   1547   1564
4   1562   1561   1547   1560
4   1562   1547   1558   1560
4     44   1542   1480   1524
4    246   1554   1542   1558
4   1480   1554    233   1565
4   1565   1524   1558    240
4   1524   1554   1558   1542
4   1524   1480   1554   1542
4   1524   1558   1554   1565
4   1524   1554   1480   1565
4     23    629   1546   1504
4    111   1556    629   1506
4   1546   1556    246   1560
4   1560   1504   1506    238
4   1504   1556   1506    629
4   1504   1546   1556    629
4   1504   1506   1556   1560
4   1504   1556   1546   1560
4    233   1555   1477   1566
4    111    620   1555   1502
4   1477    620     25   1501
4   1501   1566   1502    237
4   1566    620   1502   1555
4   1566   1477    620   1555
4   1566   1502    620   1501
4   1566    620   1477   1501
4    237   1567   1513   1514
4    240   1562   1567   1517
4   1513   1562    238   1515
4   1515   1514   1517     46
4   1514   1562   1517   1567
4   1514   1513   1562   1567
4   1514   1517   1562   1515
4   1514   1562   1513   1515
4    240   1568   1562   1558
4    111   1506   1568   1556
4   1562   1506    238   1560
4   1560   1558   1556    246
4   1558   1506   1556   1568
4   1558   1562   1506   1568
4   1558   1556   1506   1560
4   1558   1506   1562   1560
4    240   1565   1568   1558
4    233   1555   1565   1554
4   1568   1555    111   1556
4   1556   1558   1554    246
4   1558   1555   1554   1565
4   1558   1568   1555   1565
4   1558   1554   1555   1556
4   1558   1555   1568   1556
4    240   1562   1568   1567
4    238   1506   1562   1513
4   1568   1506    111   1502
4   1502   1567   1513    237
4   1567   1506   1513   1562
4   1567   1568   1506   1562
4   1567   1513   1506   1502
4   1567   1506   1568   1502
4    240   1568   1565   1567
4    111   1555   1568   1502
4   1565   1555    233   1566
4   1566   1567   1502    237
4   1567   1555   1502   1568
4   1567   1565   1555   1568
4   1567   1502   1555   1566
4   1567   1555   1565   1566
4      5    646   1569   1469
4    115   1570    646   1471
4   1569   1570    247   1571
4   1571   1469   1471    231
4   1469   1570   1471    646
4   1469   1569   1570    646
4   1469   1471   1570   1571
4   1469   1570   1569   1571
4     25   1572    637   1477
4    248   1573   1572   1574
4    637   1573    115   1475
4   1475   1477   1574    233
4   1477   1573   1574   1572
4   1477    637   1573   1572
4   1477   1574   1573   1475
4   1477   1573    637   1475
4    247   1575   1576   1577
4    248   1578   1575   1579
4   1576   1578     47   1580
4   1580   1577   1579    249
4   1577   1578   1579   1575
4   1577   1576   1578   1575
4   1577   1579   1578   1580
4   1577   1578   1576   1580
4    249   1581   1582   1583
4    231   1478   1581   1482
4   1582   1478    233   1480
4   1480   1583   1482     44
4   1583   1478   1482   1581
4   1583   1582   1478   1581
4   1583   1482   1478   1480
4   1583   1478   1582   1480
4    231   1584   1478   1471
4    248   1574   1584   1573
4   1478   1574    233   1475
4   1475   1471   1573    115
4   1471   1574   1573   1584
4   1471   1478   1574   1584
4   1471   1573   1574   1475
4   1471   1574   1478   1475
4    231   1571   1584   1471
4    247   1575   1571   1570
4   1584   1575    248   1573
4   1573   1471   1570    115
4   1471   1575   1570   1571
4   1471   1584   1575   1571
4   1471   1570   1575   1573
4   1471   1575   1584   1573
4    231   1478   1584   1581
4    233   1574   1478   1582
4   1584   1574    248   1579
4   1579   1581   1582    249
4   1581   1574   1582   1478
4   1581   1584   1574   1478
4   1581   1582   1574   1579
4   1581   1574   1584   1579
4    231   1584   1571   1581
4    248   1575   1584   1579
4   1571   1575    247   1577
4   1577   1581   1579    249
4   1581   1575   1579   1584
4   1581   1571   1575   1584
4   1581   1579   1575   1577
4   1581   1575   1571   1577
4      6   1585    615   1509
4    250   1586   1585   1587
4    615   1586    109   1507
4   1507   1509   1587    239
4   1509   1586   1587   1585
4   1509    615   1586   1585
4   1509   1587   1586   1507
4   1509   1586    615   1507
4     48   1588   1589   1590
4    251   1591   1588   1592
4   1589   1591    250   1593
4   1593   1590   1592    252
4   1590   1591   1592   1588
4   1590   1589   1591   1588
4   1590   1592   1591   1593
4   1590   1591   1589   1593
4    109   1594    619   1503
4    251   1595   1594   1596
4    619   1595     25   1501
4   1501   1503   1596    237
4   1503   1595   1596   1594
4   1503    619   1595   1594
4   1503   1596   1595   1501
4   1503   1595    619   1501
4    237   1510   1597   1514
4    239   1598   1510   1512
4   1597   1598    252   1599
4   1599   1514   1512     46
4   1514   1598   1512   1510
4   1514   1597   1598   1510
4   1514   1512   1598   1599
4   1514   1598   1597   1599
4    239   1600   1598   1587
4    251   1592   1600   1591
4   1598   1592    252   1593
4   1593   1587   1591    250
4   1587   1592   1591   1600
4   1587   1598   1592   1600
4   1587   1591   1592   1593
4   1587   1592   1598   1593
4    239   1507   1600   1587
4    109   1594   1507   1586
4   1600   1594    251   1591
4   1591   1587   1586    250
4   1587   1594   1586   1507
4   1587   1600   1594   1507
4   1587   1586   1594   1591
4   1587   1594   1600   1591
4    239   1598   1600   1510
4    252   1592   1598   1597
4   1600   1592    251   1596
4   1596   1510   1597    237
4   1510   1592   1597   1598
4   1510   1600   1592   1598
4   1510   1597   1592   1596
4   1510   1592   1600   1596
4    239   1600   1507   1510
4    251   1594   1600   1596
4   1507   1594    109   1503
4   1503   1510   1596    237
4   1510   1594   1596   1600
4   1510   1507   1594   1600
4   1510   1596   1594   1503
4   1510   1594   1507   1503
4     47   1601   1602   1603
4    253   1604   1601   1605
4   1602   1604    254   1606
4   1606   1603   1605    255
4   1603   1604   1605   1601
4   1603   1602   1604   1601
4   1603   1605   1604   1606
4   1603   1604   1602   1606
4     48   1607   1608   1609
4    256   1610   1607   1611
4   1608   1610    253   1612
4   1612   1609   1611    257
4   1609   1610   1611   1607
4   1609   1608   1610   1607
4   1609   1611   1610   1612
4   1609   1610   1608   1612
4    254   1613   1614   1615
4    256   1616   1613   1617
4   1614   1616     11   1618
4   1618   1615   1617    258
4   1615   1616   1617   1613
4   1615   1614   1616   1613
4   1615   1617   1616   1618
4   1615   1616   1614   1618
4    258   1619   1620   1621
4    255   1622   1619   1623
4   1620   1622    257   1624
4   1624   1621   1623     49
4   1621   1622   1623   1619
4   1621   1620   1622   1619
4   1621   1623   1622   1624
4   1621   1622   1620   1624
4    255   1625   1622   1605
4    256   1611   1625   1610
4   1622   1611    257   1612
4   1612   1605   1610    253
4   1605   1611   1610   1625
4   1605   1622   1611   1625
4   1605   1610   1611   1612
4   1605   1611   1622   1612
4    255   1606   1625   1605
4    254   1613   1606   1604
4   1625   1613    256   1610
4   1610   1605   1604    253
4   1605   1613   1604   1606
4   1605   1625   1613   1606
4   1605   1604   1613   1610
4   1605   1613   1625   1610
4    255   1622   1625   1619
4    257   1611   1622   1620
4   1625   1611    256   1617
4   1617   1619   1620    258
4   1619   1611   1620   1622
4   1619   1625   1611   1622
4   1619   1620   1611   1617
4   1619   1611   1625   1617
4    255   1625   1606   1619
4    256   1613   1625   1617
4   1606   1613    254   1615
4   1615   1619   1617    258
4   1619   1613   1617   1625
4   1619   1606   1613   1625
4   1619   1617   1613   1615
4   1619   1613   1606   1615
4     49   1626   1627   1628
4    259   1629   1626   1630
4   1627   1629    260   1631
4   1631   1628   1630    261
4   1628   1629   1630   1626
4   1628   1627   1629   1626
4   1628   1630   1629   1631
4   1628   1629   1627   1631
4     44   1524   1632   1525
4    240   1633   1524   1528
4   1632   1633    259   1634
4   1634   1525   1528    244
4   1525   1633   1528   1524
4   1525   1632   1633   1524
4   1525   1528   1633   1634
4   1525   1633   1632   1634
4    260   1635   1636   1637
4    240   1517   1635   1521
4   1636   1517     46   1519
4   1519   1637   1521    242
4   1637   1517   1521   1635
4   1637   1636   1517   1635
4   1637   1521   1517   1519
4   1637   1517   1636   1519
4    242   1638   1538   1539
4    261   1639   1638   1640
4   1538   1639    244   1540
4   1540   1539   1640     14
4   1539   1639   1640   1638
4   1539   1538   1639   1638
4   1539   1640   1639   1540
4   1539   1639   1538   1540
4    261   1641   1639   1630
4    240   1528   1641   1633
4   1639   1528    244   1634
4   1634   1630   1633    259
4   1630   1528   1633   1641
4   1630   1639   1528   1641
4   1630   1633   1528   1634
4   1630   1528   1639   1634
4    261   1631   1641   1630
4    260   1635   1631   1629
4   1641   1635    240   1633
4   1633   1630   1629    259
4   1630   1635   1629   1631
4   1630   1641   1635   1631
4   1630   1629   1635   1633
4   1630   1635   1641   1633
4    261   1639   1641   1638
4    244   1528   1639   1538
4   1641   1528    240   1521
4   1521   1638   1538    242
4   1638   1528   1538   1639
4   1638   1641   1528   1639
4   1638   1538   1528   1521
4   1638   1528   1641   1521
4    261   1641   1631   1638
4    240   1635   1641   1521
4   1631   1635    260   1637
4   1637   1638   1521    242
4   1638   1635   1521   1641
4   1638   1631   1635   1641
4   1638   1521   1635   1637
4   1638   1635   1631   1637
4     44   1642   1524   1480
4    262   1643   1642   1644
4   1524   1643    240   1565
4   1565   1480   1644    233
4   1480   1643   1644   1642
4   1480   1524   1643   1642
4   1480   1644   1643   1565
4   1480   1643   1524   1565
4     48   1590   1645   1588
4    252   1646   1590   1592
4   1645   1646    262   1647
4   1647   1588   1592    251
4   1588   1646   1592   1590
4   1588   1645   1646   1590
4   1588   1592   1646   1647
4   1588   1646   1645   1647
4    240   1648   1517   1567
4    252   1599   1648   1597
4   1517   1599     46   1514
4   1514   1567   1597    237
4   1567   1599   1597   1648
4   1567   1517   1599   1648
4   1567   1597   1599   1514
4   1567   1599   1517   1514
4    237   1566   1596   1501
4    233   1649   1566   1477
4   1596   1649    251   1595
4   1595   1501   1477     25
4   1501   1649   1477   1566
4   1501   1596   1649   1566
4   1501   1477   1649   1595
4   1501   1649   1596   1595
4    233   1650   1649   1644
4    252   1592   1650   1646
4   1649   1592    251   1647
4   1647   1644   1646    262
4   1644   1592   1646   1650
4   1644   1649   1592   1650
4   1644   1646   1592   1647
4   1644   1592   1649   1647
4    233   1565   1650   1644
4    240   1648   1565   1643
4   1650   1648    252   1646
4   1646   1644   1643    262
4   1644   1648   1643   1565
4   1644   1650   1648   1565
4   1644   1643   1648   1646
4   1644   1648   1650   1646
4    233   1649   1650   1566
4    251   1592   1649   1596
4   1650   1592    252   1597
4   1597   1566   1596    237
4   1566   1592   1596   1649
4   1566   1650   1592   1649
4   1566   1596   1592   1597
4   1566   1592   1650   1597
4    233   1650   1565   1566
4    252   1648   1650   1597
4   1565   1648    240   1567
4   1567   1566   1597    237
4   1566   1648   1597   1650
4   1566   1565   1648   1650
4   1566   1597   1648   1567
4   1566   1648   1565   1567
4     44   1583   1642   1480
4    249   1651   1583   1582
4   1642   1651    262   1644
4   1644   1480   1582    233
4   1480   1651   1582   1583
4   1480   1642   1651   1583
4   1480   1582   1651   1644
4   1480   1651   1642   1644
4     47   1601   1580   1578
4    253   1652   1601   1653
4   1580   1652    249   1579
4   1579   1578   1653    248
4   1578   1652   1653   1601
4   1578   1580   1652   1601
4   1578   1653   1652   1579
4   1578   1652   1580   1579
4    262   1654   1645   1647
4    253   1608   1654   1655
4   1645   1608     48   1588
4   1588   1647   1655    251
4   1647   1608   1655   1654
4   1647   1645   1608   1654
4   1647   1655   1608   1588
4   1647   1608   1645   1588
4    251   1649   1656   1595
4    233   1574   1649   1477
4   1656   1574    248   1572
4   1572   1595   1477     25
4   1595   1574   1477   1649
4   1595   1656   1574   1649
4   1595   1477   1574   1572
4   1595   1574   1656   1572
4    233   1657   1574   1582
4    253   1653   1657   1652
4   1574   1653    248   1579
4   1579   1582   1652    249
4   1582   1653   1652   1657
4   1582   1574   1653   1657
4   1582   1652   1653   1579
4   1582   1653   1574   1579
4    233   1644   1657   1582
4    262   1654   1644   1651
4   1657   1654    253   1652
4   1652   1582   1651    249
4   1582   1654   1651   1644
4   1582   1657   1654   1644
4   1582   1651   1654   1652
4   1582   1654   1657   1652
4    233   1574   1657   1649
4    248   1653   1574   1656
4   1657   1653    253   1655
4   1655   1649   1656    251
4   1649   1653   1656   1574
4   1649   1657   1653   1574
4   1649   1656   1653   1655
4   1649   1653   1657   1655
4    233   1657   1644   1649
4    253   1654   1657   1655
4   1644   1654    262   1647
4   1647   1649   1655    251
4   1649   1654   1655   1657
4   1649   1644   1654   1657
4   1649   1655   1654   1647
4   1649   1654   1644   1647
4     44   1524   1642   1632
4    240   1643   1524   1633
4   1642   1643    262   1658
4   1658   1632   1633    259
4   1632   1643   1633   1524
4   1632   1642   1643   1524
4   1632   1633   1643   1658
4   1632   1643   1642   1658
4     46   1599   1517   1636
4    252   1648   1599   1659
4   1517   1648    240   1635
4   1635   1636   1659    260
4   1636   1648   1659   1599
4   1636   1517   1648   1599
4   1636   1659   1648   1635
4   1636   1648   1517   1635
4    262   1646   1645   1660
4    252   1590   1646   1661
4   1645   1590     48   1609
4   1609   1660   1661    257
4   1660   1590   1661   1646
4   1660   1645   1590   1646
4   1660   1661   1590   1609
4   1660   1590   1645   1609
4    257   1662   1663   1624
4    259   1629   1662   1626
4   1663   1629    260   1627
4   1627   1624   1626     49
4   1624   1629   1626   1662
4   1624   1663   1629   1662
4   1624   1626   1629   1627
4   1624   1629   1663   1627
4    259   1664   1629   1633
4    252   1659   1664   1648
4   1629   1659    260   1635
4   1635   1633   1648    240
4   1633   1659   1648   1664
4   1633   1629   1659   1664
4   1633   1648   1659   1635
4   1633   1659   1629   1635
4    259   1658   1664   1633
4    262   1646   1658   1643
4   1664   1646    252   1648
4   1648   1633   1643    240
4   1633   1646   1643   1658
4   1633   1664   1646   1658
4   1633   1643   1646   1648
4   1633   1646   1664   1648
4    259   1629   1664   1662
4    260   1659   1629   1663
4   1664   1659    252   1661
4   1661   1662   1663    257
4   1662   1659   1663   1629
4   1662   1664   1659   1629
4   1662   1663   1659   1661
4   1662   1659   1664   1661
4    259   1664   1658   1662
4    252   1646   1664   1661
4   1658   1646    262   1660
4   1660   1662   1661    257
4   1662   1646   1661   1664
4   1662   1658   1646   1664
4   1662   1661   1646   1660
4   1662   1646   1658   1660
4     44   1642   1583   1632
4    262   1651   1642   1658
4   1583   1651    249   1665
4   1665   1632   1658    259
4   1632   1651   1658   1642
4   1632   1583   1651   1642
4   1632   1658   1651   1665
4   1632   1651   1583   1665
4     48   1608   1645   1609
4    253   1654   1608   1612
4   1645   1654    262   1660
4   1660   1609   1612    257
4   1609   1654   1612   1608
4   1609   1645   1654   1608
4   1609   1612   1654   1660
4   1609   1654   1645   1660
4    249   1652   1580   1666
4    253   1601   1652   1605
4   1580   1601     47   1603
4   1603   1666   1605    255
4   1666   1601   1605   1652
4   1666   1580   1601   1652
4   1666   1605   1601   1603
4   1666   1601   1580   1603
4    255   1667   1622   1623
4    259   1662   1667   1626
4   1622   1662    257   1624
4   1624   1623   1626     49
4   1623   1662   1626   1667
4   1623   1622   1662   1667
4   1623   1626   1662   1624
4   1623   1662   1622   1624
4    259   1668   1662   1658
4    253   1612   1668   1654
4   1662   1612    257   1660
4   1660   1658   1654    262
4   1658   1612   1654   1668
4   1658   1662   1612   1668
4   1658   1654   1612   1660
4   1658   1612   1662   1660
4    259   1665   1668   1658
4    249   1652   1665   1651
4   1668   1652    253   1654
4   1654   1658   1651    262
4   1658   1652   1651   1665
4   1658   1668   1652   1665
4   1658   1651   1652   1654
4   1658   1652   1668   1654
4    259   1662   1668   1667
4    257   1612   1662   1622
4   1668   1612    253   1605
4   1605   1667   1622    255
4   1667   1612   1622   1662
4   1667   1668   1612   1662
4   1667   1622   1612   1605
4   1667   1612   1668   1605
4    259   1668   1665   1667
4    253   1652   1668   1605
4   1665   1652    249   1666
4   1666   1667   1605    255
4   1667   1652   1605   1668
4   1667   1665   1652   1668
4   1667   1605   1652   1666
4   1667   1652   1665   1666
4      5   1569   1669   1469
4    247   1670   1569   1571
4   1669   1670    263   1671
4   1671   1469   1571    231
4   1469   1670   1571   1569
4   1469   1669   1670   1569
4   1469   1571   1670   1671
4   1469   1670   1669   1671
4     47   1672   1576   1580
4    264   1673   1672   1674
4   1576   1673    247   1577
4   1577   1580   1674    249
4   1580   1673   1674   1672
4   1580   1576   1673   1672
4   1580   1674   1673   1577
4   1580   1673   1576   1577
4    263   1675   1676   1677
4    264   1678   1675   1679
4   1676   1678     50   1680
4   1680   1677   1679    265
4   1677   1678   1679   1675
4   1677   1676   1678   1675
4   1677   1679   1678   1680
4   1677   1678   1676   1680
4    265   1681   1682   1683
4    231   1581   1681   1482
4   1682   1581    249   1583
4   1583   1683   1482     44
4   1683   1581   1482   1681
4   1683   1682   1581   1681
4   1683   1482   1581   1583
4   1683   1581   1682   1583
4    231   1684   1581   1571
4    264   1674   1684   1673
4   1581   1674    249   1577
4   1577   1571   1673    247
4   1571   1674   1673   1684
4   1571   1581   1674   1684
4   1571   1673   1674   1577
4   1571   1674   1581   1577
4    231   1671   1684   1571
4    263   1675   1671   1670
4   1684   1675    264   1673
4   1673   1571   1670    247
4   1571   1675   1670   1671
4   1571   1684   1675   1671
4   1571   1670   1675   1673
4   1571   1675   1684   1673
4    231   1581   1684   1681
4    249   1674   1581   1682
4   1684   1674    264   1679
4   1679   1681   1682    265
4   1681   1674   1682   1581
4   1681   1684   1674   1581
4   1681   1682   1674   1679
4   1681   1674   1684   1679
4    231   1684   1671   1681
4    264   1675   1684   1679
4   1671   1675    263   1677
4   1677   1681   1679    265
4   1681   1675   1679   1684
4   1681   1671   1675   1684
4   1681   1679   1675   1677
4   1681   1675   1671   1677
4     11   1685   1614   1618
4    266   1686   1685   1687
4   1614   1686    254   1615
4   1615   1618   1687    258
4   1618   1686   1687   1685
4   1618   1614   1686   1685
4   1618   1687   1686   1615
4   1618   1686   1614   1615
4     51   1688   1689   1690
4    267   1691   1688   1692
4   1689   1691    266   1693
4   1693   1690   1692    268
4   1690   1691   1692   1688
4   1690   1689   1691   1688
4   1690   1692   1691   1693
4   1690   1691   1689   1693
4    254   1694   1602   1606
4    267   1695   1694   1696
4   1602   1695     47   1603
4   1603   1606   1696    255
4   1606   1695   1696   1694
4   1606   1602   1695   1694
4   1606   1696   1695   1603
4   1606   1695   1602   1603
4    255   1619   1697   1623
4    258   1698   1619   1621
4   1697   1698    268   1699
4   1699   1623   1621     49
4   1623   1698   1621   1619
4   1623   1697   1698   1619
4   1623   1621   1698   1699
4   1623   1698   1697   1699
4    258   1700   1698   1687
4    267   1692   1700   1691
4   1698   1692    268   1693
4   1693   1687   1691    266
4   1687   1692   1691   1700
4   1687   1698   1692   1700
4   1687   1691   1692   1693
4   1687   1692   1698   1693
4    258   1615   1700   1687
4    254   1694   1615   1686
4   1700   1694    267   1691
4   1691   1687   1686    266
4   1687   1694   1686   1615
4   1687   1700   1694   1615
4   1687   1686   1694   1691
4   1687   1694   1700   1691
4    258   1698   1700   1619
4    268   1692   1698   1697
4   1700   1692    267   1696
4   1696   1619   1697    255
4   1619   1692   1697   1698
4   1619   1700   1692   1698
4   1619   1697   1692   1696
4   1619   1692   1700   1696
4    258   1700   1615   1619
4    267   1694   1700   1696
4   1615   1694    254   1606
4   1606   1619   1696    255
4   1619   1694   1696   1700
4   1619   1615   1694   1700
4   1619   1696   1694   1606
4   1619   1694   1615   1606
4     50   1701   1702   1703
4    269   1704   1701   1705
4   1702   1704    270   1706
4   1706   1703   1705    271
4   1703   1704   1705   1701
4   1703   1702   1704   1701
4   1703   1705   1704   1706
4   1703   1704   1702   1706
4     51   1707   1708   1709
4    272   1710   1707   1711
4   1708   1710    269   1712
4   1712   1709   1711    273
4   1709   1710   1711   1707
4   1709   1708   1710   1707
4   1709   1711   1710   1712
4   1709   1710   1708   1712
4    270   1713   1714   1715
4    272   1716   1713   1717
4   1714   1716     10   1718
4   1718   1715   1717    274
4   1715   1716   1717   1713
4   1715   1714   1716   1713
4   1715   1717   1716   1718
4   1715   1716   1714   1718
4    274   1719   1720   1721
4    271   1722   1719   1723
4   1720   1722    273   1724
4   1724   1721   1723     52
4   1721   1722   1723   1719
4   1721   1720   1722   1719
4   1721   1723   1722   1724
4   1721   1722   1720   1724
4    271   1725   1722   1705
4    272   1711   1725   1710
4   1722   1711    273   1712
4   1712   1705   1710    269
4   1705   1711   1710   1725
4   1705   1722   1711   1725
4   1705   1710   1711   1712
4   1705   1711   1722   1712
4    271   1706   1725   1705
4    270   1713   1706   1704
4   1725   1713    272   1710
4   1710   1705   1704    269
4   1705   1713   1704   1706
4   1705   1725   1713   1706
4   1705   1704   1713   1710
4   1705   1713   1725   1710
4    271   1722   1725   1719
4    273   1711   1722   1720
4   1725   1711    272   1717
4   1717   1719   1720    274
4   1719   1711   1720   1722
4   1719   1725   1711   1722
4   1719   1720   1711   1717
4   1719   1711   1725   1717
4    271   1725   1706   1719
4    272   1713   1725   1717
4   1706   1713    270   1715
4   1715   1719   1717    274
4   1719   1713   1717   1725
4   1719   1706   1713   1725
4   1719   1717   1713   1715
4   1719   1713   1706   1715
4     52   1726   1727   1728
4    275   1729   1726   1730
4   1727   1729    276   1731
4   1731   1728   1730    277
4   1728   1729   1730   1726
4   1728   1727   1729   1726
4   1728   1730   1729   1731
4   1728   1729   1727   1731
4     44   1632   1732   1525
4    259   1733   1632   1634
4   1732   1733    275   1734
4   1734   1525   1634    244
4   1525   1733   1634   1632
4   1525   1732   1733   1632
4   1525   1634   1733   1734
4   1525   1733   1732   1734
4    276   1735   1736   1737
4    259   1626   1735   1630
4   1736   1626     49   1628
4   1628   1737   1630    261
4   1737   1626   1630   1735
4   1737   1736   1626   1735
4   1737   1630   1626   1628
4   1737   1626   1736   1628
4    261   1738   1639   1640
4    277   1739   1738   1740
4   1639   1739    244   1540
4   1540   1640   1740     14
4   1640   1739   1740   1738
4   1640   1639   1739   1738
4   1640   1740   1739   1540
4   1640   1739   1639   1540
4    277   1741   1739   1730
4    259   1634   1741   1733
4   1739   1634    244   1734
4   1734   1730   1733    275
4   1730   1634   1733   1741
4   1730   1739   1634   1741
4   1730   1733   1634   1734
4   1730   1634   1739   1734
4    277   1731   1741   1730
4    276   1735   1731   1729
4   1741   1735    259   1733
4   1733   1730   1729    275
4   1730   1735   1729   1731
4   1730   1741   1735   1731
4   1730   1729   1735   1733
4   1730   1735   1741   1733
4    277   1739   1741   1738
4    244   1634   1739   1639
4   1741   1634    259   1630
4   1630   1738   1639    261
4   1738   1634   1639   1739
4   1738   1741   1634   1739
4   1738   1639   1634   1630
4   1738   1634   1741   1630
4    277   1741   1731   1738
4    259   1735   1741   1630
4   1731   1735    276   1737
4   1737   1738   1630    261
4   1738   1735   1630   1741
4   1738   1731   1735   1741
4   1738   1630   1735   1737
4   1738   1735   1731   1737
4     44   1742   1632   1583
4    278   1743   1742   1744
4   1632   1743    259   1665
4   1665   1583   1744    249
4   1583   1743   1744   1742
4   1583   1632   1743   1742
4   1583   1744   1743   1665
4   1583   1743   1632   1665
4     51   1690   1745   1688
4    268   1746   1690   1692
4   1745   1746    278   1747
4   1747   1688   1692    267
4   1688   1746   1692   1690
4   1688   1745   1746   1690
4   1688   1692   1746   1747
4   1688   1746   1745   1747
4    259   1748   1626   1667
4    268   1699   1748   1697
4   1626   1699     49   1623
4   1623   1667   1697    255
4   1667   1699   1697   1748
4   1667   1626   1699   1748
4   1667   1697   1699   1623
4   1667   1699   1626   1623
4    255   1666   1696   1603
4    249   1749   1666   1580
4   1696   1749    267   1695
4   1695   1603   1580     47
4   1603   1749   1580   1666
4   1603   1696   1749   1666
4   1603   1580   1749   1695
4   1603   1749   1696   1695
4    249   1750   1749   1744
4    268   1692   1750   1746
4   1749   1692    267   1747
4   1747   1744   1746    278
4   1744   1692   1746   1750
4   1744   1749   1692   1750
4   1744   1746   1692   1747
4   1744   1692   1749   1747
4    249   1665   1750   1744
4    259   1748   1665   1743
4   1750   1748    268   1746
4   1746   1744   1743    278
4   1744   1748   1743   1665
4   1744   1750   1748   1665
4   1744   1743   1748   1746
4   1744   1748   1750   1746
4    249   1749   1750   1666
4    267   1692   1749   1696
4   1750   1692    268   1697
4   1697   1666   1696    255
4   1666   1692   1696   1749
4   1666   1750   1692   1749
4   1666   1696   1692   1697
4   1666   1692   1750   1697
4    249   1750   1665   1666
4    268   1748   1750   1697
4   1665   1748    259   1667
4   1667   1666   1697    255
4   1666   1748   1697   1750
4   1666   1665   1748   1750
4   1666   1697   1748   1667
4   1666   1748   1665   1667
4     44   1683   1742   1583
4    265   1751   1683   1682
4   1742   1751    278   1744
4   1744   1583   1682    249
4   1583   1751   1682   1683
4   1583   1742   1751   1683
4   1583   1682   1751   1744
4   1583   1751   1742   1744
4     50   1701   1680   1678
4    269   1752   1701   1753
4   1680   1752    265   1679
4   1679   1678   1753    264
4   1678   1752   1753   1701
4   1678   1680   1752   1701
4   1678   1753   1752   1679
4   1678   1752   1680   1679
4    278   1754   1745   1747
4    269   1708   1754   1755
4   1745   1708     51   1688
4   1688   1747   1755    267
4   1747   1708   1755   1754
4   1747   1745   1708   1754
4   1747   1755   1708   1688
4   1747   1708   1745   1688
4    267   1749   1756   1695
4    249   1674   1749   1580
4   1756   1674    264   1672
4   1672   1695   1580     47
4   1695   1674   1580   1749
4   1695   1756   1674   1749
4   1695   1580   1674   1672
4   1695   1674   1756   1672
4    249   1757   1674   1682
4    269   1753   1757   1752
4   1674   1753    264   1679
4   1679   1682   1752    265
4   1682   1753   1752   1757
4   1682   1674   1753   1757
4   1682   1752   1753   1679
4   1682   1753   1674   1679
4    249   1744   1757   1682
4    278   1754   1744   1751
4   1757   1754    269   1752
4   1752   1682   1751    265
4   1682   1754   1751   1744
4   1682   1757   1754   1744
4   1682   1751   1754   1752
4   1682   1754   1757   1752
4    249   1674   1757   1749
4    264   1753   1674   1756
4   1757   1753    269   1755
4   1755   1749   1756    267
4   1749   1753   1756   1674
4   1749   1757   1753   1674
4   1749   1756   1753   1755
4   1749   1753   1757   1755
4    249   1757   1744   1749
4    269   1754   1757   1755
4   1744   1754    278   1747
4   1747   1749   1755    267
4   1749   1754   1755   1757
4   1749   1744   1754   1757
4   1749   1755   1754   1747
4   1749   1754   1744   1747
4     44   1632   1742   1732
4    259   1743   1632   1733
4   1742   1743    278   1758
4   1758   1732   1733    275
4   1732   1743   1733   1632
4   1732   1742   1743   1632
4   1732   1733   1743   1758
4   1732   1743   1742   1758
4     49   1699   1626   1736
4    268   1748   1699   1759
4   1626   1748    259   1735
4   1735   1736   1759    276
4   1736   1748   1759   1699
4   1736   1626   1748   1699
4   1736   1759   1748   1735
4   1736   1748   1626   1735
4    278   1746   1745   1760
4    268   1690   1746   1761
4   1745   1690     51   1709
4   1709   1760   1761    273
4   1760   1690   1761   1746
4   1760   1745   1690   1746
4   1760   1761   1690   1709
4   1760   1690   1745   1709
4    273   1762   1763   1724
4    275   1729   1762   1726
4   1763   1729    276   1727
4   1727   1724   1726     52
4   1724   1729   1726   1762
4   1724   1763   1729   1762
4   1724   1726   1729   1727
4   1724   1729   1763   1727
4    275   1764   1729   1733
4    268   1759   1764   1748
4   1729   1759    276   1735
4   1735   1733   1748    259
4   1733   1759   1748   1764
4   1733   1729   1759   1764
4   1733   1748   1759   1735
4   1733   1759   1729   1735
4    275   1758   1764   1733
4    278   1746   1758   1743
4   1764   1746    268   1748
4   1748   1733   1743    259
4   1733   1746   1743   1758
4   1733   1764   1746   1758
4   1733   1743   1746   1748
4   1733   1746   1764   1748
4    275   1729   1764   1762
4    276   1759   1729   1763
4   1764   1759    268   1761
4   1761   1762   1763    273
4   1762   1759   1763   1729
4   1762   1764   1759   1729
4   1762   1763   1759   1761
4   1762   1759   1764   1761
4    275   1764   1758   1762
4    268   1746   1764   1761
4   1758   1746    278   1760
4   1760   1762   1761    273
4   1762   1746   1761   1764
4   1762   1758   1746   1764
4   1762   1761   1746   1760
4   1762   1746   1758   1760
4     44   1742   1683   1732
4    278   1751   1742   1758
4   1683   1751    265   1765
4   1765   1732   1758    275
4   1732   1751   1758   1742
4   1732   1683   1751   1742
4   1732   1758   1751   1765
4   1732   1751   1683   1765
4     51   1708   1745   1709
4    269   1754   1708   1712
4   1745   1754    278   1760
4   1760   1709   1712    273
4   1709   1754   1712   1708
4   1709   1745   1754   1708
4   1709   1712   1754   1760
4   1709   1754   1745   1760
4    265   1752   1680   1766
4    269   1701   1752   1705
4   1680   1701     50   1703
4   1703   1766   1705    271
4   1766   1701   1705   1752
4   1766   1680   1701   1752
4   1766   1705   1701   1703
4   1766   1701   1680   1703
4    271   1767   1722   1723
4    275   1762   1767   1726
4   1722   1762    273   1724
4   1724   1723   1726     52
4   1723   1762   1726   1767
4   1723   1722   1762   1767
4   1723   1726   1762   1724
4   1723   1762   1722   1724
4    275   1768   1762   1758
4    269   1712   1768   1754
4   1762   1712    273   1760
4   1760   1758   1754    278
4   1758   1712   1754   1768
4   1758   1762   1712   1768
4   1758   1754   1712   1760
4   1758   1712   1762   1760
4    275   1765   1768   1758
4    265   1752   1765   1751
4   1768   1752    269   1754
4   1754   1758   1751    278
4   1758   1752   1751   1765
4   1758   1768   1752   1765
4   1758   1751   1752   1754
4   1758   1752   1768   1754
4    275   1762   1768   1767
4    273   1712   1762   1722
4   1768   1712    269   1705
4   1705   1767   1722    271
4   1767   1712   1722   1762
4   1767   1768   1712   1762
4   1767   1722   1712   1705
4   1767   1712   1768   1705
4    275   1768   1765   1767
4    269   1752   1768   1705
4   1765   1752    265   1766
4   1766   1767   1705    271
4   1767   1752   1705   1768
4   1767   1765   1752   1768
4   1767   1705   1752   1766
4   1767   1752   1765   1766
4      6    548    934   1509
4    101    935    548   1508
4    934    935    159   1769
4   1769   1509   1508    239
4   1509    935   1508    548
4   1509    934    935    548
4   1509   1508    935   1769
4   1509    935    934   1769
4     23    938    551   1504
4    160    936    938   1770
4    551    936    101   1505
4   1505   1504   1770    238
4   1504    936   1770    938
4   1504    551    936    938
4   1504   1770    936   1505
4   1504    936    551   1505
4    159    931    927   1771
4    160    929    931   1772
4    927    929     33   1773
4   1773   1771   1772    279
4   1771    929   1772    931
4   1771    927    929    931
4   1771   1772    929   1773
4   1771    929    927   1773
4    279   1774   1775   1776
4    239   1511   1774   1512
4   1775   1511    238   1515
4   1515   1776   1512     46
4   1776   1511   1512   1774
4   1776   1775   1511   1774
4   1776   1512   1511   1515
4   1776   1511   1775   1515
4    239   1777   1511   1508
4    160   1770   1777    936
4   1511   1770    238   1505
4   1505   1508    936    101
4   1508   1770    936   1777
4   1508   1511   1770   1777
4   1508    936   1770   1505
4   1508   1770   1511   1505
4    239   1769   1777   1508
4    159    931   1769    935
4   1777    931    160    936
4    936   1508    935    101
4   1508    931    935   1769
4   1508   1777    931   1769
4   1508    935    931    936
4   1508    931   1777    936
4    239   1511   1777   1774
4    238   1770   1511   1775
4   1777   1770    160   1772
4   1772   1774   1775    279
4   1774   1770   1775   1511
4   1774   1777   1770   1511
4   1774   1775   1770   1772
4   1774   1770   1777   1772
4    239   1777   1769   1774
4    160    931   1777   1772
4   1769    931    159   1771
4   1771   1774   1772    279
4   1774    931   1772   1777
4   1774   1769    931   1777
4   1774   1772    931   1771
4   1774    931   1769   1771
4      9    870    570   1485
4    152    947    870   1778
4    570    947    104   1486
4   1486   1485   1778    234
4   1485    947   1778    870
4   1485    570    947    870
4   1485   1778    947   1486
4   1485    947    570   1486
4     32    945    858   1779
4    161    946    945   1780
4    858    946    152   1781
4   1781   1779   1780    280
4   1779    946   1780    945
4   1779    858    946    945
4   1779   1780    946   1781
4   1779    946    858   1781
4    104    942    558   1490
4    161    940    942   1782
4    558    940     23   1488
4   1488   1490   1782    235
4   1490    940   1782    942
4   1490    558    940    942
4   1490   1782    940   1488
4   1490    940    558   1488
4    235   1497   1783   1499
4    234   1784   1497   1498
4   1783   1784    280   1785
4   1785   1499   1498     45
4   1499   1784   1498   1497
4   1499   1783   1784   1497
4   1499   1498   1784   1785
4   1499   1784   1783   1785
4    234   1786   1784   1778
4    161   1780   1786    946
4   1784   1780    280   1781
4   1781   1778    946    152
4   1778   1780    946   1786
4   1778   1784   1780   1786
4   1778    946   1780   1781
4   1778   1780   1784   1781
4    234   1486   1786   1778
4    104    942   1486    947
4   1786    942    161    946
4    946   1778    947    152
4   1778    942    947   1486
4   1778   1786    942   1486
4   1778    947    942    946
4   1778    942   1786    946
4    234   1784   1786   1497
4    280   1780   1784   1783
4   1786   1780    161   1782
4   1782   1497   1783    235
4   1497   1780   1783   1784
4   1497   1786   1780   1784
4   1497   1783   1780   1782
4   1497   1780   1786   1782
4    234   1786   1486   1497
4    161    942   1786   1782
4   1486    942    104   1490
4   1490   1497   1782    235
4   1497    942   1782   1786
4   1497   1486    942   1786
4   1497   1782    942   1490
4   1497    942   1486   1490
4     33    913    912   1787
4    157    916    913   1788
4    912    916    155   1789
4   1789   1787   1788    281
4   1787    916   1788    913
4   1787    912    916    913
4   1787   1788    916   1789
4   1787    916    912   1789
4     32    851    922   1790
4    149    921    851   1791
4    922    921    157   1792
4   1792   1790   1791    282
4   1790    921   1791    851
4   1790    922    921    851
4   1790   1791    921   1792
4   1790    921    922   1792
4    155    910    908   1793
4    149    848    910   1794
4    908    848      7   1795
4   1795   1793   1794    283
4   1793    848   1794    910
4   1793    908    848    910
4   1793   1794    848   1795
4   1793    848    908   1795
4    283   1796   1797   1798
4    281   1799   1796   1800
4   1797   1799    282   1801
4   1801   1798   1800     53
4   1798   1799   1800   1796
4   1798   1797   1799   1796
4   1798   1800   1799   1801
4   1798   1799   1797   1801
4    281   1802   1799   1788
4    149   1791   1802    921
4   1799   1791    282   1792
4   1792   1788    921    157
4   1788   1791    921   1802
4   1788   1799   1791   1802
4   1788    921   1791   1792
4   1788   1791   1799   1792
4    281   1789   1802   1788
4    155    910   1789    916
4   1802    910    149    921
4    921   1788    916    157
4   1788    910    916   1789
4   1788   1802    910   1789
4   1788    916    910    921
4   1788    910   1802    921
4    281   1799   1802   1796
4    282   1791   1799   1797
4   1802   1791    149   1794
4   1794   1796   1797    283
4   1796   1791   1797   1799
4   1796   1802   1791   1799
4   1796   1797   1791   1794
4   1796   1791   1802   1794
4    281   1802   1789   1796
4    149    910   1802   1794
4   1789    910    155   1793
4   1793   1796   1794    283
4   1796    910   1794   1802
4   1796   1789    910   1802
4   1796   1794    910   1793
4   1796    910   1789   1793
4     53   1803   1804   1805
4    284   1806   1803   1807
4   1804   1806    285   1808
4   1808   1805   1807    286
4   1805   1806   1807   1803
4   1805   1804   1806   1803
4   1805   1807   1806   1808
4   1805   1806   1804   1808
4     46   1518   1809   1519
4    241   1810   1518   1522
4   1809   1810    284   1811
4   1811   1519   1522    242
4   1519   1810   1522   1518
4   1519   1809   1810   1518
4   1519   1522   1810   1811
4   1519   1810   1809   1811
4    285   1812   1813   1814
4    241   1530   1812   1531
4   1813   1530     45   1534
4   1534   1814   1531    245
4   1814   1530   1531   1812
4   1814   1813   1530   1812
4   1814   1531   1530   1534
4   1814   1530   1813   1534
4    245   1815   1535   1537
4    286   1816   1815   1817
4   1535   1816    242   1539
4   1539   1537   1817     14
4   1537   1816   1817   1815
4   1537   1535   1816   1815
4   1537   1817   1816   1539
4   1537   1816   1535   1539
4    286   1818   1816   1807
4    241   1522   1818   1810
4   1816   1522    242   1811
4   1811   1807   1810    284
4   1807   1522   1810   1818
4   1807   1816   1522   1818
4   1807   1810   1522   1811
4   1807   1522   1816   1811
4    286   1808   1818   1807
4    285   1812   1808   1806
4   1818   1812    241   1810
4   1810   1807   1806    284
4   1807   1812   1806   1808
4   1807   1818   1812   1808
4   1807   1806   1812   1810
4   1807   1812   1818   1810
4    286   1816   1818   1815
4    242   1522   1816   1535
4   1818   1522    241   1531
4   1531   1815   1535    245
4   1815   1522   1535   1816
4   1815   1818   1522   1816
4   1815   1535   1522   1531
4   1815   1522   1818   1531
4    286   1818   1808   1815
4    241   1812   1818   1531
4   1808   1812    285   1814
4   1814   1815   1531    245
4   1815   1812   1531   1818
4   1815   1808   1812   1818
4   1815   1531   1812   1814
4   1815   1812   1808   1814
4     46   1819   1518   1515
4    287   1820   1819   1821
4   1518   1820    241   1563
4   1563   1515   1821    238
4   1515   1820   1821   1819
4   1515   1518   1820   1819
4   1515   1821   1820   1563
4   1515   1820   1518   1563
4     32   1779   1822    945
4    280   1823   1779   1780
4   1822   1823    287   1824
4   1824    945   1780    161
4    945   1823   1780   1779
4    945   1822   1823   1779
4    945   1780   1823   1824
4    945   1823   1822   1824
4    241   1825   1530   1559
4    280   1785   1825   1783
4   1530   1785     45   1499
4   1499   1559   1783    235
4   1559   1785   1783   1825
4   1559   1530   1785   1825
4   1559   1783   1785   1499
4   1559   1785   1530   1499
4    235   1561   1782   1488
4    238   1826   1561   1504
4   1782   1826    161    940
4    940   1488   1504     23
4   1488   1826   1504   1561
4   1488   1782   1826   1561
4   1488   1504   1826    940
4   1488   1826   1782    940
4    238   1827   1826   1821
4    280   1780   1827   1823
4   1826   1780    161   1824
4   1824   1821   1823    287
4   1821   1780   1823   1827
4   1821   1826   1780   1827
4   1821   1823   1780   1824
4   1821   1780   1826   1824
4    238   1563   1827   1821
4    241   1825   1563   1820
4   1827   1825    280   1823
4   1823   1821   1820    287
4   1821   1825   1820   1563
4   1821   1827   1825   1563
4   1821   1820   1825   1823
4   1821   1825   1827   1823
4    238   1826   1827   1561
4    161   1780   1826   1782
4   1827   1780    280   1783
4   1783   1561   1782    235
4   1561   1780   1782   1826
4   1561   1827   1780   1826
4   1561   1782   1780   1783
4   1561   1780   1827   1783
4    238   1827   1563   1561
4    280   1825   1827   1783
4   1563   1825    241   1559
4   1559   1561   1783    235
4   1561   1825   1783   1827
4   1561   1563   1825   1827
4   1561   1783   1825   1559
4   1561   1825   1563   1559
4     46   1776   1819   1515
4    279   1828   1776   1775
4   1819   1828    287   1821
4   1821   1515   1775    238
4   1515   1828   1775   1776
4   1515   1819   1828   1776
4   1515   1775   1828   1821
4   1515   1828   1819   1821
4     33    913   1773    929
4    157   1829    913    968
4   1773   1829    279   1772
4   1772    929    968    160
4    929   1829    968    913
4    929   1773   1829    913
4    929    968   1829   1772
4    929   1829   1773   1772
4    287   1830   1822   1824
4    157    922   1830    966
4   1822    922     32    945
4    945   1824    966    161
4   1824    922    966   1830
4   1824   1822    922   1830
4   1824    966    922    945
4   1824    922   1822    945
4    161   1826    970    940
4    238   1770   1826   1504
4    970   1770    160    938
4    938    940   1504     23
4    940   1770   1504   1826
4    940    970   1770   1826
4    940   1504   1770    938
4    940   1770    970    938
4    238   1831   1770   1775
4    157    968   1831   1829
4   1770    968    160   1772
4   1772   1775   1829    279
4   1775    968   1829   1831
4   1775   1770    968   1831
4   1775   1829    968   1772
4   1775    968   1770   1772
4    238   1821   1831   1775
4    287   1830   1821   1828
4   1831   1830    157   1829
4   1829   1775   1828    279
4   1775   1830   1828   1821
4   1775   1831   1830   1821
4   1775   1828   1830   1829
4   1775   1830   1831   1829
4    238   1770   1831   1826
4    160    968   1770    970
4   1831    968    157    966
4    966   1826    970    161
4   1826    968    970   1770
4   1826   1831    968   1770
4   1826    970    968    966
4   1826    968   1831    966
4    238   1831   1821   1826
4    157   1830   1831    966
4   1821   1830    287   1824
4   1824   1826    966    161
4   1826   1830    966   1831
4   1826   1821   1830   1831
4   1826    966   1830   1824
4   1826   1830   1821   1824
4     46   1518   1819   1809
4    241   1820   1518   1810
4   1819   1820    287   1832
4   1832   1809   1810    284
4   1809   1820   1810   1518
4   1809   1819   1820   1518
4   1809   1810   1820   1832
4   1809   1820   1819   1832
4     45   1785   1530   1813
4    280   1825   1785   1833
4   1530   1825    241   1812
4   1812   1813   1833    285
4   1813   1825   1833   1785
4   1813   1530   1825   1785
4   1813   1833   1825   1812
4   1813   1825   1530   1812
4    287   1823   1822   1834
4    280   1779   1823   1835
4   1822   1779     32   1790
4   1790   1834   1835    282
4   1834   1779   1835   1823
4   1834   1822   1779   1823
4   1834   1835   1779   1790
4   1834   1779   1822   1790
4    282   1836   1837   1801
4    284   1806   1836   1803
4   1837   1806    285   1804
4   1804   1801   1803     53
4   1801   1806   1803   1836
4   1801   1837   1806   1836
4   1801   1803   1806   1804
4   1801   1806   1837   1804
4    284   1838   1806   1810
4    280   1833   1838   1825
4   1806   1833    285   1812
4   1812   1810   1825    241
4   1810   1833   1825   1838
4   1810   1806   1833   1838
4   1810   1825   1833   1812
4   1810   1833   1806   1812
4    284   1832   1838   1810
4    287   1823   1832   1820
4   1838   1823    280   1825
4   1825   1810   1820    241
4   1810   1823   1820   1832
4   1810   1838   1823   1832
4   1810   1820   1823   1825
4   1810   1823   1838   1825
4    284   1806   1838   1836
4    285   1833   1806   1837
4   1838   1833    280   1835
4   1835   1836   1837    282
4   1836   1833   1837   1806
4   1836   1838   1833   1806
4   1836   1837   1833   1835
4   1836   1833   1838   1835
4    284   1838   1832   1836
4    280   1823   1838   1835
4   1832   1823    287   1834
4   1834   1836   1835    282
4   1836   1823   1835   1838
4   1836   1832   1823   1838
4   1836   1835   1823   1834
4   1836   1823   1832   1834
4     46   1819   1776   1809
4    287   1828   1819   1832
4   1776   1828    279   1839
4   1839   1809   1832    284
4   1809   1828   1832   1819
4   1809   1776   1828   1819
4   1809   1832   1828   1839
4   1809   1828   1776   1839
4     32    922   1822   1790
4    157   1830    922   1792
4   1822   1830    287   1834
4   1834   1790   1792    282
4   1790   1830   1792    922
4   1790   1822   1830    922
4   1790   1792   1830   1834
4   1790   1830   1822   1834
4    279   1829   1773   1840
4    157    913   1829   1788
4   1773    913     33   1787
4   1787   1840   1788    281
4   1840    913   1788   1829
4   1840   1773    913   1829
4   1840   1788    913   1787
4   1840    913   1773   1787
4    281   1841   1799   1800
4    284   1836   1841   1803
4   1799   1836    282   1801
4   1801   1800   1803     53
4   1800   1836   1803   1841
4   1800   1799   1836   1841
4   1800   1803   1836   1801
4   1800   1836   1799   1801
4    284   1842   1836   1832
4    157   1792   1842   1830
4   1836   1792    282   1834
4   1834   1832   1830    287
4   1832   1792   1830   1842
4   1832   1836   1792   1842
4   1832   1830   1792   1834
4   1832   1792   1836   1834
4    284   1839   1842   1832
4    279   1829   1839   1828
4   1842   1829    157   1830
4   1830   1832   1828    287
4   1832   1829   1828   1839
4   1832   1842   1829   1839
4   1832   1828   1829   1830
4   1832   1829   1842   1830
4    284   1836   1842   1841
4    282   1792   1836   1799
4   1842   1792    157   1788
4   1788   1841   1799    281
4   1841   1792   1799   1836
4   1841   1842   1792   1836
4   1841   1799   1792   1788
4   1841   1792   1842   1788
4    284   1842   1839   1841
4    157   1829   1842   1788
4   1839   1829    279   1840
4   1840   1841   1788    281
4   1841   1829   1788   1842
4   1841   1839   1829   1842
4   1841   1788   1829   1840
4   1841   1829   1839   1840
4      6    934   1843   1509
4    159   1844    934   1769
4   1843   1844    288   1845
4   1845   1509   1769    239
4   1509   1844   1769    934
4   1509   1843   1844    934
4   1509   1769   1844   1845
4   1509   1844   1843   1845
4     33   1846    927   1773
4    289   1847   1846   1848
4    927   1847    159   1771
4   1771   1773   1848    279
4   1773   1847   1848   1846
4   1773    927   1847   1846
4   1773   1848   1847   1771
4   1773   1847    927   1771
4    288   1849   1850   1851
4    289   1852   1849   1853
4   1850   1852     54   1854
4   1854   1851   1853    290
4   1851   1852   1853   1849
4   1851   1850   1852   1849
4   1851   1853   1852   1854
4   1851   1852   1850   1854
4    290   1855   1856   1857
4    239   1774   1855   1512
4   1856   1774    279   1776
4   1776   1857   1512     46
4   1857   1774   1512   1855
4   1857   1856   1774   1855
4   1857   1512   1774   1776
4   1857   1774   1856   1776
4    239   1858   1774   1769
4    289   1848   1858   1847
4   1774   1848    279   1771
4   1771   1769   1847    159
4   1769   1848   1847   1858
4   1769   1774   1848   1858
4   1769   1847   1848   1771
4   1769   1848   1774   1771
4    239   1845   1858   1769
4    288   1849   1845   1844
4   1858   1849    289   1847
4   1847   1769   1844    159
4   1769   1849   1844   1845
4   1769   1858   1849   1845
4   1769   1844   1849   1847
4   1769   1849   1858   1847
4    239   1774   1858   1855
4    279   1848   1774   1856
4   1858   1848    289   1853
4   1853   1855   1856    290
4   1855   1848   1856   1774
4   1855   1858   1848   1774
4   1855   1856   1848   1853
4   1855   1848   1858   1853
4    239   1858   1845   1855
4    289   1849   1858   1853
4   1845   1849    288   1851
4   1851   1855   1853    290
4   1855   1849   1853   1858
4   1855   1845   1849   1858
4   1855   1853   1849   1851
4   1855   1849   1845   1851
4      7   1859    908   1795
4    291   1860   1859   1861
4    908   1860    155   1793
4   1793   1795   1861    283
4   1795   1860   1861   1859
4   1795    908   1860   1859
4   1795   1861   1860   1793
4   1795   1860    908   1793
4     55   1862   1863   1864
4    292   1865   1862   1866
4   1863   1865    291   1867
4   1867   1864   1866    293
4   1864   1865   1866   1862
4   1864   1863   1865   1862
4   1864   1866   1865   1867
4   1864   1865   1863   1867
4    155   1868    912   1789
4    292   1869   1868   1870
4    912   1869     33   1787
4   1787   1789   1870    281
4   1789   1869   1870   1868
4   1789    912   1869   1868
4   1789   1870   1869   1787
4   1789   1869    912   1787
4    281   1796   1871   1800
4    283   1872   1796   1798
4   1871   1872    293   1873
4   1873   1800   1798     53
4   1800   1872   1798   1796
4   1800   1871   1872   1796
4   1800   1798   1872   1873
4   1800   1872   1871   1873
4    283   1874   1872   1861
4    292   1866   1874   1865
4   1872   1866    293   1867
4   1867   1861   1865    291
4   1861   1866   1865   1874
4   1861   1872   1866   1874
4   1861   1865   1866   1867
4   1861   1866   1872   1867
4    283   1793   1874   1861
4    155   1868   1793   1860
4   1874   1868    292   1865
4   1865   1861   1860    291
4   1861   1868   1860   1793
4   1861   1874   1868   1793
4   1861   1860   1868   1865
4   1861   1868   1874   1865
4    283   1872   1874   1796
4    293   1866   1872   1871
4   1874   1866    292   1870
4   1870   1796   1871    281
4   1796   1866   1871   1872
4   1796   1874   1866   1872
4   1796   1871   1866   1870
4   1796   1866   1874   1870
4    283   1874   1793   1796
4    292   1868   1874   1870
4   1793   1868    155   1789
4   1789   1796   1870    281
4   1796   1868   1870   1874
4   1796   1793   1868   1874
4   1796   1870   1868   1789
4   1796   1868   1793   1789
4     54   1875   1876   1877
4    294   1878   1875   1879
4   1876   1878    295   1880
4   1880   1877   1879    296
4   1877   1878   1879   1875
4   1877   1876   1878   1875
4   1877   1879   1878   1880
4   1877   1878   1876   1880
4     55   1881   1882   1883
4    297   1884   1881   1885
4   1882   1884    294   1886
4   1886   1883   1885    298
4   1883   1884   1885   1881
4   1883   1882   1884   1881
4   1883   1885   1884   1886
4   1883   1884   1882   1886
4    295   1887   1888   1889
4    297   1890   1887   1891
4   1888   1890     12   1892
4   1892   1889   1891    299
4   1889   1890   1891   1887
4   1889   1888   1890   1887
4   1889   1891   1890   1892
4   1889   1890   1888   1892
4    299   1893   1894   1895
4    296   1896   1893   1897
4   1894   1896    298   1898
4   1898   1895   1897     56
4   1895   1896   1897   1893
4   1895   1894   1896   1893
4   1895   1897   1896   1898
4   1895   1896   1894   1898
4    296   1899   1896   1879
4    297   1885   1899   1884
4   1896   1885    298   1886
4   1886   1879   1884    294
4   1879   1885   1884   1899
4   1879   1896   1885   1899
4   1879   1884   1885   1886
4   1879   1885   1896   1886
4    296   1880   1899   1879
4    295   1887   1880   1878
4   1899   1887    297   1884
4   1884   1879   1878    294
4   1879   1887   1878   1880
4   1879   1899   1887   1880
4   1879   1878   1887   1884
4   1879   1887   1899   1884
4    296   1896   1899   1893
4    298   1885   1896   1894
4   1899   1885    297   1891
4   1891   1893   1894    299
4   1893   1885   1894   1896
4   1893   1899   1885   1896
4   1893   1894   1885   1891
4   1893   1885   1899   1891
4    296   1899   1880   1893
4    297   1887   1899   1891
4   1880   1887    295   1889
4   1889   1893   1891    299
4   1893   1887   1891   1899
4   1893   1880   1887   1899
4   1893   1891   1887   1889
4   1893   1887   1880   1889
4     56   1900   1901   1902
4    300   1903   1900   1904
4   1901   1903    301   1905
4   1905   1902   1904    302
4   1902   1903   1904   1900
4   1902   1901   1903   1900
4   1902   1904   1903   1905
4   1902   1903   1901   1905
4     46   1809   1906   1519
4    284   1907   1809   1811
4   1906   1907    300   1908
4   1908   1519   1811    242
4   1519   1907   1811   1809
4   1519   1906   1907   1809
4   1519   1811   1907   1908
4   1519   1907   1906   1908
4    301   1909   1910   1911
4    284   1803   1909   1807
4   1910   1803     53   1805
4   1805   1911   1807    286
4   1911   1803   1807   1909
4   1911   1910   1803   1909
4   1911   1807   1803   1805
4   1911   1803   1910   1805
4    286   1912   1816   1817
4    302   1913   1912   1914
4   1816   1913    242   1539
4   1539   1817   1914     14
4   1817   1913   1914   1912
4   1817   1816   1913   1912
4   1817   1914   1913   1539
4   1817   1913   1816   1539
4    302   1915   1913   1904
4    284   1811   1915   1907
4   1913   1811    242   1908
4   1908   1904   1907    300
4   1904   1811   1907   1915
4   1904   1913   1811   1915
4   1904   1907   1811   1908
4   1904   1811   1913   1908
4    302   1905   1915   1904
4    301   1909   1905   1903
4   1915   1909    284   1907
4   1907   1904   1903    300
4   1904   1909   1903   1905
4   1904   1915   1909   1905
4   1904   1903   1909   1907
4   1904   1909   1915   1907
4    302   1913   1915   1912
4    242   1811   1913   1816
4   1915   1811    284   1807
4   1807   1912   1816    286
4   1912   1811   1816   1913
4   1912   1915   1811   1913
4   1912   1816   1811   1807
4   1912   1811   1915   1807
4    302   1915   1905   1912
4    284   1909   1915   1807
4   1905   1909    301   1911
4   1911   1912   1807    286
4   1912   1909   1807   1915
4   1912   1905   1909   1915
4   1912   1807   1909   1911
4   1912   1909   1905   1911
4     46   1916   1809   1776
4    303   1917   1916   1918
4   1809   1917    284   1839
4   1839   1776   1918    279
4   1776   1917   1918   1916
4   1776   1809   1917   1916
4   1776   1918   1917   1839
4   1776   1917   1809   1839
4     55   1864   1919   1862
4    293   1920   1864   1866
4   1919   1920    303   1921
4   1921   1862   1866    292
4   1862   1920   1866   1864
4   1862   1919   1920   1864
4   1862   1866   1920   1921
4   1862   1920   1919   1921
4    284   1922   1803   1841
4    293   1873   1922   1871
4   1803   1873     53   1800
4   1800   1841   1871    281
4   1841   1873   1871   1922
4   1841   1803   1873   1922
4   1841   1871   1873   1800
4   1841   1873   1803   1800
4    281   1840   1870   1787
4    279   1923   1840   1773
4   1870   1923    292   1869
4   1869   1787   1773     33
4   1787   1923   1773   1840
4   1787   1870   1923   1840
4   1787   1773   1923   1869
4   1787   1923   1870   1869
4    279   1924   1923   1918
4    293   1866   1924   1920
4   1923   1866    292   1921
4   1921   1918   1920    303
4   1918   1866   1920   1924
4   1918   1923   1866   1924
4   1918   1920   1866   1921
4   1918   1866   1923   1921
4    279   1839   1924   1918
4    284   1922   1839   1917
4   1924   1922    293   1920
4   1920   1918   1917    303
4   1918   1922   1917   1839
4   1918   1924   1922   1839
4   1918   1917   1922   1920
4   1918   1922   1924   1920
4    279   1923   1924   1840
4    292   1866   1923   1870
4   1924   1866    293   1871
4   1871   1840   1870    281
4   1840   1866   1870   1923
4   1840   1924   1866   1923
4   1840   1870   1866   1871
4   1840   1866   1924   1871
4    279   1924   1839   1840
4    293   1922   1924   1871
4   1839   1922    284   1841
4   1841   1840   1871    281
4   1840   1922   1871   1924
4   1840   1839   1922   1924
4   1840   1871   1922   1841
4   1840   1922   1839   1841
4     46   1857   1916   1776
4    290   1925   1857   1856
4   1916   1925    303   1918
4   1918   1776   1856    279
4   1776   1925   1856   1857
4   1776   1916   1925   1857
4   1776   1856   1925   1918
4   1776   1925   1916   1918
4     54   1875   1854   1852
4    294   1926   1875   1927
4   1854   1926    290   1853
4   1853   1852   1927    289
4   1852   1926   1927   1875
4   1852   1854   1926   1875
4   1852   1927   1926   1853
4   1852   1926   1854   1853
4    303   1928   1919   1921
4    294   1882   1928   1929
4   1919   1882     55   1862
4   1862   1921   1929    292
4   1921   1882   1929   1928
4   1921   1919   1882   1928
4   1921   1929   1882   1862
4   1921   1882   1919   1862
4    292   1923   1930   1869
4    279   1848   1923   1773
4   1930   1848    289   1846
4   1846   1869   1773     33
4   1869   1848   1773   1923
4   1869   1930   1848   1923
4   1869   1773   1848   1846
4   1869   1848   1930   1846
4    279   1931   1848   1856
4    294   1927   1931   1926
4   1848   1927    289   1853
4   1853   1856   1926    290
4   1856   1927   1926   1931
4   1856   1848   1927   1931
4   1856   1926   1927   1853
4   1856   1927   1848   1853
4    279   1918   1931   1856
4    303   1928   1918   1925
4   1931   1928    294   1926
4   1926   1856   1925    290
4   1856   1928   1925   1918
4   1856   1931   1928   1918
4   1856   1925   1928   1926
4   1856   1928   1931   1926
4    279   1848   1931   1923
4    289   1927   1848   1930
4   1931   1927    294   1929
4   1929   1923   1930    292
4   1923   1927   1930   1848
4   1923   1931   1927   1848
4   1923   1930   1927   1929
4   1923   1927   1931   1929
4    279   1931   1918   1923
4    294   1928   1931   1929
4   1918   1928    303   1921
4   1921   1923   1929    292
4   1923   1928   1929   1931
4   1923   1918   1928   1931
4   1923   1929   1928   1921
4   1923   1928   1918   1921
4     46   1809   1916   1906
4    284   1917   1809   1907
4   1916   1917    303   1932
4   1932   1906   1907    300
4   1906   1917   1907   1809
4   1906   1916   1917   1809
4   1906   1907   1917   1932
4   1906   1917   1916   1932
4     53   1873   1803   1910
4    293   1922   1873   1933
4   1803   1922    284   1909
4   1909   1910   1933    301
4   1910   1922   1933   1873
4   1910   1803   1922   1873
4   1910   1933   1922   1909
4   1910   1922   1803   1909
4    303   1920   1919   1934
4    293   1864   1920   1935
4   1919   1864     55   1883
4   1883   1934   1935    298
4   1934   1864   1935   1920
4   1934   1919   1864   1920
4   1934   1935   1864   1883
4   1934   1864   1919   1883
4    298   1936   1937   1898
4    300   1903   1936   1900
4   1937   1903    301   1901
4   1901   1898   1900     56
4   1898   1903   1900   1936
4   1898   1937   1903   1936
4   1898   1900   1903   1901
4   1898   1903   1937   1901
4    300   1938   1903   1907
4    293   1933   1938   1922
4   1903   1933    301   1909
4   1909   1907   1922    284
4   1907   1933   1922   1938
4   1907   1903   1933   1938
4   1907   1922   1933   1909
4   1907   1933   1903   1909
4    300   1932   1938   1907
4    303   1920   1932   1917
4   1938   1920    293   1922
4   1922   1907   1917    284
4   1907   1920   1917   1932
4   1907   1938   1920   1932
4   1907   1917   1920   1922
4   1907   1920   1938   1922
4    300   1903   1938   1936
4    301   1933   1903   1937
4   1938   1933    293   1935
4   1935   1936   1937    298
4   1936   1933   1937   1903
4   1936   1938   1933   1903
4   1936   1937   1933   1935
4   1936   1933   1938   1935
4    300   1938   1932   1936
4    293   1920   1938   1935
4   1932   1920    303   1934
4   1934   1936   1935    298
4   1936   1920   1935   1938
4   1936   1932   1920   1938
4   1936   1935   1920   1934
4   1936   1920   1932   1934
4     46   1916   1857   1906
4    303   1925   1916   1932
4   1857   1925    290   1939
4   1939   1906   1932    300
4   1906   1925   1932   1916
4   1906   1857   1925   1916
4   1906   1932   1925   1939
4   1906   1925   1857   1939
4     55   1882   1919   1883
4    294   1928   1882   1886
4   1919   1928    303   1934
4   1934   1883   1886    298
4   1883   1928   1886   1882
4   1883   1919   1928   1882
4   1883   1886   1928   1934
4   1883   1928   1919   1934
4    290   1926   1854   1940
4    294   1875   1926   1879
4   1854   1875     54   1877
4   1877   1940   1879    296
4   1940   1875   1879   1926
4   1940   1854   1875   1926
4   1940   1879   1875   1877
4   1940   1875   1854   1877
4    296   1941   1896   1897
4    300   1936   1941   1900
4   1896   1936    298   1898
4   1898   1897   1900     56
4   1897   1936   1900   1941
4   1897   1896   1936   1941
4   1897   1900   1936   1898
4   1897   1936   1896   1898
4    300   1942   1936   1932
4    294   1886   1942   1928
4   1936   1886    298   1934
4   1934   1932   1928    303
4   1932   1886   1928   1942
4   1932   1936   1886   1942
4   1932   1928   1886   1934
4   1932   1886   1936   1934
4    300   1939   1942   1932
4    290   1926   1939   1925
4   1942   1926    294   1928
4   1928   1932   1925    303
4   1932   1926   1925   1939
4   1932   1942   1926   1939
4   1932   1925   1926   1928
4   1932   1926   1942   1928
4    300   1936   1942   1941
4    298   1886   1936   1896
4   1942   1886    294   1879
4   1879   1941   1896    296
4   1941   1886   1896   1936
4   1941   1942   1886   1936
4   1941   1896   1886   1879
4   1941   1886   1942   1879
4    300   1942   1939   1941
4    294   1926   1942   1879
4   1939   1926    290   1940
4   1940   1941   1879    296
4   1941   1926   1879   1942
4   1941   1939   1926   1942
4   1941   1879   1926   1940
4   1941   1926   1939   1940
4      6   1843   1585   1509
4    288   1943   1843   1845
4   1585   1943    250   1587
4   1587   1509   1845    239
4   1509   1943   1845   1843
4   1509   1585   1943   1843
4   1509   1845   1943   1587
4   1509   1943   1585   1587
4     54   1944   1850   1854
4    304   1945   1944   1946
4   1850   1945    288   1851
4   1851   1854   1946    290
4   1854   1945   1946   1944
4   1854   1850   1945   1944
4   1854   1946   1945   1851
4   1854   1945   1850   1851
4    250   1947   1589   1593
4    304   1948   1947   1949
4   1589   1948     48   1590
4   1590   1593   1949    252
4   1593   1948   1949   1947
4   1593   1589   1948   1947
4   1593   1949   1948   1590
4   1593   1948   1589   1590
4    252   1598   1950   1599
4    239   1855   1598   1512
4   1950   1855    290   1857
4   1857   1599   1512     46
4   1599   1855   1512   1598
4   1599   1950   1855   1598
4   1599   1512   1855   1857
4   1599   1855   1950   1857
4    239   1951   1855   1845
4    304   1946   1951   1945
4   1855   1946    290   1851
4   1851   1845   1945    288
4   1845   1946   1945   1951
4   1845   1855   1946   1951
4   1845   1945   1946   1851
4   1845   1946   1855   1851
4    239   1587   1951   1845
4    250   1947   1587   1943
4   1951   1947    304   1945
4   1945   1845   1943    288
4   1845   1947   1943   1587
4   1845   1951   1947   1587
4   1845   1943   1947   1945
4   1845   1947   1951   1945
4    239   1855   1951   1598
4    290   1946   1855   1950
4   1951   1946    304   1949
4   1949   1598   1950    252
4   1598   1946   1950   1855
4   1598   1951   1946   1855
4   1598   1950   1946   1949
4   1598   1946   1951   1949
4    239   1951   1587   1598
4    304   1947   1951   1949
4   1587   1947    250   1593
4   1593   1598   1949    252
4   1598   1947   1949   1951
4   1598   1587   1947   1951
4   1598   1949   1947   1593
4   1598   1947   1587   1593
4     12   1952   1888   1892
4    305   1953   1952   1954
4   1888   1953    295   1889
4   1889   1892   1954    299
4   1892   1953   1954   1952
4   1892   1888   1953   1952
4   1892   1954   1953   1889
4   1892   1953   1888   1889
4     57   1955   1956   1957
4    306   1958   1955   1959
4   1956   1958    305   1960
4   1960   1957   1959    307
4   1957   1958   1959   1955
4   1957   1956   1958   1955
4   1957   1959   1958   1960
4   1957   1958   1956   1960
4    295   1961   1876   1880
4    306   1962   1961   1963
4   1876   1962     54   1877
4   1877   1880   1963    296
4   1880   1962   1963   1961
4   1880   1876   1962   1961
4   1880   1963   1962   1877
4   1880   1962   1876   1877
4    296   1893   1964   1897
4    299   1965   1893   1895
4   1964   1965    307   1966
4   1966   1897   1895     56
4   1897   1965   1895   1893
4   1897   1964   1965   1893
4   1897   1895   1965   1966
4   1897   1965   1964   1966
4    299   1967   1965   1954
4    306   1959   1967   1958
4   1965   1959    307   1960
4   1960   1954   1958    305
4   1954   1959   1958   1967
4   1954   1965   1959   1967
4   1954   1958   1959   1960
4   1954   1959   1965   1960
4    299   1889   1967   1954
4    295   1961   1889   1953
4   1967   1961    306   1958
4   1958   1954   1953    305
4   1954   1961   1953   1889
4   1954   1967   1961   1889
4   1954   1953   1961   1958
4   1954   1961   1967   1958
4    299   1965   1967   1893
4    307   1959   1965   1964
4   1967   1959    306   1963
4   1963   1893   1964    296
4   1893   1959   1964   1965
4   1893   1967   1959   1965
4   1893   1964   1959   1963
4   1893   1959   1967   1963
4    299   1967   1889   1893
4    306   1961   1967   1963
4   1889   1961    295   1880
4   1880   1893   1963    296
4   1893   1961   1963   1967
4   1893   1889   1961   1967
4   1893   1963   1961   1880
4   1893   1961   1889   1880
4     48   1968   1607   1609
4    308   1969   1968   1970
4   1607   1969    256   1611
4   1611   1609   1970    257
4   1609   1969   1970   1968
4   1609   1607   1969   1968
4   1609   1970   1969   1611
4   1609   1969   1607   1611
4     57   1971   1972   1973
4    309   1974   1971   1975
4   1972   1974    308   1976
4   1976   1973   1975    310
4   1973   1974   1975   1971
4   1973   1972   1974   1971
4   1973   1975   1974   1976
4   1973   1974   1972   1976
4    256   1977   1616   1617
4    309   1978   1977   1979
4   1616   1978     11   1618
4   1618   1617   1979    258
4   1617   1978   1979   1977
4   1617   1616   1978   1977
4   1617   1979   1978   1618
4   1617   1978   1616   1618
4    258   1620   1980   1621
4    257   1981   1620   1624
4   1980   1981    310   1982
4   1982   1621   1624     49
4   1621   1981   1624   1620
4   1621   1980   1981   1620
4   1621   1624   1981   1982
4   1621   1981   1980   1982
4    257   1983   1981   1970
4    309   1975   1983   1974
4   1981   1975    310   1976
4   1976   1970   1974    308
4   1970   1975   1974   1983
4   1970   1981   1975   1983
4   1970   1974   1975   1976
4   1970   1975   1981   1976
4    257   1611   1983   1970
4    256   1977   1611   1969
4   1983   1977    309   1974
4   1974   1970   1969    308
4   1970   1977   1969   1611
4   1970   1983   1977   1611
4   1970   1969   1977   1974
4   1970   1977   1983   1974
4    257   1981   1983   1620
4    310   1975   1981   1980
4   1983   1975    309   1979
4   1979   1620   1980    258
4   1620   1975   1980   1981
4   1620   1983   1975   1981
4   1620   1980   1975   1979
4   1620   1975   1983   1979
4    257   1983   1611   1620
4    309   1977   1983   1979
4   1611   1977    256   1617
4   1617   1620   1979    258
4   1620   1977   1979   1983
4   1620   1611   1977   1983
4   1620   1979   1977   1617
4   1620   1977   1611   1617
4     49   1627   1984   1628
4    260   1985   1627   1631
4   1984   1985    311   1986
4   1986   1628   1631    261
4   1628   1985   1631   1627
4   1628   1984   1985   1627
4   1628   1631   1985   1986
4   1628   1985   1984   1986
4     46   1906   1636   1519
4    300   1987   1906   1908
4   1636   1987    260   1637
4   1637   1519   1908    242
4   1519   1987   1908   1906
4   1519   1636   1987   1906
4   1519   1908   1987   1637
4   1519   1987   1636   1637
4    311   1988   1989   1990
4    300   1900   1988   1904
4   1989   1900     56   1902
4   1902   1990   1904    302
4   1990   1900   1904   1988
4   1990   1989   1900   1988
4   1990   1904   1900   1902
4   1990   1900   1989   1902
4    302   1991   1913   1914
4    261   1638   1991   1640
4   1913   1638    242   1539
4   1539   1914   1640     14
4   1914   1638   1640   1991
4   1914   1913   1638   1991
4   1914   1640   1638   1539
4   1914   1638   1913   1539
4    261   1992   1638   1631
4    300   1908   1992   1987
4   1638   1908    242   1637
4   1637   1631   1987    260
4   1631   1908   1987   1992
4   1631   1638   1908   1992
4   1631   1987   1908   1637
4   1631   1908   1638   1637
4    261   1986   1992   1631
4    311   1988   1986   1985
4   1992   1988    300   1987
4   1987   1631   1985    260
4   1631   1988   1985   1986
4   1631   1992   1988   1986
4   1631   1985   1988   1987
4   1631   1988   1992   1987
4    261   1638   1992   1991
4    242   1908   1638   1913
4   1992   1908    300   1904
4   1904   1991   1913    302
4   1991   1908   1913   1638
4   1991   1992   1908   1638
4   1991   1913   1908   1904
4   1991   1908   1992   1904
4    261   1992   1986   1991
4    300   1988   1992   1904
4   1986   1988    311   1990
4   1990   1991   1904    302
4   1991   1988   1904   1992
4   1991   1986   1988   1992
4   1991   1904   1988   1990
4   1991   1988   1986   1990
4     46   1993   1906   1857
4    312   1994   1993   1995
4   1906   1994    300   1939
4   1939   1857   1995    290
4   1857   1994   1995   1993
4   1857   1906   1994   1993
4   1857   1995   1994   1939
4   1857   1994   1906   1939
4     57   1957   1996   1955
4    307   1997   1957   1959
4   1996   1997    312   1998
4   1998   1955   1959    306
4   1955   1997   1959   1957
4   1955   1996   1997   1957
4   1955   1959   1997   1998
4   1955   1997   1996   1998
4    300   1999   1900   1941
4    307   1966   1999   1964
4   1900   1966     56   1897
4   1897   1941   1964    296
4   1941   1966   1964   1999
4   1941   1900   1966   1999
4   1941   1964   1966   1897
4   1941   1966   1900   1897
4    296   1940   1963   1877
4    290   2000   1940   1854
4   1963   2000    306   1962
4   1962   1877   1854     54
4   1877   2000   1854   1940
4   1877   1963   2000   1940
4   1877   1854   2000   1962
4   1877   2000   1963   1962
4    290   2001   2000   1995
4    307   1959   2001   1997
4   2000   1959    306   1998
4   1998   1995   1997    312
4   1995   1959   1997   2001
4   1995   2000   1959   2001
4   1995   1997   1959   1998
4   1995   1959   2000   1998
4    290   1939   2001   1995
4    300   1999   1939   1994
4   2001   1999    307   1997
4   1997   1995   1994    312
4   1995   1999   1994   1939
4   1995   2001   1999   1939
4   1995   1994   1999   1997
4   1995   1999   2001   1997
4    290   2000   2001   1940
4    306   1959   2000   1963
4   2001   1959    307   1964
4   1964   1940   1963    296
4   1940   1959   1963   2000
4   1940   2001   1959   2000
4   1940   1963   1959   1964
4   1940   1959   2001   1964
4    290   2001   1939   1940
4    307   1999   2001   1964
4   1939   1999    300   1941
4   1941   1940   1964    296
4   1940   1999   1964   2001
4   1940   1939   1999   2001
4   1940   1964   1999   1941
4   1940   1999   1939   1941
4     46   1599   1993   1857
4    252   2002   1599   1950
4   1993   2002    312   1995
4   1995   1857   1950    290
4   1857   2002   1950   1599
4   1857   1993   2002   1599
4   1857   1950   2002   1995
4   1857   2002   1993   1995
4     48   1968   1590   1948
4    308   2003   1968   2004
4   1590   2003    252   1949
4   1949   1948   2004    304
4   1948   2003   2004   1968
4   1948   1590   2003   1968
4   1948   2004   2003   1949
4   1948   2003   1590   1949
4    312   2005   1996   1998
4    308   1972   2005   2006
4   1996   1972     57   1955
4   1955   1998   2006    306
4   1998   1972   2006   2005
4   1998   1996   1972   2005
4   1998   2006   1972   1955
4   1998   1972   1996   1955
4    306   2000   2007   1962
4    290   1946   2000   1854
4   2007   1946    304   1944
4   1944   1962   1854     54
4   1962   1946   1854   2000
4   1962   2007   1946   2000
4   1962   1854   1946   1944
4   1962   1946   2007   1944
4    290   2008   1946   1950
4    308   2004   2008   2003
4   1946   2004    304   1949
4   1949   1950   2003    252
4   1950   2004   2003   2008
4   1950   1946   2004   2008
4   1950   2003   2004   1949
4   1950   2004   1946   1949
4    290   1995   2008   1950
4    312   2005   1995   2002
4   2008   2005    308   2003
4   2003   1950   2002    252
4   1950   2005   2002   1995
4   1950   2008   2005   1995
4   1950   2002   2005   2003
4   1950   2005   2008   2003
4    290   1946   2008   2000
4    304   2004   1946   2007
4   2008   2004    308   2006
4   2006   2000   2007    306
4   2000   2004   2007   1946
4   2000   2008   2004   1946
4   2000   2007   2004   2006
4   2000   2004   2008   2006
4    290   2008   1995   2000
4    308   2005   2008   2006
4   1995   2005    312   1998
4   1998   2000   2006    306
4   2000   2005   2006   2008
4   2000   1995   2005   2008
4   2000   2006   2005   1998
4   2000   2005   1995   1998
4     46   1906   1993   1636
4    300   1994   1906   1987
4   1993   1994    312   2009
4   2009   1636   1987    260
4   1636   1994   1987   1906
4   1636   1993   1994   1906
4   1636   1987   1994   2009
4   1636   1994   1993   2009
4     56   1966   1900   1989
4    307   1999   1966   2010
4   1900   1999    300   1988
4   1988   1989   2010    311
4   1989   1999   2010   1966
4   1989   1900   1999   1966
4   1989   2010   1999   1988
4   1989   1999   1900   1988
4    312   1997   1996   2011
4    307   1957   1997   2012
4   1996   1957     57   1973
4   1973   2011   2012    310
4   2011   1957   2012   1997
4   2011   1996   1957   1997
4   2011   2012   1957   1973
4   2011   1957   1996   1973
4    310   2013   2014   1982
4    260   1985   2013   1627
4   2014   1985    311   1984
4   1984   1982   1627     49
4   1982   1985   1627   2013
4   1982   2014   1985   2013
4   1982   1627   1985   1984
4   1982   1985   2014   1984
4    260   2015   1985   1987
4    307   2010   2015   1999
4   1985   2010    311   1988
4   1988   1987   1999    300
4   1987   2010   1999   2015
4   1987   1985   2010   2015
4   1987   1999   2010   1988
4   1987   2010   1985   1988
4    260   2009   2015   1987
4    312   1997   2009   1994
4   2015   1997    307   1999
4   1999   1987   1994    300
4   1987   1997   1994   2009
4   1987   2015   1997   2009
4   1987   1994   1997   1999
4   1987   1997   2015   1999
4    260   1985   2015   2013
4    311   2010   1985   2014
4   2015   2010    307   2012
4   2012   2013   2014    310
4   2013   2010   2014   1985
4   2013   2015   2010   1985
4   2013   2014   2010   2012
4   2013   2010   2015   2012
4    260   2015   2009   2013
4    307   1997   2015   2012
4   2009   1997    312   2011
4   2011   2013   2012    310
4   2013   1997   2012   2015
4   2013   2009   1997   2015
4   2013   2012   1997   2011
4   2013   1997   2009   2011
4     46   1993   1599   1636
4    312   2002   1993   2009
4   1599   2002    252   1659
4   1659   1636   2009    260
4   1636   2002   2009   1993
4   1636   1599   2002   1993
4   1636   2009   2002   1659
4   1636   2002   1599   1659
4     57   1972   1996   1973
4    308   2005   1972   1976
4   1996   2005    312   2011
4   2011   1973   1976    310
4   1973   2005   1976   1972
4   1973   1996   2005   1972
4   1973   1976   2005   2011
4   1973   2005   1996   2011
4    252   2003   1590   1661
4    308   1968   2003   1970
4   1590   1968     48   1609
4   1609   1661   1970    257
4   1661   1968   1970   2003
4   1661   1590   1968   2003
4   1661   1970   1968   1609
4   1661   1968   1590   1609
4    257   1663   1981   1624
4    260   2013   1663   1627
4   1981   2013    310   1982
4   1982   1624   1627     49
4   1624   2013   1627   1663
4   1624   1981   2013   1663
4   1624   1627   2013   1982
4   1624   2013   1981   1982
4    260   2016   2013   2009
4    308   1976   2016   2005
4   2013   1976    310   2011
4   2011   2009   2005    312
4   2009   1976   2005   2016
4   2009   2013   1976   2016
4   2009   2005   1976   2011
4   2009   1976   2013   2011
4    260   1659   2016   2009
4    252   2003   1659   2002
4   2016   2003    308   2005
4   2005   2009   2002    312
4   2009   2003   2002   1659
4   2009   2016   2003   1659
4   2009   2002   2003   2005
4   2009   2003   2016   2005
4    260   2013   2016   1663
4    310   1976   2013   1981
4   2016   1976    308   1970
4   1970   1663   1981    257
4   1663   1976   1981   2013
4   1663   2016   1976   2013
4   1663   1981   1976   1970
4   1663   1976   2016   1970
4    260   2016   1659   1663
4    308   2003   2016   1970
4   1659   2003    252   1661
4   1661   1663   1970    257
4   1663   2003   1970   2016
4   1663   1659   2003   2016
4   1663   1970   2003   1661
4   1663   2003   1659   1661
4      7    848   1208   1795
4    149   1209    848   1794
4   1208   1209    200   2017
4   2017   1795   1794    283
4   1795   1209   1794    848
4   1795   1208   1209    848
4   1795   1794   1209   2017
4   1795   1209   1208   2017
4     32   1212    851   1790
4    201   1210   1212   2018
4    851   1210    149   1791
4   1791   1790   2018    282
4   1790   1210   2018   1212
4   1790    851   1210   1212
4   1790   2018   1210   1791
4   1790   1210    851   1791
4    200   1205   1201   2019
4    201   1203   1205   2020
4   1201   1203     40   2021
4   2021   2019   2020    313
4   2019   1203   2020   1205
4   2019   1201   1203   1205
4   2019   2020   1203   2021
4   2019   1203   1201   2021
4    313   2022   2023   2024
4    283   1797   2022   1798
4   2023   1797    282   1801
4   1801   2024   1798     53
4   2024   1797   1798   2022
4   2024   2023   1797   2022
4   2024   1798   1797   1801
4   2024   1797   2023   1801
4    283   2025   1797   1794
4    201   2018   2025   1210
4   1797   2018    282   1791
4   1791   1794   1210    149
4   1794   2018   1210   2025
4   1794   1797   2018   2025
4   1794   1210   2018   1791
4   1794   2018   1797   1791
4    283   2017   2025   1794
4    200   1205   2017   1209
4   2025   1205    201   1210
4   1210   1794   1209    149
4   1794   1205   1209   2017
4   1794   2025   1205   2017
4   1794   1209   1205   1210
4   1794   1205   2025   1210
4    283   1797   2025   2022
4    282   2018   1797   2023
4   2025   2018    201   2020
4   2020   2022   2023    313
4   2022   2018   2023   1797
4   2022   2025   2018   1797
4   2022   2023   2018   2020
4   2022   2018   2025   2020
4    283   2025   2017   2022
4    201   1205   2025   2020
4   2017   1205    200   2019
4   2019   2022   2020    313
4   2022   1205   2020   2025
4   2022   2017   1205   2025
4   2022   2020   1205   2019
4   2022   1205   2017   2019
4      9   1144    870   1485
4    193   1221   1144   2026
4    870   1221    152   1778
4   1778   1485   2026    234
4   1485   1221   2026   1144
4   1485    870   1221   1144
4   1485   2026   1221   1778
4   1485   1221    870   1778
4     39   1219   1132   2027
4    202   1220   1219   2028
4   1132   1220    193   2029
4   2029   2027   2028    314
4   2027   1220   2028   1219
4   2027   1132   1220   1219
4   2027   2028   1220   2029
4   2027   1220   1132   2029
4    152   1216    858   1781
4    202   1214   1216   2030
4    858   1214     32   1779
4   1779   1781   2030    280
4   1781   1214   2030   1216
4   1781    858   1214   1216
4   1781   2030   1214   1779
4   1781   1214    858   1779
4    280   1784   2031   1785
4    234   2032   1784   1498
4   2031   2032    314   2033
4   2033   1785   1498     45
4   1785   2032   1498   1784
4   1785   2031   2032   1784
4   1785   1498   2032   2033
4   1785   2032   2031   2033
4    234   2034   2032   2026
4    202   2028   2034   1220
4   2032   2028    314   2029
4   2029   2026   1220    193
4   2026   2028   1220   2034
4   2026   2032   2028   2034
4   2026   1220   2028   2029
4   2026   2028   2032   2029
4    234   1778   2034   2026
4    152   1216   1778   1221
4   2034   1216    202   1220
4   1220   2026   1221    193
4   2026   1216   1221   1778
4   2026   2034   1216   1778
4   2026   1221   1216   1220
4   2026   1216   2034   1220
4    234   2032   2034   1784
4    314   2028   2032   2031
4   2034   2028    202   2030
4   2030   1784   2031    280
4   1784   2028   2031   2032
4   1784   2034   2028   2032
4   1784   2031   2028   2030
4   1784   2028   2034   2030
4    234   2034   1778   1784
4    202   1216   2034   2030
4   1778   1216    152   1781
4   1781   1784   2030    280
4   1784   1216   2030   2034
4   1784   1778   1216   2034
4   1784   2030   1216   1781
4   1784   1216   1778   1781
4     40   1187   1186   2035
4    198   1190   1187   2036
4   1186   1190    196   2037
4   2037   2035   2036    315
4   2035   1190   2036   1187
4   2035   1186   1190   1187
4   2035   2036   1190   2037
4   2035   1190   1186   2037
4     39   1125   1196   2038
4    190   1195   1125   2039
4   1196   1195    198   2040
4   2040   2038   2039    316
4   2038   1195   2039   1125
4   2038   1196   1195   1125
4   2038   2039   1195   2040
4   2038   1195   1196   2040
4    196   1184   1182   2041
4    190   1122   1184   2042
4   1182   1122      8   2043
4   2043   2041   2042    317
4   2041   1122   2042   1184
4   2041   1182   1122   1184
4   2041   2042   1122   2043
4   2041   1122   1182   2043
4    317   2044   2045   2046
4    315   2047   2044   2048
4   2045   2047    316   2049
4   2049   2046   2048     58
4   2046   2047   2048   2044
4   2046   2045   2047   2044
4   2046   2048   2047   2049
4   2046   2047   2045   2049
4    315   2050   2047   2036
4    190   2039   2050   1195
4   2047   2039    316   2040
4   2040   2036   1195    198
4   2036   2039   1195   2050
4   2036   2047   2039   2050
4   2036   1195   2039   2040
4   2036   2039   2047   2040
4    315   2037   2050   2036
4    196   1184   2037   1190
4   2050   1184    190   1195
4   1195   2036   1190    198
4   2036   1184   1190   2037
4   2036   2050   1184   2037
4   2036   1190   1184   1195
4   2036   1184   2050   1195
4    315   2047   2050   2044
4    316   2039   2047   2045
4   2050   2039    190   2042
4   2042   2044   2045    317
4   2044   2039   2045   2047
4   2044   2050   2039   2047
4   2044   2045   2039   2042
4   2044   2039   2050   2042
4    315   2050   2037   2044
4    190   1184   2050   2042
4   2037   1184    196   2041
4   2041   2044   2042    317
4   2044   1184   2042   2050
4   2044   2037   1184   2050
4   2044   2042   1184   2041
4   2044   1184   2037   2041
4     58   2051   2052   2053
4    318   2054   2051   2055
4   2052   2054    319   2056
4   2056   2053   2055    320
4   2053   2054   2055   2051
4   2053   2052   2054   2051
4   2053   2055   2054   2056
4   2053   2054   2052   2056
4     53   1804   2057   1805
4    285   2058   1804   1808
4   2057   2058    318   2059
4   2059   1805   1808    286
4   1805   2058   1808   1804
4   1805   2057   2058   1804
4   1805   1808   2058   2059
4   1805   2058   2057   2059
4    319   2060   2061   2062
4    285   1813   2060   1814
4   2061   1813     45   1534
4   1534   2062   1814    245
4   2062   1813   1814   2060
4   2062   2061   1813   2060
4   2062   1814   1813   1534
4   2062   1813   2061   1534
4    245   2063   1815   1537
4    320   2064   2063   2065
4   1815   2064    286   1817
4   1817   1537   2065     14
4   1537   2064   2065   2063
4   1537   1815   2064   2063
4   1537   2065   2064   1817
4   1537   2064   1815   1817
4    320   2066   2064   2055
4    285   1808   2066   2058
4   2064   1808    286   2059
4   2059   2055   2058    318
4   2055   1808   2058   2066
4   2055   2064   1808   2066
4   2055   2058   1808   2059
4   2055   1808   2064   2059
4    320   2056   2066   2055
4    319   2060   2056   2054
4   2066   2060    285   2058
4   2058   2055   2054    318
4   2055   2060   2054   2056
4   2055   2066   2060   2056
4   2055   2054   2060   2058
4   2055   2060   2066   2058
4    320   2064   2066   2063
4    286   1808   2064   1815
4   2066   1808    285   1814
4   1814   2063   1815    245
4   2063   1808   1815   2064
4   2063   2066   1808   2064
4   2063   1815   1808   1814
4   2063   1808   2066   1814
4    320   2066   2056   2063
4    285   2060   2066   1814
4   2056   2060    319   2062
4   2062   2063   1814    245
4   2063   2060   1814   2066
4   2063   2056   2060   2066
4   2063   1814   2060   2062
4   2063   2060   2056   2062
4     53   2067   1804   1801
4    321   2068   2067   2069
4   1804   2068    285   1837
4   1837   1801   2069    282
4   1801   2068   2069   2067
4   1801   1804   2068   2067
4   1801   2069   2068   1837
4   1801   2068   1804   1837
4     39   2027   2070   1219
4    314   2071   2027   2028
4   2070   2071    321   2072
4   2072   1219   2028    202
4   1219   2071   2028   2027
4   1219   2070   2071   2027
4   1219   2028   2071   2072
4   1219   2071   2070   2072
4    285   2073   1813   1833
4    314   2033   2073   2031
4   1813   2033     45   1785
4   1785   1833   2031    280
4   1833   2033   2031   2073
4   1833   1813   2033   2073
4   1833   2031   2033   1785
4   1833   2033   1813   1785
4    280   1835   2030   1779
4    282   2074   1835   1790
4   2030   2074    202   1214
4   1214   1779   1790     32
4   1779   2074   1790   1835
4   1779   2030   2074   1835
4   1779   1790   2074   1214
4   1779   2074   2030   1214
4    282   2075   2074   2069
4    314   2028   2075   2071
4   2074   2028    202   2072
4   2072   2069   2071    321
4   2069   2028   2071   2075
4   2069   2074   2028   2075
4   2069   2071   2028   2072
4   2069   2028   2074   2072
4    282   1837   2075   2069
4    285   2073   1837   2068
4   2075   2073    314   2071
4   2071   2069   2068    321
4   2069   2073   2068   1837
4   2069   2075   2073   1837
4   2069   2068   2073   2071
4   2069   2073   2075   2071
4    282   2074   2075   1835
4    202   2028   2074   2030
4   2075   2028    314   2031
4   2031   1835   2030    280
4   1835   2028   2030   2074
4   1835   2075   2028   2074
4   1835   2030   2028   2031
4   1835   2028   2075   2031
4    282   2075   1837   1835
4    314   2073   2075   2031
4   1837   2073    285   1833
4   1833   1835   2031    280
4   1835   2073   2031   2075
4   1835   1837   2073   2075
4   1835   2031   2073   1833
4   1835   2073   1837   1833
4     53   2024   2067   1801
4    313   2076   2024   2023
4   2067   2076    321   2069
4   2069   1801   2023    282
4   1801   2076   2023   2024
4   1801   2067   2076   2024
4   1801   2023   2076   2069
4   1801   2076   2067   2069
4     40   1187   2021   1203
4    198   2077   1187   1242
4   2021   2077    313   2020
4   2020   1203   1242    201
4   1203   2077   1242   1187
4   1203   2021   2077   1187
4   1203   1242   2077   2020
4   1203   2077   2021   2020
4    321   2078   2070   2072
4    198   1196   2078   1240
4   2070   1196     39   1219
4   1219   2072   1240    202
4   2072   1196   1240   2078
4   2072   2070   1196   2078
4   2072   1240   1196   1219
4   2072   1196   2070   1219
4    202   2074   1244   1214
4    282   2018   2074   1790
4   1244   2018    201   1212
4   1212   1214   1790     32
4   1214   2018   1790   2074
4   1214   1244   2018   2074
4   1214   1790   2018   1212
4   1214   2018   1244   1212
4    282   2079   2018   2023
4    198   1242   2079   2077
4   2018   1242    201   2020
4   2020   2023   2077    313
4   2023   1242   2077   2079
4   2023   2018   1242   2079
4   2023   2077   1242   2020
4   2023   1242   2018   2020
4    282   2069   2079   2023
4    321   2078   2069   2076
4   2079   2078    198   2077
4   2077   2023   2076    313
4   2023   2078   2076   2069
4   2023   2079   2078   2069
4   2023   2076   2078   2077
4   2023   2078   2079   2077
4    282   2018   2079   2074
4    201   1242   2018   1244
4   2079   1242    198   1240
4   1240   2074   1244    202
4   2074   1242   1244   2018
4   2074   2079   1242   2018
4   2074   1244   1242   1240
4   2074   1242   2079   1240
4    282   2079   2069   2074
4    198   2078   2079   1240
4   2069   2078    321   2072
4   2072   2074   1240    202
4   2074   2078   1240   2079
4   2074   2069   2078   2079
4   2074   1240   2078   2072
4   2074   2078   2069   2072
4     53   1804   2067   2057
4    285   2068   1804   2058
4   2067   2068    321   2080
4   2080   2057   2058    318
4   2057   2068   2058   1804
4   2057   2067   2068   1804
4   2057   2058   2068   2080
4   2057   2068   2067   2080
4     45   2033   1813   2061
4    314   2073   2033   2081
4   1813   2073    285   2060
4   2060   2061   2081    319
4   2061   2073   2081   2033
4   2061   1813   2073   2033
4   2061   2081   2073   2060
4   2061   2073   1813   2060
4    321   2071   2070   2082
4    314   2027   2071   2083
4   2070   2027     39   2038
4   2038   2082   2083    316
4   2082   2027   2083   2071
4   2082   2070   2027   2071
4   2082   2083   2027   2038
4   2082   2027   2070   2038
4    316   2084   2085   2049
4    318   2054   2084   2051
4   2085   2054    319   2052
4   2052   2049   2051     58
4   2049   2054   2051   2084
4   2049   2085   2054   2084
4   2049   2051   2054   2052
4   2049   2054   2085   2052
4    318   2086   2054   2058
4    314   2081   2086   2073
4   2054   2081    319   2060
4   2060   2058   2073    285
4   2058   2081   2073   2086
4   2058   2054   2081   2086
4   2058   2073   2081   2060
4   2058   2081   2054   2060
4    318   2080   2086   2058
4    321   2071   2080   2068
4   2086   2071    314   2073
4   2073   2058   2068    285
4   2058   2071   2068   2080
4   2058   2086   2071   2080
4   2058   2068   2071   2073
4   2058   2071   2086   2073
4    318   2054   2086   2084
4    319   2081   2054   2085
4   2086   2081    314   2083
4   2083   2084   2085    316
4   2084   2081   2085   2054
4   2084   2086   2081   2054
4   2084   2085   2081   2083
4   2084   2081   2086   2083
4    318   2086   2080   2084
4    314   2071   2086   2083
4   2080   2071    321   2082
4   2082   2084   2083    316
4   2084   2071   2083   2086
4   2084   2080   2071   2086
4   2084   2083   2071   2082
4   2084   2071   2080   2082
4     53   2067   2024   2057
4    321   2076   2067   2080
4   2024   2076    313   2087
4   2087   2057   2080    318
4   2057   2076   2080   2067
4   2057   2024   2076   2067
4   2057   2080   2076   2087
4   2057   2076   2024   2087
4     39   1196   2070   2038
4    198   2078   1196   2040
4   2070   2078    321   2082
4   2082   2038   2040    316
4   2038   2078   2040   1196
4   2038   2070   2078   1196
4   2038   2040   2078   2082
4   2038   2078   2070   2082
4    313   2077   2021   2088
4    198   1187   2077   2036
4   2021   1187     40   2035
4   2035   2088   2036    315
4   2088   1187   2036   2077
4   2088   2021   1187   2077
4   2088   2036   1187   2035
4   2088   1187   2021   2035
4    315   2089   2047   2048
4    318   2084   2089   2051
4   2047   2084    316   2049
4   2049   2048   2051     58
4   2048   2084   2051   2089
4   2048   2047   2084   2089
4   2048   2051   2084   2049
4   2048   2084   2047   2049
4    318   2090   2084   2080
4    198   2040   2090   2078
4   2084   2040    316   2082
4   2082   2080   2078    321
4   2080   2040   2078   2090
4   2080   2084   2040   2090
4   2080   2078   2040   2082
4   2080   2040   2084   2082
4    318   2087   2090   2080
4    313   2077   2087   2076
4   2090   2077    198   2078
4   2078   2080   2076    321
4   2080   2077   2076   2087
4   2080   2090   2077   2087
4   2080   2076   2077   2078
4   2080   2077   2090   2078
4    318   2084   2090   2089
4    316   2040   2084   2047
4   2090   2040    198   2036
4   2036   2089   2047    315
4   2089   2040   2047   2084
4   2089   2090   2040   2084
4   2089   2047   2040   2036
4   2089   2040   2090   2036
4    318   2090   2087   2089
4    198   2077   2090   2036
4   2087   2077    313   2088
4   2088   2089   2036    315
4   2089   2077   2036   2090
4   2089   2087   2077   2090
4   2089   2036   2077   2088
4   2089   2077   2087   2088
4      7   1208   2091   1795
4    200   2092   1208   2017
4   2091   2092    322   2093
4   2093   1795   2017    283
4   1795   2092   2017   1208
4   1795   2091   2092   1208
4   1795   2017   2092   2093
4   1795   2092   2091   2093
4     40   2094   1201   2021
4    323   2095   2094   2096
4   1201   2095    200   2019
4   2019   2021   2096    313
4   2021   2095   2096   2094
4   2021   1201   2095   2094
4   2021   2096   2095   2019
4   2021   2095   1201   2019
4    322   2097   2098   2099
4    323   2100   2097   2101
4   2098   2100     59   2102
4   2102   2099   2101    324
4   2099   2100   2101   2097
4   2099   2098   2100   2097
4   2099   2101   2100   2102
4   2099   2100   2098   2102
4    324   2103   2104   2105
4    283   2022   2103   1798
4   2104   2022    313   2024
4   2024   2105   1798     53
4   2105   2022   1798   2103
4   2105   2104   2022   2103
4   2105   1798   2022   2024
4   2105   2022   2104   2024
4    283   2106   2022   2017
4    323   2096   2106   2095
4   2022   2096    313   2019
4   2019   2017   2095    200
4   2017   2096   2095   2106
4   2017   2022   2096   2106
4   2017   2095   2096   2019
4   2017   2096   2022   2019
4    283   2093   2106   2017
4    322   2097   2093   2092
4   2106   2097    323   2095
4   2095   2017   2092    200
4   2017   2097   2092   2093
4   2017   2106   2097   2093
4   2017   2092   2097   2095
4   2017   2097   2106   2095
4    283   2022   2106   2103
4    313   2096   2022   2104
4   2106   2096    323   2101
4   2101   2103   2104    324
4   2103   2096   2104   2022
4   2103   2106   2096   2022
4   2103   2104   2096   2101
4   2103   2096   2106   2101
4    283   2106   2093   2103
4    323   2097   2106   2101
4   2093   2097    322   2099
4   2099   2103   2101    324
4   2103   2097   2101   2106
4   2103   2093   2097   2106
4   2103   2101   2097   2099
4   2103   2097   2093   2099
4      8   2107   1182   2043
4    325   2108   2107   2109
4   1182   2108    196   2041
4   2041   2043   2109    317
4   2043   2108   2109   2107
4   2043   1182   2108   2107
4   2043   2109   2108   2041
4   2043   2108   1182   2041
4     60   2110   2111   2112
4    326   2113   2110   2114
4   2111   2113    325   2115
4   2115   2112   2114    327
4   2112   2113   2114   2110
4   2112   2111   2113   2110
4   2112   2114   2113   2115
4   2112   2113   2111   2115
4    196   2116   1186   2037
4    326   2117   2116   2118
4   1186   2117     40   2035
4   2035   2037   2118    315
4   2037   2117   2118   2116
4   2037   1186   2117   2116
4   2037   2118   2117   2035
4   2037   2117   1186   2035
4    315   2044   2119   2048
4    317   2120   2044   2046
4   2119   2120    327   2121
4   2121   2048   2046     58
4   2048   2120   2046   2044
4   2048   2119   2120   2044
4   2048   2046   2120   2121
4   2048   2120   2119   2121
4    317   2122   2120   2109
4    326   2114   2122   2113
4   2120   2114    327   2115
4   2115   2109   2113    325
4   2109   2114   2113   2122
4   2109   2120   2114   2122
4   2109   2113   2114   2115
4   2109   2114   2120   2115
4    317   2041   2122   2109
4    196   2116   2041   2108
4   2122   2116    326   2113
4   2113   2109   2108    325
4   2109   2116   2108   2041
4   2109   2122   2116   2041
4   2109   2108   2116   2113
4   2109   2116   2122   2113
4    317   2120   2122   2044
4    327   2114   2120   2119
4   2122   2114    326   2118
4   2118   2044   2119    315
4   2044   2114   2119   2120
4   2044   2122   2114   2120
4   2044   2119   2114   2118
4   2044   2114   2122   2118
4    317   2122   2041   2044
4    326   2116   2122   2118
4   2041   2116    196   2037
4   2037   2044   2118    315
4   2044   2116   2118   2122
4   2044   2041   2116   2122
4   2044   2118   2116   2037
4   2044   2116   2041   2037
4     59   2123   2124   2125
4    328   2126   2123   2127
4   2124   2126    329   2128
4   2128   2125   2127    330
4   2125   2126   2127   2123
4   2125   2124   2126   2123
4   2125   2127   2126   2128
4   2125   2126   2124   2128
4     60   2129   2130   2131
4    331   2132   2129   2133
4   2130   2132    328   2134
4   2134   2131   2133    332
4   2131   2132   2133   2129
4   2131   2130   2132   2129
4   2131   2133   2132   2134
4   2131   2132   2130   2134
4    329   2135   2136   2137
4    331   2138   2135   2139
4   2136   2138     13   2140
4   2140   2137   2139    333
4   2137   2138   2139   2135
4   2137   2136   2138   2135
4   2137   2139   2138   2140
4   2137   2138   2136   2140
4    333   2141   2142   2143
4    330   2144   2141   2145
4   2142   2144    332   2146
4   2146   2143   2145     61
4   2143   2144   2145   2141
4   2143   2142   2144   2141
4   2143   2145   2144   2146
4   2143   2144   2142   2146
4    330   2147   2144   2127
4    331   2133   2147   2132
4   2144   2133    332   2134
4   2134   2127   2132    328
4   2127   2133   2132   2147
4   2127   2144   2133   2147
4   2127   2132   2133   2134
4   2127   2133   2144   2134
4    330   2128   2147   2127
4    329   2135   2128   2126
4   2147   2135    331   2132
4   2132   2127   2126    328
4   2127   2135   2126   2128
4   2127   2147   2135   2128
4   2127   2126   2135   2132
4   2127   2135   2147   2132
4    330   2144   2147   2141
4    332   2133   2144   2142
4   2147   2133    331   2139
4   2139   2141   2142    333
4   2141   2133   2142   2144
4   2141   2147   2133   2144
4   2141   2142   2133   2139
4   2141   2133   2147   2139
4    330   2147   2128   2141
4    331   2135   2147   2139
4   2128   2135    329   2137
4   2137   2141   2139    333
4   2141   2135   2139   2147
4   2141   2128   2135   2147
4   2141   2139   2135   2137
4   2141   2135   2128   2137
4     61   2148   2149   2150
4    334   2151   2148   2152
4   2149   2151    335   2153
4   2153   2150   2152    336
4   2150   2151   2152   2148
4   2150   2149   2151   2148
4   2150   2152   2151   2153
4   2150   2151   2149   2153
4     53   2057   2154   1805
4    318   2155   2057   2059
4   2154   2155    334   2156
4   2156   1805   2059    286
4   1805   2155   2059   2057
4   1805   2154   2155   2057
4   1805   2059   2155   2156
4   1805   2155   2154   2156
4    335   2157   2158   2159
4    318   2051   2157   2055
4   2158   2051     58   2053
4   2053   2159   2055    320
4   2159   2051   2055   2157
4   2159   2158   2051   2157
4   2159   2055   2051   2053
4   2159   2051   2158   2053
4    320   2160   2064   2065
4    336   2161   2160   2162
4   2064   2161    286   1817
4   1817   2065   2162     14
4   2065   2161   2162   2160
4   2065   2064   2161   2160
4   2065   2162   2161   1817
4   2065   2161   2064   1817
4    336   2163   2161   2152
4    318   2059   2163   2155
4   2161   2059    286   2156
4   2156   2152   2155    334
4   2152   2059   2155   2163
4   2152   2161   2059   2163
4   2152   2155   2059   2156
4   2152   2059   2161   2156
4    336   2153   2163   2152
4    335   2157   2153   2151
4   2163   2157    318   2155
4   2155   2152   2151    334
4   2152   2157   2151   2153
4   2152   2163   2157   2153
4   2152   2151   2157   2155
4   2152   2157   2163   2155
4    336   2161   2163   2160
4    286   2059   2161   2064
4   2163   2059    318   2055
4   2055   2160   2064    320
4   2160   2059   2064   2161
4   2160   2163   2059   2161
4   2160   2064   2059   2055
4   2160   2059   2163   2055
4    336   2163   2153   2160
4    318   2157   2163   2055
4   2153   2157    335   2159
4   2159   2160   2055    320
4   2160   2157   2055   2163
4   2160   2153   2157   2163
4   2160   2055   2157   2159
4   2160   2157   2153   2159
4     53   2164   2057   2024
4    337   2165   2164   2166
4   2057   2165    318   2087
4   2087   2024   2166    313
4   2024   2165   2166   2164
4   2024   2057   2165   2164
4   2024   2166   2165   2087
4   2024   2165   2057   2087
4     60   2112   2167   2110
4    327   2168   2112   2114
4   2167   2168    337   2169
4   2169   2110   2114    326
4   2110   2168   2114   2112
4   2110   2167   2168   2112
4   2110   2114   2168   2169
4   2110   2168   2167   2169
4    318   2170   2051   2089
4    327   2121   2170   2119
4   2051   2121     58   2048
4   2048   2089   2119    315
4   2089   2121   2119   2170
4   2089   2051   2121   2170
4   2089   2119   2121   2048
4   2089   2121   2051   2048
4    315   2088   2118   2035
4    313   2171   2088   2021
4   2118   2171    326   2117
4   2117   2035   2021     40
4   2035   2171   2021   2088
4   2035   2118   2171   2088
4   2035   2021   2171   2117
4   2035   2171   2118   2117
4    313   2172   2171   2166
4    327   2114   2172   2168
4   2171   2114    326   2169
4   2169   2166   2168    337
4   2166   2114   2168   2172
4   2166   2171   2114   2172
4   2166   2168   2114   2169
4   2166   2114   2171   2169
4    313   2087   2172   2166
4    318   2170   2087   2165
4   2172   2170    327   2168
4   2168   2166   2165    337
4   2166   2170   2165   2087
4   2166   2172   2170   2087
4   2166   2165   2170   2168
4   2166   2170   2172   2168
4    313   2171   2172   2088
4    326   2114   2171   2118
4   2172   2114    327   2119
4   2119   2088   2118    315
4   2088   2114   2118   2171
4   2088   2172   2114   2171
4   2088   2118   2114   2119
4   2088   2114   2172   2119
4    313   2172   2087   2088
4    327   2170   2172   2119
4   2087   2170    318   2089
4   2089   2088   2119    315
4   2088   2170   2119   2172
4   2088   2087   2170   2172
4   2088   2119   2170   2089
4   2088   2170   2087   2089
4     53   2105   2164   2024
4    324   2173   2105   2104
4   2164   2173    337   2166
4   2166   2024   2104    313
4   2024   2173   2104   2105
4   2024   2164   2173   2105
4   2024   2104   2173   2166
4   2024   2173   2164   2166
4     59   2123   2102   2100
4    328   2174   2123   2175
4   2102   2174    324   2101
4   2101   2100   2175    323
4   2100   2174   2175   2123
4   2100   2102   2174   2123
4   2100   2175   2174   2101
4   2100   2174   2102   2101
4    337   2176   2167   2169
4    328   2130   2176   2177
4   2167   2130     60   2110
4   2110   2169   2177    326
4   2169   2130   2177   2176
4   2169   2167   2130   2176
4   2169   2177   2130   2110
4   2169   2130   2167   2110
4    326   2171   2178   2117
4    313   2096   2171   2021
4   2178   2096    323   2094
4   2094   2117   2021     40
4   2117   2096   2021   2171
4   2117   2178   2096   2171
4   2117   2021   2096   2094
4   2117   2096   2178   2094
4    313   2179   2096   2104
4    328   2175   2179   2174
4   2096   2175    323   2101
4   2101   2104   2174    324
4   2104   2175   2174   2179
4   2104   2096   2175   2179
4   2104   2174   2175   2101
4   2104   2175   2096   2101
4    313   2166   2179   2104
4    337   2176   2166   2173
4   2179   2176    328   2174
4   2174   2104   2173    324
4   2104   2176   2173   2166
4   2104   2179   2176   2166
4   2104   2173   2176   2174
4   2104   2176   2179   2174
4    313   2096   2179   2171
4    323   2175   2096   2178
4   2179   2175    328   2177
4   2177   2171   2178    326
4   2171   2175   2178   2096
4   2171   2179   2175   2096
4   2171   2178   2175   2177
4   2171   2175   2179   2177
4    313   2179   2166   2171
4    328   2176   2179   2177
4   2166   2176    337   2169
4   2169   2171   2177    326
4   2171   2176   2177   2179
4   2171   2166   2176   2179
4   2171   2177   2176   2169
4   2171   2176   2166   2169
4     53   2057   2164   2154
4    318   2165   2057   2155
4   2164   2165    337   2180
4   2180   2154   2155    334
4   2154   2165   2155   2057
4   2154   2164   2165   2057
4   2154   2155   2165   2180
4   2154   2165   2164   2180
4     58   2121   2051   2158
4    327   2170   2121   2181
4   2051   2170    318   2157
4   2157   2158   2181    335
4   2158   2170   2181   2121
4   2158   2051   2170   2121
4   2158   2181   2170   2157
4   2158   2170   2051   2157
4    337   2168   2167   2182
4    327   2112   2168   2183
4   2167   2112     60   2131
4   2131   2182   2183    332
4   2182   2112   2183   2168
4   2182   2167   2112   2168
4   2182   2183   2112   2131
4   2182   2112   2167   2131
4    332   2184   2185   2146
4    334   2151   2184   2148
4   2185   2151    335   2149
4   2149   2146   2148     61
4   2146   2151   2148   2184
4   2146   2185   2151   2184
4   2146   2148   2151   2149
4   2146   2151   2185   2149
4    334   2186   2151   2155
4    327   2181   2186   2170
4   2151   2181    335   2157
4   2157   2155   2170    318
4   2155   2181   2170   2186
4   2155   2151   2181   2186
4   2155   2170   2181   2157
4   2155   2181   2151   2157
4    334   2180   2186   2155
4    337   2168   2180   2165
4   2186   2168    327   2170
4   2170   2155   2165    318
4   2155   2168   2165   2180
4   2155   2186   2168   2180
4   2155   2165   2168   2170
4   2155   2168   2186   2170
4    334   2151   2186   2184
4    335   2181   2151   2185
4   2186   2181    327   2183
4   2183   2184   2185    332
4   2184   2181   2185   2151
4   2184   2186   2181   2151
4   2184   2185   2181   2183
4   2184   2181   2186   2183
4    334   2186   2180   2184
4    327   2168   2186   2183
4   2180   2168    337   2182
4   2182   2184   2183    332
4   2184   2168   2183   2186
4   2184   2180   2168   2186
4   2184   2183   2168   2182
4   2184   2168   2180   2182
4     53   2164   2105   2154
4    337   2173   2164   2180
4   2105   2173    324   2187
4   2187   2154   2180    334
4   2154   2173   2180   2164
4   2154   2105   2173   2164
4   2154   2180   2173   2187
4   2154   2173   2105   2187
4     60   2130   2167   2131
4    328   2176   2130   2134
4   2167   2176    337   2182
4   2182   2131   2134    332
4   2131   2176   2134   2130
4   2131   2167   2176   2130
4   2131   2134   2176   2182
4   2131   2176   2167   2182
4    324   2174   2102   2188
4    328   2123   2174   2127
4   2102   2123     59   2125
4   2125   2188   2127    330
4   2188   2123   2127   2174
4   2188   2102   2123   2174
4   2188   2127   2123   2125
4   2188   2123   2102   2125
4    330   2189   2144   2145
4    334   2184   2189   2148
4   2144   2184    332   2146
4   2146   2145   2148     61
4   2145   2184   2148   2189
4   2145   2144   2184   2189
4   2145   2148   2184   2146
4   2145   2184   2144   2146
4    334   2190   2184   2180
4    328   2134   2190   2176
4   2184   2134    332   2182
4   2182   2180   2176    337
4   2180   2134   2176   2190
4   2180   2184   2134   2190
4   2180   2176   2134   2182
4   2180   2134   2184   2182
4    334   2187   2190   2180
4    324   2174   2187   2173
4   2190   2174    328   2176
4   2176   2180   2173    337
4   2180   2174   2173   2187
4   2180   2190   2174   2187
4   2180   2173   2174   2176
4   2180   2174   2190   2176
4    334   2184   2190   2189
4    332   2134   2184   2144
4   2190   2134    328   2127
4   2127   2189   2144    330
4   2189   2134   2144   2184
4   2189   2190   2134   2184
4   2189   2144   2134   2127
4   2189   2134   2190   2127
4    334   2190   2187   2189
4    328   2174   2190   2127
4   2187   2174    324   2188
4   2188   2189   2127    330
4   2189   2174   2127   2190
4   2189   2187   2174   2190
4   2189   2127   2174   2188
4   2189   2174   2187   2188
4      7   2091   1859   1795
4    322   2191   2091   2093
4   1859   2191    291   1861
4   1861   1795   2093    283
4   1795   2191   2093   2091
4   1795   1859   2191   2091
4   1795   2093   2191   1861
4   1795   2191   1859   1861
4     59   2192   2098   2102
4    338   2193   2192   2194
4   2098   2193    322   2099
4   2099   2102   2194    324
4   2102   2193   2194   2192
4   2102   2098   2193   2192
4   2102   2194   2193   2099
4   2102   2193   2098   2099
4    291   2195   1863   1867
4    338   2196   2195   2197
4   1863   2196     55   1864
4   1864   1867   2197    293
4   1867   2196   2197   2195
4   1867   1863   2196   2195
4   1867   2197   2196   1864
4   1867   2196   1863   1864
4    293   1872   2198   1873
4    283   2103   1872   1798
4   2198   2103    324   2105
4   2105   1873   1798     53
4   1873   2103   1798   1872
4   1873   2198   2103   1872
4   1873   1798   2103   2105
4   1873   2103   2198   2105
4    283   2199   2103   2093
4    338   2194   2199   2193
4   2103   2194    324   2099
4   2099   2093   2193    322
4   2093   2194   2193   2199
4   2093   2103   2194   2199
4   2093   2193   2194   2099
4   2093   2194   2103   2099
4    283   1861   2199   2093
4    291   2195   1861   2191
4   2199   2195    338   2193
4   2193   2093   2191    322
4   2093   2195   2191   1861
4   2093   2199   2195   1861
4   2093   2191   2195   2193
4   2093   2195   2199   2193
4    283   2103   2199   1872
4    324   2194   2103   2198
4   2199   2194    338   2197
4   2197   1872   2198    293
4   1872   2194   2198   2103
4   1872   2199   2194   2103
4   1872   2198   2194   2197
4   1872   2194   2199   2197
4    283   2199   1861   1872
4    338   2195   2199   2197
4   1861   2195    291   1867
4   1867   1872   2197    293
4   1872   2195   2197   2199
4   1872   1861   2195   2199
4   1872   2197   2195   1867
4   1872   2195   1861   1867
4     13   2200   2136   2140
4    339   2201   2200   2202
4   2136   2201    329   2137
4   2137   2140   2202    333
4   2140   2201   2202   2200
4   2140   2136   2201   2200
4   2140   2202   2201   2137
4   2140   2201   2136   2137
4     62   2203   2204   2205
4    340   2206   2203   2207
4   2204   2206    339   2208
4   2208   2205   2207    341
4   2205   2206   2207   2203
4   2205   2204   2206   2203
4   2205   2207   2206   2208
4   2205   2206   2204   2208
4    329   2209   2124   2128
4    340   2210   2209   2211
4   2124   2210     59   2125
4   2125   2128   2211    330
4   2128   2210   2211   2209
4   2128   2124   2210   2209
4   2128   2211   2210   2125
4   2128   2210   2124   2125
4    330   2141   2212   2145
4    333   2213   2141   2143
4   2212   2213    341   2214
4   2214   2145   2143     61
4   2145   2213   2143   2141
4   2145   2212   2213   2141
4   2145   2143   2213   2214
4   2145   2213   2212   2214
4    333   2215   2213   2202
4    340   2207   2215   2206
4   2213   2207    341   2208
4   2208   2202   2206    339
4   2202   2207   2206   2215
4   2202   2213   2207   2215
4   2202   2206   2207   2208
4   2202   2207   2213   2208
4    333   2137   2215   2202
4    329   2209   2137   2201
4   2215   2209    340   2206
4   2206   2202   2201    339
4   2202   2209   2201   2137
4   2202   2215   2209   2137
4   2202   2201   2209   2206
4   2202   2209   2215   2206
4    333   2213   2215   2141
4    341   2207   2213   2212
4   2215   2207    340   2211
4   2211   2141   2212    330
4   2141   2207   2212   2213
4   2141   2215   2207   2213
4   2141   2212   2207   2211
4   2141   2207   2215   2211
4    333   2215   2137   2141
4    340   2209   2215   2211
4   2137   2209    329   2128
4   2128   2141   2211    330
4   2141   2209   2211   2215
4   2141   2137   2209   2215
4   2141   2211   2209   2128
4   2141   2209   2137   2128
4     55   2216   1881   1883
4    342   2217   2216   2218
4   1881   2217    297   1885
4   1885   1883   2218    298
4   1883   2217   2218   2216
4   1883   1881   2217   2216
4   1883   2218   2217   1885
4   1883   2217   1881   1885
4     62   2219   2220   2221
4    343   2222   2219   2223
4   2220   2222    342   2224
4   2224   2221   2223    344
4   2221   2222   2223   2219
4   2221   2220   2222   2219
4   2221   2223   2222   2224
4   2221   2222   2220   2224
4    297   2225   1890   1891
4    343   2226   2225   2227
4   1890   2226     12   1892
4   1892   1891   2227    299
4   1891   2226   2227   2225
4   1891   1890   2226   2225
4   1891   2227   2226   1892
4   1891   2226   1890   1892
4    299   1894   2228   1895
4    298   2229   1894   1898
4   2228   2229    344   2230
4   2230   1895   1898     56
4   1895   2229   1898   1894
4   1895   2228   2229   1894
4   1895   1898   2229   2230
4   1895   2229   2228   2230
4    298   2231   2229   2218
4    343   2223   2231   2222
4   2229   2223    344   2224
4   2224   2218   2222    342
4   2218   2223   2222   2231
4   2218   2229   2223   2231
4   2218   2222   2223   2224
4   2218   2223   2229   2224
4    298   1885   2231   2218
4    297   2225   1885   2217
4   2231   2225    343   2222
4   2222   2218   2217    342
4   2218   2225   2217   1885
4   2218   2231   2225   1885
4   2218   2217   2225   2222
4   2218   2225   2231   2222
4    298   2229   2231   1894
4    344   2223   2229   2228
4   2231   2223    343   2227
4   2227   1894   2228    299
4   1894   2223   2228   2229
4   1894   2231   2223   2229
4   1894   2228   2223   2227
4   1894   2223   2231   2227
4    298   2231   1885   1894
4    343   2225   2231   2227
4   1885   2225    297   1891
4   1891   1894   2227    299
4   1894   2225   2227   2231
4   1894   1885   2225   2231
4   1894   2227   2225   1891
4   1894   2225   1885   1891
4     56   1901   2232   1902
4    301   2233   1901   1905
4   2232   2233    345   2234
4   2234   1902   1905    302
4   1902   2233   1905   1901
4   1902   2232   2233   1901
4   1902   1905   2233   2234
4   1902   2233   2232   2234
4     53   2154   1910   1805
4    334   2235   2154   2156
4   1910   2235    301   1911
4   1911   1805   2156    286
4   1805   2235   2156   2154
4   1805   1910   2235   2154
4   1805   2156   2235   1911
4   1805   2235   1910   1911
4    345   2236   2237   2238
4    334   2148   2236   2152
4   2237   2148     61   2150
4   2150   2238   2152    336
4   2238   2148   2152   2236
4   2238   2237   2148   2236
4   2238   2152   2148   2150
4   2238   2148   2237   2150
4    336   2239   2161   2162
4    302   1912   2239   1914
4   2161   1912    286   1817
4   1817   2162   1914     14
4   2162   1912   1914   2239
4   2162   2161   1912   2239
4   2162   1914   1912   1817
4   2162   1912   2161   1817
4    302   2240   1912   1905
4    334   2156   2240   2235
4   1912   2156    286   1911
4   1911   1905   2235    301
4   1905   2156   2235   2240
4   1905   1912   2156   2240
4   1905   2235   2156   1911
4   1905   2156   1912   1911
4    302   2234   2240   1905
4    345   2236   2234   2233
4   2240   2236    334   2235
4   2235   1905   2233    301
4   1905   2236   2233   2234
4   1905   2240   2236   2234
4   1905   2233   2236   2235
4   1905   2236   2240   2235
4    302   1912   2240   2239
4    286   2156   1912   2161
4   2240   2156    334   2152
4   2152   2239   2161    336
4   2239   2156   2161   1912
4   2239   2240   2156   1912
4   2239   2161   2156   2152
4   2239   2156   2240   2152
4    302   2240   2234   2239
4    334   2236   2240   2152
4   2234   2236    345   2238
4   2238   2239   2152    336
4   2239   2236   2152   2240
4   2239   2234   2236   2240
4   2239   2152   2236   2238
4   2239   2236   2234   2238
4     53   2241   2154   2105
4    346   2242   2241   2243
4   2154   2242    334   2187
4   2187   2105   2243    324
4   2105   2242   2243   2241
4   2105   2154   2242   2241
4   2105   2243   2242   2187
4   2105   2242   2154   2187
4     62   2205   2244   2203
4    341   2245   2205   2207
4   2244   2245    346   2246
4   2246   2203   2207    340
4   2203   2245   2207   2205
4   2203   2244   2245   2205
4   2203   2207   2245   2246
4   2203   2245   2244   2246
4    334   2247   2148   2189
4    341   2214   2247   2212
4   2148   2214     61   2145
4   2145   2189   2212    330
4   2189   2214   2212   2247
4   2189   2148   2214   2247
4   2189   2212   2214   2145
4   2189   2214   2148   2145
4    330   2188   2211   2125
4    324   2248   2188   2102
4   2211   2248    340   2210
4   2210   2125   2102     59
4   2125   2248   2102   2188
4   2125   2211   2248   2188
4   2125   2102   2248   2210
4   2125   2248   2211   2210
4    324   2249   2248   2243
4    341   2207   2249   2245
4   2248   2207    340   2246
4   2246   2243   2245    346
4   2243   2207   2245   2249
4   2243   2248   2207   2249
4   2243   2245   2207   2246
4   2243   2207   2248   2246
4    324   2187   2249   2243
4    334   2247   2187   2242
4   2249   2247    341   2245
4   2245   2243   2242    346
4   2243   2247   2242   2187
4   2243   2249   2247   2187
4   2243   2242   2247   2245
4   2243   2247   2249   2245
4    324   2248   2249   2188
4    340   2207   2248   2211
4   2249   2207    341   2212
4   2212   2188   2211    330
4   2188   2207   2211   2248
4   2188   2249   2207   2248
4   2188   2211   2207   2212
4   2188   2207   2249   2212
4    324   2249   2187   2188
4    341   2247   2249   2212
4   2187   2247    334   2189
4   2189   2188   2212    330
4   2188   2247   2212   2249
4   2188   2187   2247   2249
4   2188   2212   2247   2189
4   2188   2247   2187   2189
4     53   1873   2241   2105
4    293   2250   1873   2198
4   2241   2250    346   2243
4   2243   2105   2198    324
4   2105   2250   2198   1873
4   2105   2241   2250   1873
4   2105   2198   2250   2243
4   2105   2250   2241   2243
4     55   2216   1864   2196
4    342   2251   2216   2252
4   1864   2251    293   2197
4   2197   2196   2252    338
4   2196   2251   2252   2216
4   2196   1864   2251   2216
4   2196   2252   2251   2197
4   2196   2251   1864   2197
4    346   2253   2244   2246
4    342   2220   2253   2254
4   2244   2220     62   2203
4   2203   2246   2254    340
4   2246   2220   2254   2253
4   2246   2244   2220   2253
4   2246   2254   2220   2203
4   2246   2220   2244   2203
4    340   2248   2255   2210
4    324   2194   2248   2102
4   2255   2194    338   2192
4   2192   2210   2102     59
4   2210   2194   2102   2248
4   2210   2255   2194   2248
4   2210   2102   2194   2192
4   2210   2194   2255   2192
4    324   2256   2194   2198
4    342   2252   2256   2251
4   2194   2252    338   2197
4   2197   2198   2251    293
4   2198   2252   2251   2256
4   2198   2194   2252   2256
4   2198   2251   2252   2197
4   2198   2252   2194   2197
4    324   2243   2256   2198
4    346   2253   2243   2250
4   2256   2253    342   2251
4   2251   2198   2250    293
4   2198   2253   2250   2243
4   2198   2256   2253   2243
4   2198   2250   2253   2251
4   2198   2253   2256   2251
4    324   2194   2256   2248
4    338   2252   2194   2255
4   2256   2252    342   2254
4   2254   2248   2255    340
4   2248   2252   2255   2194
4   2248   2256   2252   2194
4   2248   2255   2252   2254
4   2248   2252   2256   2254
4    324   2256   2243   2248
4    342   2253   2256   2254
4   2243   2253    346   2246
4   2246   2248   2254    340
4   2248   2253   2254   2256
4   2248   2243   2253   2256
4   2248   2254   2253   2246
4   2248   2253   2243   2246
4     53   2154   2241   1910
4    334   2242   2154   2235
4   2241   2242    346   2257
4   2257   1910   2235    301
4   1910   2242   2235   2154
4   1910   2241   2242   2154
4   1910   2235   2242   2257
4   1910   2242   2241   2257
4     61   2214   2148   2237
4    341   2247   2214   2258
4   2148   2247    334   2236
4   2236   2237   2258    345
4   2237   2247   2258   2214
4   2237   2148   2247   2214
4   2237   2258   2247   2236
4   2237   2247   2148   2236
4    346   2245   2244   2259
4    341   2205   2245   2260
4   2244   2205     62   2221
4   2221   2259   2260    344
4   2259   2205   2260   2245
4   2259   2244   2205   2245
4   2259   2260   2205   2221
4   2259   2205   2244   2221
4    344   2261   2262   2230
4    301   2233   2261   1901
4   2262   2233    345   2232
4   2232   2230   1901     56
4   2230   2233   1901   2261
4   2230   2262   2233   2261
4   2230   1901   2233   2232
4   2230   2233   2262   2232
4    301   2263   2233   2235
4    341   2258   2263   2247
4   2233   2258    345   2236
4   2236   2235   2247    334
4   2235   2258   2247   2263
4   2235   2233   2258   2263
4   2235   2247   2258   2236
4   2235   2258   2233   2236
4    301   2257   2263   2235
4    346   2245   2257   2242
4   2263   2245    341   2247
4   2247   2235   2242    334
4   2235   2245   2242   2257
4   2235   2263   2245   2257
4   2235   2242   2245   2247
4   2235   2245   2263   2247
4    301   2233   2263   2261
4    345   2258   2233   2262
4   2263   2258    341   2260
4   2260   2261   2262    344
4   2261   2258   2262   2233
4   2261   2263   2258   2233
4   2261   2262   2258   2260
4   2261   2258   2263   2260
4    301   2263   2257   2261
4    341   2245   2263   2260
4   2257   2245    346   2259
4   2259   2261   2260    344
4   2261   2245   2260   2263
4   2261   2257   2245   2263
4   2261   2260   2245   2259
4   2261   2245   2257   2259
4     53   2241   1873   1910
4    346   2250   2241   2257
4   1873   2250    293   1933
4   1933   1910   2257    301
4   1910   2250   2257   2241
4   1910   1873   2250   2241
4   1910   2257   2250   1933
4   1910   2250   1873   1933
4     62   2220   2244   2221
4    342   2253   2220   2224
4   2244   2253    346   2259
4   2259   2221   2224    344
4   2221   2253   2224   2220
4   2221   2244   2253   2220
4   2221   2224   2253   2259
4   2221   2253   2244   2259
4    293   2251   1864   1935
4    342   2216   2251   2218
4   1864   2216     55   1883
4   1883   1935   2218    298
4   1935   2216   2218   2251
4   1935   1864   2216   2251
4   1935   2218   2216   1883
4   1935   2216   1864   1883
4    298   1937   2229   1898
4    301   2261   1937   1901
4   2229   2261    344   2230
4   2230   1898   1901     56
4   1898   2261   1901   1937
4   1898   2229   2261   1937
4   1898   1901   2261   2230
4   1898   2261   2229   2230
4    301   2264   2261   2257
4    342   2224   2264   2253
4   2261   2224    344   2259
4   2259   2257   2253    346
4   2257   2224   2253   2264
4   2257   2261   2224   2264
4   2257   2253   2224   2259
4   2257   2224   2261   2259
4    301   1933   2264   2257
4    293   2251   1933   2250
4   2264   2251    342   2253
4   2253   2257   2250    346
4   2257   2251   2250   1933
4   2257   2264   2251   1933
4   2257   2250   2251   2253
4   2257   2251   2264   2253
4    301   2261   2264   1937
4    344   2224   2261   2229
4   2264   2224    342   2218
4   2218   1937   2229    298
4   1937   2224   2229   2261
4   1937   2264   2224   2261
4   1937   2229   2224   2218
4   1937   2224   2264   2218
4    301   2264   1933   1937
4    342   2251   2264   2218
4   1933   2251    293   1935
4   1935   1937   2218    298
4   1937   2251   2218   2264
4   1937   1933   2251   2264
4   1937   2218   2251   1935
4   1937   2251   1933   1935
4      8   1122   1430   2043
4    190   1431   1122   2042
4   1430   1431    227   2265
4   2265   2043   2042    317
4   2043   1431   2042   1122
4   2043   1430   1431   1122
4   2043   2042   1431   2265
4   2043   1431   1430   2265
4     39   1434   1125   2038
4    228   1432   1434   2266
4   1125   1432    190   2039
4   2039   2038   2266    316
4   2038   1432   2266   1434
4   2038   1125   1432   1434
4   2038   2266   1432   2039
4   2038   1432   1125   2039
4    227   1427   1423   2267
4    228   1425   1427   2268
4   1423   1425     43   2269
4   2269   2267   2268    347
4   2267   1425   2268   1427
4   2267   1423   1425   1427
4   2267   2268   1425   2269
4   2267   1425   1423   2269
4    347   2270   2271   2272
4    317   2045   2270   2046
4   2271   2045    316   2049
4   2049   2272   2046     58
4   2272   2045   2046   2270
4   2272   2271   2045   2270
4   2272   2046   2045   2049
4   2272   2045   2271   2049
4    317   2273   2045   2042
4    228   2266   2273   1432
4   2045   2266    316   2039
4   2039   2042   1432    190
4   2042   2266   1432   2273
4   2042   2045   2266   2273
4   2042   1432   2266   2039
4   2042   2266   2045   2039
4    317   2265   2273   2042
4    227   1427   2265   1431
4   2273   1427    228   1432
4   1432   2042   1431    190
4   2042   1427   1431   2265
4   2042   2273   1427   2265
4   2042   1431   1427   1432
4   2042   1427   2273   1432
4    317   2045   2273   2270
4    316   2266   2045   2271
4   2273   2266    228   2268
4   2268   2270   2271    347
4   2270   2266   2271   2045
4   2270   2273   2266   2045
4   2270   2271   2266   2268
4   2270   2266   2273   2268
4    317   2273   2265   2270
4    228   1427   2273   2268
4   2265   1427    227   2267
4   2267   2270   2268    347
4   2270   1427   2268   2273
4   2270   2265   1427   2273
4   2270   2268   1427   2267
4   2270   1427   2265   2267
4      9    670   1144   1485
4    120   1443    670   1487
4   1144   1443    193   2026
4   2026   1485   1487    234
4   1485   1443   1487    670
4   1485   1144   1443    670
4   1485   1487   1443   2026
4   1485   1443   1144   2026
4     26   1441    658   1493
4    229   1442   1441   2274
4    658   1442    120   1491
4   1491   1493   2274    236
4   1493   1442   2274   1441
4   1493    658   1442   1441
4   1493   2274   1442   1491
4   1493   1442    658   1491
4    193   1438   1132   2029
4    229   1436   1438   2275
4   1132   1436     39   2027
4   2027   2029   2275    314
4   2029   1436   2275   1438
4   2029   1132   1436   1438
4   2029   2275   1436   2027
4   2029   1436   1132   2027
4    314   2032   2276   2033
4    234   1494   2032   1498
4   2276   1494    236   1496
4   1496   2033   1498     45
4   2033   1494   1498   2032
4   2033   2276   1494   2032
4   2033   1498   1494   1496
4   2033   1494   2276   1496
4    234   2277   1494   1487
4    229   2274   2277   1442
4   1494   2274    236   1491
4   1491   1487   1442    120
4   1487   2274   1442   2277
4   1487   1494   2274   2277
4   1487   1442   2274   1491
4   1487   2274   1494   1491
4    234   2026   2277   1487
4    193   1438   2026   1443
4   2277   1438    229   1442
4   1442   1487   1443    120
4   1487   1438   1443   2026
4   1487   2277   1438   2026
4   1487   1443   1438   1442
4   1487   1438   2277   1442
4    234   1494   2277   2032
4    236   2274   1494   2276
4   2277   2274    229   2275
4   2275   2032   2276    314
4   2032   2274   2276   1494
4   2032   2277   2274   1494
4   2032   2276   2274   2275
4   2032   2274   2277   2275
4    234   2277   2026   2032
4    229   1438   2277   2275
4   2026   1438    193   2029
4   2029   2032   2275    314
4   2032   1438   2275   2277
4   2032   2026   1438   2277
4   2032   2275   1438   2029
4   2032   1438   2026   2029
4     43   1409   1408   2278
4    225   1412   1409   2279
4   1408   1412    223   2280
4   2280   2278   2279    348
4   2278   1412   2279   1409
4   2278   1408   1412   1409
4   2278   2279   1412   2280
4   2278   1412   1408   2280
4     26    651   1418   1472
4    117   1417    651   1474
4   1418   1417    225   2281
4   2281   1472   1474    232
4   1472   1417   1474    651
4   1472   1418   1417    651
4   1472   1474   1417   2281
4   1472   1417   1418   2281
4    223   1406   1404   2282
4    117    648   1406   1470
4   1404    648      5   1469
4   1469   2282   1470    231
4   2282    648   1470   1406
4   2282   1404    648   1406
4   2282   1470    648   1469
4   2282    648   1404   1469
4    231   2283   1481   1482
4    348   2284   2283   2285
4   1481   2284    232   1483
4   1483   1482   2285     44
4   1482   2284   2285   2283
4   1482   1481   2284   2283
4   1482   2285   2284   1483
4   1482   2284   1481   1483
4    348   2286   2284   2279
4    117   1474   2286   1417
4   2284   1474    232   2281
4   2281   2279   1417    225
4   2279   1474   1417   2286
4   2279   2284   1474   2286
4   2279   1417   1474   2281
4   2279   1474   2284   2281
4    348   2280   2286   2279
4    223   1406   2280   1412
4   2286   1406    117   1417
4   1417   2279   1412    225
4   2279   1406   1412   2280
4   2279   2286   1406   2280
4   2279   1412   1406   1417
4   2279   1406   2286   1417
4    348   2284   2286   2283
4    232   1474   2284   1481
4   2286   1474    117   1470
4   1470   2283   1481    231
4   2283   1474   1481   2284
4   2283   2286   1474   2284
4   2283   1481   1474   1470
4   2283   1474   2286   1470
4    348   2286   2280   2283
4    117   1406   2286   1470
4   2280   1406    223   2282
4   2282   2283   1470    231
4   2283   1406   1470   2286
4   2283   2280   1406   2286
4   2283   1470   1406   2282
4   2283   1406   2280   2282
4     44   2287   1523   1525
4    349   2288   2287   2289
4   1523   2288    243   1527
4   1527   1525   2289    244
4   1525   2288   2289   2287
4   1525   1523   2288   2287
4   1525   2289   2288   1527
4   1525   2288   1523   1527
4     58   2052   2290   2053
4    319   2291   2052   2056
4   2290   2291    349   2292
4   2292   2053   2056    320
4   2053   2291   2056   2052
4   2053   2290   2291   2052
4   2053   2056   2291   2292
4   2053   2291   2290   2292
4    243   2293   1532   1533
4    319   2061   2293   2062
4   1532   2061     45   1534
4   1534   1533   2062    245
4   1533   2061   2062   2293
4   1533   1532   2061   2293
4   1533   2062   2061   1534
4   1533   2061   1532   1534
4    245   1536   2063   1537
4    244   2294   1536   1540
4   2063   2294    320   2065
4   2065   1537   1540     14
4   1537   2294   1540   1536
4   1537   2063   2294   1536
4   1537   1540   2294   2065
4   1537   2294   2063   2065
4    244   2295   2294   2289
4    319   2056   2295   2291
4   2294   2056    320   2292
4   2292   2289   2291    349
4   2289   2056   2291   2295
4   2289   2294   2056   2295
4   2289   2291   2056   2292
4   2289   2056   2294   2292
4    244   1527   2295   2289
4    243   2293   1527   2288
4   2295   2293    319   2291
4   2291   2289   2288    349
4   2289   2293   2288   1527
4   2289   2295   2293   1527
4   2289   2288   2293   2291
4   2289   2293   2295   2291
4    244   2294   2295   1536
4    320   2056   2294   2063
4   2295   2056    319   2062
4   2062   1536   2063    245
4   1536   2056   2063   2294
4   1536   2295   2056   2294
4   1536   2063   2056   2062
4   1536   2056   2295   2062
4    244   2295   1527   1536
4    319   2293   2295   2062
4   1527   2293    243   1533
4   1533   1536   2062    245
4   1536   2293   2062   2295
4   1536   1527   2293   2295
4   1536   2062   2293   1533
4   1536   2293   1527   1533
4     58   2296   2052   2049
4    350   2297   2296   2298
4   2052   2297    319   2085
4   2085   2049   2298    316
4   2049   2297   2298   2296
4   2049   2052   2297   2296
4   2049   2298   2297   2085
4   2049   2297   2052   2085
4     26   1493   2299   1441
4    236   2300   1493   2274
4   2299   2300    350   2301
4   2301   1441   2274    229
4   1441   2300   2274   1493
4   1441   2299   2300   1493
4   1441   2274   2300   2301
4   1441   2300   2299   2301
4    319   2302   2061   2081
4    236   1496   2302   2276
4   2061   1496     45   2033
4   2033   2081   2276    314
4   2081   1496   2276   2302
4   2081   2061   1496   2302
4   2081   2276   1496   2033
4   2081   1496   2061   2033
4    314   2083   2275   2027
4    316   2303   2083   2038
4   2275   2303    229   1436
4   1436   2027   2038     39
4   2027   2303   2038   2083
4   2027   2275   2303   2083
4   2027   2038   2303   1436
4   2027   2303   2275   1436
4    316   2304   2303   2298
4    236   2274   2304   2300
4   2303   2274    229   2301
4   2301   2298   2300    350
4   2298   2274   2300   2304
4   2298   2303   2274   2304
4   2298   2300   2274   2301
4   2298   2274   2303   2301
4    316   2085   2304   2298
4    319   2302   2085   2297
4   2304   2302    236   2300
4   2300   2298   2297    350
4   2298   2302   2297   2085
4   2298   2304   2302   2085
4   2298   2297   2302   2300
4   2298   2302   2304   2300
4    316   2303   2304   2083
4    229   2274   2303   2275
4   2304   2274    236   2276
4   2276   2083   2275    314
4   2083   2274   2275   2303
4   2083   2304   2274   2303
4   2083   2275   2274   2276
4   2083   2274   2304   2276
4    316   2304   2085   2083
4    236   2302   2304   2276
4   2085   2302    319   2081
4   2081   2083   2276    314
4   2083   2302   2276   2304
4   2083   2085   2302   2304
4   2083   2276   2302   2081
4   2083   2302   2085   2081
4     58   2272   2296   2049
4    347   2305   2272   2271
4   2296   2305    350   2298
4   2298   2049   2271    316
4   2049   2305   2271   2272
4   2049   2296   2305   2272
4   2049   2271   2305   2298
4   2049   2305   2296   2298
4     43   1409   2269   1425
4    225   2306   1409   1464
4   2269   2306    347   2268
4   2268   1425   1464    228
4   1425   2306   1464   1409
4   1425   2269   2306   1409
4   1425   1464   2306   2268
4   1425   2306   2269   2268
4    350   2307   2299   2301
4    225   1418   2307   1462
4   2299   1418     26   1441
4   1441   2301   1462    229
4   2301   1418   1462   2307
4   2301   2299   1418   2307
4   2301   1462   1418   1441
4   2301   1418   2299   1441
4    229   2303   1466   1436
4    316   2266   2303   2038
4   1466   2266    228   1434
4   1434   1436   2038     39
4   1436   2266   2038   2303
4   1436   1466   2266   2303
4   1436   2038   2266   1434
4   1436   2266   1466   1434
4    316   2308   2266   2271
4    225   1464   2308   2306
4   2266   1464    228   2268
4   2268   2271   2306    347
4   2271   1464   2306   2308
4   2271   2266   1464   2308
4   2271   2306   1464   2268
4   2271   1464   2266   2268
4    316   2298   2308   2271
4    350   2307   2298   2305
4   2308   2307    225   2306
4   2306   2271   2305    347
4   2271   2307   2305   2298
4   2271   2308   2307   2298
4   2271   2305   2307   2306
4   2271   2307   2308   2306
4    316   2266   2308   2303
4    228   1464   2266   1466
4   2308   1464    225   1462
4   1462   2303   1466    229
4   2303   1464   1466   2266
4   2303   2308   1464   2266
4   2303   1466   1464   1462
4   2303   1464   2308   1462
4    316   2308   2298   2303
4    225   2307   2308   1462
4   2298   2307    350   2301
4   2301   2303   1462    229
4   2303   2307   1462   2308
4   2303   2298   2307   2308
4   2303   1462   2307   2301
4   2303   2307   2298   2301
4     58   2052   2296   2290
4    319   2297   2052   2291
4   2296   2297    350   2309
4   2309   2290   2291    349
4   2290   2297   2291   2052
4   2290   2296   2297   2052
4   2290   2291   2297   2309
4   2290   2297   2296   2309
4     45   1496   2061   1532
4    236   2302   1496   1550
4   2061   2302    319   2293
4   2293   1532   1550    243
4   1532   2302   1550   1496
4   1532   2061   2302   1496
4   1532   1550   2302   2293
4   1532   2302   2061   2293
4    350   2300   2299   2310
4    236   1493   2300   1551
4   2299   1493     26   1472
4   1472   2310   1551    232
4   2310   1493   1551   2300
4   2310   2299   1493   2300
4   2310   1551   1493   1472
4   2310   1493   2299   1472
4    232   2311   1545   1483
4    349   2288   2311   2287
4   1545   2288    243   1523
4   1523   1483   2287     44
4   1483   2288   2287   2311
4   1483   1545   2288   2311
4   1483   2287   2288   1523
4   1483   2288   1545   1523
4    349   2312   2288   2291
4    236   1550   2312   2302
4   2288   1550    243   2293
4   2293   2291   2302    319
4   2291   1550   2302   2312
4   2291   2288   1550   2312
4   2291   2302   1550   2293
4   2291   1550   2288   2293
4    349   2309   2312   2291
4    350   2300   2309   2297
4   2312   2300    236   2302
4   2302   2291   2297    319
4   2291   2300   2297   2309
4   2291   2312   2300   2309
4   2291   2297   2300   2302
4   2291   2300   2312   2302
4    349   2288   2312   2311
4    243   1550   2288   1545
4   2312   1550    236   1551
4   1551   2311   1545    232
4   2311   1550   1545   2288
4   2311   2312   1550   2288
4   2311   1545   1550   1551
4   2311   1550   2312   1551
4    349   2312   2309   2311
4    236   2300   2312   1551
4   2309   2300    350   2310
4   2310   2311   1551    232
4   2311   2300   1551   2312
4   2311   2309   2300   2312
4   2311   1551   2300   2310
4   2311   2300   2309   2310
4     58   2296   2272   2290
4    350   2305   2296   2309
4   2272   2305    347   2313
4   2313   2290   2309    349
4   2290   2305   2309   2296
4   2290   2272   2305   2296
4   2290   2309   2305   2313
4   2290   2305   2272   2313
4     26   1418   2299   1472
4    225   2307   1418   2281
4   2299   2307    350   2310
4   2310   1472   2281    232
4   1472   2307   2281   1418
4   1472   2299   2307   1418
4   1472   2281   2307   2310
4   1472   2307   2299   2310
4    347   2306   2269   2314
4    225   1409   2306   2279
4   2269   1409     43   2278
4   2278   2314   2279    348
4   2314   1409   2279   2306
4   2314   2269   1409   2306
4   2314   2279   1409   2278
4   2314   1409   2269   2278
4    348   2315   2284   2285
4    349   2311   2315   2287
4   2284   2311    232   1483
4   1483   2285   2287     44
4   2285   2311   2287   2315
4   2285   2284   2311   2315
4   2285   2287   2311   1483
4   2285   2311   2284   1483
4    349   2316   2311   2309
4    225   2281   2316   2307
4   2311   2281    232   2310
4   2310   2309   2307    350
4   2309   2281   2307   2316
4   2309   2311   2281   2316
4   2309   2307   2281   2310
4   2309   2281   2311   2310
4    349   2313   2316   2309
4    347   2306   2313   2305
4   2316   2306    225   2307
4   2307   2309   2305    350
4   2309   2306   2305   2313
4   2309   2316   2306   2313
4   2309   2305   2306   2307
4   2309   2306   2316   2307
4    349   2311   2316   2315
4    232   2281   2311   2284
4   2316   2281    225   2279
4   2279   2315   2284    348
4   2315   2281   2284   2311
4   2315   2316   2281   2311
4   2315   2284   2281   2279
4   2315   2281   2316   2279
4    349   2316   2313   2315
4    225   2306   2316   2279
4   2313   2306    347   2314
4   2314   2315   2279    348
4   2315   2306   2279   2316
4   2315   2313   2306   2316
4   2315   2279   2306   2314
4   2315   2306   2313   2314
4      8   1430   2317   2043
4    227   2318   1430   2265
4   2317   2318    351   2319
4   2319   2043   2265    317
4   2043   2318   2265   1430
4   2043   2317   2318   1430
4   2043   2265   2318   2319
4   2043   2318   2317   2319
4     43   2320   1423   2269
4    352   2321   2320   2322
4   1423   2321    227   2267
4   2267   2269   2322    347
4   2269   2321   2322   2320
4   2269   1423   2321   2320
4   2269   2322   2321   2267
4   2269   2321   1423   2267
4    351   2323   2324   2325
4    352   2326   2323   2327
4   2324   2326     63   2328
4   2328   2325   2327    353
4   2325   2326   2327   2323
4   2325   2324   2326   2323
4   2325   2327   2326   2328
4   2325   2326   2324   2328
4    353   2329   2330   2331
4    317   2270   2329   2046
4   2330   2270    347   2272
4   2272   2331   2046     58
4   2331   2270   2046   2329
4   2331   2330   2270   2329
4   2331   2046   2270   2272
4   2331   2270   2330   2272
4    317   2332   2270   2265
4    352   2322   2332   2321
4   2270   2322    347   2267
4   2267   2265   2321    227
4   2265   2322   2321   2332
4   2265   2270   2322   2332
4   2265   2321   2322   2267
4   2265   2322   2270   2267
4    317   2319   2332   2265
4    351   2323   2319   2318
4   2332   2323    352   2321
4   2321   2265   2318    227
4   2265   2323   2318   2319
4   2265   2332   2323   2319
4   2265   2318   2323   2321
4   2265   2323   2332   2321
4    317   2270   2332   2329
4    347   2322   2270   2330
4   2332   2322    352   2327
4   2327   2329   2330    353
4   2329   2322   2330   2270
4   2329   2332   2322   2270
4   2329   2330   2322   2327
4   2329   2322   2332   2327
4    317   2332   2319   2329
4    352   2323   2332   2327
4   2319   2323    351   2325
4   2325   2329   2327    353
4   2329   2323   2327   2332
4   2329   2319   2323   2332
4   2329   2327   2323   2325
4   2329   2323   2319   2325
4      5   1669   1404   1469
4    263   2333   1669   1671
4   1404   2333    223   2282
4   2282   1469   1671    231
4   1469   2333   1671   1669
4   1469   1404   2333   1669
4   1469   1671   2333   2282
4   1469   2333   1404   2282
4     50   2334   1676   1680
4    354   2335   2334   2336
4   1676   2335    263   1677
4   1677   1680   2336    265
4   1680   2335   2336   2334
4   1680   1676   2335   2334
4   1680   2336   2335   1677
4   1680   2335   1676   1677
4    223   2337   1408   2280
4    354   2338   2337   2339
4   1408   2338     43   2278
4   2278   2280   2339    348
4   2280   2338   2339   2337
4   2280   1408   2338   2337
4   2280   2339   2338   2278
4   2280   2338   1408   2278
4    348   2283   2340   2285
4    231   1681   2283   1482
4   2340   1681    265   1683
4   1683   2285   1482     44
4   2285   1681   1482   2283
4   2285   2340   1681   2283
4   2285   1482   1681   1683
4   2285   1681   2340   1683
4    231   2341   1681   1671
4    354   2336   2341   2335
4   1681   2336    265   1677
4   1677   1671   2335    263
4   1671   2336   2335   2341
4   1671   1681   2336   2341
4   1671   2335   2336   1677
4   1671   2336   1681   1677
4    231   2282   2341   1671
4    223   2337   2282   2333
4   2341   2337    354   2335
4   2335   1671   2333    263
4   1671   2337   2333   2282
4   1671   2341   2337   2282
4   1671   2333   2337   2335
4   1671   2337   2341   2335
4    231   1681   2341   2283
4    265   2336   1681   2340
4   2341   2336    354   2339
4   2339   2283   2340    348
4   2283   2336   2340   1681
4   2283   2341   2336   1681
4   2283   2340   2336   2339
4   2283   2336   2341   2339
4    231   2341   2282   2283
4    354   2337   2341   2339
4   2282   2337    223   2280
4   2280   2283   2339    348
4   2283   2337   2339   2341
4   2283   2282   2337   2341
4   2283   2339   2337   2280
4   2283   2337   2282   2280
4     63   2342   2343   2344
4    355   2345   2342   2346
4   2343   2345    356   2347
4   2347   2344   2346    357
4   2344   2345   2346   2342
4   2344   2343   2345   2342
4   2344   2346   2345   2347
4   2344   2345   2343   2347
4     50   1702   2348   1703
4    270   2349   1702   1706
4   2348   2349    355   2350
4   2350   1703   1706    271
4   1703   2349   1706   1702
4   1703   2348   2349   1702
4   1703   1706   2349   2350
4   1703   2349   2348   2350
4    356   2351   2352   2353
4    270   1714   2351   1715
4   2352   1714     10   1718
4   1718   2353   1715    274
4   2353   1714   1715   2351
4   2353   2352   1714   2351
4   2353   1715   1714   1718
4   2353   1714   2352   1718
4    274   2354   1719   1721
4    357   2355   2354   2356
4   1719   2355    271   1723
4   1723   1721   2356     52
4   1721   2355   2356   2354
4   1721   1719   2355   2354
4   1721   2356   2355   1723
4   1721   2355   1719   1723
4    357   2357   2355   2346
4    270   1706   2357   2349
4   2355   1706    271   2350
4   2350   2346   2349    355
4   2346   1706   2349   2357
4   2346   2355   1706   2357
4   2346   2349   1706   2350
4   2346   1706   2355   2350
4    357   2347   2357   2346
4    356   2351   2347   2345
4   2357   2351    270   2349
4   2349   2346   2345    355
4   2346   2351   2345   2347
4   2346   2357   2351   2347
4   2346   2345   2351   2349
4   2346   2351   2357   2349
4    357   2355   2357   2354
4    271   1706   2355   1719
4   2357   1706    270   1715
4   1715   2354   1719    274
4   2354   1706   1719   2355
4   2354   2357   1706   2355
4   2354   1719   1706   1715
4   2354   1706   2357   1715
4    357   2357   2347   2354
4    270   2351   2357   1715
4   2347   2351    356   2353
4   2353   2354   1715    274
4   2354   2351   1715   2357
4   2354   2347   2351   2357
4   2354   1715   2351   2353
4   2354   2351   2347   2353
4     52   2358   1726   1728
4    358   2359   2358   2360
4   1726   2359    275   1730
4   1730   1728   2360    277
4   1728   2359   2360   2358
4   1728   1726   2359   2358
4   1728   2360   2359   1730
4   1728   2359   1726   1730
4     58   2290   2361   2053
4    349   2362   2290   2292
4   2361   2362    358   2363
4   2363   2053   2292    320
4   2053   2362   2292   2290
4   2053   2361   2362   2290
4   2053   2292   2362   2363
4   2053   2362   2361   2363
4    275   2364   1732   1734
4    349   2287   2364   2289
4   1732   2287     44   1525
4   1525   1734   2289    244
4   1734   2287   2289   2364
4   1734   1732   2287   2364
4   1734   2289   2287   1525
4   1734   2287   1732   1525
4    244   1739   2294   1540
4    277   2365   1739   1740
4   2294   2365    320   2065
4   2065   1540   1740     14
4   1540   2365   1740   1739
4   1540   2294   2365   1739
4   1540   1740   2365   2065
4   1540   2365   2294   2065
4    277   2366   2365   2360
4    349   2292   2366   2362
4   2365   2292    320   2363
4   2363   2360   2362    358
4   2360   2292   2362   2366
4   2360   2365   2292   2366
4   2360   2362   2292   2363
4   2360   2292   2365   2363
4    277   1730   2366   2360
4    275   2364   1730   2359
4   2366   2364    349   2362
4   2362   2360   2359    358
4   2360   2364   2359   1730
4   2360   2366   2364   1730
4   2360   2359   2364   2362
4   2360   2364   2366   2362
4    277   2365   2366   1739
4    320   2292   2365   2294
4   2366   2292    349   2289
4   2289   1739   2294    244
4   1739   2292   2294   2365
4   1739   2366   2292   2365
4   1739   2294   2292   2289
4   1739   2292   2366   2289
4    277   2366   1730   1739
4    349   2364   2366   2289
4   1730   2364    275   1734
4   1734   1739   2289    244
4   1739   2364   2289   2366
4   1739   1730   2364   2366
4   1739   2289   2364   1734
4   1739   2364   1730   1734
4     58   2367   2290   2272
4    359   2368   2367   2369
4   2290   2368    349   2313
4   2313   2272   2369    347
4   2272   2368   2369   2367
4   2272   2290   2368   2367
4   2272   2369   2368   2313
4   2272   2368   2290   2313
4     50   1680   2370   2334
4    265   2371   1680   2336
4   2370   2371    359   2372
4   2372   2334   2336    354
4   2334   2371   2336   1680
4   2334   2370   2371   1680
4   2334   2336   2371   2372
4   2334   2371   2370   2372
4    349   2373   2287   2315
4    265   1683   2373   2340
4   2287   1683     44   2285
4   2285   2315   2340    348
4   2315   1683   2340   2373
4   2315   2287   1683   2373
4   2315   2340   1683   2285
4   2315   1683   2287   2285
4    348   2314   2339   2278
4    347   2374   2314   2269
4   2339   2374    354   2338
4   2338   2278   2269     43
4   2278   2374   2269   2314
4   2278   2339   2374   2314
4   2278   2269   2374   2338
4   2278   2374   2339   2338
4    347   2375   2374   2369
4    265   2336   2375   2371
4   2374   2336    354   2372
4   2372   2369   2371    359
4   2369   2336   2371   2375
4   2369   2374   2336   2375
4   2369   2371   2336   2372
4   2369   2336   2374   2372
4    347   2313   2375   2369
4    349   2373   2313   2368
4   2375   2373    265   2371
4   2371   2369   2368    359
4   2369   2373   2368   2313
4   2369   2375   2373   2313
4   2369   2368   2373   2371
4   2369   2373   2375   2371
4    347   2374   2375   2314
4    354   2336   2374   2339
4   2375   2336    265   2340
4   2340   2314   2339    348
4   2314   2336   2339   2374
4   2314   2375   2336   2374
4   2314   2339   2336   2340
4   2314   2336   2375   2340
4    347   2375   2313   2314
4    265   2373   2375   2340
4   2313   2373    349   2315
4   2315   2314   2340    348
4   2314   2373   2340   2375
4   2314   2313   2373   2375
4   2314   2340   2373   2315
4   2314   2373   2313   2315
4     58   2331   2367   2272
4    353   2376   2331   2330
4   2367   2376    359   2369
4   2369   2272   2330    347
4   2272   2376   2330   2331
4   2272   2367   2376   2331
4   2272   2330   2376   2369
4   2272   2376   2367   2369
4     63   2342   2328   2326
4    355   2377   2342   2378
4   2328   2377    353   2327
4   2327   2326   2378    352
4   2326   2377   2378   2342
4   2326   2328   2377   2342
4   2326   2378   2377   2327
4   2326   2377   2328   2327
4    359   2379   2370   2372
4    355   2348   2379   2380
4   2370   2348     50   2334
4   2334   2372   2380    354
4   2372   2348   2380   2379
4   2372   2370   2348   2379
4   2372   2380   2348   2334
4   2372   2348   2370   2334
4    354   2374   2381   2338
4    347   2322   2374   2269
4   2381   2322    352   2320
4   2320   2338   2269     43
4   2338   2322   2269   2374
4   2338   2381   2322   2374
4   2338   2269   2322   2320
4   2338   2322   2381   2320
4    347   2382   2322   2330
4    355   2378   2382   2377
4   2322   2378    352   2327
4   2327   2330   2377    353
4   2330   2378   2377   2382
4   2330   2322   2378   2382
4   2330   2377   2378   2327
4   2330   2378   2322   2327
4    347   2369   2382   2330
4    359   2379   2369   2376
4   2382   2379    355   2377
4   2377   2330   2376    353
4   2330   2379   2376   2369
4   2330   2382   2379   2369
4   2330   2376   2379   2377
4   2330   2379   2382   2377
4    347   2322   2382   2374
4    352   2378   2322   2381
4   2382   2378    355   2380
4   2380   2374   2381    354
4   2374   2378   2381   2322
4   2374   2382   2378   2322
4   2374   2381   2378   2380
4   2374   2378   2382   2380
4    347   2382   2369   2374
4    355   2379   2382   2380
4   2369   2379    359   2372
4   2372   2374   2380    354
4   2374   2379   2380   2382
4   2374   2369   2379   2382
4   2374   2380   2379   2372
4   2374   2379   2369   2372
4     58   2290   2367   2361
4    349   2368   2290   2362
4   2367   2368    359   2383
4   2383   2361   2362    358
4   2361   2368   2362   2290
4   2361   2367   2368   2290
4   2361   2362   2368   2383
4   2361   2368   2367   2383
4     44   1683   2287   1732
4    265   2373   1683   1765
4   2287   2373    349   2364
4   2364   1732   1765    275
4   1732   2373   1765   1683
4   1732   2287   2373   1683
4   1732   1765   2373   2364
4   1732   2373   2287   2364
4    359   2371   2370   2384
4    265   1680   2371   1766
4   2370   1680     50   1703
4   1703   2384   1766    271
4   2384   1680   1766   2371
4   2384   2370   1680   2371
4   2384   1766   1680   1703
4   2384   1680   2370   1703
4    271   2385   1767   1723
4    358   2359   2385   2358
4   1767   2359    275   1726
4   1726   1723   2358     52
4   1723   2359   2358   2385
4   1723   1767   2359   2385
4   1723   2358   2359   1726
4   1723   2359   1767   1726
4    358   2386   2359   2362
4    265   1765   2386   2373
4   2359   1765    275   2364
4   2364   2362   2373    349
4   2362   1765   2373   2386
4   2362   2359   1765   2386
4   2362   2373   1765   2364
4   2362   1765   2359   2364
4    358   2383   2386   2362
4    359   2371   2383   2368
4   2386   2371    265   2373
4   2373   2362   2368    349
4   2362   2371   2368   2383
4   2362   2386   2371   2383
4   2362   2368   2371   2373
4   2362   2371   2386   2373
4    358   2359   2386   2385
4    275   1765   2359   1767
4   2386   1765    265   1766
4   1766   2385   1767    271
4   2385   1765   1767   2359
4   2385   2386   1765   2359
4   2385   1767   1765   1766
4   2385   1765   2386   1766
4    358   2386   2383   2385
4    265   2371   2386   1766
4   2383   2371    359   2384
4   2384   2385   1766    271
4   2385   2371   1766   2386
4   2385   2383   2371   2386
4   2385   1766   2371   2384
4   2385   2371   2383   2384
4     58   2367   2331   2361
4    359   2376   2367   2383
4   2331   2376    353   2387
4   2387   2361   2383    358
4   2361   2376   2383   2367
4   2361   2331   2376   2367
4   2361   2383   2376   2387
4   2361   2376   2331   2387
4     50   2348   2370   1703
4    355   2379   2348   2350
4   2370   2379    359   2384
4   2384   1703   2350    271
4   1703   2379   2350   2348
4   1703   2370   2379   2348
4   1703   2350   2379   2384
4   1703   2379   2370   2384
4    353   2377   2328   2388
4    355   2342   2377   2346
4   2328   2342     63   2344
4   2344   2388   2346    357
4   2388   2342   2346   2377
4   2388   2328   2342   2377
4   2388   2346   2342   2344
4   2388   2342   2328   2344
4    357   2389   2355   2356
4    358   2385   2389   2358
4   2355   2385    271   1723
4   1723   2356   2358     52
4   2356   2385   2358   2389
4   2356   2355   2385   2389
4   2356   2358   2385   1723
4   2356   2385   2355   1723
4    358   2390   2385   2383
4    355   2350   2390   2379
4   2385   2350    271   2384
4   2384   2383   2379    359
4   2383   2350   2379   2390
4   2383   2385   2350   2390
4   2383   2379   2350   2384
4   2383   2350   2385   2384
4    358   2387   2390   2383
4    353   2377   2387   2376
4   2390   2377    355   2379
4   2379   2383   2376    359
4   2383   2377   2376   2387
4   2383   2390   2377   2387
4   2383   2376   2377   2379
4   2383   2377   2390   2379
4    358   2385   2390   2389
4    271   2350   2385   2355
4   2390   2350    355   2346
4   2346   2389   2355    357
4   2389   2350   2355   2385
4   2389   2390   2350   2385
4   2389   2355   2350   2346
4   2389   2350   2390   2346
4    358   2390   2387   2389
4    355   2377   2390   2346
4   2387   2377    353   2388
4   2388   2389   2346    357
4   2389   2377   2346   2390
4   2389   2387   2377   2390
4   2389   2346   2377   2388
4   2389   2377   2387   2388
4      8   2317   2107   2043
4    351   2391   2317   2319
4   2107   2391    325   2109
4   2109   2043   2319    317
4   2043   2391   2319   2317
4   2043   2107   2391   2317
4   2043   2319   2391   2109
4   2043   2391   2107   2109
4     63   2392   2324   2328
4    360   2393   2392   2394
4   2324   2393    351   2325
4   2325   2328   2394    353
4   2328   2393   2394   2392
4   2328   2324   2393   2392
4   2328   2394   2393   2325
4   2328   2393   2324   2325
4    325   2395   2111   2115
4    360   2396   2395   2397
4   2111   2396     60   2112
4   2112   2115   2397    327
4   2115   2396   2397   2395
4   2115   2111   2396   2395
4   2115   2397   2396   2112
4   2115   2396   2111   2112
4    327   2120   2398   2121
4    317   2329   2120   2046
4   2398   2329    353   2331
4   2331   2121   2046     58
4   2121   2329   2046   2120
4   2121   2398   2329   2120
4   2121   2046   2329   2331
4   2121   2329   2398   2331
4    317   2399   2329   2319
4    360   2394   2399   2393
4   2329   2394    353   2325
4   2325   2319   2393    351
4   2319   2394   2393   2399
4   2319   2329   2394   2399
4   2319   2393   2394   2325
4   2319   2394   2329   2325
4    317   2109   2399   2319
4    325   2395   2109   2391
4   2399   2395    360   2393
4   2393   2319   2391    351
4   2319   2395   2391   2109
4   2319   2399   2395   2109
4   2319   2391   2395   2393
4   2319   2395   2399   2393
4    317   2329   2399   2120
4    353   2394   2329   2398
4   2399   2394    360   2397
4   2397   2120   2398    327
4   2120   2394   2398   2329
4   2120   2399   2394   2329
4   2120   2398   2394   2397
4   2120   2394   2399   2397
4    317   2399   2109   2120
4    360   2395   2399   2397
4   2109   2395    325   2115
4   2115   2120   2397    327
4   2120   2395   2397   2399
4   2120   2109   2395   2399
4   2120   2397   2395   2115
4   2120   2395   2109   2115
4     10   2400   2352   1718
4    361   2401   2400   2402
4   2352   2401    356   2353
4   2353   1718   2402    274
4   1718   2401   2402   2400
4   1718   2352   2401   2400
4   1718   2402   2401   2353
4   1718   2401   2352   2353
4     64   2403   2404   2405
4    362   2406   2403   2407
4   2404   2406    361   2408
4   2408   2405   2407    363
4   2405   2406   2407   2403
4   2405   2404   2406   2403
4   2405   2407   2406   2408
4   2405   2406   2404   2408
4    356   2409   2343   2347
4    362   2410   2409   2411
4   2343   2410     63   2344
4   2344   2347   2411    357
4   2347   2410   2411   2409
4   2347   2343   2410   2409
4   2347   2411   2410   2344
4   2347   2410   2343   2344
4    357   2354   2412   2356
4    274   2413   2354   1721
4   2412   2413    363   2414
4   2414   2356   1721     52
4   2356   2413   1721   2354
4   2356   2412   2413   2354
4   2356   1721   2413   2414
4   2356   2413   2412   2414
4    274   2415   2413   2402
4    362   2407   2415   2406
4   2413   2407    363   2408
4   2408   2402   2406    361
4   2402   2407   2406   2415
4   2402   2413   2407   2415
4   2402   2406   2407   2408
4   2402   2407   2413   2408
4    274   2353   2415   2402
4    356   2409   2353   2401
4   2415   2409    362   2406
4   2406   2402   2401    361
4   2402   2409   2401   2353
4   2402   2415   2409   2353
4   2402   2401   2409   2406
4   2402   2409   2415   2406
4    274   2413   2415   2354
4    363   2407   2413   2412
4   2415   2407    362   2411
4   2411   2354   2412    357
4   2354   2407   2412   2413
4   2354   2415   2407   2413
4   2354   2412   2407   2411
4   2354   2407   2415   2411
4    274   2415   2353   2354
4    362   2409   2415   2411
4   2353   2409    356   2347
4   2347   2354   2411    357
4   2354   2409   2411   2415
4   2354   2353   2409   2415
4   2354   2411   2409   2347
4   2354   2409   2353   2347
4     60   2416   2129   2131
4    364   2417   2416   2418
4   2129   2417    331   2133
4   2133   2131   2418    332
4   2131   2417   2418   2416
4   2131   2129   2417   2416
4   2131   2418   2417   2133
4   2131   2417   2129   2133
4     64   2419   2420   2421
4    365   2422   2419   2423
4   2420   2422    364   2424
4   2424   2421   2423    366
4   2421   2422   2423   2419
4   2421   2420   2422   2419
4   2421   2423   2422   2424
4   2421   2422   2420   2424
4    331   2425   2138   2139
4    365   2426   2425   2427
4   2138   2426     13   2140
4   2140   2139   2427    333
4   2139   2426   2427   2425
4   2139   2138   2426   2425
4   2139   2427   2426   2140
4   2139   2426   2138   2140
4    333   2142   2428   2143
4    332   2429   2142   2146
4   2428   2429    366   2430
4   2430   2143   2146     61
4   2143   2429   2146   2142
4   2143   2428   2429   2142
4   2143   2146   2429   2430
4   2143   2429   2428   2430
4    332   2431   2429   2418
4    365   2423   2431   2422
4   2429   2423    366   2424
4   2424   2418   2422    364
4   2418   2423   2422   2431
4   2418   2429   2423   2431
4   2418   2422   2423   2424
4   2418   2423   2429   2424
4    332   2133   2431   2418
4    331   2425   2133   2417
4   2431   2425    365   2422
4   2422   2418   2417    364
4   2418   2425   2417   2133
4   2418   2431   2425   2133
4   2418   2417   2425   2422
4   2418   2425   2431   2422
4    332   2429   2431   2142
4    366   2423   2429   2428
4   2431   2423    365   2427
4   2427   2142   2428    333
4   2142   2423   2428   2429
4   2142   2431   2423   2429
4   2142   2428   2423   2427
4   2142   2423   2431   2427
4    332   2431   2133   2142
4    365   2425   2431   2427
4   2133   2425    331   2139
4   2139   2142   2427    333
4   2142   2425   2427   2431
4   2142   2133   2425   2431
4   2142   2427   2425   2139
4   2142   2425   2133   2139
4     61   2149   2432   2150
4    335   2433   2149   2153
4   2432   2433    367   2434
4   2434   2150   2153    336
4   2150   2433   2153   2149
4   2150   2432   2433   2149
4   2150   2153   2433   2434
4   2150   2433   2432   2434
4     58   2361   2158   2053
4    358   2435   2361   2363
4   2158   2435    335   2159
4   2159   2053   2363    320
4   2053   2435   2363   2361
4   2053   2158   2435   2361
4   2053   2363   2435   2159
4   2053   2435   2158   2159
4    367   2436   2437   2438
4    358   2358   2436   2360
4   2437   2358     52   1728
4   1728   2438   2360    277
4   2438   2358   2360   2436
4   2438   2437   2358   2436
4   2438   2360   2358   1728
4   2438   2358   2437   1728
4    277   2439   2365   1740
4    336   2160   2439   2162
4   2365   2160    320   2065
4   2065   1740   2162     14
4   1740   2160   2162   2439
4   1740   2365   2160   2439
4   1740   2162   2160   2065
4   1740   2160   2365   2065
4    336   2440   2160   2153
4    358   2363   2440   2435
4   2160   2363    320   2159
4   2159   2153   2435    335
4   2153   2363   2435   2440
4   2153   2160   2363   2440
4   2153   2435   2363   2159
4   2153   2363   2160   2159
4    336   2434   2440   2153
4    367   2436   2434   2433
4   2440   2436    358   2435
4   2435   2153   2433    335
4   2153   2436   2433   2434
4   2153   2440   2436   2434
4   2153   2433   2436   2435
4   2153   2436   2440   2435
4    336   2160   2440   2439
4    320   2363   2160   2365
4   2440   2363    358   2360
4   2360   2439   2365    277
4   2439   2363   2365   2160
4   2439   2440   2363   2160
4   2439   2365   2363   2360
4   2439   2363   2440   2360
4    336   2440   2434   2439
4    358   2436   2440   2360
4   2434   2436    367   2438
4   2438   2439   2360    277
4   2439   2436   2360   2440
4   2439   2434   2436   2440
4   2439   2360   2436   2438
4   2439   2436   2434   2438
4     58   2441   2361   2331
4    368   2442   2441   2443
4   2361   2442    358   2387
4   2387   2331   2443    353
4   2331   2442   2443   2441
4   2331   2361   2442   2441
4   2331   2443   2442   2387
4   2331   2442   2361   2387
4     64   2405   2444   2403
4    363   2445   2405   2407
4   2444   2445    368   2446
4   2446   2403   2407    362
4   2403   2445   2407   2405
4   2403   2444   2445   2405
4   2403   2407   2445   2446
4   2403   2445   2444   2446
4    358   2447   2358   2389
4    363   2414   2447   2412
4   2358   2414     52   2356
4   2356   2389   2412    357
4   2389   2414   2412   2447
4   2389   2358   2414   2447
4   2389   2412   2414   2356
4   2389   2414   2358   2356
4    357   2388   2411   2344
4    353   2448   2388   2328
4   2411   2448    362   2410
4   2410   2344   2328     63
4   2344   2448   2328   2388
4   2344   2411   2448   2388
4   2344   2328   2448   2410
4   2344   2448   2411   2410
4    353   2449   2448   2443
4    363   2407   2449   2445
4   2448   2407    362   2446
4   2446   2443   2445    368
4   2443   2407   2445   2449
4   2443   2448   2407   2449
4   2443   2445   2407   2446
4   2443   2407   2448   2446
4    353   2387   2449   2443
4    358   2447   2387   2442
4   2449   2447    363   2445
4   2445   2443   2442    368
4   2443   2447   2442   2387
4   2443   2449   2447   2387
4   2443   2442   2447   2445
4   2443   2447   2449   2445
4    353   2448   2449   2388
4    362   2407   2448   2411
4   2449   2407    363   2412
4   2412   2388   2411    357
4   2388   2407   2411   2448
4   2388   2449   2407   2448
4   2388   2411   2407   2412
4   2388   2407   2449   2412
4    353   2449   2387   2388
4    363   2447   2449   2412
4   2387   2447    358   2389
4   2389   2388   2412    357
4   2388   2447   2412   2449
4   2388   2387   2447   2449
4   2388   2412   2447   2389
4   2388   2447   2387   2389
4     58   2121   2441   2331
4    327   2450   2121   2398
4   2441   2450    368   2443
4   2443   2331   2398    353
4   2331   2450   2398   2121
4   2331   2441   2450   2121
4   2331   2398   2450   2443
4   2331   2450   2441   2443
4     60   2416   2112   2396
4    364   2451   2416   2452
4   2112   2451    327   2397
4   2397   2396   2452    360
4   2396   2451   2452   2416
4   2396   2112   2451   2416
4   2396   2452   2451   2397
4   2396   2451   2112   2397
4    368   2453   2444   2446
4    364   2420   2453   2454
4   2444   2420     64   2403
4   2403   2446   2454    362
4   2446   2420   2454   2453
4   2446   2444   2420   2453
4   2446   2454   2420   2403
4   2446   2420   2444   2403
4    362   2448   2455   2410
4    353   2394   2448   2328
4   2455   2394    360   2392
4   2392   2410   2328     63
4   2410   2394   2328   2448
4   2410   2455   2394   2448
4   2410   2328   2394   2392
4   2410   2394   2455   2392
4    353   2456   2394   2398
4    364   2452   2456   2451
4   2394   2452    360   2397
4   2397   2398   2451    327
4   2398   2452   2451   2456
4   2398   2394   2452   2456
4   2398   2451   2452   2397
4   2398   2452   2394   2397
4    353   2443   2456   2398
4    368   2453   2443   2450
4   2456   2453    364   2451
4   2451   2398   2450    327
4   2398   2453   2450   2443
4   2398   2456   2453   2443
4   2398   2450   2453   2451
4   2398   2453   2456   2451
4    353   2394   2456   2448
4    360   2452   2394   2455
4   2456   2452    364   2454
4   2454   2448   2455    362
4   2448   2452   2455   2394
4   2448   2456   2452   2394
4   2448   2455   2452   2454
4   2448   2452   2456   2454
4    353   2456   2443   2448
4    364   2453   2456   2454
4   2443   2453    368   2446
4   2446   2448   2454    362
4   2448   2453   2454   2456
4   2448   2443   2453   2456
4   2448   2454   2453   2446
4   2448   2453   2443   2446
4     58   2361   2441   2158
4    358   2442   2361   2435
4   2441   2442    368   2457
4   2457   2158   2435    335
4   2158   2442   2435   2361
4   2158   2441   2442   2361
4   2158   2435   2442   2457
4   2158   2442   2441   2457
4     52   2414   2358   2437
4    363   2447   2414   2458
4   2358   2447    358   2436
4   2436   2437   2458    367
4   2437   2447   2458   2414
4   2437   2358   2447   2414
4   2437   2458   2447   2436
4   2437   2447   2358   2436
4    368   2445   2444   2459
4    363   2405   2445   2460
4   2444   2405     64   2421
4   2421   2459   2460    366
4   2459   2405   2460   2445
4   2459   2444   2405   2445
4   2459   2460   2405   2421
4   2459   2405   2444   2421
4    366   2461   2462   2430
4    335   2433   2461   2149
4   2462   2433    367   2432
4   2432   2430   2149     61
4   2430   2433   2149   2461
4   2430   2462   2433   2461
4   2430   2149   2433   2432
4   2430   2433   2462   2432
4    335   2463   2433   2435
4    363   2458   2463   2447
4   2433   2458    367   2436
4   2436   2435   2447    358
4   2435   2458   2447   2463
4   2435   2433   2458   2463
4   2435   2447   2458   2436
4   2435   2458   2433   2436
4    335   2457   2463   2435
4    368   2445   2457   2442
4   2463   2445    363   2447
4   2447   2435   2442    358
4   2435   2445   2442   2457
4   2435   2463   2445   2457
4   2435   2442   2445   2447
4   2435   2445   2463   2447
4    335   2433   2463   2461
4    367   2458   2433   2462
4   2463   2458    363   2460
4   2460   2461   2462    366
4   2461   2458   2462   2433
4   2461   2463   2458   2433
4   2461   2462   2458   2460
4   2461   2458   2463   2460
4    335   2463   2457   2461
4    363   2445   2463   2460
4   2457   2445    368   2459
4   2459   2461   2460    366
4   2461   2445   2460   2463
4   2461   2457   2445   2463
4   2461   2460   2445   2459
4   2461   2445   2457   2459
4     58   2441   2121   2158
4    368   2450   2441   2457
4   2121   2450    327   2181
4   2181   2158   2457    335
4   2158   2450   2457   2441
4   2158   2121   2450   2441
4   2158   2457   2450   2181
4   2158   2450   2121   2181
4     64   2420   2444   2421
4    364   2453   2420   2424
4   2444   2453    368   2459
4   2459   2421   2424    366
4   2421   2453   2424   2420
4   2421   2444   2453   2420
4   2421   2424   2453   2459
4   2421   2453   2444   2459
4    327   2451   2112   2183
4    364   2416   2451   2418
4   2112   2416     60   2131
4   2131   2183   2418    332
4   2183   2416   2418   2451
4   2183   2112   2416   2451
4   2183   2418   2416   2131
4   2183   2416   2112   2131
4    332   2185   2429   2146
4    335   2461   2185   2149
4   2429   2461    366   2430
4   2430   2146   2149     61
4   2146   2461   2149   2185
4   2146   2429   2461   2185
4   2146   2149   2461   2430
4   2146   2461   2429   2430
4    335   2464   2461   2457
4    364   2424   2464   2453
4   2461   2424    366   2459
4   2459   2457   2453    368
4   2457   2424   2453   2464
4   2457   2461   2424   2464
4   2457   2453   2424   2459
4   2457   2424   2461   2459
4    335   2181   2464   2457
4    327   2451   2181   2450
4   2464   2451    364   2453
4   2453   2457   2450    368
4   2457   2451   2450   2181
4   2457   2464   2451   2181
4   2457   2450   2451   2453
4   2457   2451   2464   2453
4    335   2461   2464   2185
4    366   2424   2461   2429
4   2464   2424    364   2418
4   2418   2185   2429    332
4   2185   2424   2429   2461
4   2185   2464   2424   2461
4   2185   2429   2424   2418
4   2185   2424   2464   2418
4    335   2464   2181   2185
4    364   2451   2464   2418
4   2181   2451    327   2183
4   2183   2185   2418    332
4   2185   2451   2418   2464
4   2185   2181   2451   2464
4   2185   2418   2451   2183
4   2185   2451   2181   2183

CELL_TYPES 12288
10
10
10
10
10
10
10
10
10
10
10
10
10
10
10
10
10
10
10
10
10
10
10
10
10
10
10
10
10
10
10
10
10
10
10
10
10
10
10
10
10
10
10
10
10
10
10
10
10
10
10
10
10
10
10
10
10
10
10
10
10
10
10
10
10
10
10
10
10
10
10
10
10
10
10
10
10
10
10
10
10
10
10
10
10
10
10
10
10
10
10
10
10
10
10
10
10
10
10
10
10
10
10
10
10
10
10
10
10
10
10
10
10
10
10
10
10
10
10
10
10
10
10
10
10
10
10
10
10
10
10
10
10
10
10
10
10
10
10
10
10
10
10
10
10
10
10
10
10
10
10
10
10
10
10
10
10
10
10
10
10
10
10
10
10
10
10
10
10
10
10
10
10
10
10
10
10
10
10
10
10
10
10
10
10
10
10
10
10
10
10
10
10
10
10
10
10
10
10
10
10
10
10
10
10
10
10
10
10
10
10
10
10
10
10
10
10
10
10
10
10
10
10
10
10
10
10
10
10
10
10
10
10
10
10
10
10
10
10
10
10
10
10
10
10
10
10
10
10
10
10
10
10
10
10
10
10
10
10
10
10
10
10
10
10
10
10
10
10
10
10
10
10
10
10
10
10
10
10
10
10
10
10
10
10
10
10
10
10
10
10
10
10
10
10
10
10
10
10
10
10
10
10
10
10
10
10
10
10
10
10
10
10
10
10
10
10
10
10
10
10
10
10
10
10
10
10
10
10
10
10
10
10
10
10
10
10
10
10
10
10
10
10
10
10
10
10
10
10
10
10
10
10
10
10
10
10
10
10
10
10
10
10
10
10
10
10
10
10
10
10
10
10
10
10
10
10
10
10
10
10
10
10
10
10
10
10
10
10
10
10
10
10
10
10
10
10
10
10
10
10
10
10
10
10
10
10
10
10
10
10
10
10
10
10
10
10
10
10
10
10
10
10
10
10
10
10
10
10
10
10
10
10
10
10
10
10
10
10
10
10
10
10
10
10
10
10
10
10
10
10
10
10
10
10
10
10
10
10
10
10
10
10
10
10
10
10
10
10
10
10
10
10
10
10
10
10
10
10
10
10
10
10
10
10
10
10
10
10
10
10
10
10
10
10
10
10
10
10
10
10
10
10
10
10
10
10
10
10
10
10
10
10
10
10
10
10
10
10
10
10
10
10
10
10
10
10
10
10
10
10
10
10
10
10
10
10
10
10
10
10
10
10
10
10
10
10
10
10
10
10
10
10
10
10
10
10
10
10
10
10
10
10
10
10
10
10
10
10
10
10
10
10
10
10
10
10
10
10
10
10
10
10
10
10
10
10
10
10
10
10
10
10
10
10
10
10
10
10
10
10
10
10
10
10
10
10
10
10
10
10
10
10
10
10
10
10
10
10
10
10
10
10
10
10
10
10
10
10
10
10
10
10
10
10
10
10
10
10
10
10
10
10
10
10
10
10
10
10
10
10
10
10
10
10
10
10
10
10
10
10
10
10
10
10
10
10
10
10
10
10
10
10
10
10
10
10
10
10
10
10
10
10
10
10
10
10
10
10
10
10
10
10
10
10
10
10
10
10
10
10
10
10
10
10
10
10
10
10
10
10
10
10
10
10
10
10
10
10
10
10
10
10
10
10
10
10
10
10
10
10
10
10
10
10
10
10
10
10
10
10
10
10
10
10
10
10
10
10
10
10
10
10
10
10
10
10
10
10
10
10
10
10
10
10
10
10
10
10
10
10
10
10
10
10
10
10
10
10
10
10
10
10
10
10
10
10
10
10
10
10
10
10
10
10
10
10
10
10
10
10
10
10
10
10
10
10
10
10
10
10
10
10
10
10
10
10
10
10
10
10
10
10
10
10
10
10
10
10
10
10
10
10
10
10
10
10
10
10
10
10
10
10
10
10
10
10
10
10
10
10
10
10
10
10
10
10
10
10
10
10
10
10
10
10
10
10
10
10
10
10
10
10
10
10
10
10
10
10
10
10
10
10
10
10
10
10
10
10
10
10
10
10
10
10
10
10
10
10
10
10
10
10
10
10
10
10
10
10
10
10
10
10
10
10
10
10
10
10
10
10
10
10
10
10
10
10
10
10
10
10
10
10
10
10
10
10
10
10
10
10
10
10
10
10
10
10
10
10
10
10
10
10
10
10
10
10
10
10
10
10
10
10
10
10
10
10
10
10
10
10
10
10
10
10
10
10
10
10
10
10
10
10
10
10
10
10
10
10
10
10
10
10
10
10
10
10
10
10
10
10
10
10
10
10
10
10
10
10
10
10
10
10
10
10
10
10
10
10
10
10
10
10
10
10
10
10
10
10
10
10
10
10
10
10
10
10
10
10
10
10
10
10
10
10
10
10
10
10
10
10
10
10
10
10
10
10
10
10
10
10
10
10
10
10
10
10
10
10
10
10
10
10
10
10
10
10
10
10
10
10
10
10
10
10
10
10
10
10
10
10
10
10
10
10
10
10
10
10
10
10
10
10
10
10
10
10
10
10
10
10
10
10
10
10
10
10
10
10
10
10
10
10
10
10
10
10
10
10
10
10
10
10
10
10
10
10
10
10
10
10
10
10
10
10
10
10
10
10
10
10
10
10
10
10
10
10
10
10
10
10
10
10
10
10
10
10
10
10
10
10
10
10
10
10
10
10
10
10
10
10
10
10
10
10
10
10
10
10
10
10
10
10
10
10
10
10
10
10
10
10
10
10
10
10
10
10
10
10
10
10
10
10
10
10
10
10
10
10
10
10
10
10
10
10
10
10
10
10
10
10
10
10
10
10
10
10
10
10
10
10
10
10
10
10
10
10
10
10
10
10
10
10
10
10
10
10
10
10
10
10
10
10
10
10
10
10
10
10
10
10
10
10
10
10
10
10
10
10
10
10
10
10
10
10
10
10
10
10
10
10
10
10
10
10
10
10
10
10
10
10
10
10
10
10
10
10
10
10
10
10
10
10
10
10
10
10
10
10
10
10
10
10
10
10
10
10
10
10
10
10
10
10
10
10
10
10
10
10
10
10
10
10
10
10
10
10
10
10
10
10
10
10
10
10
10
10
10
10
10
10
10
10
10
10
10
10
10
10
10
10
10
10
10
10
10
10
10
10
10
10
10
10
10
10
10
10
10
10
10
10
10
10
10
10
10
10
10
10
10
10
10
10
10
10
10
10
10
10
10
10
10
10
10
10
10
10
10
10
10
10
10
10
10
10
10
10
10
10
10
10
10
10
10
10
10
10
10
10
10
10
10
10
10
10
10
10
10
10
10
10
10
10
10
10
10
10
10
10
10
10
10
10
10
10
10
10
10
10
10
10
10
10
10
10
10
10
10
10
10
10
10
10
10
10
10
10
10
10
10
10
10
10
10
10
10
10
10
10
10
10
10
10
10
10
10
10
10
10
10
10
10
10
10
10
10
10
10
10
10
10
10
10
10
10
10
10
10
10
10
10
10
10
10
10
10
10
10
10
10
10
10
10
10
10
10
10
10
10
10
10
10
10
10
10
10
10
10
10
10
10
10
10
10
10
10
10
10
10
10
10
10
10
10
10
10
10
10
10
10
10
10
10
10
10
10
10
10
10
10
10
10
10
10
10
10
10
10
10
10
10
10
10
10
10
10
10
10
10
10
10
10
10
10
10
10
10
10
10
10
10
10
10
10
10
10
10
10
10
10
10
10
10
10
10
10
10
10
10
10
10
10
10
10
10
10
10
10
10
10
10
10
10
10
10
10
10
10
10
10
10
10
10
10
10
10
10
10
10
10
10
10
10
10
10
10
10
10
10
10
10
10
10
10
10
10
10
10
10
10
10
10
10
10
10
10
10
10
10
10
10
10
10
10
10
10
10
10
10
10
10
10
10
10
10
10
10
10
10
10
10
10
10
10
10
10
10
10
10
10
10
10
10
10
10
10
10
10
10
10
10
10
10
10
10
10
10
10
10
10
10
10
10
10
10
10
10
10
10
10
10
10
10
10
10
10
10
10
10
10
10
10
10
10
10
10
10
10
10
10
10
10
10
10
10
10
10
10
10
10
10
10
10
10
10
10
10
10
10
10
10
10
10
10
10
10
10
10
10
10
10
10
10
10
10
10
10
10
10
10
10
10
10
10
10
10
10
10
10
10
10
10
10
10
10
10
10
10
10
10
10
10
10
10
10
10
10
10
10
10
10
10
10
10
10
10
10
10
10
10
10
10
10
10
10
10
10
10
10
10
10
10
10
10
10
10
10
10
10
10
10
10
10
10
10
10
10
10
10
10
10
10
10
10
10
10
10
10
10
10
10
10
10
10
10
10
10
10
10
10
10
10
10
10
10
10
10
10
10
10
10
10
10
10
10
10
10
10
10
10
10
10
10
10
10
10
10
10
10
10
10
10
10
10
10
10
10
10
10
10
10
10
10
10
10
10
10
10
10
10
10
10
10
10
10
10
10
10
10
10
10
10
10
10
10
10
10
10
10
10
10
10
10
10
10
10
10
10
10
10
10
10
10
10
10
10
10
10
10
10
10
10
10
10
10
10
10
10
10
10
10
10
10
10
10
10
10
10
10
10
10
10
10
10
10
10
10
10
10
10
10
10
10
10
10
10
10
10
10
10
10
10
10
10
10
10
10
10
10
10
10
10
10
10
10
10
10
10
10
10
10
10
10
10
10
10
10
10
10
10
10
10
10
10
10
10
10
10
10
10
10
10
10
10
10
10
10
10
10
10
10
10
10
10
10
10
10
10
10
10
10
10
10
10
10
10
10
10
10
10
10
10
10
10
10
10
10
10
10
10
10
10
10
10
10
10
10
10
10
10
10
10
10
10
10
10
10
10
10
10
10
10
10
10
10
10
10
10
10
10
10
10
10
10
10
10
10
10
10
10
10
10
10
10
10
10
10
10
10
10
10
10
10
10
10
10
10
10
10
10
10
10
10
10
10
10
10
10
10
10
10
10
10
10
10
10
10
10
10
10
10
10
10
10
10
10
10
10
10
10
10
10
10
10
10
10
10
10
10
10
10
10
10
10
10
10
10
10
10
10
10
10
10
10
10
10
10
10
10
10
10
10
10
10
10
10
10
10
10
10
10
10
10
10
10
10
10
10
10
10
10
10
10
10
10
10
10
10
10
10
10
10
10
10
10
10
10
10
10
10
10
10
10
10
10
10
10
10
10
10
10
10
10
10
10
10
10
10
10
10
10
10
10
10
10
10
10
10
10
10
10
10
10
10
10
10
10
10
10
10
10
10
10
10
10
10
10
10
10
10
10
10
10
10
10
10
10
10
10
10
10
10
10
10
10
10
10
10
10
10
10
10
10
10
10
10
10
10
10
10
10
10
10
10
10
10
10
10
10
10
10
10
10
10
10
10
10
10
10
10
10
10
10
10
10
10
10
10
10
10
10
10
10
10
10
10
10
10
10
10
10
10
10
10
10
10
10
10
10
10
10
10
10
10
10
10
10
10
10
10
10
10
10
10
10
10
10
10
10
10
10
10
10
10
10
10
10
10
10
10
10
10
10
10
10
10
10
10
10
10
10
10
10
10
10
10
10
10
10
10
10
10
10
10
10
10
10
10
10
10
10
10
10
10
10
10
10
10
10
10
10
10
10
10
10
10
10
10
10
10
10
10
10
10
10
10
10
10
10
10
10
10
10
10
10
10
10
10
10
10
10
10
10
10
10
10
10
10
10
10
10
10
10
10
10
10
10
10
10
10
10
10
10
10
10
10
10
10
10
10
10
10
10
10
10
10
10
10
10
10
10
10
10
10
10
10
10
10
10
10
10
10
10
10
10
10
10
10
10
10
10
10
10
10
10
10
10
10
10
10
10
10
10
10
10
10
10
10
10
10
10
10
10
10
10
10
10
10
10
10
10
10
10
10
10
10
10
10
10
10
10
10
10
10
10
10
10
10
10
10
10
10
10
10
10
10
10
10
10
10
10
10
10
10
10
10
10
10
10
10
10
10
10
10
10
10
10
10
10
10
10
10
10
10
10
10
10
10
10
10
10
10
10
10
10
10
10
10
10
10
10
10
10
10
10
10
10
10
10
10
10
10
10
10
10
10
10
10
10
10
10
10
10
10
10
10
10
10
10
10
10
10
10
10
10
10
10
10
10
10
10
10
10
10
10
10
10
10
10
10
10
10
10
10
10
10
10
10
10
10
10
10
10
10
10
10
10
10
10
10
10
10
10
10
10
10
10
10
10
10
10
10
10
10
10
10
10
10
10
10
10
10
10
10
10
10
10
10
10
10
10
10
10
10
10
10
10
10
10
10
10
10
10
10
10
10
10
10
10
10
10
10
10
10
10
10
10
10
10
10
10
10
10
10
10
10
10
10
10
10
10
10
10
10
10
10
10
10
10
10
10
10
10
10
10
10
10
10
10
10
10
10
10
10
10
10
10
10
10
10
10
10
10
10
10
10
10
10
10
10
10
10
10
10
10
10
10
10
10
10
10
10
10
10
10
10
10
10
10
10
10
10
10
10
10
10
10
10
10
10
10
10
10
10
10
10
10
10
10
10
10
10
10
10
10
10
10
10
10
10
10
10
10
10
10
10
10
10
10
10
10
10
10
10
10
10
10
10
10
10
10
10
10
10
10
10
10
10
10
10
10
10
10
10
10
10
10
10
10
10
10
10
10
10
10
10
10
10
10
10
10
10
10
10
10
10
10
10
10
10
10
10
10
10
10
10
10
10
10
10
10
10
10
10
10
10
10
10
10
10
10
10
10
10
10
10
10
10
10
10
10
10
10
10
10
10
10
10
10
10
10
10
10
10
10
10
10
10
10
10
10
10
10
10
10
10
10
10
10
10
10
10
10
10
10
10
10
10
10
10
10
10
10
10
10
10
10
10
10
10
10
10
10
10
10
10
10
10
10
10
10
10
10
10
10
10
10
10
10
10
10
10
10
10
10
10
10
10
10
10
10
10
10
10
10
10
10
10
10
10
10
10
10
10
10
10
10
10
10
10
10
10
10
10
10
10
10
10
10
10
10
10
10
10
10
10
10
10
10
10
10
10
10
10
10
10
10
10
10
10
10
10
10
10
10
10
10
10
10
10
10
10
10
10
10
10
10
10
10
10
10
10
10
10
10
10
10
10
10
10
10
10
10
10
10
10
10
10
10
10
10
10
10
10
10
10
10
10
10
10
10
10
10
10
10
10
10
10
10
10
10
10
10
10
10
10
10
10
10
10
10
10
10
10
10
10
10
10
10
10
10
10
10
10
10
10
10
10
10
10
10
10
10
10
10
10
10
10
10
10
10
10
10
10
10
10
10
10
10
10
10
10
10
10
10
10
10
10
10
10
10
10
10
10
10
10
10
10
10
10
10
10
10
10
10
10
10
10
10
10
10
10
10
10
10
10
10
10
10
10
10
10
10
10
10
10
10
10
10
10
10
10
10
10
10
10
10
10
10
10
10
10
10
10
10
10
10
10
10
10
10
10
10
10
10
10
10
10
10
10
10
10
10
10
10
10
10
10
10
10
10
10
10
10
10
10
10
10
10
10
10
10
10
10
10
10
10
10
10
10
10
10
10
10
10
10
10
10
10
10
10
10
10
10
10
10
10
10
10
10
10
10
10
10
10
10
10
10
10
10
10
10
10
10
10
10
10
10
10
10
10
10
10
10
10
10
10
10
10
10
10
10
10
10
10
10
10
10
10
10
10
10
10
10
10
10
10
10
10
10
10
10
10
10
10
10
10
10
10
10
10
10
10
10
10
10
10
10
10
10
10
10
10
10
10
10
10
10
10
10
10
10
10
10
10
10
10
10
10
10
10
10
10
10
10
10
10
10
10
10
10
10
10
10
10
10
10
10
10
10
10
10
10
10
10
10
10
10
10
10
10
10
10
10
10
10
10
10
10
10
10
10
10
10
10
10
10
10
10
10
10
10
10
10
10
10
10
10
10
10
10
10
10
10
10
10
10
10
10
10
10
10
10
10
10
10
10
10
10
10
10
10
10
10
10
10
10
10
10
10
10
10
10
10
10
10
10
10
10
10
10
10
10
10
10
10
10
10
10
10
10
10
10
10
10
10
10
10
10
10
10
10
10
10
10
10
10
10
10
10
10
10
10
10
10
10
10
10
10
10
10
10
10
10
10
10
10
10
10
10
10
10
10
10
10
10
10
10
10
10
10
10
10
10
10
10
10
10
10
10
10
10
10
10
10
10
10
10
10
10
10
10
10
10
10
10
10
10
10
10
10
10
10
10
10
10
10
10
10
10
10
10
10
10
10
10
10
10
10
10
10
10
10
10
10
10
10
10
10
10
10
10
10
10
10
10
10
10
10
10
10
10
10
10
10
10
10
10
10
10
10
10
10
10
10
10
10
10
10
10
10
10
10
10
10
10
10
10
10
10
10
10
10
10
10
10
10
10
10
10
10
10
10
10
10
10
10
10
10
10
10
10
10
10
10
10
10
10
10
10
10
10
10
10
10
10
10
10
10
10
10
10
10
10
10
10
10
10
10
10
10
10
10
10
10
10
10
10
10
10
10
10
10
10
10
10
10
10
10
10
10
10
10
10
10
10
10
10
10
10
10
10
10
10
10
10
10
10
10
10
10
10
10
10
10
10
10
10
10
10
10
10
10
10
10
10
10
10
10
10
10
10
10
10
10
10
10
10
10
10
10
10
10
10
10
10
10
10
10
10
10
10
10
10
10
10
10
10
10
10
10
10
10
10
10
10
10
10
10
10
10
10
10
10
10
10
10
10
10
10
10
10
10
10
10
10
10
10
10
10
10
10
10
10
10
10
10
10
10
10
10
10
10
10
10
10
10
10
10
10
10
10
10
10
10
10
10
10
10
10
10
10
10
10
10
10
10
10
10
10
10
10
10
10
10
10
10
10
10
10
10
10
10
10
10
10
10
10
10
10
10
10
10
10
10
10
10
10
10
10
10
10
10
10
10
10
10
10
10
10
10
10
10
10
10
10
10
10
10
10
10
10
10
10
10
10
10
10
10
10
10
10
10
10
10
10
10
10
10
10
10
10
10
10
10
10
10
10
10
10
10
10
10
10
10
10
10
10
10
10
10
10
10
10
10
10
10
10
10
10
10
10
10
10
10
10
10
10
10
10
10
10
10
10
10
10
10
10
10
10
10
10
10
10
10
10
10
10
10
10
10
10
10
10
10
10
10
10
10
10
10
10
10
10
10
10
10
10
10
10
10
10
10
10
10
10
10
10
10
10
10
10
10
10
10
10
10
10
10
10
10
10
10
10
10
10
10
10
10
10
10
10
10
10
10
10
10
10
10
10
10
10
10
10
10
10
10
10
10
10
10
10
10
10
10
10
10
10
10
10
10
10
10
10
10
10
10
10
10
10
10
10
10
10
10
10
10
10
10
10
10
10
10
10
10
10
10
10
10
10
10
10
10
10
10
10
10
10
10
10
10
10
10
10
10
10
10
10
10
10
10
10
10
10
10
10
10
10
10
10
10
10
10
10
10
10
10
10
10
10
10
10
10
10
10
10
10
10
10
10
10
10
10
10
10
10
10
10
10
10
10
10
10
10
10
10
10
10
10
10
10
10
10
10
10
10
10
10
10
10
10
10
10
10
10
10
10
10
10
10
10
10
10
10
10
10
10
10
10
10
10
10
10
10
10
10
10
10
10
10
10
10
10
10
10
10
10
10
10
10
10
10
10
10
10
10
10
10
10
10
10
10
10
10
10
10
10
10
10
10
10
10
10
10
10
10
10
10
10
10
10
10
10
10
10
10
10
10
10
10
10
10
10
10
10
10
10
10
10
10
10
10
10
10
10
10
10
10
10
10
10
10
10
10
10
10
10
10
10
10
10
10
10
10
10
10
10
10
10
10
10
10
10
10
10
10
10
10
10
10
10
10
10
10
10
10
10
10
10
10
10
10
10
10
10
10
10
10
10
10
10
10
10
10
10
10
10
10
10
10
10
10
10
10
10
10
10
10
10
10
10
10
10
10
10
10
10
10
10
10
10
10
10
10
10
10
10
10
10
10
10
10
10
10
10
10
10
10
10
10
10
10
10
10
10
10
10
10
10
10
10
10
10
10
10
10
10
10
10
10
10
10
10
10
10
10
10
10
10
10
10
10
10
10
10
10
10
10
10
10
10
10
10
10
10
10
10
10
10
10
10
10
10
10
10
10
10
10
10
10
10
10
10
10
10
10
10
10
10
10
10
10
10
10
10
10
10
10
10
10
10
10
10
10
10
10
10
10
10
10
10
10
10
10
10
10
10
10
10
10
10
10
10
10
10
10
10
10
10
10
10
10
10
10
10
10
10
10
10
10
10
10
10
10
10
10
10
10
10
10
10
10
10
10
10
10
10
10
10
10
10
10
10
10
10
10
10
10
10
10
10
10
10
10
10
10
10
10
10
10
10
10
10
10
10
10
10
10
10
10
10
10
10
10
10
10
10
10
10
10
10
10
10
10
10
10
10
10
10
10
10
10
10
10
10
10
10
10
10
10
10
10
10
10
10
10
10
10
10
10
10
10
10
10
10
10
10
10
10
10
10
10
10
10
10
10
10
10
10
10
10
10
10
10
10
10
10
10
10
10
10
10
10
10
10
10
10
10
10
10
10
10
10
10
10
10
10
10
10
10
10
10
10
10
10
10
10
10
10
10
10
10
10
10
10
10
10
10
10
10
10
10
10
10
10
10
10
10
10
10
10
10
10
10
10
10
10
10
10
10
10
10
10
10
10
10
10
10
10
10
10
10
10
10
10
10
10
10
10
10
10
10
10
10
10
10
10
10
10
10
10
10
10
10
10
10
10
10
10
10
10
10
10
10
10
10
10
10
10
10
10
10
10
10
10
10
10
10
10
10
10
10
10
10
10
10
10
10
10
10
10
10
10
10
10
10
10
10
10
10
10
10
10
10
10
10
10
10
10
10
10
10
10
10
10
10
10
10
10
10
10
10
10
10
10
10
10
10
10
10
10
10
10
10
10
10
10
10
10
10
10
10
10
10
10
10
10
10
10
10
10
10
10
10
10
10
10
10
10
10
10
10
10
10
10
10
10
10
10
10
10
10
10
10
10
10
10
10
10
10
10
10
10
10
10
10
10
10
10
10
10
10
10
10
10
10
10
10
10
10
10
10
10
10
10
10
10
10
10
10
10
10
10
10
10
10
10
10
10
10
10
10
10
10
10
10
10
10
10
10
10
10
10
10
10
10
10
10
10
10
10
10
10
10
10
10
10
10
10
10
10
10
10
10
10
10
10
10
10
10
10
10
10
10
10
10
10
10
10
10
10
10
10
10
10
10
10
10
10
10
10
10
10
10
10
10
10
10
10
10
10
10
10
10
10
10
10
10
10
10
10
10
10
10
10
10
10
10
10
10
10
10
10
10
10
10
10
10
10
10
10
10
10
10
10
10
10
10
10
10
10
10
10
10
10
10
10
10
10
10
10
10
10
10
10
10
10
10
10
10
10
10
10
10
10
10
10
10
10
10
10
10
10
10
10
10
10
10
10
10
10
10
10
10
10
10
10
10
10
10
10
10
10
10
10
10
10
10
10
10
10
10
10
10
10
10
10
10
10
10
10
10
10
10
10
10
10
10
10
10
10
10
10
10
10
10
10
10
10
10
10
10
10
10
10
10
10
10
10
10
10
10
10
10
10
10
10
10
10
10
10
10
10
10
10
10
10
10
10
10
10
10
10
10
10
10
10
10
10
10
10
10
10
10
10
10
10
10
10
10
10
10
10
10
10
10
10
10
10
10
10
10
10
10
10
10
10
10
10
10
10
10
10
10
10
10
10
10
10
10
10
10
10
10
10
10
10
10
10
10
10
10
10
10
10
10
10
10
10
10
10
10
10
10
10
10
10
10
10
10
10
10
10
10
10
10
10
10
10
10
10
10
10
10
10
10
10
10
10
10
10
10
10
10
10
10
10
10
10
10
10
10
10
10
10
10
10
10
10
10
10
10
10
10
10
10
10
10
10
10
10
10
10
10
10
10
10
10
10
10
10
10
10
10
10
10
10
10
10
10
10
10
10
10
10
10
10
10
10
10
10
10
10
10
10
10
10
10
10
10
10
10
10
10
10
10
10
10
10
10
10
10
10
10
10
10
10
10
10
10
10
10
10
10
10
10
10
10
10
10
10
10
10
10
10
10
10
10
10
10
10
10
10
10
10
10
10
10
10
10
10
10
10
10
10
10
10
10
10
10
10
10
10
10
10
10
10
10
10
10
10
10
10
10
10
10
10
10
10
10
10
10
10
10
10
10
10
10
10
10
10
10
10
10
10
10
10
10
10
10
10
10
10
10
10
10
10
10
10
10
10
10
10
10
10
10
10
10
10
10
10
10
10
10
10
10
10
10
10
10
10
10
10
10
10
10
10
10
10
10
10
10
10
10
10
10
10
10
10
10
10
10
10
10
10
10
10
10
10
10
10
10
10
10
10
10
10
10
10
10
10
10
10
10
10
10
10
10
10
10
10
10
10
10
10
10
10
10
10
10
10
10
10
10
10
10
10
10
10
10
10
10
10
10
10
10
10
10
10
10
10
10
10
10
10
10
10
10
10
10
10
10
10
10
10
10
10
10
10
10
10
10
10
10
10
10
10
10
10
10
10
10
10
10
10
10
10
10
10
10
10
10
10
10
10
10
10
10
10
10
10
10
10
10
10
10
10
10
10
10
10
10
10
10
10
10
10
10
10
10
10
10
10
10
10
10
10
10
10
10
10
10
10
10
10
10
10
10
10
10
10
10
10
10
10
10
10
10
10
10
10
10
10
10
10
10
10
10
10
10
10
10
10
10
10
10
10
10
10
10
10
10
10
10
10
10
10
10
10
10
10
10
10
10
10
10
10
10
10
10
10
10
10
10
10
10
10
10
10
10
10
10
10
10
10
10
10
10
10
10
10
10
10
10
10
10
10
10
10
10
10
10
10
10
10
10
10
10
10
10
10
10
10
10
10
10
10
10
10
10
10
10
10
10
10
10
10
10
10
10
10
10
10
10
10
10
10
10
10
10
10
10
10
10
10
10
10
10
10
10
10
10
10
10
10
10
10
10
10
10
10
10
10
10
10
10
10
10
10
10
10
10
10
10
10
10
10
10
10
10
10
10
10
10
10
10
10
10
10
10
10
10
10
10
10
10
10
10
10
10
10
10
10
10
10
10
10
10
10
10
10
10
10
10
10
10
10
10
10
10
10
10
10
10
10
10
10
10
10
10
10
10
10
10
10
10
10
10
10
10
10
10
10
10
10
10
10
10
10
10
10
10
10
10
10
10
10
10
10
10
10
10
10
10
10
10
10
10
10
10
10
10
10
10
10
10
10
10
10
10
10
10
10
10
10
10
10
10
10
10
10
10
10
10
10
10
10
10
10
10
10
10
10
10
10
10
10
10
10
10
10
10
10
10
10
10
10
10
10
10
10
10
10
10
10
10
10
10
10
10
10
10
10
10
10
10
10
10
10
10
10
10
10
10
10
10
10
10
10
10
10
10
10
10
10
10
10
10
10
10
10
10
10
10
10
10
10
10
10
10
10
10
10
10
10
10
10
10
10
10
10
10
10
10
10
10
10
10
10
10
10
10
10
10
10
10
10
10
10
10
10
10
10
10
10
10
10
10
10
10
10
10
10
10
10
10
10
10
10
10
10
10
10
10
10
10
10
10
10
10
10
10
10
10
10
10
10
10
10
10
10
10
10
10
10
10
10
10
10
10
10
10
10
10
10
10
10
10
10
10
10
10
10
10
10
10
10
10
10
10
10
10
10
10
10
10
10
10
10
10
10
10
10
10
10
10
10
10
10
10
10
10
10
10
10
10
10
10
10
10
10
10
10
10
10
10
10
10
10
10
10
10
10
10
10
10
10
10
10
10
10
10
10
10
10
10
10
10
10
10
10
10
10
10
10
10
10
10
10
10
10
10
10
10
10
10
10
10
10
10
10
10
10
10
10
10
10
10
10
10
10
10
10
10
10
10
10
10
10
10
10
10
10
10
10
10
10
10
10
10
10
10
10
10
10
10
10
10
10
10
10
10
10
10
10
10
10
10
10
10
10
10
10
10
10
10
10
10
10
10
10
10
10
10
10
10
10
10
10
10
10
10
10
10
10
10
10
10
10
10
10
10
10
10
10
10
10
10
10
10
10
10
10
10
10
10
10
10
10
10
10
10
10
10
10
10
10
10
10
10
10
10
10
10
10
10
10
10
10
10
10
10
10
10
10
10
10
10
10
10
10
10
10
10
10
10
10
10
10
10
10
10
10
10
10
10
10
10
10
10
10
10
10
10
10
10
10
10
10
10
10
10
10
10
10
10
10
10
10
10
10
10
10
10
10
10
10
10
10
10
10
10
10
10
10
10
10
10
10
10
10
10
10
10
10
10
10
10
10
10
10
10
10
10
10
10
10
10
10
10
10
10
10
10
10
10
10
10
10
10
10
10
10
10
10
10
10
10
10
10
10
10
10
10
10
10
10
10
10
10
10
10
10
10
10
10
10
10
10
10
10
10
10
10
10
10
10
10
10
10
10
10
10
10
10
10
10
10
10
10
10
10
10
10
10
10
10
10
10
10
10
10
10
10
10
10
10
10
10
10
10
10
10
10
10
10
10
10
10
10
10
10
10
10
10
10
10
10
10
10
10
10
10
10
10
10
10
10
10
10
10
10
10
10
10
10
10
10
10
10
10
10
10
10
10
10
10
10
10
10
10
10
10
10
10
10
10
10
10
10
10
10
10
10
10
10
10
10
10
10
10
10
10
10
10
10
10
10
10
10
10
10
10
10
10
10
10
10
10
10
10
10
10
10
10
10
10
10
10
10
10
10
10
10
10
10
10
10
10
10
10
10
10
10
10
10
10
10
10
10
10
10
10
10
10
10
10
10
10
10
10
10
10
10
10
10
10
10
10
10
10
10
10
10
10
10
10
10
10
10
10
10
10
10
10
10
10
10
10
10
10
10
10
10
10
10
10
10
10
10
10
10
10
10
10
10
10
10
10
10
10
10
10
10
10
10
10
10
10
10
10
10
10
10
10
10
10
10
10
10
10
10
10
10
10
10
10
10
10
10
10
10
10
10
10
10
10
10
10
10
10
10
10
10
10
10
10
10
10
10
10
10
10
10
10
10
10
10
10
10
10
10
10
10
10
10
10
10
10
10
10
10
10
10
10
10
10
10
10
10
10
10
10
10
10
10
10
10
10
10
10
10
10
10
10
10
10
10
10
10
10
10
10
10
10
10
10
10
10
10
10
10
10
10
10
10
10
10
10
10
10
10
10
10
10
10
10
10
10
10
10
10
10
10
10
10
10
10
10
10
10
10
10
10
10
10
10
10
10
10
10
10
10
10
10
10
10
10
10
10
10
10
10
10
10
10
10
10
10
10
10
10
10
10
10
10
10
10
10
10
10
10
10
10
10
10
10
10
10
10
10
10
10
10
10
10
10
10
10
10
10
10
10
10
10
10
10
10
10
10
10
10
10
10
10
10
10
10
10
10
10
10
10
10
10
10
10
10
10
10
10
10
10
10
10
10
10
10
10
10
10
10
10
10
10
10
10
10
10
10
10
10
10
10
10
10
10
10
10
10
10
10
10
10
10
10
10
10
10
10
10
10
10
10
10
10
10
10
10
10
10
10
10
10
10
10
10
10
10
10
10
10
10
10
10
10
10
10
10
10
10
10
10
10
10
10
10
10
10
10
10
10
10
10
10
10
10
10
10
10
10
10
10
10
10
10
10
10
10
10
10
10
10
10
10
10
10
10
10
10
10
10
10
10
10
10
10
10
10
10
10
10
10
10
10
10
10
10
10
10
10
10
10
10
10
10
10
10
10
10
10
10
10
10
10
10
10
10
10
10
10
10
10
10
10
10
10
10
10
10
10
10
10
10
10
10
10
10
10
10
10
10
10
10
10
10
10
10
10
10
10
10
10
10
10
10
10
10
10
10
10
10
10
10
10
10
10
10
10
10
10
10
10
10
10
10
10
10
10
10
10
10
10
10
10
10
10
10
10
10
10
10
10
10
10
10
10
10
10
10
10
10
10
10
10
10
10
10
10
10
10
10
10
10
10
10
10
10
10
10
10
10
10
10
10
10
10
10
10
10
10
10
10
10
10
10
10
10
10
10
10
10
10
10
10
10
10
10
10
10
10
10
10
10
10
10
10
10
10
10
10
10
10
10
10
10
10
10
10
10
10
10
10
10
10
10
10
10
10
10
10
10
10
10
10
10
10
10
10
10
10
10
10
10
10
10
10
10
10
10
10
10
10
10
10
10
10
10
10
10
10
10
10
10
10
10
10
10
10
10
10
10
10
10
10
10
10
10
10
10
10
10
10
10
10
10
10
10
10
10
10
10
10
10
10
10
10
10
10
10
10
10
10
10
10
10
10
10
10
10
10
10
10
10
10
10
10
10
10
10
10
10
10
10
10
10
10
10
10
10
10
10
10
10
10
10
10
10
10
10
10
10
10
10
10
10
10
10
10
10
10
10
10
10
10
10
10
10
10
10
10
10
10
10
10
10
10
10
10
10
10
10
10
10
10
10
10
10
10
10
10
10
10
10
10
10
10
10
10
10
10
10
10
10
10
10
10
10
10
10
10
10
10
10
10
10
10
10
10
10
10
10
10
10
10
10
10
10
10
10
10
10
10
10
10
10
10
10
10
10
10
10
10
10
10
10
10
10
10
10
10
10
10
10
10
10
10
10
10
10
10
10
10
10
10
10
10
10
10
10
10
10
10
10
10
10
10
10
10
10
10
10
10
10
10
10
10
10
10
10
10
10
10
10
10
10
10
10
10
10
10
10
10
10
10
10
10
10
10
10
10
10
10
10
10
10
10
10
10
10
10
10
10
10
10
10
10
10
10
10
10
10
10
10
10
10
10
10
10
10
10
10
10
10
10
10
10
10
10
10
10
10
10
10
10
10
10
10
10
10
10
10
10
10
10
10
10
10
10
10
10
10
10
10
10
10
10
10
10
10
10
10
10
10
10
10
10
10
10
10
10
10
10
10
10
10
10
10
10
10
10
10
10
10
10
10
10
10
10
10
10
10
10
10
10
10
10
10
10
10
10
10
10
10
10
10
10
10
10
10
10
10
10
10
10
10
10
10
10
10
10
10
10
10
10
10
10
10
10
10
10
10
10
10
10
10
10
10
10
10
10
10
10
10
10
10
10
10
10
10
10
10
10
10
10
10
10
10
10
10
10
10
10
10
10
10
10
10
10
10
10
10
10
10
10
10
10
10
10
10
10
10
10
10
10
10
10
10
10
10
10
10
10
10
10
10
10
10
10
10
10
10
10
10
10
10
10
10
10
10
10
10
10
10
10
10
10
10
10
10
10
10
10
10
10
10
10
10
10
10
10
10
10
10
10
10
10
10
10
10
10
10
10
10
10
10
10
10
10
10
10
10
10
10
10
10
10
10
10
10
10
10
10
10
10
10
10
10
10
10
10
10
10
10
10
10
10
10
10
10
10
10
10
10
10
10
10
10
10
10
10
10
10
10
10
10
10
10
10
10
10
10
10
10
10
10
10
10
10
10
10
10
10
10
10
10
10
10
10
10
10
10
10
10
10
10
10
10
10
10
10
10
10
10
10
10
10
10
10
10
10
10
10
10
10
10
10
10
10
10
10
10
10
10
10
10
10
10
10
10
10
10
10
10
10
10
10
10
10
10
10
10
10
10
10
10
10
10
10
10
10
10
10
10
10
10
10
10
10
10
10
10
10
10
10
10
10
10
10
10
10
10
10
10
10
10
10
10
10
10
10
10
10
10
10
10
10
10
10
10
10
10
10
10
10
10
10
10
10
10
10
10
10
10
10
10
10
10
10
10
10
10
10
10
10
10
10
10
10
10
10
10
10
10
10
10
10
10
10
10
10
10
10
10
10
10
10
10
10
10
10
10
10
10
10
10
10
10
10
10
10
10
10
10
10
10
10
10
10
10
10
10
10
10
10
10
10
10
10
10
10
10
10
10
10
10
10
10
10
10
10
10
10
10
10
10
10
10
10
10
10
10
10
10
10
10
10
10
10
10
10
10
10
10
10
10
10
10
10
10
10
10
10
10
10
10
10
10
10
10
10
10
10
10
10
10
10
10
10
10
10
10
10
10
10
10
10
10
10
10
10
10
10
10
10
10
10
10
10
10
10
10
10
10
10
10
10
10
10
10
10
10
10
10
10
10
10
10
10
10
10
10
10
10
10
10
10
10
10
10
10
10
10
10
10
10
10
10
10
10
10
10
10
10
10
10
10
10
10
10
10
10
10
10
10
10
10
10
10
10
10
10
10
10
10
10
10
10
10
10
10
10
10
10
10
10
10
10
10
10
10
10
10
10
10
10
10
10
10
10
10
10
10
10
10
10
10
10
10
10
10
10
10
10
10
10
10
10
10
10
10
10
10
10
10
10
10
10
10
10
10
10
10
10
10
10
10
10
10
10
10
10
10
10
10
10
10
10
10
10
10
10
10
10
10
10
10
10
10
10
10
10
10
10
10
10
10
10
10
10
10
10
10
10
10
10
10
10
10
10
10
10
10
10
10
10
10
10
10
10
10
10
10
10
10
10
10
10
10
10
10
10
10
10
10
10
10
10
10
10
10
10
10
10
10
10
10
10
10
10
10
10
10
10
10
10
10
10
10
10
10
10
10
10
10
10
10
10
10
10
10
10
10
10
10
10
10
10
10
10
10
10
10
10
10
10
10
10
10
10
10
10
10
10
10
10
10
10
10
10
10
10
10
10
10
10
10
10
10
10
10
10
10
10
10
10
10
10
10
10
10
10
10
10
10
10
10
10
10
10
10
10
10
10
10
10
10
10
10
10
10
10
10
10
10
10
10
10
10
10
10
10
10
10
10
10
10
10
10
10
10
10
10
10
10
10
10
10
10
10
10
10
10
10
10
10
10
10
10
10
10
10
10
10
10
10
10
10
10
10
10
10
10
10
10
10
10
10
10
10
10
10
10
10
10
10
10
10
10
10
10
10
10
10
10
10
10
10
10
10
10
10
10
10
10
10
10
10
10
10
10
10
10
10
10
10
10
10
10
10
10
10
10
10
10
10
10
10
10
10
10
10
10
10
10
10
10
10
10
10
10
10
10
10
10
10
10
10
10
10
10
10
10
10
10
10
10
10
10
10
10
10
10
10
10
10
10
10
10
10
10
10
10
10
10
10
10
10
10
10
10
10
10
10
10
10
10
10
10
10
10
10
10
10
10
10
10
10
10
10
10
10
10
10
10
10
10
10
10
10
10
10
10
10
10
10
10
10
10
10
10
10
10
10
10
10
10
10
10
10
10
10
10
10
10
10
10
10
10
10
10
10
10
10
10
10
10
10
10
10
10
10
10
10
10
10
10
10
10
10
10
10
10
10
10
10
10
10
10
10
10
10
10
10
10
10
10
10
10
10
10
10
10
10
10
10
10
10
10
10
10
10
10
10
10
10
10
10
10
10
10
10
10
10
10
10
10
10
10
10
10
10
10
10
10
10
10
10
10
10
10
10
10
10
10
10
10
10
10
10
10
10
10
10
10
10
10
10
10
10
10
10
10
10
10
10
10
10
10
10
10
10
10
10
10
10
10
10
10
10
10
10
10
10
10
10
10
10
10
10
10
10
10
10
10
10
10
10
10
10
10
10
10
10
10
10
10
10
10
10
10
10
10
10
10
10
10
10
10
10
10
10
10
10
10
10
10
10
10
10
10
10
10
10
10
10
10
10
10
10
10
10
10
10
10
10
10
10
10
10
10
10
10
10
10
10
10
10
10
10
10
10
10
10
10
10
10
10
10
10
10
10
10
10
10
10
10
10
10
10
10
10
10
10
10
10
10
10
10
10
10
10
10
10
10
10
10
10
10
10
10
10
10
10
10
10
10
10
10
10
10
10
10
10
10
10
10
10
10
10
10
10
10
10
10
10
10
10
10
10
10
10
10
10
10
10
10
10
10
10
10
10
10
10
10
10
10
10
10
10
10
10
10
10
10
10
10
10
10
10
10
10
10
10
10
10
10
10
10
10
10
10
10
10
10
10
10
10
10
10
10
10
10
10
10
10
10
10
10
10
10
10
10
10
10
10
10
10
10
10
10
10
10
10
10
10
10
10
10
10
10
10
10
10
10
10
10
10
10
10
10
10
10
10
10
10
10
10
10
10
10
10
10
10
10
10
10
10
10
10
10
10
10
10
10
10
10
10
10
10
10
10
10
10
10
10
10
10
10
10
10
10
10
10
10
10
10
10
10
10
10
10
10
10
10
10
10
10
10
10
10
10
10
10
10
10
10
10
10
10
10
10
10
10
10
10
10
10
10
10
10
10
10
10
10
10
10
10
10
10
10
10
10
10
10
10
10
10
10
10
10
10
10
10
10
10
10
10
10
10
10
10
10
10
10
10
10
10
10
10
10
10
10
10
10
10
10
10
10
10
10
10
10
10
10
10
10
10
10
10
10
10
10
10
10
10
10
10
10
10
10
10
10
10
10
10
10
10
10
10
10
10
10
10
10
10
10
10
10
10
10
10
10
10
10
10
10
10
10
10
10
10
10
10
10
10
10
10
10
10
10
10
10
10
10
10
10
10
10
10
10
10
10
10
10
10
10
10
10
10
10
10
10
10
10
10
10
10
10
10
10
10
10
10
10
10
10
10
10
10
10
10
10
10
10
10
10
10
10
10
10
10
10
10
10
10
10
10
10
10
10
10
10
10
10
10
10
10
10
10
10
10
10
10
10
10
10
10
10
10
10
10
10
10
10
10
10
10
10
10
10
10
10
10
10
10
10
10
10
10
10
10
10
10
10
10
10
10
10
10
10
10
10
10
10
10
10
10
10
10
10
10
10
10
10
10
10
10
10
10
10
10
10
10
10
10
10
10
10
10
10
10
10
10
10
10
10
10
10
10
10
10
10
10
10
10
10
10
10
10
10
10
10
10
10
10
10
10
10
10
10
10
10
10
10
10
10
10
10
10
10
10
10
10
10
10
10
10
10
10
10
10
10
10
10
10
10
10
10
10
10
10
10
10
10
10
10
10
10
10
10
10
10
10
10
10
10
10
10
10
10
10
10
10
10
10
10
10
10
10
10
10
10
10
10
10
10
10
10
10
10
10
10
10
10
10
10
10
10
10
10
10
10
10
10
10
10
10
10
10
10
10
10
10
10
10
10
10
10
10
10
10
10
10
10
10
10
10
10
10
10
10
10
10
10
10
10
10
10
10
10
10
10
10
10
10
10
10
10
10
10
10
10
10
10
10
10
10
10
10
10
10
10
10
10
10
10
10
10
10
10
10
10
10
10
10
10
10
10
10
10
10
10
10
10
10
10
10
10
10
10
10
10
10
10
10
10
10
10
10
10
10
10
10
10
10
10
10
10
10
10
10
10
10
10
10
10
10
10
10
10
10
10
10
10
10
10
10
10
10
10
10
10
10
10
10
10
10
10
10
10
10
10
10
10
10
10
10
10
10
10
10
10
10
10
10
10
10
10
10
10
10
10
10
10
10
10
10
10
10
10
10
10
10
10
10
10
10
10
10
10
10
10
10
10
10
10
10
10
10
10
10
10
10
10
10
10
10
10
10
10
10
10
10
10
10
10
10
10
10
10
10
10
10
10
10
10
10
10
10
10
10
10
10
10
10
10
10
10
10
10
10
10
10
10
10
10
10
10
10
10
10
10
10
10
10
10
10
10
10
10
10
10
10
10
10
10
10
10
10
10
10
10
10
10
10
10
10
10
10
10
10
10
10
10
10
10
10
10
10
10
10
10
10
10
10
10
10
10
10
10
10
10
10
10
10
10
10
10
10
10
10
10
10
10
10
10
10
10
10
10
10
10
10
10
10
10
10
10
10
10
10
10
10
10
10
10
10
10
10
10
10
10
10
10
10
10
10
10
10
10
10
10
10
10
10
10
10
10
10
10
10
10
10
10
10
10
10
10
10
10
10
10
10
10
10
10
10
10
10
10
10
10
10
10
10
10
10
10
10
10
10
10
10
10
10
10
10
10
10
10
10
10
10
10
10
10
10
10
10
10
10
10
10
10
10
10
10
10
10
10
10
10
10
10
10
10
10
10
10
10
10
10
10
10
10
10
10
10
10
10
10
10
10
10
10
10
10
10
10
10
10
10
10
10
10
10
10
10
10
10
10
10
10
10
10
10
10
10
10
10
10
10
10
10
10
10
10
10
10
10
10
10
10
10
10
10
10
10
10
10
10
10
10
10
10
10
10
10
10
10
10
10
10
10
10
10
10
10
10
10
10
10
10
10
10
10
10
10
10
10
10
10
10
10
10
10
10
10
10
10
10
10
10
10
10
10
10
10
10
10
10
10
10
10
10
10
10
10
10
10
10
10
10
10
10
10
10
10
10
10
10
10
10
10
10
10
10
10
10
10
10
10
10
10
10
10
10
10
10
10
10
10
10
10
10
10
10
10
10
10
10
10
10
10
10
10
10
10
10
10
10
10
10
10
10
10
10
10
10
10
10
10
10
10
10
10
10
10
10
10
10
10
10
10
10
10
10
10
10
10
10
10
10
10
10
10
10
10
10
10
10
10
10
10
10
10
10
10
10
10
10
10
10
10
10
10
10
10
10
10
10
10
10
10
10
10
10
10
10
10
10
10
10
10
10
10
10
10
10
10
10
10
10
10
10
10
10
10
10
10
10
10
10
10
10
10
10
10
10
10
10
10
10
10
10
10
10
10
10
10
10
10
10
10
10
10
10
10
10
10
10
10
10
10
10
10
10
10
10
10
10
10
10
10
10
10
10
10
10
10
10
10
10
10
10
10
10
10
10
10
10
10
10
10
10
10
10
10
10
10
10
10
10
10
10
10
10
10
10
10
10
10
10
10
10
10
10
10
10
10
10
10
10
10
10
10
10
10
10
10
10
10
10
10
10
10
10
10
10
10
10
10
10
10
10
10
10
10
10
10
10
10
10
10
10
10
10
10
10
10
10
10
10
10
10
10
10
10
10
10
10
10
10
10
10
10
10
10
10
10
10
10
10
10
10
10
10
10
10
10
10
10
10
10
10
10
10
10
10
10
10
10
10
10
10
10
10
10
10
10
10
10
10
10
10
10
10
10
10
10
10
10
10
10
10
10
10
10
10
10
10
10
10
10
10
10
10
10
10
10
10
10
10
10
10
10
10
10
10
10
10
10
10
10
10
10
10
10
10
10
10
10
10
10
10
10
10
10
10
10
10
10
10
10
10
10
10
10
10
10
10
10
10
10
10
10
10
10
10
10
10
10
10
10
10
10
10
10
10
10
10
10
10
10
10
10
10
10
10
10
10
10
10
10
10
10
10
10
10
10
10
10
10
10
10
10
10
10
10
10
10
10
10
10
10
10
10
10
10
10
10
10
10
10
10
10
10
10
10
10
10
10
10
10
10
10
10
10
10
10
10
10
10
10
10
10
10
10
10
10
10
10
10
10
10
10
10
10
10
10
10
10
10
10
10
10
10
10
10
10
10
10
10
10
10
10
10
10
10
10
10
10
10
10
10
10
10
10
10
10
10
10
10
10
10
10
10
10
10
10
10
10
10
10
10
10
10
10
10
10
10
10
10
10
10
10
10
10
10
10
10
10
10
10
10
10
10
10
10
10
10
10
10
10
10
10
10
10
10
10
10
10
10
10
10
10
10
10
10
10
10
10
10
10
10
10
10
10
10
10
10
10
10
10
10
10
10
10
10
10
10
10
10
10
10
10
10
10
10
10
10
10
10
10
10
10
10
10
10
10
10
10
10
10
10
10
10
10
10
10
10
10
10
10
10
10
10
10
10
10
10
10
10
10
10
10
10
10
10
10
10
10
10
10
10
10
10
10
10
10
10
10
10
10
10
10
10
10
10
10
10
10
10
10
10
10
10
10
10
10
10
10
10
10
10
10
10
10
10
10
10
10
10
10
10
10
10
10
10
10
10
10
10
10
10
10
10
10
10
10
10
10
10
10
10
10
10
10
10
10
10
10
10
10
10
10
10
10
10
10
10
10
10
10
10
10
10
10
10
10
10
10
10
10
10
10
10
10
10
10
10
10
10
10
10
10
10
10
10
10
10
10
10
10
10
10
10
10
10
10
10
10
10
10
10
10
10
10
10
10
10
10
10
10
10
10
10
10
10
10
10
10
10
10
10
10
10
10
10
10
10
10
10
10
10
10
10
10
10
10
10
10
10
10
10
10
10
10
10
10
10
10
10
10
10
10
10
10
10
10
10
10
10
10
10
10
10
10
10
10
10
10
10
10
10
10
10
10
10
10
10
10
10
10
10
10
10
10
10
10
10
10
10
10
10
10
10
10
10
10
10
10
10
10
10
10
10
10
10
10
10
10
10
10
10
10
10
10
10
10
10
10
10
10
10
10
10
10
10
10
10
10
10
10
10
10
10
10
10
10
10
10
10
10
10
10
10
10
10
10
10
10
10
10
10
10
10
10
10
10
10
10
10
10
10
10
10
10
10
10
10
10
10
10
10
10
10
10
10
10
10
10
10
10
10
10
10
10
10
10
10
10
10
10
10
10
10
10
10
10
10
10
10
10
10
10
10
10
10
10
10
10
10
10
10
10
10
10
10
10
10
10
10
10
10
10
10
10
10
10
10
10
10
10
10
10
10
10
10
10
10
10
10
10
10
10
10
10
10
10
10
10
10
10
10
10
10
10
10
10
10
10
10
10
10
10
10
10
10
10
10
10
10
10
10
10
10
10
10
10
10
10
10
10
10
10
10
10
10
10
10
10
10
10
10
10
10
10
10
10
10
10
10
10
10
10
10
10
10
10
10
10
10
10
10
10
10
10
10
10
10
10
10
10
10
10
10
10
10
10
10
10
10
10
10
10
10
10
10
10
10
10
10
10
10
10
10
10
10
10
10
10
10
10
10
10
10
10
10
10
10
10
10
10
10
10
10
10
10
10
10
10
10
10
10
10
10
10
10
10
10
10
10
10
10
10
10
10
10
10
10
10
10
10
10
10
10
10
10
10
10
10
10
10
10
10
10
10
10
10
10
10
10
10
10
10
10
10
10
10
10
10
10
10
10
10
10
10
10
10
10
10
10
10
10
10
10
10
10
10
10
10
10
10
10
10
10
10
10
10
10
10
10
10
10
10
10
10
10
10
10
10
10
10
10
10
10
10
10
10
10
10
10
10
10
10
10
10
10
10
10
10
10
10
10
10
10
10
10
10
10
10
10
10
10
10
10
10
10
10
10
10
10
10
10
10
10
10
10
10
10
10
10
10
10
10
10
10
10
10
10
10
10
10
10
10
10
10
10
10
10
10
10
10
10
10
10
10
10
10
10
10
10
10
10
10
10
10
10
10
10
10
10
10
10
10
10
10
10
10
10
10
10
10
10
10
10
10
10
10
10
10
10
10
10
10
10
10
10
10
10
10
10
10
10
10
10
10
10
10
10
10
10
10
10
10
10
10
10
10
10
10
10
10
10
10
10
10
10
10
10
10
10
10
10
10
10
10
10
10
10
10
10
10
10
10
10
10
10
10
10
10
10
10
10
10
10
10
10
10
10
10
10
10
10
10
10
10
10
10
10
10
10
10
10
10
10
10
10
10
10
10
10
10
10
10
10
10
10
10
10
10
10
10
10
10
10
10
10
10
10
10
10
10
10
10
10
10
10
10
10
10
10
10
10
10
10
10
10
10
10
10
10
10
10
10
10
10
10
10
10
10
10
10
10
10
10
10
10
10
10
10
10
10
10
10
10
10
10
10
10
10
10
10
10
10
10
10
10
10
10
10
10
10
10
10
10
10
10
10
10
10
10
10
10
10
10
10
10
10
10
10
10
10
10
10
10
10
10
10
10
10
10
10
10
10
10
10
10
10
10
10
10
10
10
10
10
10
10
10
10
10
10
10
10
10
10
10
10
10
10
10
10
10
10
10
10
10
10
10
10
10
10
10
10
10
10
10
10
10
10
10
10
10
10
10
10
10
10
10
10
10
10
10
10
10
10
10
10
10
10
10
10
10
10
10
10
10
10
10
10
10
10
10
10
10
10
10
10
10
10
10
10
10
10
10
10
10
10
10
10
10
10
10
10
10
10
10
10
10
10
10
10
10
10
10
10
10
10
10
10
10
10
10
10
10
10
10
10
10
10
10
10
10
10
10
10
10
10
10
10
10
10
10
10
10
10
10
10
10
10
10
10
10
10
10
10
10
10
10
10
10
10
10
10
10
10
10
10
10
10
10
10
10
10
10
10
10
10
10
10
10
10
10
10
10
10
10
10
10
10
10
10
10
10
10
10
10
10
10
10
10
10
10
10
10
10
10
10
10
10
10
10
10
10
10
10
10
10
10
10
10
10
10
10
10
10
10
10
10
10
10
10
10
10
10
10
10
10
10
10
10
10
10
10
10
10
10
10
10
10
10
10
10
10
10
10
10
10
10
10
10
10
10
10
10
10
10
10
10
10
10
10
10
10
10
10
10
10
10
10
10
10
10
10
10
10
10
10
10
10
10
10
10
10
10
10
10
10
10
10
10
10
10
10
10
10
10
10
10
10
10
10
10
10
10
10
10
10
10
10
10
10
10
10
10
10
10
10
10
10
10
10
10
10
10
10
10
10
10
10
10
10
10
10
10
10
10
10
10
10
10
10
10
10
10
10
10
10
10
10
10
10
10
10
10
10
10
10
10
10
10
10
10
10
10
10
10
10
10
10
10
10
10
10
10
10
10
10
10
10
10
10
10
10
10
10
10
10
10
10
10
10
10
10
10
10
10
10
10
10
10
10
10
10
10
10
10
10
10
10
10
10
10
10
10
10
10
10
10
10
10
10
10
10
10
10
10
10
10
10
10
10
10
10
10
10
10
10
10
10
10
10
10
10
10
10
10
10
10
10
10
10
10
10
10
10
10
10
10
10
10
10
10
10
10
10
10
10
10
10
10
10
10
10
10
10
10
10
10
10
10
10
10
10
10
10
10
10
10
10
10
10
10
10
10
10
10
10
10
10
10
10
10
10
10
10
10
10
10
10
10
10
10
10
10
10
10
10
10
10
10
10
10
10
10
10
10
10
10
10
10
10
10
10
10
10
10
10
10
10
10
10
10
10
10
10
10
10
10
10
10
10
10
10
10
10
10
10
10
10
10
10
10
10
10
10
10
10
10
10
10
10
10
10
10
10
10
10
10
10
10
10
10
10
10
10
10
10
10
10
10
10
10
10
10
10
10
10
10
10
10
10
10
10
10
10
10
10
10
10
10
10
10
10
10
10
10
10
10
10
10
10
10
10
10
10
10
10
10
10
10
10
10
10
10
10
10
10
10
10
10
10
10
10
10
10
10
10
10
10
10
10
10
10
10
10
10
10
10
10
10
10
10
10
10
10
10
10
10
10
10
10
10
10
10
10
10
10
10
10
10
10
10
10
10
10
10
10
10
10
10
10
10
10
10
10
10
10
10
10
10
10
10
10
10
10
10
10
10
10
10
10
10
10
10
10
10
10
10
10
10
10
10
10
10
10
10
10
10
10
10
10
10
10
10
10
10
10
10
10
10
10
10
10
10
10
10
10
10
10
10
10
10
10
10
10
10
10
10
10
10
10
10
10
10
10
10
10
10
10
10
10
10
10
10
10
10
10
10
10
10
10
10
10
10
10
10
10
10
10
10
10
10
10
10
10
10
10
10
10
10
10
10
10
10
10
10
10
10
10
10
10
10
10
10
10
10
10
10
10
10
10
10
10
10
10
10
10
10
10
10
10
10
10
10
10

