# vtk DataFile Version 2.0
finest_cylinder_, Created by Gmsh
ASCII
DATASET UNSTRUCTURED_GRID
POINTS 2142 double
-0.9997766521989038 -0.004371529186135113 0.001943096440801058
-0.99972266 0.0154560767 -0.0499999933
-0.999184608 -0.0238845088 0.0499968305
-0.996869922 -0.0735916719 -0.0500073507
-0.9961253544842819 -0.08111161437707973 0.050014232772098
-0.995601892 0.0935088843 0.0500029437
-0.9952162372663135 0.09406615028125329 -0.00665990314009133
-0.9955728407851877 -0.08746884640203248 0.002503794923031419
-0.9925460820000001 0.118673064 -0.0499983132
-0.9875116940000001 -0.147824928 0.000948558853
-0.985310018 -0.167898133 -0.0500141233
-0.982550979 -0.185825959 0.050007198
-0.981803596 -0.189678729 -0.00711564347
-0.979809403 0.199900717 0.0499959663
-0.979803562 0.199287578 -0.0499995425
-0.1057656585507955 0.7563303159115824 0.005198071219938748
-0.4013900975780765 0.3980291389898355 0.0026806805714661
-0.2917391516076568 0.4767022649272806 -0.0500000007
-0.1361804609281767 0.7680708225201364 0.0500000007
-0.0409057610681123 -0.1223222379283944 -0.0500000007
-0.9652679893517649 -0.2588262500015228 -0.05001887704733492
-0.1800403317344408 0.7678935890443706 0.005065970275323926
-0.03162030613906456 -0.1461395103358996 0.0500000007
-0.955785692 0.294349909 -0.0499988049
-0.955706477 0.294141054 0.0500020757
-0.2413952720258582 0.7500489640237835 0.0001767472266575613
-0.953546590798121 -0.3003485925897955 0.04907838313101535
-0.9414789680000001 -0.3327663685 -0.05000085194999999
-0.9424940939999999 -0.33065024 0.000489384227
-0.2378338971952543 0.7503872984550728 0.05000072497449094
-0.92926544 0.368327916 -0.00691429852
-0.928354503334243 0.3709334573602301 0.04999663827018812
-0.9223811204539983 0.3858240115432019 -0.04999170489857798
-0.915106833 -0.402749658 0.0499943458
-0.9112369503868694 -0.410529760655085 -0.04999345246160333
-0.8957214655 0.440918192 0.04999980330000001
-0.1894992058516926 0.7668562617215784 0.0500000007
-0.4028189543356668 0.402860194070961 -0.04999811444190152
-0.875207186 0.483418971 -0.0500068963
-0.87383455 -0.486011982 -0.0499939993
-0.8763233598928166 -0.4809600432426107 0.05000009429482462
-0.8593513028523152 0.5095474297436851 0.04999863467564276
-0.8658963342332779 0.4995221879288028 0.001677822418422427
-0.8517723069735877 -0.5214554788714342 0.001117381683986799
-0.8218029422149239 -0.5692108066471915 -0.05000429466850907
-0.817564666 0.57585454 0.0499946438
-0.8154793380000001 -0.578963518 0.0499939546
-0.813254118 0.581585586 -0.0499852709
-0.7561517093941924 -0.6538543731320291 -0.04999323749518947
-0.7536863829817079 -0.6564698334059385 0.04999767359808231
-0.750496387 0.660916269 0.0499887392
-0.747081816 0.664287508 -0.0499988273
-0.4408947067227861 -0.0597051913996159 -0.0500013621397195
-0.684421062 -0.728948653 -0.0499863625
-0.678342938 0.7346320750000001 -0.0499925613
-0.6776122449999999 0.735252857 0.0499910563
-0.6744579080000001 -0.738333225 0.0499958545
-0.465225678948467 0.2950318406528014 0.004840653641655084
-0.3476136274286003 0.4409854916811453 -0.0500000007
-0.6078242659999999 0.793729186 0.0499907546
-0.5958126273354836 -0.8031065647322675 -0.0004974508195017824
-0.595652878 0.803278327 -0.0499963351
-0.593825042 -0.8045854569999999 0.0499993227
-0.593737483 -0.8046221140000001 -0.0499995463
-0.4501233090606116 0.1186431586550549 0.004606598711907392
-0.5251759061304987 0.8504059184442462 0.0500038418459425
-0.5070311875 0.8614325525000001 0.006069065545000005
0.1887424138527029 0.08522050043505619 -0.0500000007
-0.505045712 -0.863058448 0.04999917
-0.4981320051146074 0.8668550036586016 -0.04999569789684617
-0.49744314 -0.867390931 -0.0499970987
-0.425146431 0.905063689 0.050004404
-0.404192865 -0.914661407 0.0499971099
-0.4076768874005788 -0.9126359960425442 -0.05000051618371688
-0.402696371 0.915097952 -0.049994804
-0.323889494 0.94609493 0.0500064641
-0.316156507 0.948687136 -0.0500035249
-0.304225445 -0.952337205 0.0499951877
-0.302711099 -0.9530019159999999 -0.0500042886
-0.2190520826025517 0.9752495932975523 0.05000141881149363
-0.240678687659108 -0.9697356968440501 0.001268612570880907
-0.206404239 0.978308916 -0.0499948785
-0.198460698 -0.979984224 0.0500026718
-0.19160040781462 -0.9810932036177789 -0.05000310675606604
-0.1813896016701718 -0.9820722361307364 -0.0008487114622091254
-0.119406752 -0.9924860599999999 -9.707541899999999e-05
-0.111098133 0.993801296 0.0500003248
-0.103834666 0.994556129 -0.0499965176
-0.07770612406431751 -0.996068688780778 -0.04999786701764808
-0.0933582783 -0.995490432 0.050003387
-0.008223789167270385 -0.9996263248981054 0.001252410103054842
-0.0106521035 0.999813497 -0.0500023924
-0.00770106865 0.999955833 0.0499988943
0.0153063453161179 -0.9993238849420558 0.05000024081162698
0.00755287986 -0.999760687 -0.0499972776
0.06067699754999999 0.996593386 -0.0499977022
-0.07529099837034248 0.06161816796669994 -0.0500000007
-0.4169387999375338 0.338522163046723 0.0500000007
0.0925630108 0.995534778 0.0499994159
0.0890639602376314 -0.9955458920647122 -0.0499981538530859
0.109233566 -0.9939773079999999 0.0499995053
0.131982058 0.990767121 -0.0500060171
0.142823458 0.988425851 0.0499998704
-0.4120827876090623 0.1432634901607045 0.0500000007
0.192984223 0.980837345 0.0500011928
0.208092779 -0.978041768 -0.0499987379
0.211042151 -0.97741425 0.0499954298
0.2349413955725806 0.9714116074715644 -0.0496018109586661
0.5503101282809122 -0.597491996282066 -0.0009786613147233583
0.29795897 0.954292297 0.0500029027
0.3141083293877973 -0.9486443996823507 0.005351528203102475
0.30251652 -0.953189194 -0.0499992929
0.31089887 0.950272024 -0.0499920733
0.314847857 -0.949045241 0.0499995612
0.4016352 0.915721357 0.04999841
0.401949465 -0.9154727459999999 0.0499965474
0.40968731 0.912067175 -0.0499967486
0.413729787 -0.910328269 -0.0499982797
0.4754549457925146 -0.8788466065763417 -0.002452247552244505
0.499157757 0.866188347 0.0500004254
0.4996869626456986 -0.8661800161906161 0.04999939762090339
0.506183207 0.862363458 -0.0499989986
0.5075801328514674 -0.8608730522442957 -0.05000369368435312
0.5476329412845695 -0.8351021206705336 0.01348291724859545
-0.2473922242605868 0.5392247356862266 -0.0500000007
0.59152782 0.806267977 0.0500003658
0.592173576 -0.805808842 -0.050000459
0.593102098 -0.80512774 0.0500007905
0.6007311017754633 0.79915499668519 -0.04999740356773242
-0.2208952182620803 0.7886901610917612 -0.05000000074205731
0.7215363918042638 0.4149403803470251 -0.0500000007
0.6579149208780929 -0.7523258442998771 0.00557110442512971
0.670533597 -0.741878927 -0.0499999672
0.671525598 0.740698934 0.049994126
0.67863071 -0.734397113 0.0500017256
0.681115985 0.731813967 -0.0500079542
-0.3158965284775977 0.7747572727757456 -0.05000000035181362
0.337713315641946 -0.5216222043729785 0.05000090624356869
-0.2437275078353469 0.5794877283835306 0.04999265155303119
0.7178312790113357 -0.6943079659665841 0.009863018312439208
0.742776871 -0.669507682 -0.049998261
0.748331964 0.6633756159999999 0.049992539
0.753472388 -0.65713501 0.0500034392
0.7529829188428625 0.6572128224421508 -0.04999689190881003
0.4955891958662748 -0.2187752545344458 0.0001037628671904323
0.4865159348230815 -0.03711381172150677 0.0499971929755335
0.7154231215312516 0.3474830852584005 -0.0500000007
0.810893655 0.585015893 0.0499915704
0.8125700836576196 -0.5826143635228341 -0.04999956271225943
0.8197115536994406 0.5716537012370417 -0.04999711120528952
0.813286304 -0.581794322 0.0499973185
0.8411194145396766 -0.5382427401579774 0.004309217858061822
-0.3418623121588095 0.3481529600232358 0.0500000007
0.860749722 -0.508580863 0.0500029847
0.866308391 0.499092519 -0.0499948859
0.866813362 0.498648465 0.0499949642
0.8756269679567198 -0.4819525733960675 -0.05000568056614819
-0.269618464979261 0.3538163905071622 0.0500000007
-0.5289939905440003 0.4488008718131077 0.006003349332743017
0.1836099635323773 -0.7364536621924058 0.0500000007
0.909188271 -0.415637523 0.0499881878
0.913168311 0.407508612 -0.0499988049
0.9149761762803935 0.4034205779896385 0.04999651913330388
0.918238401 -0.396035463 -0.0499975309
0.5615434716606734 0.60591014117569 -0.05000000316333592
0.9318681806252224 -0.3590453227789486 -0.0005569134724433314
0.9358304056571735 0.3488086575923472 -0.0008866267858343886
0.949758083574791 -0.3123577885603592 0.04999915014229574
0.951567829 0.307425439 -0.0499999151
0.953803301 0.300387323 0.0499988273
0.9534939863716161 -0.3012765830515404 0.001440067280502152
0.960917473 -0.274961501 -0.0500071794
0.97341603 -0.227130786 0.0500002652
0.9764068111728479 0.2140877605944266 -0.002066109262308616
0.9788791428322744 0.2034595693466536 0.04999986968027737
0.979596972 0.19963938 -0.0499878824
0.9808568343917131 -0.1901045759398734 -0.05000907366349362
0.9862585684908383 -0.1570332312362047 -0.0002361610967073562
0.992388248 -0.120439798 0.0500072092
0.992926598 0.116224833 -0.0499946214
0.9952645393030662 -0.0927085036252574 0.006362679267927479
0.995562851 -0.0935910046 -0.0499880463
0.996223211 0.0857135504 0.0500012636
0.997428715 0.04636705945 -0.04999456179999999
0.9994906601023511 -0.01762581166095971 -0.04999813988950624
0.9995353219999999 -0.0216796882 0.0500045493
-0.8009144071835417 -0.3465974624969169 -0.002694181720411283
-0.08536440131112512 0.4841125516946853 -0.0500000007
-0.4844060675595686 0.2467689045356379 -0.0500000007
0.0366476516352765 -0.8644361523047903 -0.001723607308494031
-0.1232237262067898 -0.002773036226613659 -0.0500000007
0.1295980904614182 -0.8405356060937633 0.04999999995874052
-0.02355906079533834 -0.589853180071734 -0.0500000007
-0.1106410439688096 0.09123562489685119 0.005531255856245534
0.7598369766267502 0.436333685791394 0.04999887403045672
-0.8491043708174139 0.170482655265286 0.0009821274788626771
-0.8313708371509239 0.2037141340073864 0.05000000031073919
-0.01277218307031384 -0.8069643722661695 0.001319389168845537
-0.6424616028753056 0.1737083635796488 -0.0500000007
-0.04338892463621165 0.5657560790611802 -0.0500000007
-0.2892178580673829 0.1948409347673392 0.04999890256230398
0.8705387338230995 0.1335834459528005 0.01071666235154765
0.5611921595294344 -0.02257946705603682 0.0009655704250761655
0.5667431683016517 -0.1827615627068223 0.0500000007
0.08336053710418248 0.104260785574442 -0.002020101862703749
0.5597588260221642 0.07849495065474268 -0.04998938968334666
-0.4972808097354769 0.1308633123229838 0.0500000007
0.7780315875 -0.625651002 -4.71250000001755e-07
0.08663723998663676 -0.2394987955222193 0.05000027351795235
-0.3067521318985647 0.3914927261334572 3.016849264795899e-05
-0.05033061306750337 -0.630771558723604 -0.004489230920110206
-0.4747543142487122 -0.04185504961627948 0.005810006605514743
0.1106285154985169 0.4022179073889802 -0.0500000007
0.04858070764131081 0.6803753311892984 0.050000065645513
0.09475454411923029 -0.1051511070763469 0.0500000007
-0.0005027759206146822 0.6523651225474464 0.0500000007
0.8363236683424442 0.09551551626813683 0.04999999942058244
-0.5546333834585679 0.07344041032958244 0.04999968453780158
0.6176128397882186 0.5987398038372042 -0.050000001012135
0.8419579016154994 0.2074560128172042 -0.05000000371898176
0.6445442766838126 0.5891632052759715 -0.001159461233034487
0.5196458952927031 0.02209003284067364 -0.0500000007
0.06652938800616318 0.6617780165820459 -0.003811141536954068
-0.5391577465792409 -0.178658697325335 0.0500000007
-0.7370346211534866 0.0521655121871866 -0.0500000007
0.1024201336517627 -0.1768475743754749 -0.0500000007
-0.6696481108332007 -0.4401134514576651 -0.0500000007
-0.3151325139465433 -0.8307155851814196 0.003226176732333513
-0.7269953962030332 -0.05994873467549981 -0.0500000007
-0.02923628157049336 0.866318807601254 -0.006185997769379196
0.1095454631950113 -0.1780720643202817 0.0500000007
0.618509992426305 0.6240501167048064 0.05000000401806139
-0.9330817266873831 -0.0791910181090512 0.04999970693132059
0.8481119258493475 -0.1603505009754145 0.0500000007
0.7983488136479111 0.2641060964023624 -0.0500000007
-0.5928834874458199 0.001047926243665637 0.0500000007
0.8692721874761945 0.1453508625064858 0.0499999978860243
-0.9101677333940469 -0.1320033140325075 -0.05000007919053603
0.7471044199680661 0.4690434561734266 0.002130681116825334
-0.1163846996522388 0.2051157898077731 0.0500000007
-0.4717169041445871 0.5680231010956833 0.0500000007
-0.177884575366199 -0.07240158881871454 -0.0500000007
0.2252714588388768 0.8476711870477747 -0.001775118188708443
0.04864660607772675 0.8852877440432065 0.05000000073611786
-0.03136425862637943 -0.7874011686034531 0.04999960638078643
-0.7439181606059554 -0.2027413219306592 -0.0500000007
0.1200394353868505 -0.8601348273774028 -0.0499999969453078
-0.08349824521853175 0.8726137520335822 0.004684903595610593
-0.4185252509387221 -0.01804034894736836 -0.001693079072155829
-0.1409845466575026 0.865707893819182 -0.05000000268575809
0.2874512241499826 -0.8408426768262997 -0.0500000007
-0.1005021166513612 -0.03016179634547067 0.0500000007
0.8066420897276003 0.3409528663832431 0.04999998983479034
0.009385332985949832 0.6287429151160179 -0.004549538647411662
-0.2352919382758387 0.4541099914524632 -0.001786299810873701
-0.8701601670404885 0.126387984736403 -0.04999999789500634
0.8725078357006966 0.1521422307175369 -0.04999981492618478
-0.198423157872844 -0.1877121786135282 0.0500000007
-0.1950518814936262 -0.06636139350336448 0.0500000007
0.5988233690100407 0.3036213262190856 -0.0500000007
-0.8544906769561003 -0.0105065299665316 -0.004097657897985787
0.6565778117650625 0.5530098885300367 -0.0500000007
0.005502084265953614 -0.1029400306442701 0.04999605617394431
-0.9001182426146089 -0.2667110418858571 -0.04999998317784628
0.4828636027813066 -0.08716418626899612 -0.001514047702753123
-0.4567064307425218 -0.1753330176093486 0.0500000007
-0.2068234020972457 -0.3476446881520953 -0.0500000007
-0.165043999921595 -0.2529145958978159 -0.0500000007
-0.1296971450771222 -0.8623908049288288 -0.0118605788264475
0.1461012119770428 -0.7900412613563164 0.0500000007
-0.03843121044166482 0.2731675322012954 0.0500000007
-0.8162497634324594 0.2937255532869733 0.0500000007
0.2014322930565852 -0.3375878428279789 0.0500000007
0.5153912089969108 -0.1758647258932047 0.001861775087844188
0.2067036317806096 0.7461287533937564 0.0500000007
-0.8045170699678317 -0.5024075129729806 0.05000006510115598
-0.7849929555522382 -0.5031304792148665 -0.0499998658020786
-0.6335561883533709 -0.4736082695381155 0.0500000007
-0.7316917016840438 -0.2799492633983877 0.0500000007
0.7644152134657695 0.39314928028132 0.001014973319742259
-0.02585506324716278 0.8756312841595231 -0.0500000007
0.07153359975695674 -0.1118691333930402 -0.0006908845340562405
0.5577083360124996 -0.1524466442079138 0.003439078028659361
0.861206449191507 -0.1244815919157951 0.004605704102285463
0.05140532174146183 0.22247016639335 -0.0008788693046300678
0.5895329881683739 0.6537197968197771 -0.0003650103722864803
-0.7474243110331519 0.4751372493324183 -0.0005851678279852261
-0.1525746440682934 0.07704218295421905 0.04999827692629934
0.2832717799017491 0.5546038239103172 0.0500000007
-0.2127658703307075 0.533140228366497 -0.00408554112457155
0.2313745197676091 0.8444291053150477 -0.05000173122670383
0.2385160409167615 0.4835433641118053 0.0500000007
0.7285006462421242 0.5037910857013503 0.0500000007
0.4790046393123853 0.7362141789427122 0.0500000007
0.8634933740190384 -0.07289559466555097 0.00545963361532074
-0.8742464351207032 -0.07462754392941291 -0.001365387815645713
-0.6057801477224179 0.6142165893643791 0.0500000007
-0.3623425027665976 -0.7392883038002238 -0.0500000007
-0.6066232724000122 0.7125535441848112 -0.04999996618842097
0.05735085195589667 -0.2266510976903967 -0.002892082710213411
-0.4261194947991072 -0.1250864535254864 0.00758437500212592
-0.4100618710893874 0.05220298289552175 -0.005792552842191796
-0.4960472782744603 -0.7329759118484966 0.0500000007
0.1065673128781104 0.8649854916613599 0.05000000129501442
0.01105403524524712 -0.5777191448819814 0.0500000007
-0.546643232115291 -0.687411068226247 -0.0500000007
-0.2409165009775291 0.64620736631875 0.0500000007
-0.8638104266476675 -0.1856670705964399 0.0006664760829930115
0.03056988849779487 -0.2275367890612454 -0.0500000007
0.8692359508019557 -0.1014695435558866 0.05000000830582203
-0.4951662719322904 -0.799905669314897 -0.0500000033929917
0.5213590675004097 0.09490386930512745 0.0500000007
0.8675043860224639 0.08721459758278155 -0.05000000159626767
-0.08516995656923812 0.8655742208698011 -0.05000000308745176
-0.8614647018363613 -0.04806723859121478 -0.05000000589495043
-0.3356767150297223 0.7385861866300952 0.04999031654264169
-0.2534702795561778 -0.8368138409628889 0.0027486289823704
-0.8291679212045646 -0.2565066292052542 8.178896944267125e-05
-0.4383403672147534 0.7286279942943854 0.0500000007
0.2231966047822212 0.6328890245746891 -0.0500000007
0.8484939344238921 -0.2077473988172518 0.0004262469929343496
-0.5151982021675737 -0.7001486300169392 0.0003348538863912453
-0.4260381719216074 -0.836289477917824 -0.05000001409083226
0.5366327948630631 0.6858415930297677 0.00189513344956974
-0.006933938009296257 -0.8296137748756889 -0.05000000285102739
-0.433121061805659 0.2405714561576016 -0.00829624718337948
0.05572551769813418 -0.4616189792545579 -0.0500000007
0.01154485120316531 -0.5173088963563336 -0.0500000007
-0.4195422498199369 -0.703045402654267 -0.04999936059656321
-0.1006660069640122 0.6636297855838457 0.0500000007
0.05806958524198313 -0.8221771649203869 0.0500000007
0.1276414267480125 0.8472860484485625 -0.0500000007
0.399059772286691 0.06858596824309471 0.001664817643947162
0.6871251649776033 0.3703807522758324 0.001363102156400631
0.01807570121325185 0.8273726933126854 -0.0500000007
0.1558456926952778 0.6119838039705436 -0.0500000007
0.494302915165273 0.2003681823223734 -0.003396514800325445
-0.003587761068979597 -0.00326969309947485 -0.0500000007
0.3039386982354474 0.4197646439122599 -0.0500000007
-0.3509105449944231 0.8815418874300648 0.04999993102067925
0.6506460638246073 0.1025596899760143 0.0500000007
-0.4972823394174201 -0.3069234548528007 0.0500000007
-0.1610539983007097 -0.1111698112876771 0.0500000007
0.5943521186105811 -0.6780051814201753 0.05000001671378962
-0.1057737189781027 -0.9263064791817408 -0.04999767927810191
0.2400541213577155 0.6553019318888623 0.0500000007
0.02537346490495432 -0.6544664824622815 -0.04999645509893269
0.3772556898240957 0.6082280927116678 -0.0500000007
0.2660048752200945 0.2020498927459306 0.0500000007
0.5895286468911015 -0.04451636678928854 0.0500000007
-0.6217799606429262 0.6048392941761888 0.003685424123961976
-0.4262981964876865 0.7889549896778278 -0.0008786156701017849
-0.4402970441188387 0.2409541244470361 0.0500000007
-0.8751543849469894 -0.2012399909965878 -0.050000003985541
-0.5885912154319277 0.1773639415066945 -0.0500000007
-0.9043630946237122 0.1240681482060992 0.003384819088113307
0.7770221140329283 0.3014460405404062 -0.0001581542979354288
-0.5991865106938097 0.5904334312570624 -0.0500000007
0.7122804889034261 0.310035676597864 0.003989579983972436
-0.06492726926536077 0.7427328616265549 -0.0500000007
0.09529304221020811 -0.1007258611466114 -0.0500000007
0.1794320475720063 0.8597423651090597 -0.0500000007
0.1360698539722639 -0.6852882382371569 -0.004973959872616825
-0.8277956130665186 -0.2947608155390604 0.04999999750547345
0.01383790623119307 -0.2531403510571546 0.0500000007
0.3045600622881993 0.6298213644743271 -0.003871523150973962
-0.3735842545132809 0.0747040678074771 -0.0500000007
-0.7951828905219892 -0.4167431295438483 0.001924393091804074
0.5390705729584164 0.181996145373772 0.04999817099773886
-0.8006942687740588 -0.3666130376466896 0.0500000007
0.0671767208059445 -0.7386081806300951 -0.04999876212962698
-0.190347035919312 -0.6729634975842728 -0.0500000007
0.05867288573155861 -0.8938870670806579 -0.04999999255336883
-0.07241158824057528 -0.7401595912412698 -0.0500000007
-0.5574127014887639 -0.6869080223308688 0.0500000007
0.5799064021130177 0.66934513997686 0.05000000181054181
0.05023041428951876 -0.9344572862196945 0.05000000359996588
-0.5548834231501691 0.1686809246559779 0.001198946348868242
-0.3412926769170573 -0.8449530111764643 0.05000000226425572
0.5740038433678647 -0.6591758930025348 -0.04999999583453547
0.08970421793239682 0.9174437168571238 -0.05000000168247822
-0.1243255625199087 -0.05032917107317031 -0.003594299570136357
-0.07142300361287569 -0.251918344812716 0.0500000007
0.1518501695352181 0.7385861866300952 -0.05001138915340766
0.02104497332828462 0.6596468275099758 -0.0500000007
-0.1958252572493568 -0.8611426499469834 -0.0500000007
-0.8063364306587353 0.3670766374316974 0.0500000007
-0.1477499045896239 -0.4988649352467561 0.05000009319357299
-0.4919014788595835 -0.24467180023642 -0.003198493857330476
-0.6668995618761616 0.5630584295041844 -0.04999999621220322
0.6763232996267502 0.5666905042913939 0.04999690708045672
0.3374276555684012 -0.8669829591759999 0.04999995338237005
-0.564775775290567 0.5709658601909374 0.001051646882517921
-0.3190139551751097 -0.7354610396179462 -0.004322661940669014
-0.4146260298130739 0.009711549234106193 -0.0500000007
0.3407857961105218 0.7370508267995567 0.0500000007
-0.6020010148896598 -0.6418222377712275 -0.04998640444323962
0.8584429284326947 0.2051913845313874 0.04999947927594676
-0.7090410785898048 -0.5265921092593436 -0.0500000024966338
0.2907386561152498 -0.7319227099684859 -0.0500000007
0.2798087916169241 -0.3436340089194876 -0.004787001900282325
-0.8417377160901112 0.2993366642093631 0.001638618273287538
0.1868719600081142 -0.9245470477649816 -0.004794105247516001
0.5904191533834593 0.263388870032418 -1.17926207604583e-05
0.05682528553264359 0.07051779220059719 -0.0500000007
-0.2233766647706715 -0.564907238410926 -0.002335639018571887
0.4275408856563617 -0.8452881981962774 0.05000009150785198
0.1381178800014619 -0.7030783335124368 -0.0500000007
-0.2465444247692389 -0.838303861692926 -0.04999999812263453
-0.7093355379333255 0.5226982446027887 -0.0500000007
0.4734317999377133 -0.6138650932052816 0.0500000007
0.4728478263280356 -0.6887394401946908 0.0500000007
-0.05339095350637202 0.6613143569253158 0.0500000007
-0.4037804702310692 -0.1305870589722833 -0.0500000007
-0.3071171442996559 -0.8050595887726546 -0.0500000007
-0.3135015287243343 -0.7011086857827281 0.0500000007
-0.3691865430148611 0.8020338359824548 -0.04999846116482408
0.5259882182858552 0.7040230046633942 0.0500000007
0.5257375869137957 -0.704220998870936 -0.0500000007
-0.03828559048671832 -0.6398751884514889 0.0500000007
0.5315661273208058 -0.7047227618032208 0.05000021009416793
0.3144658499438012 0.8498225887621601 -0.001771408093542051
-0.5206793533650941 0.7102817761590212 -0.0500000007
-0.3942467291571338 0.6235667260100155 0.0500000007
-0.1590579011036327 0.4948143899502693 -0.04999958734966703
0.7172013022148296 -0.586594140966693 0.04999991521624052
0.6076193575509684 -0.47072182721449 -0.0500000007
0.7902364871057782 -0.4312292449073506 0.0008025470273796682
-0.3851711778974239 0.2726653093225878 0.009677161860024097
-0.4451291377949153 0.4837691621166429 0.002713052709296961
0.7114512332525356 -0.6303299838581786 -0.001655825463873643
-0.3292851331188341 0.8381419988411221 0.007242594828615857
-0.2546206309441215 0.8570050656018742 -0.01207320776529274
0.5986454557336686 0.4753347427369429 0.0500000007
0.7531489093372289 -0.5926359388649525 -0.04999958462470612
-0.6042848557724386 0.3999286528730196 0.0500000007
-0.730288167688482 -0.1625924741586183 0.0001915556875008301
0.7758270715897017 -0.5270167369265286 0.05000014551795047
-0.5373476840630592 0.420611678317691 0.0500000007
-0.8928528031826553 0.3226929555474803 -0.05000035139370601
-0.4592530068139659 -0.6382294577947955 -0.001034927501106342
0.1423213302111174 -0.5121758214367654 -0.0500000007
0.4076967896108149 0.8088003285147571 0.008515299681017663
0.6551027697440811 0.4158177716911428 -0.001394507805202972
0.02073115376419166 0.8672813475073812 0.002114046327855281
0.5419396655055388 -0.03370328951971154 0.0500000007
0.8811443925152012 -0.338325055076958 0.05000034877286647
0.7478050894160466 -0.3420058876809423 0.05000000054665103
0.8826787329096684 0.3491432762816412 -0.04999994601744261
0.7385991138653895 -0.2014465925354805 -0.04999773530771325
0.7484526801405443 -0.2647339852535423 -0.0500000007
0.7497794275753876 -0.3356333921046098 -0.0500000007
-0.4574487455318751 -0.2107124639102389 -0.0500000007
0.9212685206185474 -0.133872471356429 -0.05000025209395885
0.7456185530809594 -0.07821142365714907 0.0500000007
0.942136896765415 0.008291621322635157 -0.05000029792916268
0.7454949911189102 -0.08266655610520866 -0.0500000007
0.9194667827244775 0.002384891164709385 0.04999999711641478
-0.6781014639801176 -0.3358759913976476 0.0500000007
-0.6542522922556294 0.3825397810714792 -0.0500000007
-0.08463684242480879 0.2437621174866932 0.049997214602307
-0.5136896684798594 0.6848149530041686 0.05000000670301784
0.2906941204307767 -0.1153673874561363 0.0500000007
-0.6584770365159803 0.06754613847165208 -0.0500000007
-0.2234828002761909 0.4849173363307507 -0.04999979402483351
-0.9006662485513531 0.1468851550292365 0.04999987328928365
0.3936486600424965 -0.1199211951455431 -0.0500000007
-0.2470424518546717 -0.692511282917163 0.02170283950940632
-0.4744100604266268 -0.2484195359757849 0.0500000007
-0.3196892645090195 0.1043719840864275 -0.0500000007
-0.631323375882806 -0.2981651291831589 0.006536490175077582
0.6502720728442108 -0.4943216967197371 -0.001260725658433007
0.2504845201961033 0.8138509701252254 0.0500000007
-0.4951134026397572 -0.5489770570210581 -0.0500000007
-0.1636415120028557 0.2995286005808845 -0.005100339219848593
0.5252978862784756 0.1727774356383769 0.01600828086489677
0.3098743554400487 0.6299392532445489 -0.0500000007
-0.6764323283071021 -0.3851012492232394 -0.0500000007
-0.2290152073710243 0.8594180154643519 0.0500000007
-0.1595310666536412 0.3375365441765803 0.0500000007
-0.341040664624328 -0.7733625666043517 0.0500000007
-0.5258185499431904 -0.1767183495185966 -0.0500000007
0.6069214666725412 0.2232609191872459 0.0500000007
-0.5982207955130597 -0.06664456200306004 -0.0500000007
0.2053316852693393 -0.7085854734273362 0.002066993746381557
0.2636879502267331 0.1510003011702716 -0.006397283918048839
0.3128765163749244 -0.4246127325184219 -0.0500000007
-0.1555915268934768 -0.1801037377041165 -0.0500000007
-0.5335800006499802 -0.08714758813514581 -0.0500000007
-0.4982733852147315 0.08652894676113389 0.0159388018076263
-0.2645697655710187 0.3553814916913772 -0.0500000007
-0.321530578687231 0.5568584258286826 -0.0500000007
-0.601308641816389 0.7141218264720797 0.003809609667767184
0.520178478136999 -0.1567883625334467 0.0500000007
0.3876407913309716 0.6379206776599436 0.0500000007
-0.3819879682933428 0.6895705646253154 0.0500000007
-0.5568549295815761 0.2201738113770912 -0.0500000007
-0.291402332049605 -0.180345996695168 -0.003803018415517511
-0.3816511760865555 0.537150362493137 -0.0500000941609468
0.5061948152009113 -0.5217768426897442 -0.04999928065344929
0.6043912371277985 -0.1196441464043212 0.006675511083701062
-0.6626080958580465 -0.06329664833927992 -0.0500000007
0.6414459288877929 0.3657272639237419 0.04999922038489805
-0.0549289695298721 -0.02975156069846796 0.001869992296284521
-0.8339144116485556 -0.1708789096250039 0.0500000007
-0.1834492647590168 0.8835376755920455 0.04999998657020829
0.1420441287633163 -0.3447444329013255 0.002220299816828934
-0.1111649542070357 0.8799851301933656 0.05000000263918639
0.3716831941067322 -0.2335309843075192 -0.003298447035135692
0.5723563082144036 -0.1239229233915149 -0.0500000007
0.3780827572889741 0.2873141135512385 -0.05000590796378596
0.03983347063815731 0.02050266952981787 -0.008463813883355023
0.2465545671473168 -0.7736837299708671 0.000367971543098492
-0.09458117036266649 0.1543527154636813 0.008535310492559364
-0.1494833505846718 0.6503862097936866 0.007293463440210174
-0.1732896731905906 0.8751504017502884 -0.002244666369085603
-0.201113440983003 0.6405414841099433 0.007981548763382111
-0.4600715452282554 -0.1529919559645303 -0.0500000007
0.3112505130377788 0.8515183174446551 0.05000000018647698
-0.3337910114406517 0.6048052060884451 0.0500000007
0.4700301566416115 0.5794868891644434 -0.04999964006094846
0.03008776867662911 0.7417639041705923 -0.0500000007
-0.09723224306228401 -0.3309800837654924 -0.0500000007
0.7447345310240173 0.09543263651489954 0.0500000007
-0.4203488237057441 -0.06715619551182683 0.04999945308533289
-0.3166909630361165 0.07267715875275857 -0.003725207836385612
-0.3529992825295921 -0.141780093598386 0.0500000007
-0.7069898351891216 0.4569986394310435 -0.0500000007
-0.8325299546463252 0.2694232028790638 -0.05000000259939593
-0.2606538726772292 0.9167463852008052 -0.05000001875725688
-0.6185825517308516 -0.3330443734332398 0.04998886314878989
-0.02094101695039732 0.8930155527124131 0.05000000037688925
0.00585073396920523 0.2762361459678468 0.00172485086788863
0.5899571069882524 0.710279672517911 -0.0499999777487775
-0.4798553206210054 -0.4941666493919515 0.0500000007
-0.580091990025985 0.3960838308706918 -0.009512695481850136
-0.3429125184692728 0.5228590336692577 0.0500000007
-0.07130353388338413 0.639247055061654 0.003480001553793663
-0.09276016758815259 0.5818650003741541 0.004274093894111585
0.2522893974980174 -0.6831992675346867 0.0500000007
-0.3336041460134434 0.3463429198522144 -0.0500000007
-0.1256981602266158 0.5355544055375023 -0.01093527623945689
-0.2247018313648102 0.1017484896099917 0.000376801650097305
-0.2531875701400633 0.6809241283556153 0.003748977122986341
0.8116005540472749 0.06937767005718214 -0.0500000007
-0.2514243897171476 -0.421275394080796 -0.0500000007
0.1327306447778319 -0.1359920071901604 0.004559628023643224
0.4089216664166546 -0.2644066998101623 -0.0500000007
0.3791989819210269 -0.8141814708549616 -0.05000000022259595
-0.282177790470215 0.8473361381492669 0.0500000007
-0.197081910196774 0.6461193378912776 0.0500000007
-0.2624698570918285 -0.2088852633291572 0.0500000007
-0.3828365485204269 0.8253363906128324 -0.0028297944521291
-0.8950246875615049 0.2473638248450682 0.0004753595047002435
0.4406978560729367 -0.797685242398224 -0.008714531032644116
-0.2783715758177966 0.07140132105355175 0.0500000007
0.5609690245326315 -0.2985406435220392 0.002603084128192136
-0.337694721609872 0.1936195100094882 -0.0500000007
0.8219881671011905 -0.3536169982166059 0.005183214617321888
0.3226284891927472 0.8359699374818792 -0.0500000007
-0.1614775138106827 0.6606180152108994 0.0500000007
-0.4826657364902973 -0.695370231916704 -0.0500000007
-0.2096299863863338 0.6214961970084847 -0.0500000007
-0.1983034978406125 -0.7448663331170183 -0.0500000007
-0.1872498199899609 -0.595516317884982 -0.0500000007
-0.3432175456009003 -0.3517873436332572 -0.0500000007
-0.1139065831835545 -0.4636740212891684 -0.0500000007
0.3047680972830779 -0.4948361971102611 -0.04999940871362366
-0.3955129454887045 0.2934201629296077 -0.0500000007
-0.4422332451272137 0.5149416668658149 -0.0500000007
-0.1304815462204632 0.3987421924327936 -0.0500000007
-0.4997003819693813 0.4381085179381629 -0.0500000007
-0.2140396574822355 0.3173515657561629 0.0500000007
-0.01749521244727298 0.06713420151182692 0.04999895269621189
-0.2720004666621117 -0.4974692837193629 0.0005196199943616142
-0.8871749774611165 0.2843366359325106 -0.05000012713330362
0.01635232465738919 -0.9401168898669389 -0.05000019720805242
0.4914821880702983 -0.3675826365974347 -0.006228279632887201
0.5927453294902379 -0.1309027932409382 0.0500000007
0.007803644973254861 -0.5784211693900502 -0.001032491278842979
-0.04035597755333142 -0.0504690482210771 0.0500000007
-0.1542349027529517 -0.8245777267050587 -0.0500000007
0.4057436458160376 0.8134661762001674 -0.04999999599190285
0.08122383331801369 -0.4359305867736473 0.0500000007
0.1911789048765713 -0.4761301755839748 0.0500000007
0.203964426691527 -0.5280846096261343 -0.0500000007
0.3192753352304957 0.1753032083012147 0.0500000007
0.1879487425986728 -0.3847273245360946 -0.0500000007
0.116819355848098 -0.5061083507030403 0.0500000007
-0.9196392507160881 0.0897493273400751 -0.04999998565739746
0.1856393291286925 -0.0636949050062047 0.0500000007
0.892862846114571 -0.1691452650194447 0.00146531103139997
0.2494531734454941 0.7397373324861155 0.003579848025234635
-0.8247252371687751 0.3407170586477081 -0.04999998804434613
-0.4069976637442779 0.5624186339015311 0.0500000007
-0.2483472511624017 0.4717407503811117 0.0500000007
0.4283033657398698 -0.4614917814249266 0.0500000007
-0.08158982746613129 0.1692637116221508 0.04999795827282714
0.432347416453934 -0.777584512323479 0.04999925188173007
0.06701423916379516 0.5252764323478847 0.0500000007
0.239000495841987 -0.8956882157504935 -0.04999995073653181
0.4174517175148613 0.8023872668150476 0.04999961664576742
0.193462987205504 -0.6639883026709082 -0.0500000007
-0.6062901194612532 -0.6344215343822309 0.0500000007
0.4962566119886641 0.06945556360599696 -0.0500000007
0.3357456780297227 -0.6043177836064415 0.05000181178713738
0.3278015729380171 -0.6630036738938814 -0.0500000007
-0.60808167354557 0.2147367019934663 0.0500000007
0.2510733444732622 -0.4700273865827879 0.05000009455110732
-0.6906426545740162 0.2304791029834341 0.0500000007
0.2220669847759697 0.04797352755322848 0.001330080545390679
-0.6060149449504577 0.1019505247926573 -0.002119705365251435
0.3325993824512974 -0.3442090803821271 -0.0500000007
0.7313464694243557 0.5917282172254626 0.006355251605400993
0.5859426450009549 -0.7171979454598268 0.0004132597526491524
0.7085765686020852 -0.1622101765292908 0.0500000007
0.2536496582736126 -0.1935918550210705 0.0500000007
0.216434461437206 -0.07573268031073954 -0.0500000007
0.48395008878766 0.7940157136079651 0.004232307527526779
0.3050572048718093 -0.3493975703778293 0.0500000007
0.2100266596209352 0.01075405941498056 -0.0500000007
0.2900824961816947 -0.0803264169613802 -0.0500000007
0.2581203247596773 -0.8494787448455847 0.005494355927835632
-0.1258490866716045 -0.1504592545760739 -0.002329110319168583
0.268928596441617 0.07803684502775531 -0.0500000007
0.01523849036441218 0.4810825267560342 0.0500000007
0.5794379564265717 -0.0802679020169937 0.0008164047161870583
-0.2961028232010527 -0.12134943183902 -0.0500000007
0.02463110870168673 0.09304618797026715 -0.0002062055792844392
-0.7388780082278764 0.5380820513785465 0.007027059558563532
0.2823719182682803 0.3325579553583456 -0.0500000007
-0.5873315493833289 -0.1324886196927055 -0.0500000007
0.2861289980417978 0.5196242593606202 -0.04999527237063374
-0.5808229110551826 0.1339398827540094 0.0500000007
0.5478196992455591 0.2656786562789504 0.0500000007
-0.9046814463479749 0.01212148917543311 0.04999960505890132
0.815504604390945 0.466115737438185 0.0008712617472206489
0.387778194948608 -0.5166626413034502 0.0500000007
0.4036708761622857 -0.5965019150858158 0.0500000007
-0.3689577265835039 -0.5243349927316426 0.004582684258531454
-0.2651747588579295 -0.377003014159902 0.00650875682539345
0.3338996699800312 0.7957636055821594 0.01668771124542059
0.005039566622461238 0.3708807534279079 -0.001126069622766073
0.02547766807017144 0.4426717576917352 -0.002533475594621774
0.420222850307582 0.1759967282500268 -0.0500000007
0.4204279183027576 0.3286208112683213 -0.0500000007
0.4825693532152296 0.2789078337538521 -0.0500000007
0.4827487472669459 0.2174301781724196 -0.0500000007
0.4240363331206251 0.424240073613634 -0.0500000007
0.464039655987561 0.4898266135557459 -0.0500000007
0.4813031249610528 0.5923199840790931 0.0500000007
0.4676026807708228 0.694039380435961 -0.0500000007
-0.7264187578481552 -0.009403773294014643 0.001069636465253854
0.519640840716014 -0.519640257182836 0.05000426196260566
-0.7536950684440109 -0.5543229941960025 0.04999993398913286
0.5547001318297968 -0.3357369895591341 -0.05000148096513336
0.5385635038151212 -0.09924878690679298 0.0500000007
0.5254880898485534 0.1390091428104975 0.04999963340019931
-0.3849491333212464 -0.5043226433428636 -0.0500000007
0.3071270836731284 0.7950543345026764 0.0500000007
0.6043146352535004 0.01751004410995333 -0.04998018166420637
0.7358042703606501 -0.1485579153291776 -0.009099049403788091
0.4796988980554626 0.08061781803163276 0.0007279250357004565
0.7945512789053009 -0.03477180847321461 -0.04999770685276331
0.5499866477489048 0.01563964013949562 -0.01794473980605417
0.5251256383739172 0.3372100270950175 0.0500000007
0.5476255834032646 0.4756067636230718 -0.0500000007
0.4494313314869931 0.08427854561766364 0.0499971929755335
0.6928308457150912 -0.2774005239698442 -0.0500000007
-0.3728783223327918 0.4301134763546152 0.0500000007
0.6441208122554465 -0.08910746672555937 0.0500000007
-0.1092291727452342 -0.2179399844637395 -0.005840097655934124
-0.1280387379558531 0.4696270642009439 -0.000249540740847119
-0.04676655363571107 -0.9261551318314729 0.04999999590165227
0.6650510454038978 -0.07159597235685375 -0.0500000007
0.6889891533966597 -0.1518344455729972 -0.05001443962952212
-0.3759589662920009 0.7499258840130993 0.003140544179008982
0.8086369894326948 -0.4063342507795671 -0.05000220798437847
-0.955995743848865 0.03954933904710248 0.04999964541545131
0.4608501277848602 0.8321035155443226 -0.01184602025726916
-0.4941433621375874 0.6246682593124828 0.05000000297180995
-0.8297609502353545 -0.157542323944604 -0.0500000007
0.4421308891002248 0.02311281397750874 0.0500000007
0.6483047429923322 -0.1998683900105248 -0.01369284860743472
0.4397037313359772 0.6134016923580996 0.002319635680301171
-0.9249682426595446 -0.136560301905727 0.04999990536765057
-0.7003980526332803 0.03483640904200691 0.0500000007
-0.7492732999059517 -0.06872521904050986 0.0500000007
-0.2603642640260903 0.2681972512587032 0.0500000007
-0.2495727244275024 -0.9009438655322659 -0.004509546958708234
-0.3430849956248585 0.58646674820085 0.0005580142856143911
-0.3094253316712694 0.14634840456052 -0.009907848579182277
-0.1051027802523075 0.1535365549488039 -0.0500000007
-0.05846649441736524 -0.03272611775259021 -0.0500000007
-0.4027716840264823 -0.5170724084857224 0.0500000007
-0.2809403624436726 0.02222267244703565 0.0003452508178773797
0.3092488321922101 0.6351149644888378 0.0500000007
0.3624339627683474 0.3491584357617438 -0.0500000007
-0.2103451510663644 0.4102819272462542 -0.0500000007
0.05806008899603636 -0.30620827031312 -0.0500000007
0.7721900801144319 -0.137361367065064 -0.0500000007
-0.6047674217758242 0.3117835014512048 -0.04999946868273082
-0.4561432450430402 0.3529231641053546 0.01477188149024503
-0.515297960053523 0.7661074496298216 0.04999999059336375
-0.2064214257677849 0.06731856653279955 -0.0500000007
-0.469675457444105 0.4276234210330604 0.04999505818924813
-0.361304801596216 0.0644129866910645 0.01419577299807498
-0.2779348399488887 0.09790880080138063 -0.002427838757391615
0.08256695703594254 0.05955955829324269 -0.004647306509678956
0.05882637039249555 0.0446499830645346 0.0500000007
-0.4651299567914416 -0.00727398108896162 0.0500000007
0.6709091561243927 -0.2119682528887706 -0.0500000007
-0.00428128077783603 -0.3472421342944956 -0.0500000007
0.4469832601815671 -0.7339005996805229 0.00807946032910614
0.3508813277930595 -0.1442499712939136 0.01155552676232513
0.1343949513675568 -0.4313829212088977 0.0002460959256430651
0.8374560969219556 0.3817877437149813 -0.005560152405125185
0.6642068407017304 -0.6404551681513603 0.04999998593076823
-0.5149913536895477 0.2053153752664516 0.0500000007
-0.3560650908947979 0.08012615355687716 0.0500000007
-0.6793998036770529 0.6341442479462799 -0.006173524757602628
0.1285460002657718 0.8105336030672288 0.0500000007
0.145255982855721 0.6490017153303199 -0.0006062034414857053
0.8299261103054141 -0.02167147462461913 0.0500000007
-0.7442153869221861 0.2779799823966482 -0.0500000007
-0.04730525586121984 0.1831869138417023 -0.0500000007
0.6744802303684637 -0.5228143420085861 -0.04999999993113258
0.9070884810409449 -0.236402060375353 -0.004585273515675612
-0.7406194277526282 0.3956394133726123 0.0500000007
0.8301131665725271 0.01582257504560343 -0.0500000007
-0.7267198891024884 -0.3372860217986786 -0.0500000007
-0.8173917417949317 0.4480971756374569 0.04999999060664387
0.7133173438298066 0.3463348961086032 0.0500000007
0.03384046068225938 -0.5165201241157985 0.0500000007
-0.5895317746425742 -0.5817613802458885 -0.0500000007
0.3418096897852145 -0.1153749272338721 0.0500000007
-0.6646233285035639 -0.5158983569254902 0.0500000007
-0.816334398802312 -0.08979225727489509 -0.0500000007
-0.7221043809274276 0.2099416049747286 0.0005847815525265131
0.2203471060895359 0.4311862862424886 -0.0500000007
-0.6099485714955888 -0.4590041510205721 -0.0500000007
0.06034303462699063 0.2739781785327418 -0.0500000007
-0.8204024358859816 -0.0736233505622834 0.0500000007
0.6528460573237499 -0.6819631663819041 -0.001074511536148086
-0.08462367016601474 -0.8290856735198323 -0.0500000007
0.5384973609905017 -0.4256012251949272 -0.001527708809400345
-0.6752233984946976 -0.6355122830980152 -0.0499998823313166
-0.5179773030696532 -0.7804414177754029 0.003627890092792226
-0.428570011725912 -0.5876921713420452 -0.0500000007
0.4248987996760473 -0.7745581563372296 -0.04999999645702247
0.9984820185 0.012343685625 4.993750000004821e-06
-0.8994007876853011 0.07975466426808142 0.04999967615567096
0.1560071933754262 0.8263745814473108 0.001219197212950759
-0.2032266483232134 -0.7199447388691723 0.008575730832475982
-0.2241619421387142 -0.5139873161013124 -0.0500000007
0.3645560021277899 0.4866649710370179 -0.0500000007
-0.4695920390667535 0.5950851828668786 -0.0500000007
-0.5356335820589339 -0.5182559981762302 0.0500000007
0.346232248054322 -0.002778763902423778 -0.0500000007
-0.7050963676584775 0.5854179521470759 0.05000007604747646
0.3524172758127896 -0.1492595668828147 -0.0500000007
-0.3618342297521553 -0.6637009531481495 0.0500000007
-0.06394780883029458 -0.3988260480119249 -0.0500000007
-0.1229800587315864 -0.6663613154243477 -0.0500000007
-0.5332981103319036 0.5432368230330803 -0.0500000007
-0.1952545880936909 0.3289773754007267 -0.0500000007
0.2510273771835324 -0.5477422712097056 0.0500000007
-0.1303829256734207 0.6658824071937026 -0.0500000007
0.5400584584362141 0.5451918833354024 0.0500000007
-0.8696292562591096 0.05315662872206144 0.01556647408993464
-0.448262782114852 0.819300678581232 0.04999808884783437
-0.4699611936416113 0.7385861866300952 -0.04999833455281356
-0.1267587714584417 -0.8866072134746358 0.0500000007
0.0671767208059445 0.7385861866300952 0.04999740707173975
0.1645752883886622 -0.7996731689113069 -0.0500000007
0.5379398654746749 0.4320500436550258 0.004046596840760153
0.1750295402687537 0.8946160253321588 0.04999998979606183
0.2481155872240201 -0.899323255256165 0.04999995818851743
0.3310730476346876 0.7468243595828105 -0.0500000007
0.3226647790487817 -0.7318419185446019 0.0500000007
0.5172581197641076 -0.7983222998860672 0.05000001353490764
0.4666455752229381 -0.7368613019608297 -0.0500000007
0.004648384100701963 0.1742573662497209 -0.0500000007
0.6049345296905355 -0.4768083817204906 0.0500000007
0.6043146352535004 -0.5547011687112153 0.04999358192583346
0.2688498435153926 -0.6034740443106791 -0.0500000007
0.6149751741982555 -0.2576383885220929 -0.0500000007
-0.1929452538814187 -0.4935302295829505 -0.005219474309512411
-0.3041827503214283 0.8615865850024188 -0.04999998119595721
-0.5951168689096372 0.6890511061390048 0.04999998261764447
-0.9211477792793098 -0.02226311578515497 -0.04999996035272877
-0.5684833468300456 -0.2403537317500295 -0.0500000007
0.7038298928808034 0.4910958079272895 -0.0500000007
-0.7274970423072188 0.1265318873523115 -0.04999598608308001
-0.1097464783189587 -0.09454236215339164 0.0500000007
0.745284543540222 -0.4633421135558897 0.04999999793167428
0.7190188732028967 -0.4640437380849728 -0.05000000125004755
0.4363373233606303 0.1252959450418779 -0.00352103633369113
-0.3804115730148612 0.8218249378150476 0.04999736027132085
0.3651507973648455 0.8363113597228408 0.05000000048800358
-0.154112979022368 -0.696167965774271 0.006673835276789363
0.1305273999461319 -0.9419731018855749 0.00659042716821981
-0.430817545505671 0.8354908404833885 -0.04999992419923463
-0.8784602971424929 0.240139741096398 -0.04999323130081907
0.2834406944987512 0.6896421287876927 0.005635603831832777
-0.09251001803394093 -0.8079686022493048 0.002937227566689232
-0.1332817675913355 0.1342794000236537 0.04999780597887051
0.8216631163750541 -0.3848321426040026 0.05000003393074311
-0.143386554116522 -0.7684831008806814 -0.008858161353379706
-0.2790885546525781 -0.1160018200252067 0.006781874713190762
-0.4570463207806129 -0.3312648323708312 -0.001003334716289134
0.4922405178074168 0.638000625977783 0.0003882183546039178
-0.2822974001107216 -0.6714585487212383 -0.0500000007
0.05951926499416352 -0.3004801329085443 0.0007362207201959212
0.2909701205947729 -0.2824684659156891 -0.00357744087801023
-0.6653987658161425 0.3990903036113488 0.007096961765235851
-0.5056539860451352 0.2294378926755006 -0.001989980223371921
0.491379398566133 -0.3183605521923395 -0.0500000007
0.2750993481199816 -0.5355200529858117 0.0001414767825865219
-0.4278705461420294 0.5789401570213358 -0.0009258904542532891
0.7462932947191285 -0.2766759397042377 0.0500000007
0.8778787766206806 0.3042129727646766 0.05000017713071515
0.2755647202432163 -0.6948942021675921 -0.0002648169812897545
0.6533093878274064 -0.4080699719538229 -0.004592152490631889
0.292941824360466 -0.8060451991896646 0.0499999993431108
-0.280210237476482 0.606692141916724 -0.0500000007
0.1485783696188157 -0.9867938300323561 -0.04999844587654295
-0.1966853288439999 0.7032049919875023 -0.0500000007
-0.2051512383544583 0.8848056344016104 -0.04999651261451377
0.9063895277176892 -0.1941250782941863 -0.04999989361903117
-0.7175187108231585 0.07054919673006593 0.005107948233153145
-0.1735122399940888 -0.1491799175018798 0.0500000007
-0.1114768354175945 -0.7900051671519517 0.0500000007
0.5339401938649966 -0.4612612226268985 0.05000243281844026
-0.5014040777228783 -0.3643021641746473 0.002558640198655563
0.3598130236024062 -0.08868168237135536 -0.006033636656625973
0.3236995648708159 -0.471115694653891 0.003962058235387485
0.2271234290837159 0.08698939906607836 0.0500000007
0.8269280215111176 0.4171824499101814 -0.04999990447984555
-0.380942399112836 -0.6819556079495297 -0.0003875629174920041
0.4996284534084443 -0.2792727213123464 -0.005052331030201212
0.1086877325657183 0.6737472215056601 0.0500000007
0.9280862779378271 -0.06986310011978918 -0.05000090364246318
-0.1752765420478641 0.5545339997353361 -0.0500000007
0.8752897970237369 -0.02915774349310898 -0.04999999395743012
0.7501848331126737 0.04776926427503644 -0.0500000007
-0.6790975184600554 -0.4211149815225138 0.0500000007
-0.6093088786236838 -0.3997501216733768 0.0500000007
-0.6928140483304271 -0.0612760282497028 0.0500000007
0.0414349473664244 -0.5455438923238138 -0.01771143428894272
-0.6192106057416069 -0.06624303833746606 0.0500000007
-0.6603832146951614 0.287352949835176 -0.0500000007
-0.5543053721471491 -0.5237247308699282 -0.0500000007
-0.5043714945445241 -0.4002274997707801 0.0500000007
-0.09292154546045683 -0.6259383149180553 0.0500000007
-0.5155831672517528 -0.01398382181537998 -0.0500000007
-0.5183460837077444 0.08087495417990374 -0.0500000007
-0.545875105189559 0.2799272392947127 0.0500000007
-0.474649751796857 0.1588534498151656 -0.0500000007
-0.6009567634618277 0.4573826199338106 -0.0500000007
-0.5173394579171064 0.5046023376636951 0.0500000007
-0.4280815491986028 -0.4203764313978572 -0.0500000007
-0.3962051186116378 -0.2714928789454071 0.0500000007
-0.03488623381891557 -0.4570179856109434 -0.0500000007
-0.2622648474138102 0.6780239782121812 -0.0500000007
0.5192226521446996 -0.543415686862965 0.008969339908504988
-0.3852909917642925 -0.2014465925354805 -0.05000212759016447
0.6999669890004366 -0.5216273670971977 0.0500000036538723
0.2222572083860928 0.45850446509466 0.002063306295294799
0.6044245804576466 -0.177906478179725 0.001877294668426725
-0.517710310235746 0.02640479542634872 0.0500000007
-0.8064688300089031 0.5071533771785862 0.05000011094469173
0.367042370741732 -0.7330466774541701 -0.0500000007
-0.3698821762976442 -0.5964274194758257 0.0500000007
0.2366403549405808 0.7371677554324755 -0.0500000007
0.2704633865261146 0.0697978322066925 0.0500000007
-0.1929227266366569 0.5007996180552799 0.0500000007
-0.2998136911894813 0.6618884241683042 0.0500000007
0.6366365209581665 0.4407645493142599 -0.0500000007
-0.4519015178603225 0.6475965456708449 0.0500000007
0.3837765738016654 0.3337802635435593 0.006830443286624574
0.3111373071317181 0.2420169818465516 0.0500000007
-0.7508120272234163 -0.2932761576565937 0.004508462735284951
-0.8615013399424494 -0.03904064379283805 0.05000000308526385
-0.1192884792053273 -0.1778735641303139 0.0500000007
-0.1865921881885599 -0.9038595022665217 0.00916505045534283
-0.7556161705880891 0.2737330318790689 0.05000357632411701
0.3239737254661414 -0.5656259767113928 -0.0500000007
-0.5172595165528237 -0.4001495057128288 -0.0500000007
-0.2110180963055655 0.08002912821819926 0.0500000007
-0.3207661505912971 0.6867772998315342 -0.0500000007
0.1705054330409081 -0.8915008827191307 -0.04999999779115694
-0.6675220569248027 0.1959582373174808 0.001063614739421922
0.6424949397673688 -0.653916971761502 -0.05000004688324713
-0.5453104143335173 0.6581358938496733 -0.0500000007
-0.6305770108893359 -0.5416757530133192 -0.0500000007
0.01366153989599523 -0.8700072229421976 0.0500000007
0.717528178669634 -0.5218637785444205 -0.000274736763162706
0.3240118141681732 -0.7853975305102188 0.0001331438109979143
0.1708648773947633 0.01327877632433701 -0.003853694559883681
-0.3267969604095576 -0.2922079866430922 -0.0500000007
-0.33442231695752 -0.2897471056416954 0.0500000007
0.8732194478195949 -0.3259041420664942 -0.05000006952443967
-0.1494300451216359 0.02960560110385219 -0.0004925428033340975
0.05976525100567483 -0.8256969121182631 -0.0500000007
-0.890469232142493 0.192608575596398 -0.04999360010081907
0.2844951203470668 0.7958507619150783 0.004893102274576564
0.831382244705532 -0.4418062381357651 0.05000007494325919
-0.4922256843844082 -0.625392070477062 -0.0500000007
0.4792855637452278 -0.1017705460595156 0.0500000007
0.4676742917943502 -0.2693311158378845 -0.0500000007
0.6779271549458217 -0.6049743985223576 -0.04999997852642196
-0.4197485983314221 0.5012705417930466 0.0500000007
0.4749528285283253 -0.03694909313423413 -0.0500000007
-0.8238558343296771 -0.3064789699035345 -0.05000000242004813
0.5536328055379248 0.5845501352789289 -0.0001302738503139041
0.4544426442718339 -0.5489431584892729 0.003675944923178565
0.2594513160958461 0.2780808912653509 -0.01158271715236562
0.7962448722755868 0.3557478856441882 -0.04999999990340954
0.6390968921634335 0.3783727490036581 -0.0500000007
-0.3410042564203608 -0.1620966544507754 -0.05000106414508224
0.2157816298125159 0.5378657599559624 0.003997406307486474
0.4410159786243997 -0.2520419610974099 0.003491553059337475
0.1178954951738977 0.6557167585371142 -0.0500000007
-0.295456411786048 0.007500856228117767 0.0500000007
-0.6836619281294303 -0.2910510279813907 -0.003871710674787712
0.116168349077941 -0.7386938091117951 0.001307082901248885
0.4755032479806512 0.7852602909973501 -0.05000002464676107
-0.7793778702702303 0.3646710740618266 -0.04999929072192725
-0.4096047875127109 -0.1724191486616418 -0.002823174093304143
-0.4122713660853324 -0.8266347938150476 0.04999976972133995
-0.2562352496397718 0.738464144487343 -0.0500000007
-0.3367013415327471 -0.3740855839427696 -0.0006532851997331765
0.7674602603086654 0.5294028167620783 -0.002472407073042617
-0.1663807373517245 0.5161329711433492 0.001533645193607464
0.574799779595362 -0.264233741740366 0.0500000007
-0.3402723379679021 -0.4292442976900682 -0.0500000007
-0.2716298697266048 0.129619850040834 -0.0500000007
-0.6390792725 -0.7667853835 -0.0499929544
-0.08835018644616389 0.8358384834326364 0.0500000007
0.8570995385607895 -0.2657257557410976 0.009630575903020779
-0.722732700546129 0.4147720935275958 -0.005086882839820967
-0.3354698775359978 0.2499122399782347 0.0500000007
-0.5872343824125609 -0.09457012080376943 -0.0009851925106696073
0.08845493666112965 -0.655902360303147 -0.0500000007
-0.04362072171775331 -0.7547058444922758 0.006801669537698185
-0.2632069814213677 -0.6670592515413587 0.0500000007
0.5957863259024109 0.2967821492947501 0.0500000007
-0.6278288247080858 -0.6030105848905147 -0.0007110101009560106
0.5455607818333427 -0.4019873533118644 0.0500000007
-0.1052026635092287 0.5395994320094306 -0.05000152410963717
-0.1036289433764623 -0.7044061077883735 0.0500000007
-0.07124645017761921 0.2083154308058769 -0.0008657124656080527
0.7167657632826839 -0.4028201574102007 0.002929904169494232
-0.4412503398085255 0.6834134092538007 -0.0003783543127428988
0.4144685487345704 0.7061653113009402 0.003275096203175936
0.3046419259266979 0.4447764043255161 0.001475695108985304
-0.0006824553362379578 -0.7063699732250673 -0.0007778056683935789
0.204508315555357 -0.129940475594882 0.00210408112718579
0.3027558415916295 0.4722603345569388 0.0500000007
0.1702975253174409 0.6617766587276572 0.0500000007
-0.2831829683695249 0.6363601574044147 -0.0009385077471582563
-0.1997437882257995 -0.4001895550487468 0.0500000007
-0.06370225155844475 -0.5482220899283922 0.0500000007
0.2481897718309036 0.5879152977734451 0.002651718104440123
-0.4734650354240858 -0.3540931155487724 -0.04999666948943955
-0.8749455333764723 -0.3505621180095348 0.05000023132651372
0.7695721509112736 -0.1485036636700824 0.04999835013327533
-0.1626097347292209 -0.9332957187373179 0.05000133625
-0.4061269454348267 -0.3305926310276526 -0.0500000007
-0.07887862480146943 0.07832880952002323 0.0500000007
-0.05013229896919899 -0.8749027139648625 -0.0007546642432191171
-0.05004904133322765 -0.3523085213067776 0.002084222762425929
0.7988014661765406 0.2534079931649768 0.0500000007
-0.3016214806164734 0.440070822987859 0.05000077601365255
0.8857384428114745 -0.2424715305206841 0.05000005761553822
0.7291047614382216 0.5712105276418512 -0.04999658966880799
0.8375792472514458 -0.09435759211035689 -0.0500000007
0.3517278146772721 0.6751728970502201 0.008030779187187986
-0.1101746535806751 0.2429826872707729 -0.0500000007
0.470329530674592 -0.1813078504778369 -0.002767018042735528
-0.5422771911708598 -0.2185279991349993 0.005693786783150308
-0.6731199039397511 -0.229957268645512 0.000304027555805476
0.2648544854898391 -0.1512000476499383 -0.0500000007
-0.1531536557288816 0.5573994482520447 0.0500000007
-0.7110029983450801 0.1852895734180951 -0.0500000007
-0.06558623002203642 0.4730943723551124 0.0500000007
-0.02686265982138135 -0.7085208822539941 0.0500000007
-0.5160204545521536 0.3692435471110921 0.005374503056034406
-0.4981944843437482 0.5358213318102722 -0.004194831270480358
-0.9982662374935718 0.03072773066383841 0.04999746145983407
-0.04723602199027778 0.4178556152745722 -0.004551818242120489
0.440685956890187 -0.2495568897116497 0.0500000007
-0.4929606909258564 0.163078085007248 0.006752463610013662
-0.8300900864060574 -0.2323202098480385 -0.0500000007
-0.7430736747445039 0.5054459091954714 0.0500000007
-0.1496988958074852 -0.5478369677715115 0.008779315658073572
0.0149907309013959 0.1148226296446739 -0.0500000007
-0.04948914852887074 0.288802004173732 -0.0500000007
0.2142528959736504 -0.8081135057983206 0.0500000007
0.1338563931254299 -0.6645649799146554 0.0499981733449391
0.381849254129759 -0.6732035033441297 0.0008471356752018042
0.2797315841274403 -0.1352602062363046 0.0006548373808036891
0.4256807878706964 -0.8531148674990084 -0.05000000717577455
0.01338706180711154 0.3289061990474862 -0.0500000007
0.9631792161324096 -0.02277478142028291 0.001223880934566085
-0.4709349130705702 -0.3522900566142872 0.04998857828640582
-0.02635596202075554 0.5542244582478638 0.0500000007
0.05781141572938328 -0.5019480707213859 -0.009570155268137207
-0.004949028333908894 -0.07476896458838948 -0.002467151054632297
-0.7869606823507244 0.1107011700505609 -0.005738696723951079
0.5281135006880615 0.7466680657182517 -0.05000004638269868
0.06444464119086293 -0.6827003188148636 0.0500000007
0.689620232620602 -0.3889831661026168 0.0500000007
0.117854687615853 -0.5703247842944679 -0.05000003419847276
-0.2860917143911305 -0.4276623150666988 0.05000065852234489
0.7855489411315179 0.4759130806031324 -0.05000000791704335
-0.1393388813850041 0.9266634825993786 -0.01160003675349418
0.1684452047702601 0.4938323878606926 0.0500000007
-0.2729253226572965 -0.8854031972049647 0.05000002613312429
-0.6416646369644113 0.06043843068109591 0.0500000007
0.4303311937532809 -0.6223157856305075 -0.004392671545930854
-0.3529956504439696 -0.001532354647648746 0.0006691860802013511
0.7029262095728814 0.2848909634469076 -0.0499904105727197
-0.286871232169524 0.2097166710527865 -0.001065731612043796
0.7465945863787732 0.126179575765181 -0.003770138453646725
0.5628762829674721 0.1371142361305686 0.001167479030752232
0.3931777353839486 -0.3532878823743224 -0.008487027934412876
-0.9229550633579493 0.009921171497788954 -0.007379074521794675
-0.06841555207736134 0.2654891133996669 0.000469554888566363
-0.8045352226068357 -0.003049366128571842 0.01632852168096923
-0.2148920104926696 -0.9023928327176675 0.0499997218410367
-0.2805613670573648 -0.7395631423413257 -0.0500000007
-0.03148776189192593 -0.8917279053383637 -0.04999999550454497
0.5185159909401084 0.5390559601025217 -0.0500000007
0.6264067068854094 0.6563388601106295 -0.0499999448211301
-0.399585990411542 0.1724167268765144 -0.00314036406404376
0.3811628366265961 -0.03818830747589369 -0.00392800790117529
0.06923001828806066 0.2481186564462103 0.0500000007
0.09402202267279523 0.2082343637686969 -0.0500000007
0.6145954229655827 0.5221732561288842 -0.0008451675514428224
0.2463701564264079 -0.6217888409380902 0.0500000007
0.7214533363608669 -0.2210248150033888 0.0500000007
0.2027595717524422 0.1737055796362974 -0.0500000007
0.2134042631630244 -0.3167316822066251 -0.004829992781324529
-0.4012510511190038 -0.6231140552076803 -0.005087551460122916
-0.01515432483736956 0.4924856191219718 -0.001283616499186079
0.4769537326488177 0.5395896814014132 0.001872075991484266
0.2036059364683064 -0.5540892795278134 0.00526168344165171
0.2701328882219202 -0.6228812267743481 0.004830652376974785
0.05566022948653179 -0.03049561310712022 0.001701407314847593
0.3944694442676892 -0.7557911169333699 0.001065795352975876
0.009521266140230354 0.7383045215096478 -0.0005780040678017279
0.2703340671574775 0.06296551003577545 -0.0007157256641826107
0.06787636817138849 0.4610153970980406 -0.0500000007
-0.9166891222692686 0.06909480975423668 -0.006919830916529436
0.6517886058132369 0.1702478308311221 0.0500000007
-0.9041283885151004 -0.1534663306244595 0.02651982692764697
-0.1193867559285146 -0.4352770764279725 0.05000045174926802
0.1424419600606711 0.578239908541082 0.0500000007
-0.01411306787039666 0.4483098669774212 -0.0500000007
0.3632398197064524 -0.8381371704895364 0.005228137658886427
0.08519081428599744 -0.1731172743622987 -0.0008521519583402908
-0.3872155631834697 -0.7386859135096501 4.958581741476558e-06
-0.3827797627748578 0.2898710118586169 0.0500000007
-0.2077763420394591 0.9201310119110945 0.0001511612006319995
0.3396809532541694 -0.4389266251395154 0.0500000007
0.5438832006181678 -0.2109898946825411 0.01033493461586744
-0.1837455180940183 0.06891540668752276 0.01434265108764995
-0.6788149346076491 0.4657920150996649 0.0009458961184758576
0.2051000867321705 -0.1540703271838541 -0.0500000007
0.4574917023778448 -0.3274350886088994 0.00397352576424999
0.1970969762206291 0.784919776919339 0.00577061217556093
0.07783973702559309 0.4882504854083647 0.001283712689927776
-0.5966694342862228 -0.7229529482293373 0.004788833291321658
0.1770147657710688 0.5579587143203379 -0.0500014418932605
0.545931178859318 0.759883601307645 0.004055177635274783
-0.1347420421173932 -0.1259996365174029 -0.0500000007
-0.4892907802274727 0.3672874676365739 0.0500000007
0.2195816886868793 -0.02173989896970443 0.0030024856265325
0.04492491746255593 0.9372215216246466 -0.003493234490488525
0.3235193596862072 0.1609523509705632 -0.0500000007
0.1748953531218316 0.283967409406649 0.0500000007
-0.2851015541875172 0.4096399989487448 -0.0500000007
0.1357574030856729 0.436803829766104 0.001840115509782336
-0.8268454252503844 -0.3846038259110122 -0.04999994555669131
-0.7631854933052888 0.1607267680341155 0.005266622896514779
-0.33321073021695 -0.4951087926616923 -0.01592953076969269
0.08447853543661492 0.7856096197016971 -0.05000623835391282
0.4104691740351515 -0.6762758623090566 -0.0500000007
0.7864433084793196 0.1338330953897836 -0.04998257476071175
0.4092240749310782 -0.5866296150199803 -0.0500000007
0.1314501798183738 0.3338921416172491 0.001067695905459078
0.6067478477871531 0.5519205476930042 0.04999860625409449
0.02084630083587262 0.5299259913953208 -0.0500000007
0.4265443129814131 -0.3340093746152293 0.0500000007
0.3874538887231195 -0.2954885635108078 0.0500000007
0.8292891744014362 -0.483339284659587 0.005891571268992266
-0.751786945512199 -0.5511154644264428 -0.004137535181326981
0.06942733967701155 0.3084241027352281 -0.0008042209889010159
0.5064872261393198 -0.7235360047359335 0.001452910803774043
0.5733339760682322 0.2042062463357424 0.001210604226313319
-0.577662146791 0.2719405630282297 -0.0500000007
-0.5556737759122405 0.3475468290180133 -0.0500000007
0.4145973183688511 -0.1922679224771262 -0.0500000007
0.09249230891103796 -0.6312095147568394 -0.004777086040347331
-0.7508313253630858 -0.1693877324118181 0.04999684037486571
-0.9564221878364121 0.06179200693069739 -0.04999984619473623
0.3468566755131484 0.06005202793463735 -0.0500000007
0.4148874280955173 0.09878002777157031 -0.0500000007
0.3665154808118238 0.2163350358149226 0.0500000007
0.4164219224240516 0.5405991182440778 -0.0500000007
0.809292234211455 -0.4753875810303331 -0.0500000635539353
-0.1790195830865034 -0.703741498475461 0.04999826334589486
0.4288356452143446 0.2111439134803612 0.0500000007
-0.7525588063692724 0.4202057028631251 -0.05000000328281323
0.003631299271600436 -0.9213569666649488 0.0008807946781065006
-0.8579777158716193 0.4107115887525112 -0.001498045103339143
0.3732495238449616 0.457308460484352 0.04999618127779726
0.1897972605592243 0.8242112601959455 0.0500000007
0.4766016797671112 0.341634725034156 0.0500000007
0.0616281129585767 0.4293292722803974 0.0500000007
-0.1435375913074985 0.09254808944312286 -0.0500000007
-0.2833627559346516 0.2219100146016033 -0.0500000007
0.07545311473207839 0.6099285129687197 0.0500000007
0.8053466617832097 -0.3222943443994635 0.05000002023521884
-0.2404220463334804 -0.08917134953672526 -0.0500000007
0.1134647591447108 0.4544418892434184 0.0500000007
-0.641916426576746 -0.6745741173608618 0.002041294163127246
-0.07169823021611958 -0.1585199849604163 -0.004178059985479519
0.09608024676602121 -0.7692672494136727 0.0500000007
0.171889333664361 -0.8968768490526247 0.04999993259161267
0.493893092816687 -0.3248243498340193 0.0500000007
-0.3598876429335179 -0.8070049919737425 -0.005683968314338038
0.2502094010147999 0.3713794839034876 -0.001423089418793363
-0.7986965632517699 -0.5339212397389647 0.00597199190299666
-0.3117192888971464 -0.8912712262919049 -3.316684208651041e-05
0.5633938739587779 -0.1976636862052603 -0.0500000007
0.5059263264977824 -0.1408686471645302 -0.0500000007
-0.1159931545727039 -0.6014336781749982 -0.0500000007
-0.3028518272277806 0.3019667976063565 -0.0003546271365696081
0.0091385839677093 0.408454819203676 -0.01416796635381986
0.5453158271959566 0.03184220786736991 0.0500000007
0.6043146352535004 -0.06715619551182683 -0.04999927726718334
0.2785360324827976 0.6901917729726094 -0.0500000007
0.1863692697865541 -0.8400022613260733 0.0002941965046195129
-0.2474885729148857 0.1430126936230777 0.0500000007
-0.4249301235154064 -0.2338055454728801 -0.0005760084499326966
0.6039728125252712 0.1469557852998719 -0.0500000007
0.5538473048220725 0.2109832116990829 -0.0500000007
-0.3244215085288378 -0.5144805266020646 0.0500000007
0.6823070885648062 0.4397519418605416 0.0500000007
0.8401382844477338 0.4230175797484817 0.04999994033313485
-0.52218584771445 0.2990924660971148 -0.0500000007
0.3257385606296525 -0.6539512415603962 0.003021903178526046
0.5278913828407988 0.4735650383551066 0.0500000007
0.7838477035087841 -0.5200556723748474 0.0005611128763016647
-0.5789052313205518 -0.6626387094063657 -0.002139241605692762
0.6773389896021137 -0.3379607680277291 -0.0500000007
0.6362120726220385 -0.3252973045312448 0.0500000007
0.8590747188673301 0.1906425728458672 -0.0002666075902957495
0.6946456194008049 -0.008815548419027815 -0.0500000007
0.642339823857121 0.09351068098564566 -0.0500000007
-0.714072145490854 -0.6974015292029692 0.04999676404904115
-0.8558046083503941 0.03721885527437119 -0.049999999444396
0.3109333704515959 -0.03239841217018203 -0.009530033358289123
-0.8011891556424907 0.1959863150698679 -0.05000000158841096
0.557020253248055 -0.4985508376089716 -0.0500000007
-0.2302127530025672 -0.6994387048103203 0.0500000007
-0.6992472140002493 -0.6152119012823432 0.00317812249639734
-0.2237375292810413 -0.4341705566172562 0.009916189529996221
0.3702984410258575 0.233707623706168 0.0001630841259144873
0.2591707308186635 -0.2973910660313661 0.0500000007
0.1716437259372381 -0.1868029476149802 0.001518405234541211
0.5353082847619365 -0.07479517787565759 -0.001214727373925418
0.5667817906550314 0.4058310224683185 0.0500000007
-0.005693962699991971 0.2336921028547679 -0.0500000007
-0.6996497948159416 -0.2649997952417281 -0.0500000007
0.6551861200389766 -0.4098187379318198 -0.0500000007
0.4111360609012725 -0.6584468406905172 0.0500000007
-0.3936426900269765 0.6270050197009269 -0.0500000007
0.1510097220969115 -0.4584354250569049 -0.04999919815765123
-0.04277408662046032 0.3126044829351438 -0.002927563495326736
0.3255208131166121 0.3692745012308291 0.0007390048679154305
0.07430162848921912 0.7096172921423853 -0.0500000007
-0.41440666126514 -0.7911890673331164 0.001288429357749371
0.1838912862507378 0.6896522429354979 0.008368511506690712
0.1548075464633495 -0.6233450900673344 -9.234230988355804e-05
-0.3137063704874141 -0.4374538514303257 -0.006175455667601254
0.0575530465510864 -0.0592808014299331 -0.0500000007
-0.04816345241140473 -0.3615017096576896 0.0500000007
0.6210373327746925 -0.1948986491785739 -0.0500000007
-0.9126232328074753 0.2235334894641219 0.04999980309654246
0.5113635425764959 -0.1295813584954374 0.003691310929452726
0.03254439945818978 0.5652221343322468 -0.0008861179178994584
-0.2895658589453518 -0.4892727582633223 -0.05000501471162425
-0.3906426965331432 0.4573956916602921 0.01697480327697623
0.4636726882674331 -0.4725452981151609 -0.002332170202851641
-0.01940413046639415 -0.2914808309738363 0.005943988192360109
0.1289482519680107 -0.9259166286341121 -0.04999992276270188
0.02786009834247212 -0.3333827972689588 0.0500000007
0.2298108376753558 -0.3052020707216809 -0.0500000007
0.2190128712107216 -0.8351546054439482 -0.0500000007
0.2014611994178336 -0.2509054641430782 0.04999995115976934
-0.1026774486984856 -0.2990411373709676 -0.001422635442070109
0.7423171231579158 0.2819286673992485 0.0500000007
-0.8187899715914082 0.4419466034095047 -0.04999985015393257
-0.2904332084220416 -0.81057492585072 0.0500000007
-0.7396755863269173 -0.4076552406722705 -0.0500000007
-0.7639953982480291 -0.4454324853658387 0.0500000007
-0.1007796666773589 -0.1879014573448216 -0.0500000007
0.6215928188687785 0.2486825025794008 -0.0500000007
-0.7399356735078547 -0.3690324389137065 0.0500000007
-0.6997694191616421 -0.567964846085445 0.05000000285123697
-0.9166689522647729 0.03124980860789955 -0.05000000533790754
-0.0351930432654072 -0.2242038276295224 0.000962365294231586
-0.6773710296267501 0.6326060293032207 0.04998862715172847
-0.7508463392428937 0.1677894119782024 0.0500000007
-0.8903576435259254 0.2922786057310937 0.04999997387380641
0.7368104087306754 0.2461252821972788 -0.001092185973577346
-0.002427646264108281 0.4152781623320581 0.0500000007
-0.5269956724678253 -0.5022147655950541 -0.002758753859073837
-0.4650027133830192 -0.5861264122664973 0.0500000007
0.205770689387975 0.2442896818300139 -0.05000162368518293
-0.4106981857564647 -0.7339675994861222 0.0500000007
0.1892407531191882 -0.7244694666844821 -0.0500000007
-0.1948612379540948 0.1695758283017831 0.006213005283601749
-0.6824870966616344 0.6250103365560434 -0.04999977750387104
-0.4586478559706353 -0.2839210679811057 0.007853315980945954
-0.2030433100257439 -0.8191636520676802 0.0500000007
-0.759592627229953 0.3749496032560321 0.00106662146651108
-0.8308569218453764 0.2252807907290867 -0.00691598691752826
0.1285938978190368 -0.2283430567463642 0.004689615791627728
0.258515516323802 0.3954193070114289 0.04999549429699366
-0.09606726440284942 -0.4166290818544115 0.0004126990730516718
0.4636053202670923 -0.455506846858685 -0.0500000007
-0.2517215293401012 -0.7494836435268615 0.0500000007
-0.5788457076795702 0.2237636926518859 0.001864580340280393
0.02353754153594363 0.2955445946726996 0.0500000007
0.09291401555071724 -0.7940631806952418 4.460577381039375e-05
0.5533386736895579 0.8313384528937857 0.004120027633580235
-0.6864540865367939 0.2276573178604492 -0.0500000007
-0.5851557250685359 0.1250743543758092 -0.0500000007
-0.4117283917175049 -0.4682864795729506 -0.003123639371705664
0.2083146535089589 0.5036580216950094 -0.0500000007
-0.7450239444603677 -0.2324704880651273 -0.003779170777444799
0.757126758775441 0.5225602759894805 -0.04999623362897865
-0.370651469 0.9268754125000001 4.395500000017871e-07
-0.4443638567963376 -0.7030250093694874 8.253083318408749e-05
0.8944888132044538 0.03714924001596332 -0.04999999840913271
-0.7950385040149632 -0.05737924433155496 0.002384824992026416
0.149948917900177 -0.1273665343450256 -0.0500000007
-0.05113501874683352 0.6490159872778128 -0.0500000007
-0.1286749210625959 0.6001912570571297 -0.0500000007
0.217159556761581 0.2966668828033671 -0.0500000007
-0.343934742853188 0.1164135006313314 0.0218776376521956
-0.6554159883199303 -0.3301878312423362 -0.0500000007
-0.7224001887208583 -0.2164733831992339 0.0500000007
-0.07986346555244304 -0.698101616591841 -0.00478402336691322
-0.6109145162379415 -0.3908213275705885 -0.0500000007
0.6414154432167953 0.765675969621841 1.483330795922465e-05
0.1621921085822734 -0.4022296065391478 0.0500000007
-0.6947637042843612 -0.1414516953785893 0.0500000007
-0.5939153736208175 -0.2522152479169842 0.0500000007
-0.5217255050909684 -0.06567893817626465 -0.002314048101761979
-0.6686257035872857 -0.0152928801971445 0.0500000007
0.5148956372620314 -0.6533374479484363 -0.001358648610636554
-0.8116811239344277 -0.4413226044858576 -0.04999665367931885
0.201179138791702 0.3013910258759358 -5.479994018523026e-05
-0.7837669322743397 -0.6193786732440979 0.007009377381073805
-0.6185698964884234 0.1967326653533345 -0.007366426408682559
-0.6114809570280979 0.006071579361658761 -0.0500000007
0.3750682500994026 -0.05901685834276318 0.0500000007
0.547704152119318 -0.6933594905932549 0.003154419989610574
0.885391472629816 -0.2638678475128381 -0.05000663667518668
-0.6864682849222735 0.3328760104088146 0.0500000007
0.3719103365890224 -0.402882188070961 -0.04999990300465495
-0.9133440388755708 -0.1186798046147303 0.0008592819097759657
-0.5584793711634353 -0.4545447862680884 0.0500000007
-0.0836251070052258 0.0193146251141928 -0.0009123722148440563
0.3353382943272568 -0.7107741983033139 -0.006195205591099237
-0.5110997288958203 -0.4703455754537155 -0.0500000007
-0.1566469297551735 -0.7565525708757423 0.04999954599614424
0.1158754627906127 -0.8683430775461285 -0.004369920501126276
0.9129461225286331 0.06914623174526202 0.002177252788960378
-0.398240901326734 0.3328236223459939 -0.007472288436222964
-0.5613375338117855 -0.3385645952572278 0.0500000007
-0.1526899907221838 0.7372279803052567 -0.0500000007
0.5426768717110049 -0.8371000873939443 0.04999997421354238
-0.6008414156500814 -0.1883369641714717 -0.0500000007
-0.5530582861261298 -0.1173127158037987 0.0500000007
0.01991208924896929 0.9119283003629561 -0.04999998602493005
-0.792911310778044 -0.1302758827423608 -0.01300683397085218
0.05635693588846333 0.8135440595794834 0.04999866599892972
-0.6162758023169372 0.6612744199812383 0.0008254044255351536
0.4899014099161881 -0.4510845170945602 0.0500000007
0.06787377841768034 0.3933545263494469 0.0002407391433618296
0.5212234751975463 -0.4407328932562618 -0.0500000007
0.9655824005 0.2535324095 -0.04999389875
-0.2076542840155786 -0.07676308051256626 -0.001266002058161211
0.01307952535207231 -0.6612877536331763 0.0500000007
0.3279734112720669 0.2899607098551395 0.001507914913877818
-0.3675839429023015 0.1239595948047447 -0.01083263709807319
-0.4619476620616217 -0.7882459041363429 0.04999999798401495
-0.8479793524791239 -0.2221263759739411 0.05000000371208557
0.8586061609053609 -0.2182315942833617 -0.04999999817777081
-0.3679055807562434 -0.4278515474055322 0.0500000007
-0.1796003246338438 0.4395085026767782 -0.007282717190676457
-0.4203489169867782 0.01751973826115746 0.04999971916712825
0.5572106544994154 -0.5515849296678529 -0.0500000007
0.4282998948696743 -0.1422460617694963 -0.0500000007
-0.05452005408811819 0.7594290821897171 0.002661357251670305
-0.4711600199157212 0.06962284067887733 0.0500000007
-0.2978383485985081 -0.6107263738437193 0.0500000007
0.5692909308733032 0.4249790641139285 -0.0499988584485533
-0.2013922364178333 -0.3357369895591341 0.05001673582774312
-0.2913467373974506 -0.03905429791677117 -0.0500000007
-0.2208756140806862 -0.1288204883620367 0.0500000007
-0.2492674121531671 0.2828043406133375 -0.0500000007
-0.641713148298894 0.664819097241732 0.05000005331984136
-0.7852418441701853 -0.006237824058369157 -0.0500000007
-0.8989105061941027 -0.2220937577068883 -0.007091991102960537
-0.74698832944765 -0.1018944253917618 -0.004620560715478715
-0.2046627913710546 -0.6569510535577888 0.0500000007
0.2716873719586491 0.009386291625632807 0.005705601467414396
0.5453427885 0.8362281620000001 0.0500003956
-0.227234951515886 0.5988734368916374 0.0003753315534565687
-0.2666583301033184 0.8304370002211374 -0.04999999909524245
-0.2833394124594087 0.581425704627535 -4.689105709381172e-05
-0.7553336481013904 -0.5569612947490266 -0.05000004171471897
-0.2018478440036736 0.1973495508101157 0.0500000007
0.1444770891890169 -0.287524016129132 0.0500000007
0.03120884745141425 -0.1981896395321699 0.0500000007
-0.367742893230293 0.2403447151093148 -0.0500000007
0.3538386930595414 0.8857553833960008 -0.05000002688448023
-0.1280834523685151 -0.4761473888294172 0.002860535380670229
0.3677609569473642 -0.5422334295858223 -0.001941894534453181
-0.1573162438000024 0.4274823512361313 0.0500000007
0.6864881236565579 -0.2914379987967864 0.0500000007
-0.3250081186573764 0.4522039203724196 0.007182732681892482
-0.4787472104444616 0.03270371641295092 -0.0004944390783704223
-0.2709972094338569 0.5250205312220648 0.001400379765613334
0.5380339482377411 -0.6396300691196328 0.04999999869864093
-0.6342413958808483 0.1539883993678909 0.005002268645181994
0.2852346454502995 -0.3012257857321102 -0.0500000007
-0.7050372816333322 -0.335515591138125 -0.003382522334500378
0.09864726098509091 0.1853773160181028 -0.001185665597450839
0.4101698174252642 0.736914127466658 0.0499993442194052
-0.4568166530365038 -0.758571061577059 -0.0500000007
-0.1867438408527324 0.1274368935733853 0.0500000007
0.765213628419993 -0.5234684414384656 -0.04999994978711441
-0.9377327713826622 -0.04892384840700364 0.004013384436236873
0.6837180865598775 0.6314639664923204 -0.05000002076777264
0.8081151566778049 -0.06631340183397653 -0.001869064197374128
0.5161936192551275 -0.488614648235348 -0.001767566984999528
-0.02982980656662161 0.1389391013484042 0.0500000007
0.05423974067783223 0.3566437089523606 0.0500000007
-0.2234662780676618 0.03466565143934407 -0.005318150168045849
0.0086838377990707 0.5983712969606243 -0.0500000007
-0.2232503402871162 -0.1178465019353919 -0.004243678595425696
0.09267068251349528 -0.5937505764817628 0.0500000007
0.1752437043451487 -0.6049213415618478 0.0500000007
0.2014611994178336 -0.6043177836064415 -0.04999892507146197
0.9345813095 0.351524651 0.0499976501
-0.1036091693033562 0.8156367958156575 0.001914224984160871
0.2719823172399034 0.7877404107356711 -0.0500000007
-0.3838121431536882 -0.3107179208892643 -0.00247913070327652
0.1294899195798742 0.004818256365624525 0.04999702377864841
0.07831902182105634 0.01054023555632719 -0.0500000007
-0.0012620812034695 0.3823967311929324 -0.05000045065737124
0.07498771037546167 0.1089373587985221 0.04999963968746578
-0.1529981981720114 -0.6760202759902134 0.04999841570469618
-0.62567863470444 0.5272885865347776 -0.003637141302928455
0.144268504074902 0.2753388882385208 0.006976004348973277
0.4366974491114566 -0.5256091644549883 -0.0500000007
0.1167889256360859 0.169747181441086 0.04999992404524806
0.1167893502362168 0.2861001795174773 0.04999871288409254
-0.1513428720975597 0.4087916122321659 0.006124014716122259
0.1862977961367655 0.1439914274553095 0.0500000007
-0.01817462482631518 0.722586635340749 0.0500000007
0.6214844258563959 0.4963648064469504 -0.0500000007
0.1820755353724137 0.3564692194534347 -0.0500000007
-0.2825201741972941 -0.3488806567224056 -0.0500000007
0.09345967620767701 0.562037149017372 -0.0500000007
0.008692072875825069 -0.1697683740951693 0.001705935154829063
0.8913039059233497 0.45072875425446 0.004762767969589517
0.1830158268584017 0.4151255489446205 0.0500000007
-0.1780729783436547 0.8322949813808074 -0.05000000239782887
0.02176419346874599 0.5931232613230326 0.0500000007
-0.2911979212954623 0.7229088572755208 -0.01595978973358308
0.693713045141417 -0.2390217552033752 -0.005699501414328179
-0.9425101421556412 0.1116079221708786 -0.02639550474076025
0.01794336860837648 0.2243855594841371 0.0500000007
0.2311828705954962 -0.2395100048014303 -0.0500000007
-0.131029642205702 0.7932475492677268 -0.0500000007
0.7871422744485748 0.03925899643342796 0.04999859819755331
0.9362827954639638 0.1267000184140119 -0.006495018251750327
-0.9866628563090717 0.1548032141499587 0.01112385925614271
-0.6697236611059882 0.6800639573378994 -0.0499999328438074
-0.1953718504137935 0.002633090620871381 -0.0500000007
-0.5882237635556623 0.5034911862682042 0.0500000007
-0.3560216575797796 -0.9331849395814464 -0.0006607253189438653
0.3907021548285151 0.4093145963782075 -0.0005516513504867927
0.04515031957502748 0.7879248464960932 -0.006154215181403972
-0.6366325614999999 0.769265592 -2.639399999997127e-06
-0.7816838025086459 0.6213472411478973 0.05000021226632843
0.7986498426808181 0.1539314315870478 0.0500000007
0.8731463926436981 0.04971879318435383 0.05000000160597199
-0.3580816777366243 -0.9322478625128229 -0.04952116699887999
-0.7523442047970068 0.09395744553389045 0.0500000007
-0.4568426950087724 -0.7512656044550472 0.008462468031016185
0.2624790661231726 0.3112199678810579 0.02545546475554613
-0.2665058703541219 0.03276692327841334 -0.0500000007
-0.04335214579269268 0.09810469755989408 -0.0005771801884060779
0.2454715965 0.967564821 0.05000204775
-0.9615682979874631 0.04511451181491341 -0.0006743646560470875
-0.6907069809026518 -0.4780733934398742 -0.001312365053402279
0.5836887464867088 0.5438191569974248 -0.0500000007
0.121207331489513 -0.2513705233655908 -0.0500000007
0.7613896868121837 0.1918983508520378 -0.0500000007
0.9029242679814524 0.2037764240727014 -0.05000129752915386
-0.5935169797205294 -0.2970720811489014 -0.0500000007
-0.07254561956360334 -0.08810124697305242 -0.0004492073661420356
0.256960839384386 0.2703271376824625 0.0500000007
0.6512991828321177 0.6804416422847605 -0.00264395767306885
0.1199205506335264 0.3766183320107077 0.0500000007
0.03699010998248811 -0.4485309328922248 -0.0006147888953441706
-0.2474811266469116 -0.034841759067468 -0.001115656075064546
0.5951268779519483 0.3827641321722841 -0.001754197629848413
0.4926354080082948 -0.5824678600792387 0.001440465089037728
0.9307277329663474 -0.08242886992795671 0.05000377913941332
-0.6370043379226201 -0.7689948241225526 -0.003595475390378959
0.6840569108411076 -0.3454964388901861 0.00318949095771773
0.8721304736737006 0.3051086909960189 -0.008010209433788355
-0.05087514843430897 0.01414416352105118 0.0500000007
-0.3719204585907547 0.1333452878318243 -0.0500000007
0.4422293664288462 0.189791216014909 -0.001607765747928424
0.3627722189098498 -0.6218328557312154 -0.0500000007
0.4858091709809516 -0.5911404925804268 -0.0500000007
0.461375550595961 -0.3990192976146444 -0.0500000007
0.4665412504482661 -0.3905353689247125 0.0500000007
0.3820088532931011 -0.1947140329373579 0.0500000007
0.4072918036710337 0.005276351556756972 -0.0500000007
0.470238104876971 -0.65561106058769 -0.0500000007
0.3826358752287377 0.110569923365383 0.0500000007
0.3227357715430849 0.05894015789636722 0.0500000007
-0.9977419670000001 0.04565601516 0.025454626872
0.459833063961991 0.03450297297871397 -0.0500000007
0.4052861651484131 0.2439796186986439 -0.0500000007
0.3403504559425927 0.3976716312990641 0.0500000007
0.4777546987837755 0.3435834351326135 -0.0500000007
0.4015426454245651 0.291805873665122 0.0500000007
-0.6755217021974969 0.5779178002919527 0.0008991227801611228
0.2250611690629832 -0.7748674967080691 -0.0500000007
-0.07393011580273356 0.6062743752271917 0.0500000007
0.8898491394622953 0.3565870746278398 0.05000065037398493
0.1658141473135257 -0.2079639203420982 -0.0500000007
0.03062396054576719 -0.1450422928252729 -0.0500000007
0.07628319484727131 -0.5618205638288167 0.005210529041568102
0.5118593426067805 -0.2203933274588812 0.0500000007
0.8035883321362648 0.1935633811914243 2.463813120650533e-05
0.5377954155214809 -0.04580374985594763 -0.0500000007
0.3827212687896812 -0.3341379617977193 -0.0500000007
-0.1827856837862343 -0.03217405756643773 -0.003220549651528371
0.7062158213948733 0.1171887651492207 -0.0500000007
-0.6384337563359684 -0.2510795835113171 -0.0500000007
0.2262688438483934 -0.1343013940236537 0.04999229532463049
0.5906078580989973 -0.3985199857308137 -0.0500000007
-0.461113494293493 -0.6735565675660574 0.0500000007
-0.6162272613527408 0.2996772149173825 0.0500000007
-0.4108071772723392 0.1912418540143842 -0.0500000007
0.4028879173356671 0.7137772861880971 -0.04999778230519907
0.2591174811281916 -0.3591570893942333 -0.0500000007
0.4028879173356671 0.3605235622086112 0.04999925158440072
0.5371723959475559 -0.5795094761588284 0.04999660580708466
-0.3958637481275312 0.7303610082026213 -0.0500000007
0.4028879173356671 -0.7138004026030158 0.0499975543835724
0.137723893077821 -0.4575710428763725 0.0500000007
-0.1814712167705785 -0.4536197048560771 -0.0500000007
0.4658220832281547 0.1437976555467296 0.0500000007
-0.01698517740982915 0.9364762371691999 -0.002227982044785357
0.8386010230000001 0.542054206 -1.657750000001734e-06
0.1445937464188922 0.5427171127191948 -0.004145386026939793
0.5595628296128029 0.3121586874514994 -0.006028479199102527
0.5172706670830639 0.406010121911786 -0.0500000007
0.3247171251853705 0.1074363110634428 0.0008656656530434274
0.5414086359272595 0.2739301757969504 -0.0500000007
-0.8958459010424876 -0.2568265711846552 0.05000015705861286
0.1913443304733177 -0.1841026538232815 0.0500000007
0.05235957694846242 -0.1475892375301871 0.0500000007
-0.01365929324544335 0.2103696596507348 0.004242291471301597
0.03331287500867836 -0.6326870941838429 0.0075995203545435
0.6755288152236198 0.6543314569958193 0.05000011595388765
0.5421353357043117 0.627158331073337 0.0500000007
-0.7790398435254896 0.6253807521186321 0.002010452493622684
0.6505129558659192 -0.0006074682671671811 0.0500000007
0.8114901930200022 -0.09814413060660435 0.0500000007
0.9217764546559057 -0.1894188280129391 0.04999953081072421
0.5631890158230278 -0.3357369895591341 0.04999736091508818
0.7722704804193562 -0.10561985752397 -0.003022358791855468
-0.3917041692240731 0.2467014049628024 0.0500000007
0.4516972043650795 0.8912776620265855 0.0009780497590015473
0.6703454313333139 0.2710061390893896 0.0500000007
0.2777886816376979 0.8865968054637949 0.04999996822195352
-0.5620694055305323 0.503349474760056 -0.008357900652528814
0.8797121036455477 0.2681235179601359 -0.04999998022010978
0.9318171867163474 0.1150755115656937 0.05000071881297338
-0.8101782846959498 0.04812748715086622 0.05000237961780264
-0.2050332229336363 -0.1769337579972134 -0.002504134778951356
0.1566312623769611 -0.9862767520587964 -0.0003560437508094207
-0.3813061330435045 -0.3805386808347671 -0.0500000007
-0.2207230370792706 -0.153221023488033 -0.0500000007
0.6715334390114645 0.04271544172158147 -0.0500000007
-0.595999788557411 0.2806084722305011 -0.004083920292804934
0.4091416857170087 -0.4075473407474614 0.0500000007
-0.06089446724416595 0.9298754773110212 -0.05000000576797006
-0.7564613764006817 0.003558694547311677 0.0500000007
0.4585937921899124 -0.1433920371154757 -0.01463069095884657
-0.1456757190767128 0.2132218692300759 -0.001009936187404278
0.2575156347682944 0.01586106727012488 0.0500000007
-0.7112003476742959 0.7015271075889494 -0.003237385549416928
-0.1619048784211048 0.2654686018323668 0.0500000007
0.3569126276857136 0.6714412545917274 -0.04999702222988301
-0.5461939836604285 0.5760414391834106 0.0500000007
0.9085371666182345 0.2415438074811088 0.001829558136569326
-0.4836663589579745 0.3125432214712862 0.0500000007
0.908593744197649 0.1808085855736442 -0.007518833907397001
0.6798893753196029 0.5030923632252675 0.0003422136974427126
-0.8423011937207879 0.08985697506114737 -0.008857504397837959
0.7069522555647713 -0.09092776453661233 0.00340426286512559
-0.09994984042746967 0.3128997908581662 0.00350842626558271
-0.08737133130792164 -0.5136560824589335 0.003936650751774987
0.5691993526716911 -0.5215524440301522 -0.0001754214650241395
-0.5220222326801947 0.3080062311492364 -0.005650661120167591
0.2485270457489993 -0.4107107726717037 0.0007040409494994157
0.2146704402088771 0.1151794343098755 -0.001449948641198642
-0.1177974995074936 0.9269756171757134 -0.04999997666664471
0.14177205710873 -0.3265688036095732 -0.0500000007
-0.9304347293493229 -0.1807898320413477 -0.007906866736141563
0.4927814939347322 -0.7949886015048726 0.00319690210210185
-0.2508352628544583 -0.9062417444075237 -0.05000498361662657
-0.9678733275298301 0.2456495828062013 0.001028976675544309
-0.2316807883355707 -0.04851641757607345 -0.04999686900940477
-0.6612219213914954 0.4862930306366218 0.0500000007
0.2537513454044496 0.8967945944203206 0.01225232417388767
0.003427977985171744 0.8290742114090242 0.0500000007
0.09297327091961578 0.9296484030632796 0.04999999822667497
0.3588391708012119 0.9321341329751951 -0.001895577590543832
0.01790623108978254 -0.7381973890954585 0.04999950904380772
-0.07305045292617508 -0.8423652371031206 0.0500000007
-0.2312580828511014 -0.4734469340882828 0.0500000007
-0.06430889244782888 -0.5318458016986479 -0.0500000007
-0.1605555488492391 0.9856317466354459 0.004887557196792461
0.6043146352535004 -0.5735262987967007 -0.04999856948676794
0.9241979099663473 -0.1337916443779567 0.05000270811441332
-0.71488031985611 -0.6976353073106754 0.0004883354181835255
0.8005451879571579 -0.2298511318283379 0.05000055140889738
0.7338204273554828 0.1982690098888834 0.0500000007
0.1035024466273311 -0.8093468898532672 -0.0500000007
0.7446862392121943 -0.009414789335785392 0.0500000007
-0.06615317426248632 0.9964431208498233 0.002075583643485002
-0.7626782186456237 0.4844903854314901 -0.05000000651682959
-0.165795628753353 0.9164237861060135 -0.05000001971663458
0.3482816437538979 -0.8812080384562505 -0.05000000079933169
0.7167576847233935 0.6952525974423994 0.004790517891594084
-0.6889178499303577 0.1293610823980074 0.0499996499084749
-0.3992535180704197 0.764327972893412 0.0500000007
-0.8118412721247352 0.5092553816845352 -0.05000030177939989
0.1564530419175151 -0.1197548962611097 0.04999451376844781
-0.5165284913356005 -0.2739900388160457 -0.0500000007
0.167922015261831 -0.5348328215481338 0.0500000007
-0.5287368820523232 -0.03698706366190571 0.0500000007
0.9301233917362792 0.07751250161628363 -0.0499999902278774
-0.7369968677728812 0.5735476190685218 -0.04999996156400732
0.2272536025708606 0.3366653150944258 0.0500000007
-0.1713473434129595 -0.1082395429627879 -0.0004714927008769266
-0.3682959450752282 0.4842485467562908 -0.01524236748662365
0.36029309 0.9311695995 -0.04999441095
0.7206612432659341 -0.5568406044992775 -0.04999995995006333
0.3052004950212098 -0.7829072216798411 -0.0500000007
0.2003952841101886 -0.6647758925985944 0.0500000007
-0.6069556779776041 -0.5158403995871078 0.0500000007
-0.3409980897378257 -0.6163992434857247 -0.0500000007
0.8549990741270231 0.3716524334854651 0.05000052424935147
-0.282358159309044 0.47878495010929 0.01022760723214125
0.5399444895730329 -0.590133979777702 -0.0500000007
-0.664387710309279 -0.3334166541512271 3.050996041825867e-05
0.1275342386610445 0.9227848268242492 -0.001195995694322996
0.6164734766853529 -0.3877524771290728 0.0500000007
-0.5757405838532719 -0.5351438071321679 -0.002935883551592505
-0.7995822222707307 0.09130645730983449 -0.0500000007
-0.9343628618803693 0.1467176696657796 -0.05000058376703985
0.11465832842459 -0.2807767118667577 0.004452527953173434
0.9267595512834736 0.1652865026531191 -0.05000245753062207
-0.2683067807865455 0.9619585013532671 0.0005117295129879046
0.5251787121522485 0.6581149924288301 -0.05000000140975273
0.1582640402532841 0.1858070264944182 -0.003777471276309295
-0.1331274713568373 0.935659271296429 0.05000001511993252
0.9871593089935699 0.1510965551313033 0.01590458695941162
-0.2208438376633381 0.3631542907813244 -0.002776537821025635
-0.3356767150297223 0.167330104524038 0.05000031778545112
-0.6127995499498674 -0.710290065576763 -0.04999985634150365
-0.2352916386542346 -0.5496001839593943 0.0500000007
-0.3401122093954852 -0.2256383763931027 0.0500000007
-0.3132505820375535 -0.2144996657375968 -0.0500000007
-0.2514512367422078 -0.3555821105287919 0.0500000007
-0.373626764073774 -0.4201858543987093 -0.006768902300148037
-0.2359410217258144 -0.2531810018440255 -0.0500000007
-0.8748940747931828 0.3640877439224791 -0.04999224309718467
-0.2282229370754847 -0.6389626199063668 0.002508704636328257
-0.6705789071039292 -0.1717573905096987 -0.0500000007
-0.5822103837092807 -0.265006328117908 -0.005689049883364757
-0.8958425630023658 -0.4414697438030354 -0.001276778031794194
0.7287999864142315 -0.3996647644405272 -0.0500000007
0.6796612842280984 -0.1262822032721269 0.0500000007
0.5270061341554469 0.3719313111358699 0.001990485765047163
0.1677214958916343 -0.2706697388578912 -0.004148353581047361
-0.4513598331397434 -0.2761747490922834 -0.0500000007
0.7436084773133751 0.575853198645697 0.04999423874022836
-0.4474926721136026 -0.893106857412712 -0.003551203128963001
-0.4823971870002299 -0.1121643097338581 0.0500000007
-0.4027330063734304 -0.2103704683091204 0.0500000007
0.1687153053858806 0.3409492344806321 0.0500000007
-0.4418893831192049 -0.4212163519262796 0.0500000007
0.6543494374913151 -0.1209301492392655 -0.003890787318649309
-0.1539379984331405 -0.9240693326916632 -0.01553346818857891
-0.195570247631053 0.1460795488975573 -0.0500000007
0.9198675143623749 -0.1080946340137131 0.002732423574718913
-0.1737321437608375 -0.4532273289784531 0.0500000469467865
0.3266302397882755 0.03063984507242121 0.0015131858821645
0.5950762640783764 0.7249307388023735 0.04999997330847292
0.510506181956083 0.1388004318469395 -0.0500000007
-0.1526340240851632 -0.6043177836064415 0.04999947711887402
-0.01982305825849404 -0.2955040506859349 0.04999977092694022
0.4637565662183982 0.3765057365359652 -0.001058227775601788
0.05858263832829529 -0.9969388550876297 0.01243352043031701
0.01021023115828696 -0.398676238782789 0.0500000007
-0.03820890677984445 -0.9517607872437134 -0.05000028713334831
-0.09994099584524574 0.3136927153485868 0.0500000007
-0.7547409807129953 0.2223684208842535 0.0500000007
-0.757379949927468 0.3350915958994934 0.0500000007
-0.5694518804309313 -0.746397000163017 0.0500000007
-0.5451452185036475 -0.3442269114862543 -0.0500000007
-0.7804305074086431 -0.1200301023533653 0.04999240796278018
0.9202662284424711 0.1221449649260786 -0.04999980389307452
-0.2647603289326561 -0.5812245800589524 -0.05000423023578576
0.2082194683792269 0.9207318345228135 -0.005371974104843601
-0.1268288859282822 -0.3604183667709824 0.0500000007
0.186663691703231 0.6028690693966228 -0.002869124798689623
-0.4118483698623134 -0.6346626134343961 0.0500000007
0.05854717091455478 -0.3702135040016737 0.0004299856192330365
-0.159057493568588 0.2041156596884177 -0.04999621923117072
0.5872273991107154 -0.7437704156782069 -0.04999999945460074
0.8849689965 -0.462109193 0.04999558625
-0.1775640679830517 0.2591901597812521 -0.0500000007
0.6218289718031589 0.2014245985354804 -0.04996325970717101
0.2056399517665413 -0.4470921998363297 -0.0500000007
-0.7522528630215398 -0.1302893832614369 -0.0500000007
0.519963164391404 0.400482004601602 0.0500000007
-0.7701707636192926 -0.2606292909911878 -0.0500000007
0.2861275419446084 -1.099699999995707e-05 -0.04999111889015606
0.7587921540756287 -0.4030668993837568 0.05000000204068808
0.2253203384602636 -0.4037486725942855 0.0500000007
0.3357456780297227 -0.6714629821182683 0.05000015922207124
-0.4550865187563132 0.6735435829628768 -0.0500000007
-0.04510680523902205 -0.4503881488291063 0.0500000007
0.0671767208059445 0.1776586184949527 0.05000084923092518
0.1123316122825877 -0.3392601488199372 0.0500000007
0.1873263449604489 0.04910498594400804 0.0500000007
0.01414360865143747 -0.5134906862255001 -0.001616194441254971
0.3006361451511032 -0.2139756277287366 -0.0500000007
-0.5867160126766564 0.06713420151182692 -0.05000696825543009
-0.1342499971118888 -0.7386081806300951 -0.05000030388294945
-0.00267267112364016 -0.7459675252261077 -0.0500000007
0.6727263315804726 -0.4562923522571509 0.0500000007
0.2686034387237781 0.7385861866300952 0.04999845768658608
0.1423458417854046 0.7519554596811345 0.0500000007
0.2686034387237781 -0.6539352588073595 -0.04999924163371548
0.2756676247781919 0.13273760542395 0.0500000007
0.2620819370458515 0.2270534530933923 -0.0500000007
0.01290927741282048 0.1754268501072162 0.0500000007
0.3147091630815088 0.3242465566504925 0.0500000007
0.401053637951627 -0.4658270390250305 -0.0500000007
0.3231904611358145 -0.2684366403089427 0.0500000007
0.4735438939525223 -0.1511712864399042 0.0500000007
0.4200076236753345 -0.1042923052122381 0.0500000007
0.3747125383939092 0.01935378558109879 0.0500000007
0.5267458906372715 -0.2670991117367872 -0.0500000007
0.4915592633626704 0.2295099328980969 0.04999707589507911
0.5865818825541624 0.1344823578494472 0.04999926610039861
0.6470601619516589 -0.2299132431715981 0.0500000007
0.4524949153534896 -0.2014465925354805 0.05001477634595616
0.4801905486687275 -0.2129048577874329 -0.0500000007
0.4517329001616449 -0.5313340081399963 0.0500000007
-0.08416512021373336 0.5497140419900022 0.0500000007
0.621840670790867 -0.3357369895591341 -0.04999663077430001
0.3532667311422529 -0.06715619551182683 -0.04998241853322192
0.318214611197302 -0.2014465925354805 0.05000286881644035
-0.7956475291911933 0.4226764543357547 -1.155035052028698e-05
0.3666104723460406 -0.7872698138014265 0.0500000007
-0.3516700874344296 -0.8631185210834856 -0.04999995757513192
-0.2535592652334359 -0.7794042016005432 -0.0500000007
0.0652142825541935 -0.9410523104034163 -0.004882929508154324
-0.1667315212091679 0.1157501279534559 0.001222276129665765
0.100313356449118 -0.8878321363704078 0.0499986787732803
-0.9892455494858007 -0.1342456375410336 0.05001042911478245
-0.07796805073244682 -0.2535370656351573 -0.0500000007
0.3696804135130032 -0.5250815727031086 -0.0500000007
0.3710759640323928 -0.3691308731939593 0.0500000007
-0.02571070206261433 -0.4154250951318476 0.002702349306541965
-0.7907666563469746 -0.1899490036792028 3.716262695652968e-05
0.3632314017295006 -0.9302438870843089 -0.007874112975605314
0.7441239133851382 -0.5700742932250988 0.003824776078254932
-0.05480989119831602 0.8160707089345963 -0.0500000007
-0.7772026959528838 0.3152336998330588 0.003134579893181881
0.9168668486266212 0.252506416274379 0.05000008483140205
-0.05319298052832698 0.7904816487636519 0.0500000007
0.2374108303732966 0.926596099928529 0.05000200430288532
-0.6832994548697416 0.5187652059639202 -0.002652828158232536
-0.7193315941341399 -0.4737991111459328 -0.0500000007
-0.5608263307216812 0.826244275502087 -0.001594645337325673
0.3837134244840599 -0.4456538938067332 0.005591769894261575
0.2592149814858661 -0.7467846674245263 0.0500000007
-0.1255908302279627 0.02917730743634624 0.0500000007
-0.0429737417557919 -0.1951385624701518 -0.0500000007
-0.05142571913682865 0.8171703017510897 0.00121079968169817
-0.4636926311558116 0.1728343030174395 0.0500000007
0.3469474288485406 0.5388984842482261 0.0500000007
0.2156614697257488 0.562574965182445 0.0500000007
-0.3863582494466387 -0.3588611778053745 0.0500000007
-0.1594857945797597 -0.3319352270694212 -0.0006416377647418215
0.172816319403688 0.983599471231935 -0.004531631914799683
0.6997813197514033 0.6319158266533434 0.003657705999763566
-0.391252488903703 -0.2613564094665931 -0.0500000007
0.1916123446514136 0.7915076459725714 -0.05000656019005575
0.2711366948838045 0.8973505646575238 -0.04999690226335192
-0.3423074783188649 -0.06178922762156402 0.0500000007
0.7855071169342769 0.616911572520103 -0.00851813269914496
-0.1305471725644966 0.7114597333693735 -0.005535547501728904
0.82075506919621 0.05767153989136609 0.0009421507025273748
0.8146213063756743 0.1217399285214038 -0.002388937056239873
0.7889793839269184 0.5067299685690987 0.04999994433870737
-0.3135689028287031 -0.3654753740623147 0.0500000007
-0.2683940301828807 -0.2979429067627457 0.0500000007
0.5688361026827878 -0.636986773154654 0.01235122338207132
-0.08155578707897856 0.1366092506860289 0.04999890333943525
-0.4364846071587614 0.3899909715748056 0.0500000007
0.5562239017454605 -0.7643610375827542 0.004425652435284737
0.4138533731503891 -0.1657877051985582 0.0001090632197011953
0.4806049754883591 0.6636544767309013 0.0500000007
0.5054317861494135 0.7976203891012259 0.05000000253960252
-0.9046152833678882 -0.1932052836804448 0.0500000021642475
-0.669527352964476 -0.2583062758196273 0.0500000007
0.1095385603146549 0.2330895812012741 0.006253759574135057
-0.3572017010797273 -0.2238774914304744 0.0002090052700829222
-0.4031600613805219 0.2423310084719959 -0.0500000007
-0.1427766661505824 -0.3943551432305451 -0.04999989358838101
0.0584445559586998 0.996922909231203 0.006657149323873407
-0.3907368831990554 -0.7943303636527623 -0.0500000007
0.09850774525617929 0.7191490118604965 -0.002223544611637735
0.2513729296849605 -0.07866297467326012 0.007965586582528866
-0.5218590442115245 -0.7478733826571354 -0.0500000007
-0.5178234749869685 -0.7895625033360807 0.04999999572807007
-0.5146130996063711 0.789901896020119 -0.04999999661421002
0.0386946149131226 -0.626602089515667 0.0500000007
-0.02862050854177632 0.3417440927393738 0.0500000007
-0.2084135588402285 0.39228744253363 0.0500000007
-0.5781291988884848 -0.7492099074323174 -0.04999999704846524
-0.969811764147573 -0.2389687223985543 0.01187534669639816
0.0424406557061917 0.3952320725668241 -0.0500000007
-0.2887945209627418 0.8009813451016683 -0.008899628342621126
-0.2017815312962466 0.6031337883961746 0.0500000007
-0.4580761191308236 0.8874655326725088 -0.005993898465340535
-0.2541535393773552 -0.7208522089371722 -0.01056780147191289
0.09043247668615018 -0.04388072459563178 0.0500000007
0.5908315418609396 -0.6721354817862043 -0.00488514701160241
-0.5991553206528958 0.3429862886060934 0.004234828619977014
0.1220431222929649 0.09086215944111681 0.0500000007
0.7535764354674505 0.03919375028624963 0.01148479543472086
0.1461914787511052 0.02179385318003906 -0.0500000007
0.1745739429834268 0.225753197070145 0.0500000007
0.151846160554573 0.2607170080748056 -0.0499999536373129
0.3995507066318138 0.5582771616082418 -0.008542747148644014
-0.07206646939772801 -0.4594756521289547 -0.005390089325182538
0.1430480634522663 0.4804127309614943 -0.0500000007
-0.01053631996421599 0.8050658978230625 0.002391582811258454
0.1268719168414767 0.1354320441725648 0.01093067678127306
-0.6126971599418281 -0.1730542973223318 0.0500000007
0.01363540285959741 0.7739574802848228 0.0500000007
-0.4912801476520669 -0.4419615825487715 0.0008327966864507844
-0.1167231582543874 0.3208798005729245 -0.0499989222247071
0.2207131344908221 0.8987312229330064 -0.0499999722056943
-0.679273868742722 -0.6553007705804426 0.04999998883927067
-0.06562181429583755 0.9394976184270961 0.05000003852982126
-0.266577956887562 -0.06864934642221514 0.0500000007
-0.04467522228569819 -0.9498105624773496 -0.01300281814359271
0.2537105751362222 0.5764345171711416 -0.0500000007
0.1936650455656859 0.6860576105102224 -0.0500000007
0.9395779369999999 -0.335498482 -0.05000235515
0.5205861292051815 0.2528879464723516 -0.006949397541786506
0.800898601375482 -0.4850117159583524 0.04999996345325229
-0.03476936676091478 0.1567762186119145 -0.01004859761008221
-0.6108658981228251 0.4531695359648857 0.00506529589754349
0.5266821894391189 -0.562109274821592 -0.02309279446525595
-0.4203487057592763 0.08151812763660624 0.04999911664601076
0.4725745742599237 -0.806923584152146 -0.05000002595374437
-0.3843169102282708 0.5288708571731158 0.004944381812148499
-0.8378453537679131 0.5434375651490373 -0.02628694097784275
-0.02384478580175846 -0.4847501809033705 0.004127040297538556
0.5992693494747973 -0.3435567768050274 0.002299106230250287
0.3292863782530168 0.2442996484145466 -0.0500000007
0.4138312047785721 0.5457205137802292 0.0500000007
0.6962788428468192 -0.02926151450614607 0.0500000007
-0.5170234332521898 -0.01438463697822374 0.007678067058659847
-0.2121928632622316 0.01846842285544261 0.0500000007
0.7064231488554644 -0.7043711070818874 -0.04999998051919903
0.8099026303699289 -0.2596897010270928 -0.0500000007
-0.4992424172650511 0.626804419996061 0.003903095254363926
0.02981789896964154 -0.7855114345709533 -0.0500000007
-0.07932855747670699 0.52356302268793 0.005799971939220899
-0.3861169982449625 0.2294263004299755 -0.01494767183416187
0.09278141650675457 -0.5116778356106344 -0.04999995789065526
0.02209014000111039 -0.3965101827637514 -0.0500000007
0.2912098365288737 0.3283062764767664 -0.001791811142041902
0.9228489527163474 0.1758294233656937 0.05000002406297338
0.3036770818749666 0.2055765240185622 0.003773663463029245
-0.078904993754048 -0.0793845498797069 -0.05000127956585705
-0.828089384027865 -0.4414061293832071 0.04999997926735015
0.4034972525145655 -0.362768537701486 -0.04999995185232747
0.53393280035349 0.336809268749064 -0.0500000007
0.6255677592195329 0.1785109439613403 -0.0009747002341339605
-0.07921885506733771 0.7267825016310089 0.0500000007
-0.1233590571060616 0.6176492185280062 0.0500000007
0.04193557140166906 0.1568580716895305 0.00122658489588486
0.0185376706912514 0.1184259782312422 0.0500000007
0.1737482817375403 -0.2749833470898199 -0.0500000007
-0.3881857346760561 0.8712899122528722 0.007536248847814409
0.1491967877562533 -0.2219408218367273 0.0500000007
0.1094491578074296 0.1355793660153001 -0.0500000007
-0.0897621823783708 0.386690575146977 0.0500000007
0.4343215378174051 0.2708857382665461 -0.001907926070303482
0.8451030555000001 -0.530579954 -0.0500029512
0.1369490858838046 0.9277218874075238 -0.05000736011335191
-0.1582183725325274 -0.8296475028286492 0.0136070327910082
-0.2903129127108028 -0.8721791726204027 -0.04999998347923929
0.06954531235227338 0.8668084152225155 -0.04999999830260421
-0.02500042823396632 0.7856096197016971 -0.0500000044408027
0.1082417351167826 0.7898103789831432 -0.003312555360327747
0.0404395555847437 0.9494958371065485 0.04999999060541264
0.6889780341864997 0.2014245985354804 -0.04998272236321466
0.8392859556673513 0.2529700810345458 0.005186425954043061
-0.2143142380703938 -0.7920772714497981 -0.008762577145000158
-0.138707304446183 -0.5321866979865372 -0.0500000007
-0.316457090327066 0.2657834696652471 -0.0500000007
-0.05332198291616015 0.3640532545862359 -0.0500000007
-0.5451406426110285 0.2668941256532607 -0.01666704307824054
-0.004867121048839925 0.05621136823877365 -0.0500000007
-0.01065614705185102 -0.06864128755717903 -0.0500000007
-0.03559082803434471 -0.5456319011605182 -0.003303429928051641
-0.5460428825495195 -0.6143647481838761 -0.002164992967783112
0.6058242065508754 0.06969696709930927 0.04999968569698865
-0.7973958456511092 0.5128905682359574 0.002170782919516808
-0.5415910646863005 -0.2686261212869147 0.0500000007
0.5810787789733243 0.3541270699292084 0.0500000007
0.5867212335711059 -0.6177650929714706 0.05000000060748636
0.6014662716746745 -0.7378006983214546 0.04999996308396606
-0.6518436304921289 0.2450577053361212 0.002186015672499431
0.2859917251839207 0.6896693700655602 0.0500000007
0.1914844296899875 0.6125726427937428 0.0500000007
0.5282026760072287 -0.7772493247202017 -0.04999999755888988
-0.9339042951010369 -0.2105144110297089 -0.04999912076888945
-0.02086714645049502 -0.6965373315461882 -0.04999466554916265
0.05295330712009971 -0.5902352267876388 -0.0500000007
-0.06386769694989168 -0.6444677323202278 -0.0500000007
0.4158889431390264 0.648519098706838 -0.0500000007
0.3305356388483447 0.5616400832547624 -0.0500000007
-0.4821498186839795 0.8150355949367314 -0.01045550733793236
0.3128356040487462 -0.09300598154655877 0.00963774963659155
-0.0445580027573049 0.69535086051352 0.003710064192249501
-0.3885596108003102 0.2114988563350625 0.0500000007
-0.4924368865731572 0.2572056461943201 0.0500000007
-0.9202559141824448 0.1900076796271817 0.008298106325831042
-0.7842126358330026 0.04796076814389419 -0.00571628815891234
0.6349029291630428 -0.7057128758173262 0.04999983146287833
0.6508710111278522 -0.2915685632316902 -0.001452121304027047
-0.9464745946916292 0.1572058422183691 -0.0145125209321204
-0.3595427771888745 0.6564749195623968 0.0002114780372757675
0.4679173623877211 0.5049349681937371 0.0500000007
-0.601683074763494 0.5300724486908825 -0.0500000007
-0.6239404667069827 0.6470875625328587 -0.04999999162767079
-0.716288569881932 0.2677988470901151 0.003658811001820933
0.6295304336503265 0.04996948582264901 0.005215915803184821
0.6331503319743923 0.6861838636815248 0.05000009266966781
-0.7906403706984092 -0.03374154255842825 0.0500000007
-0.3589043339084855 -0.1246307937906828 -0.005015140557845884
-0.951612015382316 -0.007557090299539009 0.0500005019450136
0.5525211857430427 -0.6670442186203835 0.02618561530194692
0.3093923857300314 0.904520901795856 0.01394972598746028
-0.9139356751500276 -0.2730566193077394 0.005660904837676721
0.7950203949947409 -0.2940097196995183 -0.003750585187873956
0.2571886646222626 0.9649754611873427 -0.001013389163066061
-0.780843985158277 -0.2295467694894298 0.0500000007
0.65190556589838 0.1546394843977495 -0.0500000007
-0.6305857229255736 0.5616688478772049 0.0500000007
-0.02404252790928729 -0.2086668487161428 0.0500000007
0.7633815442698031 0.3107064348016228 -0.0500000007
0.578982985354464 0.3606666488729331 -0.0500000007
-0.2168449648495588 0.2547693915836117 -0.0002251374270813996
-0.4516376557529129 -0.5327250388079906 -0.002705029415637583
-0.4309593311417134 -0.3884422028346627 0.0004157835826591072
-0.6796233310504844 0.1078999177131741 -0.005030350291248251
0.3177107803539151 0.6855462351033468 -0.02231222531370757
0.2300223829296655 0.69220560386133 -0.01631533522833394
-0.4333059306015666 0.1005849608218686 -0.0500000007
-0.3396521085294436 0.02149067656585042 -0.04999462523508796
0.2695600412938604 -0.2406725303854072 0.0500000007
0.987254977 0.1464674622 0.05000056885
-0.4728076035283011 0.03423605438417116 -0.0500000007
0.2586205471820575 -0.05817288712798704 0.0500000007
-0.7816085094391126 0.2478745815054697 0.002442917059068786
-0.04657471609341236 0.1222058519582108 -0.0500000007
-0.2970668305842288 0.7897540296401629 0.0500000007
0.6539878702161678 0.3178954953256077 -0.0500000007
-0.6179285129283565 -0.6993943622547567 0.05000001021910032
-0.5312767159730241 -0.6359175206659079 0.0500000007
0.1220239974714492 -0.0197535193868281 -0.007187613940708183
0.7245952171506815 -0.2929069969481787 -0.0005513352467963361
-0.7197404441659957 0.3364656780341849 -0.001593403849114531
-0.1731363676910154 0.5810124680645254 0.005480195948327552
-0.5009551255396114 -0.5654052240269267 0.003166690246099236
-0.5029637921782362 -0.1683641351594455 0.004890647303544708
-0.5607543406540876 -0.3825684527717934 0.000364699970960282
0.3978156599913089 -0.8741198434450651 -0.00336085474370846
-0.09383677738809464 -0.7566262232429558 0.01666020513819759
-0.6370813326123186 -0.5762835554601957 0.0500000007
-0.8786985269865851 -0.1260501224647321 0.05000000406938349
0.5563892395837486 0.5042404779034279 8.942269132594086e-06
0.3128769710149739 -0.6010625761765233 -0.009871559857564348
-0.5273634354439453 0.1204918024342691 -0.0036742829659192
-0.6553481286796567 0.3160430221357347 0.003031578327838158
-0.2784660140964985 -0.779382203384674 -0.0008215687997508421
-0.3363936195043459 -0.8959777480406741 0.04999996356918592
0.5241925649264472 -0.6379607199322551 -0.0500000007
0.6194607797026961 -0.7001719783796662 -0.05000002458078594
0.8877425246370352 -0.457684011161442 0.006141475156990059
0.8842776703339033 0.3643703483914921 0.009997707872869802
-0.09117632690012265 -0.3141138638967374 0.0500000007
-0.967671186 -0.2444906905 0.04999935815000001
0.4944411848385633 -0.5630972641256686 0.05000213133130282
0.7699603277334074 -0.2237103752831038 -0.0008988863034850217
0.0562428482820902 0.609643585791409 -0.0500000007
-0.501244426 -0.8652246895 1.035650000001664e-06
-0.1977430218544583 -0.9199182689075238 -0.05000465206662658
-0.2114540285273981 -0.8000181538114932 -0.0500000007
-0.8659712336302626 0.3602829299836601 0.04999996859795625
-0.160621771819634 -0.6423333766911576 0.001230040035489434
-0.09256559001440991 -0.4745029097964926 0.05000014647899521
0.3838800514469922 0.8707924723830375 -0.006593307996094406
0.7117044218690191 0.6147929017831162 0.0500000578993165
0.6435507867834809 0.517013687230117 0.0500000007
-0.3376127332700442 -0.646943622110344 0.009165879829171872
-0.7505256324617815 0.6593901026960158 0.0003687302773583148
0.8132152461441498 -0.5814759793603858 -0.003869975078796632
0.9995129910511755 -0.01965274993047986 3.204705246881434e-06
-0.1272638167137337 0.4929662532227818 0.0500000007
0.2398293600130714 -0.7052672414778867 -0.0500000007
-0.6602291061532876 -0.4970522436202809 -0.0500000007
-0.9557460845 0.2942454815 1.635400000001702e-06
-0.5265220597289937 -0.3072220628075689 -0.002319068549357186
-0.6559132541802495 -0.01320555546529018 0.001181798763365925
-0.1585733222333913 -0.02516902905310642 0.0500000007
0.1210526301993577 0.06900215739262183 -0.0500000007
-0.3223381657868985 0.5055855010917552 -0.006771887957259774
0.3613812018519489 -0.9309278291499012 -0.04999973647047942
0.2216616637714438 0.2136942194530917 0.001739093911744756
-0.8294914749982822 0.1122676402800002 0.0500000007
-0.1636126870309147 -0.4181418058418494 -0.0003526776853314257
0.1393764358733273 -0.6372320922573995 -0.0500000007
-0.6573417065127581 0.4800730403798354 -0.0500000007
-0.7632234417607088 0.5318790843109 -0.05000011700627962
-0.1331873252593173 -0.943986721132261 0.01876838714253135
-0.0326008588393166 0.6136102957848535 0.0500000007
0.8292779373157866 -0.1529797582631833 -0.0500000007
-0.3859414570074305 0.8585658939912274 -0.04999663258241203
0.5485775679374804 0.7579900083345608 0.04999999207589377
-0.3628693410565478 -0.06702915895269047 -0.0500000007
0.2343749141255426 0.787342911718623 -0.01669348237006493
-0.561286909204091 0.752926144932127 -0.04999999479505247
-0.8992232710162168 0.4342443752606512 -0.01081132150802999
0.487785366093024 0.006684129082702204 -0.005310505611969882
-0.08572826314995058 -0.4013387557003855 0.0500000007
0.6567514971032675 0.2372043439913032 -0.00100060778650805
0.7668569811709028 -0.3803766715690508 -0.00719231490722692
-0.3526461960854631 0.2142384317700182 0.01346704318901769
-0.3097058085534841 0.8952548406395343 -0.009327095479674821
-0.2063087118467102 0.8224756848810643 0.006218593304862119
-0.3034854147600957 -0.04268592232812259 0.006389179489327564
0.7509012652890159 -0.02047053338029772 -0.002947395406131718
0.2068198169178533 -0.6448038749210285 0.00549822015560845
-0.7353716678650918 0.5888023675997879 -0.01262113238918539
0.2546052674639617 -0.4736915152703571 -0.005724392435760153
-0.8438016110579448 0.5345537386486836 -0.0499958355389902
-0.5431425401510221 0.3479928966648437 0.0500000007
0.01212281740324572 -0.01002707948412958 0.0500000007
0.6321245017634536 -0.1409444468057024 -0.05000768402065472
-0.6902061894213972 0.1562569974826867 -0.01258869396769778
0.693223473084052 0.04963943086473745 -0.00082663740838913
0.705476748309936 0.0335470275119716 0.04999905777418319
-0.5450944968839961 -0.836708754487729 -0.05000044398850364
0.1179876896131654 -0.7158410979752025 0.04999909309407096
-0.4414033605449055 -0.3080687329093924 0.0500000007
-0.0209712228582326 -0.290160965758003 -0.0500000007
-0.3785726685762111 -0.5661371032848469 -0.0500000007
-0.141572560606998 -0.8819928425974972 -0.05000000282533875
0.2830056368478578 0.5003515672819945 0.01427129612126132
-0.6245696614169475 -0.3551398847002744 0.004102392276516158
-0.6628063370707881 -0.1099833216944429 -0.0500000007
-0.843419924811076 -0.1277758908147716 0.003794971940190142
-0.8714109524382276 -0.3217016234070241 -0.0005644877872866101
-0.765559630532789 -0.4827800425208854 0.001268251744336176
-0.6636001361166244 -0.5396339089856746 0.003774158648032278
0.6172220361864234 -0.6223872159976551 -0.0029491670888017
-0.4507258477310767 -0.8334321457343917 0.006775733285239881
-0.5576755450254065 0.6406504436947705 0.0500000007
0.6656421992241534 -0.5613730492473966 -0.0001161904500700772
-0.8564211863669179 -0.408363948544505 0.0004961621078530012
0.8056678810960453 -0.1515088344977469 0.001603875640214313
0.3703552521413453 -0.3078797814460215 -0.0009211171544709558
-0.6281690739295284 -0.1212120827785156 0.002685550033675083
0.2492408556686672 -0.1911222312753835 -0.009559288455751352
0.2967489755639917 -0.8978700091362789 -0.00812850019746013
-0.5684266051132996 -0.04295368945888599 -0.008506088892937353
-0.4907787584867067 -0.1090417911168281 -0.0004446402667273048
-0.1552619952318067 0.8087620780182259 -0.00730613096579279
0.2308251599869629 0.8673884491241753 0.0500000007
-0.7583951537150381 0.5829713332699823 0.04999999258488629
-0.1106370144121141 -0.3649691146000164 -0.009868101366449465
-0.1610633213481298 -0.2598149825021213 0.0500000007
0.1109958184955407 0.3343260551415748 -0.0500000007
-0.2448851308873302 0.9109262538497745 0.05000006482287034
-0.1881346140213936 0.7052833000230181 0.0500000007
-0.2257085812907843 0.7985323251302943 0.0500000007
0.1661953405711776 -0.7609706536266612 -0.006660228339793718
0.6002449303496847 0.4503008474616557 0.001381681150957081
0.1124437123943879 -0.7713610808182549 -0.04999887924019111
0.2546433696683766 -0.9655849505619897 -0.004820069412420488
0.480107428221813 0.4564912491761553 -0.00310693069242348
-0.3129144637940923 -0.6078907537379798 -0.005589515043333552
0.1617773649785589 0.7458027622379265 0.006390600985937271
0.06410748296151954 -0.7030007807581371 -0.001393177740096509
0.4550602611560657 -0.6793142922183647 0.0004586032588267278
0.4340418953339124 -0.08004259441345664 -0.0500000007
-0.343996532256927 0.2517769117001377 -0.01099483213338102
0.1072781479242399 0.5965437665507416 -0.003567232454434781
0.3475511266262438 0.5800994427210474 0.01089450114328017
0.4880455342713886 0.7194005596478702 -0.003048946799298397
-0.4739448875 0.878558129 0.0500042997
0.3101155090203348 -0.2158306796244285 0.004601315998884943
-0.221685753908224 0.2116278948128565 -0.0500000007
0.3388060823375324 -0.3871071002773199 0.0002042339677225501
0.4308784584338011 -0.3979255344706364 -0.0003777063329425329
-0.7210322841832819 -0.4975740009291321 0.0500000007
0.5522885024999999 0.831726134 -0.04999814555
0.4183236416915573 0.494917041791946 -0.002114392358611099
0.621537650455972 0.4202153220624665 0.0500000007
0.349797085 0.935006827 0.05000065635
-0.4478981403423699 -0.4797502267880453 -0.0500000007
-0.1512328318872349 0.8246504694616125 0.0500000007
-0.01797432611786742 0.0197421638884334 0.006495088390967278
-0.2562149141033785 0.8022706697161419 0.01410055717986857
-0.2874129419467939 0.5439548138646225 0.0500000007
0.719186485 0.692350775 -0.0500022769
-0.247703742507149 -0.9674351320088207 -0.05000010312888975
-0.6791512910192178 -0.3786700165736405 -0.006162125845758804
-0.9360714755788263 0.2319085939875372 -0.05000210230549179
-0.6864481140650981 -0.09349120678381671 -0.006944707629821444
0.709928781 0.7020372749999999 0.0499933325
-0.5642206186338605 0.01938871707355892 0.003204602068327902
-0.7206031673459826 0.3626317381370974 -0.05000000092198831
0.1747575103079355 0.3814930623380932 0.001094598925578334
-0.9020198219574453 0.3043047862410817 0.001019858404087783
-0.02989788734092705 0.2042480232206478 0.04999811056678378
0.262945004 -0.9632297455000001 0.0499974955
-0.4546329342964383 0.1906681588394895 0.0008827853970698073
-0.02649092052246628 0.5969107671527678 0.01283691833755769
-0.636997908 0.768955201 -0.0499944482
-0.3984367359130416 0.4656229810196498 -0.04999909318901014
0.3154233256522369 -0.02188016893522091 0.04999752194891893
-0.3280975080619247 -0.5606047791804787 -0.002407259743328951
0.4350841684401086 -0.322654887332011 -0.0500000007
0.6999827216006539 -0.7122178848362118 -0.01979531617535143
0.4364509883525722 0.3337137992694489 0.000788243290235513
-0.1673515776748903 0.6164810227071346 0.0500000007
-0.261567623237847 0.7967416454425025 0.0500000007
0.4991757611761627 0.309490305396756 -0.0008215757821988533
-0.1297299085924083 0.7175890791760841 0.0500000007
0.691430485787682 -0.1760726462932097 0.005110461753204994
0.5842031215539694 0.09042599570581747 -0.001406663676292904
0.6538785587134728 0.1264949323466104 -0.00258844295562442
0.1386123487561532 -0.07464046568955388 0.0006143878952790692
-0.1977257301464407 0.8168394250913047 0.0499991190058682
-0.9578606513615622 -0.2857965316707907 -0.01001372970922003
-0.6930825180862179 -0.01262922439699602 -0.0500000007
-0.566513885988788 -0.5695923572173407 0.0500000007
-0.5631940076568862 -0.1452530524872161 -0.009286056422260092
-0.3272069609100625 -0.5445045175289523 -0.0500000007
-0.2225818678237089 -0.339483419090895 -0.003863394216819074
-0.2798902952375784 -0.6535456308037877 0.006056772900843597
-0.4673342114556876 0.3450627037921705 -0.0500000007
0.1180409993785354 -0.4928815970055834 -4.178916927094981e-05
0.1562618310488584 0.07582789755394402 -0.004473897716769757
0.3448846749843465 -0.2638807983242259 -0.0500000007
0.6431617346342148 -0.02442374395848028 -0.001211570545375705
0.6873726361289937 -0.6683511749879566 -0.04999999994153313
-0.2134248463440404 -0.2417650887122696 0.01083093228959632
-0.2915785071491682 -0.2491613665423993 -0.0003526332055555956
0.675094667273069 0.05769338414540066 0.05000040232358748
0.1038165330506729 -0.4074277619464405 -0.0500000007
0.1403958493393911 -0.03617508503972913 -0.04999825451339332
0.1114041345401092 0.02642094909591166 0.005953543642830633
-0.1511501679890513 -0.9533307220908704 -0.05000065238905095
0.6331260360145508 -0.1651467351263201 0.0500000007
-0.699232819647397 -0.5755891835306145 -0.04999999712179422
0.4629372755778998 0.4151276928019755 0.0500000007
0.3810220811491387 0.1595120193151611 0.0036327612472895
-0.2746547675861121 -0.5750534299359675 0.006087099810489148
0.2031584727908798 0.7376804232337195 -0.02278154333156986
0.2678802162592288 0.849238925280185 0.02434687216051305
-0.2897021114325345 0.4948119908882304 0.04999915931466388
-0.2947545472507835 -0.3200328878229732 0.002904813516298017
-0.7140543159999999 0.698084563 0.04998989775
0.4444901165685555 0.8408836493142041 0.04999996250636714
0.6352263004178241 0.3216046950705394 0.0001488472797554721
0.8773174004222232 0.02100610870218574 -0.003987691365689223
-0.1335625724574684 -0.9897148853381977 -0.04870863328507514
0.889738351 0.4533005655 -0.0499968454
-0.6414562822920165 0.2263173948003692 -0.04999990835358933
-0.8770679812163473 -0.3695107585147835 -0.04999277796276425
-0.5507632831479163 -0.8329962623592451 0.003068761140877505
-0.3488743470590085 -0.4706318303039037 0.01750821033155232
-0.3802417050971537 -0.8655990179867921 0.00174908476922671
-0.9188403672531799 -0.3929659677653818 0.003448473199916592

CELLS 8040 40200
4 1451 1110 1171 1114
4 1357 555 707 695
4 267 2037 2114 1730
4 1685 1517 264 1684
4 517 52 488 2032
4 400 619 1172 272
4 152 16 540 1285
4 1123 1024 1853 557
4 1135 276 2019 1098
4 1196 669 536 912
4 1196 536 669 1339
4 1250 1643 1322 687
4 260 1030 1320 1882
4 2128 1341 1584 1972
4 430 743 2113 139
4 966 2025 186 369
4 445 656 1174 349
4 1193 1138 980 1517
4 1865 1883 131 614
4 1287 767 359 1738
4 525 695 924 1022
4 869 683 2096 1690
4 1436 647 644 1448
4 1394 359 15 1738
4 1336 1091 1437 887
4 2075 483 501 1969
4 514 516 562 1928
4 499 1354 916 865
4 726 1553 2024 471
4 393 1773 2107 415
4 289 124 464 1341
4 281 262 1009 1384
4 1372 1802 1543 1069
4 1248 1410 302 321
4 481 2104 2032 488
4 869 509 500 1624
4 44 276 43 1135
4 934 541 1964 672
4 286 941 728 1698
4 1820 428 325 1879
4 286 941 527 1069
4 337 1856 96 2068
4 439 1608 401 593
4 922 1095 1132 992
4 1156 427 795 1800
4 623 1508 831 1575
4 391 250 622 824
4 396 1128 1601 1157
4 553 195 1231 196
4 485 1678 348 1378
4 599 1194 1383 1073
4 647 336 1840 1436
4 1813 870 710 1340
4 316 1851 385 408
4 1491 2049 957 346
4 1974 348 1423 1780
4 668 450 1390 1926
4 1709 762 712 1822
4 201 256 312 1740
4 295 232 883 1351
4 1025 1740 544 1090
4 2110 620 610 899
4 214 2099 546 281
4 295 260 790 1351
4 1576 536 1339 1972
4 1576 536 1196 1339
4 1578 2024 897 726
4 1036 858 1913 64
4 1913 1340 856 1917
4 893 379 1943 1775
4 1819 538 199 950
4 1636 1808 1709 1426
4 884 623 831 342
4 1361 1048 1998 1187
4 345 1186 1648 1868
4 1433 1945 448 716
4 2098 1026 1830 1148
4 1347 442 601 618
4 1065 828 1562 515
4 922 1692 1104 1748
4 204 709 708 1777
4 822 898 399 1280
4 1366 1510 565 932
4 1299 1126 1542 241
4 2098 523 1025 1056
4 1150 1015 574 2139
4 1052 1759 213 222
4 175 1396 179 173
4 1031 316 885 689
4 610 1324 1053 1519
4 610 624 1053 1660
4 1769 1369 1004 642
4 1483 1863 2132 1428
4 189 1116 896 971
4 748 639 658 1908
4 1321 994 263 353
4 874 2126 1912 592
4 493 282 273 1193
4 644 797 2124 1109
4 692 725 979 952
4 579 1872 1458 1491
4 706 366 1914 301
4 1743 1315 2106 2114
4 393 415 1960 839
4 555 719 706 924
4 64 1340 856 1913
4 716 448 838 161
4 1194 253 2084 1388
4 473 1908 1281 1221
4 206 993 64 1938
4 1624 1614 2121 615
4 1803 1585 108 1438
4 1351 7 1277 232
4 393 1032 1940 414
4 774 1239 2042 2044
4 747 62 1762 1641
4 1888 764 392 1504
4 403 1991 1101 1211
4 1125 558 1899 940
4 2139 1087 936 1188
4 518 421 1503 1897
4 1128 1074 56 53
4 1838 1346 1786 1596
4 26 28 1898 2018
4 2101 28 27 263
4 1014 1187 1360 1105
4 1127 1121 1084 1425
4 536 690 1341 491
4 1659 1710 994 317
4 529 76 788 1994
4 988 435 535 1776
4 1497 1554 177 591
4 2095 1878 1738 15
4 536 1972 2128 1339
4 1851 385 581 1843
4 267 1204 2037 1730
4 1279 503 337 2068
4 580 503 2068 1009
4 1925 2118 899 1079
4 137 1066 637 836
4 690 536 1341 2070
4 1687 1137 144 1067
4 1687 1137 1692 144
4 1459 840 922 144
4 1272 1037 682 145
4 1989 682 1037 145
4 1142 1989 145 682
4 935 203 1690 869
4 2121 869 1690 203
4 2110 1971 1838 67
4 186 1085 1208 367
4 1212 730 186 882
4 186 1085 367 2025
4 186 367 1212 369
4 988 1525 2002 857
4 988 2002 1776 857
4 1341 536 2128 2070
4 1024 1600 1146 200
4 524 2032 211 52
4 1174 656 626 349
4 202 2112 1143 660
4 202 1461 660 1143
4 1786 204 2110 1777
4 205 662 2097 1631
4 1148 1631 205 2097
4 1712 150 142 207
4 1712 1962 150 207
4 563 371 800 1672
4 763 1672 800 371
4 211 1264 855 52
4 1264 211 855 1813
4 1813 1340 211 855
4 1147 1617 452 1733
4 1733 452 1147 866
4 214 262 281 1489
4 1568 2099 214 1774
4 1989 604 221 1447
4 1989 221 913 1447
4 2058 937 1226 1024
4 2077 850 1571 235
4 2077 235 870 217
4 1513 2136 851 1102
4 1513 851 701 1102
4 1022 1736 248 1985
4 2104 488 631 483
4 1818 370 1239 904
4 189 1283 1702 372
4 896 376 673 1116
4 1279 903 190 381
4 2044 1239 926 370
4 979 1518 1651 692
4 913 264 1037 2051
4 913 1138 264 2051
4 144 273 1684 1459
4 1684 1193 273 980
4 144 273 980 1684
4 656 493 1684 1193
4 493 273 1684 1193
4 284 1038 741 532
4 284 741 1038 1753
4 1901 1257 278 882
4 1024 1146 1330 200
4 1166 1086 195 1010
4 1825 917 1974 1423
4 630 917 1810 1301
4 1301 917 1825 1423
4 630 917 1679 1810
4 1974 1679 917 1825
4 1137 282 1067 869
4 282 1137 1067 273
4 282 1137 273 1138
4 282 1138 509 1137
4 282 869 1137 509
4 1392 1038 284 532
4 1666 284 1038 1753
4 1039 284 1346 1753
4 1039 1346 284 1833
4 284 1392 532 1490
4 724 1927 1714 1890
4 934 843 424 289
4 138 289 1928 876
4 1296 2038 1769 212
4 1810 917 1825 1301
4 1810 917 1679 1825
4 957 1673 370 1818
4 662 311 667 682
4 1825 586 1678 1485
4 586 1825 2124 1485
4 1878 1252 359 384
4 1989 662 604 1447
4 664 1989 1142 662
4 662 682 667 332
4 1444 682 1686 332
4 919 333 146 130
4 443 333 919 130
4 919 2132 146 333
4 502 2132 1428 333
4 502 333 1428 443
4 336 1101 1799 1688
4 336 1101 1688 475
4 371 563 753 1773
4 563 371 753 800
4 753 371 1609 800
4 371 1773 753 1609
4 431 798 549 339
4 798 431 1836 339
4 798 1836 71 339
4 2029 616 1203 1915
4 1910 463 793 198
4 884 1508 831 623
4 623 1575 342 794
4 1825 485 348 1974
4 1825 1678 348 485
4 2112 349 670 1495
4 2115 497 1607 1604
4 1508 2115 497 1607
4 1598 182 1396 179
4 676 495 315 1566
4 1886 495 315 676
4 495 1886 954 676
4 495 676 954 318
4 2132 146 358 1023
4 524 710 1308 248
4 524 710 248 211
4 524 52 211 248
4 1985 920 1894 413
4 1985 920 627 1894
4 2025 367 1267 1085
4 1267 367 1208 1085
4 1101 1689 368 475
4 1101 1689 482 368
4 369 1212 1209 367
4 50 759 1961 720
4 1999 720 1961 759
4 50 1494 1961 759
4 1494 1999 1961 759
4 1461 264 913 1138
4 1461 1989 913 264
4 1989 1037 913 264
4 801 1283 1131 402
4 801 1131 106 402
4 777 402 106 1131
4 289 595 254 876
4 424 254 289 464
4 595 289 254 1341
4 371 812 1773 1609
4 186 367 1208 1212
4 1208 1212 730 186
4 628 709 511 708
4 1461 1989 264 145
4 1142 202 145 1989
4 1989 1037 264 145
4 628 708 204 709
4 1609 1632 564 405
4 488 52 855 1264
4 202 349 1143 2112
4 824 1722 512 999
4 777 402 2045 106
4 1712 430 2024 911
4 2113 430 140 911
4 2024 430 717 911
4 64 856 1340 489
4 986 1007 1046 1819
4 1710 1643 436 1292
4 1710 1657 436 245
4 439 30 2080 1608
4 30 32 1608 439
4 401 1608 2080 1954
4 657 1631 1026 311
4 1860 311 2097 1142
4 1689 311 1026 2097
4 1284 457 750 182
4 750 185 457 1005
4 182 750 185 457
4 1151 333 443 130
4 502 333 443 1151
4 2064 502 443 1151
4 1142 202 445 145
4 1142 445 202 349
4 205 1142 2097 662
4 660 1142 2097 205
4 284 532 1176 1490
4 1527 2043 878 443
4 1527 1151 2043 443
4 424 464 289 124
4 254 424 698 464
4 1773 467 2107 415
4 753 467 1323 1609
4 2107 467 946 415
4 753 467 1609 1773
4 318 351 954 703
4 351 1876 771 703
4 1674 867 783 471
4 1685 1037 1272 145
4 336 475 1688 1479
4 475 657 368 1479
4 1026 475 1631 657
4 475 368 1688 1479
4 1631 475 336 1479
4 2073 1259 226 477
4 506 272 1331 1667
4 1203 272 1331 1616
4 732 356 279 252
4 195 196 1086 1231
4 957 1871 373 1258
4 1413 573 1355 970
4 485 1081 1825 1485
4 485 1825 1678 1485
4 1378 1974 485 1535
4 2097 1162 205 1148
4 1610 1657 245 436
4 489 856 1340 217
4 489 856 217 1938
4 206 489 1312 217
4 206 489 217 1938
4 1312 489 1340 217
4 493 273 1459 1684
4 493 273 203 1459
4 1886 519 495 423
4 497 1508 551 2115
4 1754 2115 1604 497
4 526 551 1603 497
4 497 526 1754 1603
4 500 282 578 626
4 2075 483 2016 501
4 1537 2117 587 506
4 1537 2117 506 1650
4 508 1683 1441 2057
4 1599 572 1766 157
4 1599 479 1766 572
4 1810 1171 1448 510
4 511 2068 709 628
4 709 2068 511 2003
4 1453 250 512 622
4 1085 2018 2025 186
4 2018 2137 1085 2025
4 845 729 1997 663
4 1997 845 663 1161
4 904 370 1239 1558
4 2044 1558 1239 370
4 12 10 1870 20
4 38 1567 2001 42
4 1286 2015 530 470
4 1286 847 530 2015
4 1263 470 1286 530
4 52 300 2032 517
4 52 524 2032 300
4 63 2138 2008 310
4 1281 888 740 1789
4 2073 1256 1259 477
4 889 542 1146 1703
4 1146 555 707 542
4 542 1146 555 889
4 1740 312 1739 544
4 1739 845 544 729
4 214 2099 281 1774
4 64 856 489 1938
4 1173 1568 546 230
4 143 1732 1352 976
4 143 613 141 1732
4 1492 1732 141 1958
4 922 1692 910 547
4 1594 2039 75 1994
4 1173 616 1203 2029
4 722 383 923 1759
4 1505 448 1433 168
4 1140 428 1285 568
4 1140 1285 540 568
4 202 1461 145 1989
4 202 1461 1174 145
4 202 660 1461 664
4 1550 1015 962 1170
4 1550 1628 787 1170
4 1539 554 406 598
4 713 1051 554 598
4 840 935 1132 556
4 556 840 655 577
4 1402 2123 1473 1634
4 1473 2091 1402 1634
4 941 1230 1927 728
4 941 728 1927 815
4 328 561 440 908
4 171 829 727 176
4 786 668 711 1390
4 900 565 1382 932
4 565 936 1382 932
4 383 2048 2126 1072
4 991 1220 1839 1765
4 209 669 152 974
4 158 571 705 988
4 86 1597 87 1560
4 474 1907 572 1599
4 474 1521 572 1907
4 163 558 165 902
4 616 958 1173 1488
4 1466 590 958 1568
4 1488 616 1203 1173
4 1959 220 390 1527
4 575 2080 553 528
4 575 439 2080 528
4 575 803 528 553
4 710 1340 1308 248
4 710 1340 248 211
4 1813 2077 1571 870
4 1439 745 577 2060
4 954 879 495 318
4 577 1439 2060 2089
4 175 1593 179 1396
4 500 670 578 2121
4 2121 869 203 578
4 12 11 1768 1538
4 624 1535 485 1043
4 1974 485 1535 1043
4 624 1485 485 1053
4 1357 704 1399 1412
4 1427 1126 1316 1542
4 383 1072 2126 1734
4 1599 490 1318 1140
4 1318 1599 1140 1907
4 1825 1678 586 348
4 561 1348 1248 321
4 1704 376 896 189
4 973 252 1850 356
4 819 240 912 594
4 1806 912 536 594
4 634 368 1101 482
4 1799 634 1688 1101
4 513 1355 952 597
4 513 952 239 597
4 971 1033 344 744
4 125 133 1630 1260
4 352 1726 2083 103
4 1036 352 2083 103
4 1926 447 451 1899
4 820 447 1899 1125
4 1600 1036 1302 103
4 662 1631 205 604
4 662 1631 604 1109
4 704 1357 707 1412
4 542 1357 707 704
4 270 1029 460 1530
4 1182 270 1530 1029
4 1194 1124 1388 599
4 2129 1743 901 1742
4 1007 599 1194 1388
4 1535 610 624 1053
4 1010 793 224 1590
4 1112 427 1156 1097
4 796 1112 1156 1350
4 796 427 1156 1112
4 420 343 1865 614
4 1644 1572 179 1396
4 1350 1962 1712 434
4 148 1350 434 1962
4 151 1962 1350 148
4 1156 437 1712 1962
4 151 437 1156 1962
4 999 622 824 777
4 2030 391 622 777
4 2043 1175 433 1155
4 1407 2133 457 723
4 202 626 1143 349
4 1461 626 1143 202
4 808 805 744 373
4 509 626 500 1143
4 2013 268 344 744
4 1672 744 373 808
4 1461 509 1143 626
4 1530 1839 1638 1765
4 1587 101 1842 380
4 1791 107 1842 1646
4 997 404 204 628
4 628 204 997 1833
4 628 404 1856 997
4 851 2078 724 1927
4 1285 428 152 97
4 1285 428 97 57
4 1285 57 568 428
4 1534 1044 1472 587
4 2016 2028 1289 631
4 631 1289 2104 2028
4 852 1281 740 1221
4 740 1789 1221 1281
4 852 1221 740 1589
4 383 1759 2048 1847
4 722 1759 1186 383
4 2029 616 1915 2057
4 2029 2057 1915 1393
4 1915 2057 814 1393
4 155 1741 1481 636
4 1884 935 1159 1690
4 2106 1605 640 962
4 2106 545 1170 640
4 641 421 906 518
4 641 799 421 518
4 642 1356 1220 1765
4 1296 1356 1220 642
4 991 642 1220 1765
4 1141 642 1220 991
4 2003 1050 511 709
4 1974 1378 348 1780
4 932 1742 1015 640
4 640 1742 2129 932
4 1054 1060 1769 643
4 1054 1296 643 1769
4 643 1060 1141 991
4 2051 1748 1517 1685
4 1517 1748 1684 1685
4 311 662 2097 1142
4 1554 1430 178 1627
4 311 1631 2097 662
4 1499 967 1496 454
4 1631 311 2097 1026
4 2019 2061 275 654
4 654 2019 2061 1098
4 533 128 1011 1076
4 1703 704 542 1626
4 970 806 193 287
4 1390 1042 1690 1338
4 632 2014 1727 288
4 1627 178 180 1430
4 874 383 2126 1734
4 1716 15 18 1364
4 1689 657 1026 311
4 475 1689 368 657
4 1026 475 657 1689
4 333 358 146 279
4 1151 732 333 279
4 1151 732 279 194
4 906 472 1675 659
4 906 1675 395 659
4 955 395 494 1347
4 1353 454 1496 723
4 675 1529 661 456
4 2096 661 1529 967
4 1529 1499 661 456
4 1529 661 1499 967
4 2096 675 1529 661
4 844 729 663 1353
4 729 1997 663 1353
4 782 1833 1838 1039
4 202 664 1461 1989
4 1989 664 1461 221
4 1142 664 202 1989
4 1773 812 563 1032
4 1609 405 564 1645
4 2125 405 1609 1645
4 1602 2125 405 1609
4 1590 1882 1320 224
4 1457 1724 1384 19
4 1203 1331 1232 1616
4 695 924 1022 1996
4 662 311 1479 667
4 1886 519 877 495
4 1847 721 1293 773
4 369 2025 186 367
4 369 367 1827 2025
4 1792 1128 1923 56
4 1834 709 573 628
4 2017 237 681 307
4 678 2 0 1895
4 1055 678 635 751
4 1415 678 0 1895
4 2124 1114 1444 1479
4 679 582 927 442
4 679 442 927 618
4 1501 442 679 2131
4 679 442 618 2131
4 1817 2023 680 461
4 1817 461 680 879
4 1647 1730 2037 1204
4 1191 683 869 786
4 2004 675 683 711
4 2004 675 2096 683
4 2004 683 2096 869
4 639 1222 1045 873
4 1222 694 873 639
4 694 2139 1306 1150
4 1364 1713 359 1394
4 613 1958 141 1732
4 634 1688 1101 368
4 830 686 1409 1516
4 78 1844 689 1540
4 563 1701 1851 1773
4 921 1796 632 1244
4 395 804 978 1867
4 736 2061 277 1416
4 958 2099 1251 546
4 958 590 2099 1568
4 1729 1742 1306 932
4 283 591 1982 453
4 1652 614 1943 379
4 440 1222 1859 1924
4 937 691 469 707
4 1814 1427 924 695
4 1814 695 1357 1427
4 508 2057 760 2111
4 977 456 700 1499
4 675 661 700 456
4 661 1499 700 456
4 1513 701 1103 1102
4 702 97 1746 1078
4 702 57 97 1525
4 702 988 57 1525
4 988 702 705 1078
4 857 1855 1533 816
4 1783 566 863 1551
4 204 708 2110 1777
4 404 708 1368 1971
4 1777 708 2110 2119
4 748 908 1929 473
4 1971 1368 2119 708
4 1357 704 903 1399
4 1716 1831 18 15
4 1203 1331 1837 1232
4 870 1312 710 1340
4 371 812 563 1773
4 753 1229 1282 1236
4 1901 1257 882 1245
4 1191 711 683 786
4 683 711 1390 786
4 2053 1648 1059 1482
4 665 1688 2094 634
4 634 1799 1688 2094
4 1589 1859 473 1929
4 1569 1228 810 1617
4 862 1366 1729 2010
4 134 743 131 1883
4 964 1796 632 921
4 1759 2048 1186 383
4 1186 383 1797 722
4 632 964 921 288
4 1012 1105 2049 1491
4 395 494 978 955
4 392 756 989 764
4 928 1927 1714 724
4 672 1337 1839 986
4 1993 1600 942 1879
4 1036 1993 1879 1600
4 1302 1036 64 103
4 1036 858 64 2083
4 1051 554 749 781
4 1051 548 749 554
4 355 1391 1055 6
4 1010 1166 255 195
4 126 1747 1652 1869
4 108 1585 1942 1438
4 108 1429 1266 410
4 1502 732 1205 358
4 1005 1963 184 750
4 1025 1739 1778 845
4 1025 1778 1739 523
4 321 1074 1641 374
4 2079 1092 212 1381
4 212 1092 2038 1381
4 1629 758 1037 1165
4 758 1696 1037 1165
4 1629 1660 1108 758
4 681 1710 994 245
4 307 237 681 353
4 1016 279 130 838
4 636 716 279 838
4 2099 617 1251 2118
4 746 1555 1128 1169
4 1792 1128 56 1555
4 1975 1528 1507 769
4 1507 1528 1164 769
4 751 769 1975 1507
4 751 1507 635 769
4 1901 1257 1245 1710
4 1977 1362 1187 602
4 1998 602 362 1187
4 1000 1105 1012 1360
4 637 1197 1336 1721
4 1721 1197 1336 1682
4 1615 1428 775 1175
4 775 1175 2043 1155
4 1175 1428 775 2043
4 632 1875 288 1727
4 1875 1796 632 964
4 632 1875 964 288
4 691 1302 557 469
4 1978 815 459 1802
4 108 1266 1342 410
4 108 1474 410 1342
4 577 949 1498 1132
4 1809 745 949 577
4 1809 949 1498 577
4 393 1960 812 839
4 393 839 812 297
4 839 1582 812 297
4 812 1960 1582 839
4 1421 1569 791 1611
4 1611 981 1569 791
4 981 481 1569 791
4 1656 1472 587 1534
4 1859 1222 2103 1924
4 644 1436 2124 797
4 797 662 1479 667
4 797 2124 1444 1479
4 1631 662 1479 797
4 1712 867 425 437
4 1196 669 912 705
4 429 1196 912 705
4 1427 1357 1399 1412
4 1463 1357 1399 1427
4 1427 695 1357 1412
4 835 1165 1696 621
4 718 607 857 1237
4 857 718 816 1880
4 857 816 718 1237
4 811 520 684 651
4 930 2140 378 72
4 1595 520 915 811
4 77 1019 1031 689
4 1723 251 1970 903
4 1814 903 1970 1463
4 1666 1038 284 1392
4 284 1666 1392 1833
4 1666 1392 1833 1680
4 786 556 655 1809
4 1439 817 2089 577
4 1199 105 402 826
4 105 1509 402 826
4 704 1122 1626 1703
4 712 1198 2011 972
4 1650 1198 712 972
4 1145 777 1131 402
4 891 1145 1283 402
4 831 1575 1317 342
4 831 257 1317 1508
4 1295 833 745 949
4 949 833 745 783
4 796 726 897 471
4 783 823 1674 471
4 1759 383 923 1184
4 1440 1132 949 577
4 875 610 1519 837
4 1678 1535 837 1378
4 1674 867 471 897
4 1569 388 1228 1617
4 556 1687 655 840
4 817 840 1687 910
4 655 840 1687 817
4 1372 1978 1888 859
4 910 840 1692 922
4 1999 47 1573 1979
4 1093 220 390 1959
4 856 855 1340 2077
4 856 855 2077 1671
4 1903 1523 392 296
4 1185 1758 1133 322
4 843 289 562 124
4 289 1928 843 562
4 1253 562 843 1928
4 746 396 1128 53
4 1601 1128 53 1074
4 396 1128 53 1601
4 1065 79 2039 505
4 2033 21 18 2067
4 1044 1201 1472 587
4 814 1344 612 400
4 1608 30 2080 1954
4 23 30 2080 439
4 554 1699 406 598
4 1051 1699 554 598
4 327 1872 1821 849
4 327 849 1008 1669
4 1008 849 1458 733
4 1821 1872 1458 849
4 1602 1632 1609 405
4 1602 996 405 787
4 1602 1632 1323 1609
4 1139 210 963 854
4 1602 1632 405 996
4 405 1632 564 996
4 1632 996 1602 387
4 668 786 1884 1390
4 403 1211 1486 259
4 403 1149 1486 1211
4 1629 758 1165 1660
4 758 1696 1165 1660
4 1589 2103 757 1581
4 716 918 279 838
4 1861 1698 286 731
4 731 286 1861 995
4 865 653 916 1948
4 1532 108 1474 865
4 865 108 1474 1429
4 1532 653 865 1474
4 2049 944 362 370
4 1620 300 524 526
4 1953 1701 1851 563
4 419 1491 957 210
4 419 1491 210 579
4 1238 1765 1099 532
4 1099 1238 1356 1765
4 1372 859 1802 1978
4 532 1765 1099 1004
4 1340 2077 1813 870
4 731 1861 871 995
4 731 42 871 1861
4 731 41 871 42
4 1678 1535 875 837
4 1678 1053 875 1535
4 1382 640 2129 932
4 2106 2129 1382 640
4 643 1121 625 1220
4 1141 1220 643 991
4 643 1073 625 1121
4 1451 880 1681 1473
4 1451 880 1473 2091
4 1451 1840 880 2091
4 1825 348 881 1423
4 1825 1301 1423 881
4 881 1301 1423 1681
4 1296 642 1220 1141
4 643 1296 1141 1769
4 1296 1220 643 1141
4 1369 991 642 1141
4 1369 1854 1004 642
4 1151 433 1959 1527
4 1773 1032 563 1701
4 2077 1969 235 1020
4 1969 1020 1265 235
4 1068 542 889 1703
4 542 889 555 1814
4 676 315 890 136
4 287 1068 889 1703
4 1443 1266 1942 1438
4 410 411 1266 1342
4 1503 2065 1897 109
4 1503 1897 1544 109
4 1156 437 897 1712
4 897 437 1156 795
4 796 1350 897 726
4 796 897 1156 795
4 1350 1712 897 1578
4 856 2077 1340 217
4 1613 451 953 1992
4 1318 1140 1853 1024
4 1853 1333 557 2052
4 429 705 860 158
4 1806 1196 536 912
4 1806 536 1196 1576
4 2110 620 899 1779
4 2119 1925 899 1367
4 899 1779 620 2118
4 2110 1779 899 2119
4 136 315 1770 431
4 21 1995 129 25
4 1999 720 51 1961
4 70 1951 322 310
4 2008 1951 70 310
4 2022 1951 310 322
4 2022 747 310 1951
4 2138 1951 2008 310
4 2138 310 747 1951
4 1685 264 909 1684
4 1685 264 1037 145
4 922 910 2089 547
4 1924 440 1222 1468
4 1468 1649 440 1222
4 1171 1114 1110 2124
4 1559 2007 1778 1997
4 2006 1812 2007 1495
4 2109 1014 1821 441
4 917 630 1134 1823
4 917 1823 1134 1411
4 866 1754 920 1894
4 866 1604 920 1754
4 1747 614 131 1652
4 1747 127 131 1865
4 1788 1403 1293 773
4 1080 1480 531 92
4 730 1177 925 1256
4 730 1177 882 925
4 925 882 982 1177
4 1845 1587 380 1080
4 1546 1587 98 102
4 98 1546 1757 1587
4 1546 1587 1080 1757
4 1381 1134 630 739
4 739 1134 630 338
4 1897 1735 1544 109
4 1735 1544 109 1900
4 112 1735 109 1900
4 1897 112 1735 109
4 827 931 864 25
4 1261 715 587 1656
4 1261 1656 587 1534
4 982 1257 278 1752
4 982 882 278 1257
4 541 984 1964 1819
4 541 1964 672 1819
4 876 984 934 1928
4 934 1928 984 541
4 1767 63 1431 938
4 2057 2111 814 1670
4 2111 1670 1344 814
4 844 723 457 2133
4 844 2133 457 455
4 842 844 1430 457
4 842 844 457 455
4 247 531 939 1545
4 247 939 1364 1725
4 1139 564 1955 1632
4 1139 1955 854 1632
4 2104 2028 1290 943
4 1264 488 2104 943
4 1290 2028 850 943
4 1264 488 943 2031
4 373 805 945 1933
4 373 945 957 1258
4 373 1933 945 1258
4 1275 815 435 1776
4 1469 1776 1513 1939
4 1275 1939 815 1776
4 1609 467 1323 946
4 467 1236 1168 946
4 1609 1323 1313 946
4 393 480 415 1063
4 839 415 761 1224
4 393 415 839 1063
4 796 897 1350 1156
4 1009 1189 1457 1857
4 950 541 187 1819
4 950 843 424 541
4 844 723 1430 457
4 294 723 1430 844
4 740 1931 1278 1789
4 888 1931 740 1789
4 772 1031 885 968
4 772 885 1980 968
4 2098 1849 1464 1902
4 226 1208 1719 1416
4 814 1915 1683 2057
4 2057 1697 1915 1683
4 1501 679 119 2131
4 119 679 618 2131
4 369 278 882 363
4 980 1138 273 1692
4 144 273 1692 980
4 980 1138 1692 1517
4 922 144 1692 980
4 922 1692 1748 980
4 2041 25 21 36
4 2041 36 29 25
4 422 1987 492 703
4 1255 1302 691 525
4 707 691 525 1255
4 270 1029 952 460
4 1518 952 1029 460
4 4 9 232 1705
4 232 9 685 1705
4 1142 349 2112 1495
4 1142 349 202 2112
4 1517 1104 1310 1138
4 1142 2112 202 660
4 660 2112 1891 1142
4 1142 2112 1891 1495
4 556 840 577 1132
4 577 1132 840 1071
4 1498 556 577 1132
4 388 981 1930 481
4 695 1914 1412 1316
4 1926 1899 451 450
4 1188 1195 936 545
4 1188 545 574 1195
4 1087 1195 936 1188
4 1087 1188 574 1195
4 1655 1101 1149 1148
4 1544 1717 1503 109
4 1446 990 0 678
4 1518 1654 474 979
4 778 1144 1522 1911
4 816 858 993 377
4 2083 858 993 816
4 316 1207 1229 1236
4 2083 858 64 993
4 16 988 2108 702
4 1991 1101 1655 1830
4 1618 1527 933 292
4 1527 390 292 1618
4 1527 613 1618 933
4 1527 613 390 1618
4 2026 1949 967 661
4 2096 661 967 1949
4 2026 967 1499 661
4 1998 602 484 362
4 2140 72 1401 1941
4 1136 2140 1401 1941
4 1534 836 1066 608
4 2059 612 1276 486
4 585 567 2000 818
4 536 491 1341 1972
4 690 536 1806 491
4 492 1520 1319 55
4 398 1719 2019 1416
4 398 1416 2019 1098
4 118 1805 122 1003
4 391 250 824 898
4 391 250 1563 2030
4 622 391 824 777
4 391 898 1061 250
4 391 1061 1563 250
4 1930 981 223 2104
4 1930 1290 2104 223
4 816 857 1855 1237
4 391 898 824 1699
4 1806 536 1576 1972
4 1806 536 1972 491
4 284 1392 1490 1833
4 1392 1490 1833 1680
4 1650 813 712 1198
4 1428 1906 1314 919
4 455 1005 184 750
4 1483 1906 1428 2132
4 2068 573 1413 970
4 1279 503 1434 251
4 327 849 1821 1008
4 1821 849 1458 1008
4 2109 1821 1008 326
4 1008 327 326 1821
4 2109 1458 1008 1821
4 21 2067 36 18
4 794 22 1422 580
4 251 580 503 1434
4 411 420 780 1100
4 404 511 1368 708
4 511 2119 1050 1368
4 708 1368 2119 511
4 25 315 29 1921
4 1770 315 25 1921
4 2041 29 2069 25
4 979 952 1518 692
4 842 1005 1430 180
4 842 457 1430 1005
4 842 457 1005 455
4 842 1005 180 184
4 585 567 1656 2000
4 585 1656 584 2000
4 36 25 21 2040
4 1142 660 202 664
4 79 1594 1065 2039
4 2033 1995 129 21
4 1142 660 2097 1891
4 1995 25 2069 129
4 129 1770 25 2069
4 514 827 562 516
4 21 25 827 2040
4 36 2040 29 25
4 25 543 2040 29
4 729 1353 723 1997
4 897 795 1674 867
4 1493 811 915 650
4 1088 383 1759 1184
4 1652 614 379 418
4 1747 614 1652 418
4 1740 312 544 1090
4 21 2100 36 2067
4 2100 2041 21 36
4 2033 1995 21 2067
4 1483 1863 665 947
4 1100 1266 1273 418
4 1100 1266 418 2050
4 1100 2050 418 781
4 937 469 1412 707
4 1115 1561 1206 286
4 1027 2060 1276 1828
4 1027 1276 612 1462
4 1027 1462 612 2027
4 1543 1718 286 629
4 1069 1978 527 1718
4 1718 527 1069 286
4 742 1643 1250 687
4 979 952 998 1029
4 979 1029 998 1530
4 260 1507 1882 1164
4 260 1882 1320 1164
4 1030 1507 883 1893
4 1838 1833 1786 1346
4 1838 1346 1039 1833
4 1833 1375 1786 1346
4 1219 1460 1419 234
4 1219 1460 1557 1419
4 998 1004 1182 532
4 1182 532 270 1029
4 1847 383 1759 1088
4 140 207 148 434
4 1093 220 1959 1040
4 1040 1527 1959 433
4 977 663 456 1353
4 1093 1040 1959 433
4 1222 694 639 1908
4 1789 1623 853 534
4 1908 2066 1789 1243
4 1959 220 1527 1040
4 651 1595 1011 323
4 473 1908 1221 1929
4 851 1927 1939 459
4 254 1307 876 1337
4 529 1994 788 432
4 2039 1994 529 432
4 1981 1007 1454 2084
4 1007 1388 2084 1981
4 514 562 1253 1928
4 1454 538 2084 1007
4 1819 984 1964 1694
4 1324 1053 1629 1660
4 1053 624 1629 1660
4 875 1485 1629 1053
4 1485 624 1629 1053
4 600 891 1145 1202
4 1456 1173 1616 1393
4 1232 1173 1616 1456
4 1964 984 934 876
4 1154 1049 1663 605
4 2075 228 1657 1322
4 1262 1322 2075 436
4 1262 1322 436 1643
4 250 600 622 1202
4 786 935 1884 1690
4 798 770 71 1836
4 1763 61 1720 69
4 13 1541 1192 1881
4 1060 570 1854 991
4 309 1430 294 723
4 643 1054 1073 1296
4 1046 1054 1073 643
4 1061 1699 391 406
4 508 1441 714 2057
4 508 2057 714 760
4 1112 677 427 1944
4 1944 163 156 677
4 1061 898 548 250
4 1061 548 1563 250
4 554 1699 1061 406
4 1932 554 1061 406
4 1061 548 1932 1563
4 582 116 1334 1957
4 1780 1376 1753 1038
4 230 281 1062 1489
4 1489 230 299 1062
4 1991 1211 2132 1023
4 1063 1248 839 328
4 1185 1224 1063 1410
4 428 942 152 1064
4 428 1500 1064 352
4 529 828 81 1065
4 2039 432 1065 478
4 473 748 658 1908
4 473 658 2066 1908
4 840 1067 144 1459
4 203 1067 935 1459
4 273 1067 203 1459
4 144 1067 273 1459
4 1814 542 889 1068
4 287 1814 889 1068
4 1357 704 542 1068
4 903 704 1357 1068
4 903 1814 287 1068
4 820 447 1926 1899
4 286 728 1069 1543
4 1718 1069 1543 286
4 971 673 772 344
4 971 1795 673 344
4 772 344 673 1980
4 1407 457 1284 1506
4 1506 457 1284 182
4 835 2087 1037 1165
4 1348 1761 321 561
4 1436 1479 1114 2124
4 1436 1479 2124 797
4 1436 1631 1479 797
4 2000 836 1534 608
4 817 1071 840 2089
4 577 817 2089 1071
4 1071 577 2060 2089
4 2089 1071 840 922
4 1801 1833 1490 1355
4 1833 1680 1490 1355
4 725 1490 782 1176
4 1801 725 1490 782
4 1833 1370 1834 204
4 204 1834 1833 628
4 1073 1046 1094 1054
4 311 1479 1631 662
4 657 1479 1631 311
4 1631 475 1479 657
4 702 97 1078 1525
4 988 702 1078 1525
4 988 1078 438 2002
4 1774 1050 709 2119
4 521 1759 1052 222
4 447 558 451 1899
4 576 1795 94 90
4 554 1805 1539 118
4 1003 1805 554 118
4 548 1805 554 1003
4 1907 1521 572 688
4 1741 292 1618 933
4 1425 1356 1296 1092
4 1084 212 1296 1054
4 652 228 2102 2075
4 652 2075 2102 1969
4 336 1688 1436 1479
4 1479 1436 1114 1688
4 1631 336 1436 1479
4 1491 1105 2049 346
4 1821 1872 1014 1458
4 1248 302 1224 1468
4 573 1434 2068 2003
4 251 1422 503 580
4 22 1129 884 794
4 160 446 167 165
4 134 717 743 1883
4 2137 34 1085 2025
4 717 139 134 743
4 801 100 106 1131
4 801 100 1131 1704
4 404 1971 204 708
4 404 1971 1838 204
4 897 437 867 1712
4 2109 588 1570 584
4 1459 144 1691 1684
4 1691 144 980 1684
4 1441 1691 1748 1684
4 1691 980 1748 1684
4 1009 1457 1384 19
4 628 1856 1413 997
4 1833 1413 997 628
4 1603 551 2115 497
4 497 1603 1754 2115
4 637 1721 1066 596
4 973 356 1205 252
4 1219 356 1205 973
4 2108 988 1533 57
4 2052 1333 557 1820
4 562 516 827 543
4 25 543 827 2040
4 780 713 598 411
4 827 543 516 2040
4 1678 1485 875 1053
4 1445 1485 875 1678
4 955 1347 293 618
4 1944 427 1112 1097
4 1944 1112 156 1097
4 525 555 706 924
4 156 1112 151 1097
4 506 2117 587 715
4 506 2117 715 1650
4 1650 1426 715 583
4 780 1539 1100 1747
4 780 420 1747 1100
4 1205 973 1557 1219
4 479 474 570 1530
4 1790 474 1530 570
4 474 765 570 1790
4 858 1938 1242 856
4 858 377 1242 1938
4 2136 1241 1866 851
4 724 1890 1919 738
4 851 724 1241 1890
4 1910 611 1565 1020
4 1710 1643 504 1106
4 1710 1643 1106 436
4 1910 463 198 611
4 1262 1643 436 1106
4 1107 1391 589 8
4 1107 1214 589 1055
4 1529 967 454 615
4 1096 1683 1441 508
4 2027 1683 1096 508
4 128 1076 2062 1011
4 651 955 2055 927
4 336 647 1799 1149
4 336 1149 1799 1101
4 1541 23 2074 14
4 1025 845 544 1739
4 562 516 543 1326
4 961 562 543 1326
4 1932 548 1061 554
4 1932 554 406 118
4 1985 248 524 1736
4 1985 524 248 52
4 986 1046 625 1220
4 1985 524 1894 1736
4 52 300 1894 524
4 809 526 1894 497
4 1376 1099 1038 1238
4 763 371 800 1955
4 371 1955 1609 800
4 957 945 987 1258
4 1258 945 987 951
4 736 2020 2061 1416
4 1416 736 2020 277
4 2020 736 2061 1213
4 1271 611 1671 463
4 2077 1271 1671 855
4 206 1938 217 633
4 16 2108 1285 702
4 753 1113 800 1323
4 753 1113 1168 1236
4 800 1113 951 1371
4 593 1608 401 1954
4 401 2080 1218 1954
4 1159 1884 1809 935
4 786 935 556 1809
4 1902 1655 1148 1830
4 1159 935 1809 1498
4 1884 786 1809 935
4 1809 935 556 1498
4 130 1527 878 443
4 1527 792 130 878
4 130 443 878 919
4 1892 1630 1424 285
4 658 2066 1243 861
4 2059 2060 1276 1027
4 1318 1123 2058 1024
4 2058 1123 937 1024
4 1553 1532 2024 471
4 426 1532 1553 471
4 1040 1380 1936 1417
4 1129 1724 671 1210
4 1129 1724 1215 671
4 671 1129 1210 623
4 43 276 2019 1135
4 2019 654 275 1135
4 2019 1135 275 43
4 1135 2019 654 1098
4 1307 1766 1337 254
4 1377 672 570 1307
4 643 1060 1769 1141
4 1296 1769 642 1141
4 1769 1060 1369 1141
4 1142 682 662 1989
4 1422 794 1129 22
4 1050 1009 1189 281
4 1129 19 1210 1077
4 16 152 669 97
4 267 1706 671 1204
4 769 1528 1164 1055
4 1549 673 772 971
4 590 2099 1568 1774
4 1613 451 1992 677
4 558 163 677 902
4 1533 1103 2108 1153
4 1855 1103 1533 1153
4 1855 1102 1103 1153
4 718 206 993 1726
4 2083 993 1726 718
4 1428 1906 1484 1314
4 1811 684 1047 1782
4 650 1047 1811 684
4 214 1774 281 262
4 1049 606 1937 1154
4 606 1437 1937 1154
4 606 1001 1437 1154
4 424 254 934 289
4 818 567 887 585
4 785 887 585 818
4 2110 1535 1668 610
4 1535 2110 67 610
4 610 624 67 1535
4 1800 1156 151 437
4 1112 1156 151 1097
4 396 1157 948 1128
4 1157 305 1074 1601
4 286 1698 728 731
4 396 1157 305 1859
4 396 1859 948 1157
4 396 305 1157 1601
4 1318 1024 1907 1140
4 1063 480 415 1224
4 1063 415 839 1224
4 1185 1063 480 1133
4 1304 317 363 1487
4 1304 317 1901 363
4 689 77 1019 1136
4 1952 80 1540 83
4 2028 1262 1787 850
4 1290 2028 1787 850
4 1460 397 201 1160
4 825 690 961 1886
4 397 1526 201 1160
4 1426 327 1008 1669
4 1534 400 486 1472
4 2059 400 486 1534
4 1413 1355 1801 513
4 693 337 96 1279
4 1279 381 503 251
4 1974 1679 1825 485
4 1043 1679 1974 485
4 898 1579 548 250
4 1579 548 872 898
4 885 84 1952 1625
4 885 1952 84 80
4 1129 884 623 671
4 254 1341 464 17
4 671 1215 1129 884
4 1137 1067 935 869
4 1687 1137 1067 935
4 935 1137 869 786
4 786 1137 1687 935
4 1359 1508 1575 1317
4 954 879 423 495
4 1555 1163 56 1792
4 428 1064 152 97
4 16 97 669 1746
4 968 772 89 1980
4 89 772 673 1980
4 1302 64 301 706
4 399 898 822 512
4 1722 484 512 159
4 1722 822 512 484
4 1192 465 13 1881
4 355 1528 1975 769
4 751 769 355 1975
4 659 641 906 518
4 659 799 641 518
4 599 1383 1482 1073
4 1383 1482 2053 599
4 411 713 2050 1100
4 740 847 1278 1931
4 740 277 1278 847
4 1079 2087 1760 1165
4 1165 1877 2087 1760
4 835 2087 1165 1877
4 331 383 752 1847
4 752 1734 383 331
4 331 383 1847 1088
4 466 1037 1685 2051
4 714 1441 735 1697
4 869 282 500 509
4 282 578 203 869
4 578 869 282 500
4 956 1402 755 1118
4 755 1402 2063 1118
4 717 784 2021 1864
4 1167 499 1309 1532
4 1804 1308 301 706
4 2017 295 1277 1935
4 295 1935 2017 742
4 1930 1290 223 1620
4 564 754 787 1852
4 564 754 405 787
4 405 996 564 787
4 787 996 564 1852
4 389 357 720 350
4 1999 51 720 1227
4 1284 2133 457 1407
4 1740 201 216 1739
4 1176 998 952 1490
4 532 1176 1490 998
4 752 776 303 721
4 1059 960 1868 722
4 1868 722 1648 1059
4 1395 1739 723 1778
4 1350 1712 1578 434
4 1712 434 911 1578
4 388 1569 452 1617
4 388 1617 452 1147
4 333 279 146 130
4 1151 279 333 130
4 1385 154 2135 838
4 171 829 1274 727
4 171 940 170 727
4 727 829 1305 320
4 467 1168 1323 946
4 753 1113 1323 1168
4 753 1168 1323 467
4 1810 510 1301 1171
4 630 1301 1810 510
4 2077 235 1571 870
4 1571 710 211 1813
4 769 1507 260 1164
4 1028 769 260 1164
4 769 1164 1028 1055
4 2106 1170 962 640
4 640 1170 962 1015
4 2106 1170 1976 962
4 787 1628 1976 1170
4 1840 1171 1436 1114
4 1151 279 130 238
4 2124 1110 1444 1114
4 2124 1110 586 1444
4 1278 853 534 1789
4 1461 1174 626 202
4 734 746 396 948
4 1461 1174 264 1138
4 509 1174 1461 1138
4 1461 145 264 1174
4 1461 509 626 1174
4 1877 735 2087 462
4 314 260 790 295
4 790 237 295 1351
4 2017 295 737 237
4 2017 237 737 681
4 1086 1217 1565 738
4 1866 2136 892 1241
4 389 1372 1452 1718
4 1718 1372 1903 1543
4 814 2057 508 2111
4 814 2057 1683 508
4 1650 1667 583 1261
4 506 272 1667 1261
4 1765 270 1530 1182
4 1182 1004 1765 532
4 1765 532 270 1182
4 1854 1765 1182 1004
4 1854 1765 1530 1182
4 1449 1183 1402 1473
4 1681 1183 1449 1473
4 1800 427 907 1097
4 907 427 1944 1097
4 1753 741 1781 1039
4 1039 741 284 1753
4 1250 1893 742 687
4 2113 743 132 2090
4 893 1943 132 743
4 197 744 805 373
4 932 1015 1306 1188
4 2058 937 1626 1226
4 636 154 838 1016
4 1385 154 838 636
4 68 747 1762 1303
4 2012 1045 1582 2088
4 1933 832 244 951
4 945 244 987 951
4 842 844 977 294
4 945 1933 244 951
4 108 1744 379 2021
4 2004 683 869 1191
4 2004 711 683 1191
4 869 1137 2004 1191
4 752 776 1119 242
4 752 721 1119 776
4 405 754 564 1645
4 1193 1138 273 980
4 755 649 2063 648
4 1174 1193 264 1138
4 509 1193 1174 1138
4 1684 264 1193 1517
4 1193 282 273 1138
4 1193 1138 509 282
4 5 1881 13 465
4 5 1397 1881 355
4 5 355 1881 465
4 5 1397 13 1881
4 630 1381 1254 1268
4 1381 630 1134 1268
4 380 1291 1845 1080
4 1748 1104 760 466
4 2107 1313 2047 1960
4 1649 873 1045 1222
4 1709 972 1650 712
4 536 690 1806 594
4 690 536 519 594
4 357 1888 392 1372
4 357 764 392 1888
4 250 1202 622 1453
4 1202 774 1145 1453
4 1049 766 1041 605
4 568 2108 188 57
4 827 562 767 514
4 514 562 767 1253
4 650 915 768 1047
4 1129 623 884 794
4 650 915 1493 768
4 1422 794 623 1129
4 768 1887 650 1047
4 1749 684 650 494
4 1782 1875 1111 755
4 1782 1875 755 1727
4 1502 1205 1557 1219
4 207 1962 148 434
4 1712 434 1962 207
4 786 935 1687 556
4 1687 935 840 556
4 840 1067 1459 935
4 1171 1840 1448 510
4 1221 740 1278 1789
4 1278 1789 534 1221
4 16 209 152 540
4 16 669 152 209
4 16 1339 669 209
4 58 1339 16 209
4 58 209 16 540
4 846 1208 226 1416
4 846 1416 226 740
4 600 2030 2045 111
4 1223 1254 1781 1268
4 909 1685 145 264
4 932 640 1015 1188
4 1188 640 1382 932
4 1382 936 1188 932
4 1518 1226 1626 1703
4 2058 1226 1626 1518
4 1780 1376 1373 1753
4 1780 1781 1596 1753
4 1268 1373 1780 1082
4 891 402 1283 1199
4 801 1199 1283 402
4 1453 484 2042 512
4 1511 497 627 1604
4 871 1861 45 995
4 45 629 2035 995
4 1861 629 45 995
4 510 697 1301 1840
4 1840 880 1301 1451
4 1171 510 1301 1840
4 1171 1301 881 1451
4 1840 697 1301 880
4 1115 1698 928 1230
4 928 1230 1714 1927
4 2078 1115 928 1230
4 2078 928 1927 1230
4 553 401 1231 528
4 528 401 1231 1919
4 528 1166 1919 1231
4 2080 439 401 528
4 439 593 401 528
4 1117 1954 1608 593
4 1394 1287 359 1738
4 70 1951 1619 322
4 322 1619 2022 1951
4 1197 1439 1235 1682
4 1235 1374 499 1197
4 1295 833 1354 745
4 1354 745 1197 1295
4 1532 783 745 833
4 130 1527 443 1151
4 238 1527 130 1151
4 1527 792 238 130
4 830 686 1565 1409
4 1261 587 272 1534
4 1261 272 587 506
4 2026 1556 1949 320
4 2026 1556 967 1949
4 1202 891 1145 774
4 1989 664 221 604
4 1989 662 664 604
4 1659 245 1710 1245
4 149 1246 1016 933
4 1246 792 1016 933
4 1661 558 447 807
4 1661 1992 447 558
4 953 1992 447 1661
4 1049 1154 1937 605
4 1154 1437 1937 605
4 419 1300 957 1491
4 419 1491 1764 1300
4 922 1692 547 1104
4 1695 1809 786 655
4 668 786 1158 1884
4 787 1550 1602 387
4 1109 1081 1108 1485
4 136 1770 129 1327
4 1294 789 296 2023
4 492 55 1319 789
4 790 314 1164 260
4 0 1028 790 1
4 790 1351 1028 0
4 1150 2125 1313 2088
4 1602 1313 1150 2125
4 873 1150 1313 2088
4 839 1248 1468 440
4 1248 321 1468 440
4 839 1248 1224 1468
4 1086 793 1166 985
4 315 431 798 1921
4 1632 1955 1609 564
4 1881 2074 905 14
4 819 1806 498 690
4 819 690 498 1180
4 778 1144 1911 804
4 1549 971 772 805
4 971 268 772 805
4 1229 832 772 1843
4 805 772 1549 832
4 914 1085 730 186
4 1208 186 730 1085
4 778 906 641 421
4 1518 239 1330 806
4 778 442 421 641
4 778 582 421 442
4 778 1365 906 421
4 778 1365 421 559
4 778 582 559 421
4 1600 103 1302 1255
4 1600 103 1255 719
4 1255 719 706 555
4 1720 65 59 703
4 16 97 1746 702
4 1720 59 1987 703
4 807 1125 446 558
4 1282 951 1933 808
4 563 808 800 753
4 810 2010 1729 1366
4 1909 861 965 969
4 1258 1933 945 951
4 800 1258 951 808
4 808 951 1933 1258
4 1258 800 951 854
4 813 1200 1650 1667
4 1172 1683 619 814
4 279 716 1152 252
4 1034 2046 649 666
4 1447 1989 332 1442
4 1447 332 1109 1442
4 332 1989 682 1442
4 435 1275 728 815
4 816 858 188 2083
4 816 993 718 377
4 2083 993 718 816
4 1534 1066 619 608
4 756 569 819 989
4 1280 822 606 399
4 1178 1467 426 823
4 953 795 1013 1674
4 898 1699 779 824
4 1722 898 779 824
4 628 511 1856 404
4 511 2068 628 1856
4 1268 1622 1082 1574
4 281 1384 1009 1457
4 1062 281 1457 1384
4 1328 825 124 491
4 1813 1264 2031 855
4 1290 1571 2032 1264
4 1290 1264 943 1571
4 129 827 1287 21
4 828 432 129 1995
4 828 129 1387 1995
4 1073 1046 1194 1094
4 1194 1094 1383 1073
4 977 844 663 1353
4 2109 1458 588 733
4 1014 2109 1458 588
4 2098 1689 1056 1830
4 1010 195 1528 1975
4 1282 951 832 1933
4 1010 195 255 1528
4 1838 204 1971 2110
4 892 607 1343 1270
4 1866 607 892 1270
4 1006 341 834 1286
4 853 1789 1931 834
4 1006 834 853 1286
4 341 1968 834 1286
4 813 208 1200 1667
4 1748 1685 466 835
4 813 364 1200 208
4 2015 846 458 2073
4 1060 199 187 1046
4 1094 199 1060 1046
4 19 1724 1129 1210
4 1443 781 2050 1089
4 716 448 918 838
4 1649 1045 440 1222
4 812 2047 1582 1960
4 1124 722 841 1059
4 1059 841 960 722
4 226 1416 1719 1966
4 420 343 614 1273
4 420 1896 343 1273
4 582 1334 421 1957
4 1085 1267 2025 34
4 1030 1507 1893 1516
4 1250 1030 1893 1516
4 556 935 1132 1498
4 1809 745 577 655
4 2132 1211 1922 1023
4 121 582 927 679
4 1280 898 399 872
4 1280 898 872 1051
4 5 6 355 1055
4 5 355 465 751
4 5 1055 355 751
4 5 6 1397 355
4 1285 2108 568 57
4 129 1287 1394 21
4 21 1287 1394 1738
4 796 726 471 426
4 2080 24 1218 31
4 2080 1218 1954 31
4 1288 780 127 123
4 963 579 210 1858
4 963 210 1139 1858
4 2017 681 1292 1710
4 2017 737 1292 681
4 2017 1643 1710 1292
4 737 2017 1292 1250
4 1250 2017 1292 1643
4 1100 713 2050 781
4 798 676 552 431
4 552 431 676 136
4 2110 610 1668 899
4 1668 899 610 1079
4 1299 258 1317 1575
4 1463 1299 1575 258
4 1299 1575 1359 1126
4 1463 1299 1427 1542
4 1300 1012 957 1491
4 1300 1491 1764 1012
4 957 1012 1300 987
4 1301 1183 1681 880
4 880 1183 1681 1473
4 2007 1395 1559 1778
4 431 339 549 75
4 1994 431 549 75
4 339 431 1247 75
4 431 1247 1836 339
4 431 1994 1247 75
4 2073 1208 226 846
4 2073 1259 846 226
4 727 1305 940 320
4 1274 1305 940 727
4 320 1305 1816 1982
4 1773 467 1609 2107
4 1609 467 946 2107
4 1609 946 1313 2107
4 1307 424 698 254
4 1307 424 570 698
4 136 1389 890 931
4 136 25 931 129
4 671 1706 382 1204
4 784 2024 717 2021
4 1594 1994 529 2039
4 2024 2021 784 1553
4 529 432 828 1065
4 1386 868 291 1233
4 868 1084 1784 739
4 1716 1785 1545 1788
4 50 759 720 1216
4 50 1520 2130 1216
4 1483 1615 1863 1428
4 1483 1615 665 1863
4 1167 1309 1553 1532
4 1532 1309 1553 108
4 1309 1553 108 1585
4 1517 1310 2051 1138
4 1280 606 1001 872
4 2088 873 2047 1313
4 1748 1310 466 2051
4 1960 1313 2047 873
4 1599 974 209 157
4 2000 836 486 1534
4 1656 2000 486 1534
4 756 989 819 1817
4 43 367 2019 1267
4 2019 367 1208 1267
4 381 1826 1077 241
4 381 1826 1422 1077
4 1785 1311 1725 1713
4 1311 1713 1364 1725
4 1716 15 1364 1311
4 1716 1311 1785 1052
4 771 802 351 1475
4 1475 802 351 416
4 2114 257 2037 884
4 1789 1909 853 1623
4 689 1952 885 80
4 1229 772 885 1843
4 385 885 1843 1229
4 875 1535 610 837
4 837 1535 610 1668
4 875 1053 610 1535
4 724 1714 1919 1890
4 785 1437 887 1937
4 1099 1356 642 1765
4 1296 1356 642 1099
4 1259 1931 888 1642
4 232 1351 635 883
4 635 883 260 1507
4 635 1507 260 769
4 828 1327 129 432
4 1689 311 2097 1860
4 129 432 1327 1770
4 21 129 827 25
4 1296 1004 642 1769
4 1004 1765 642 1854
4 1295 653 1354 833
4 774 891 1283 246
4 2024 717 425 784
4 892 2005 1565 738
4 1817 392 1523 2023
4 894 756 392 764
4 948 2122 895 746
4 948 734 746 895
4 330 896 244 197
4 118 123 122 1539
4 406 554 1539 118
4 702 1285 97 57
4 222 1950 2053 1194
4 1674 823 796 471
4 796 897 1674 471
4 1674 953 795 796
4 796 795 1674 897
4 823 953 1674 796
4 81 1065 1017 1552
4 1552 1065 1017 1597
4 1980 344 673 85
4 673 344 1795 85
4 89 1980 673 85
4 89 673 90 85
4 673 1795 90 85
4 915 285 231 220
4 915 285 220 218
4 915 220 1417 218
4 915 220 231 1093
4 1798 170 171 940
4 902 558 165 940
4 110 113 115 391
4 165 940 170 1798
4 391 1711 115 110
4 1871 1873 373 1258
4 40 39 2025 43
4 40 43 2025 1827
4 210 346 192 579
4 1858 579 210 192
4 189 904 1283 372
4 1267 43 2025 39
4 372 904 1283 246
4 1589 852 734 895
4 1594 529 81 1065
4 1594 2039 529 1065
4 2114 884 2037 671
4 1881 553 195 803
4 452 866 929 1147
4 195 803 1166 905
4 265 929 1147 452
4 195 1166 255 905
4 906 290 1986 242
4 1800 1097 907 153
4 795 427 1661 907
4 748 328 440 908
4 2024 1553 784 1532
4 429 240 860 912
4 429 705 912 860
4 1709 972 1636 1650
4 972 1636 1650 1200
4 1659 245 994 1710
4 218 915 164 1417
4 285 915 164 218
4 637 916 1197 1693
4 1532 108 865 1803
4 1535 2110 1838 67
4 1838 1535 1043 1596
4 1838 1786 1535 1596
4 1838 1535 67 1043
4 1535 1786 1838 2110
4 543 306 29 877
4 543 877 29 315
4 1059 1648 921 1482
4 1868 1648 921 1059
4 921 1868 1059 1728
4 1018 921 1059 1728
4 2053 923 1950 222
4 737 1657 228 1322
4 737 1292 1657 1322
4 1767 938 1431 1601
4 1383 923 2053 335
4 1074 1767 1431 1601
4 1493 811 323 915
4 1324 2087 1629 1519
4 875 1629 1519 1053
4 1324 1629 1165 1660
4 875 1519 610 1053
4 1240 125 1325 1750
4 926 2009 362 1012
4 926 1130 2009 1012
4 2049 362 926 370
4 774 1283 1145 1239
4 927 1471 651 955
4 1115 1206 928 1698
4 941 1698 1230 728
4 99 1702 576 94
4 1635 99 94 1702
4 929 517 413 866
4 929 300 413 517
4 279 918 130 838
4 1133 322 1700 2140
4 2022 1303 68 930
4 1742 1015 1306 932
4 636 194 279 1152
4 1016 238 130 279
4 1737 976 613 143
4 124 1326 562 825
4 124 289 562 1326
4 1326 562 1928 289
4 825 562 961 1326
4 1606 1243 861 936
4 1510 861 936 1606
4 136 1770 1327 788
4 529 788 1327 432
4 1327 432 788 1770
4 124 1328 1326 825
4 825 1326 961 1328
4 1439 1297 655 745
4 1297 1467 655 745
4 2112 1143 670 349
4 1624 1143 500 670
4 500 626 670 1143
4 349 1143 670 626
4 1143 1624 2112 670
4 1556 320 940 1949
4 398 276 1329 1098
4 1117 386 731 1954
4 840 1692 922 144
4 1687 1067 144 840
4 1687 1067 840 935
4 2021 911 743 893
4 1553 2021 893 911
4 2024 911 2021 1553
4 1012 1105 362 2049
4 1853 568 1333 2052
4 2052 568 1333 1820
4 1820 1755 568 1333
4 1801 782 1490 1833
4 1801 997 782 1833
4 1527 1380 2043 1040
4 1527 261 1040 220
4 1527 1380 1040 261
4 1092 2038 1781 1099
4 1376 1099 1373 1753
4 1099 2038 1781 741
4 1099 741 1781 1753
4 1376 1092 1373 1099
4 643 1296 1121 1220
4 643 1073 1121 1296
4 1801 1490 952 1355
4 1801 1355 952 513
4 952 1355 2081 597
4 403 2132 947 1502
4 582 1334 559 421
4 947 482 403 1502
4 1427 1299 1794 809
4 1794 258 1299 1427
4 1427 1299 809 1126
4 540 1285 37 568
4 37 2108 568 1285
4 566 1783 1335 1531
4 566 1335 787 1852
4 1335 1976 566 787
4 566 1335 1852 1531
4 540 1140 1318 490
4 2020 2103 1934 948
4 540 1140 1853 1318
4 1065 1562 81 1017
4 1209 1212 1208 367
4 2019 1209 1208 367
4 1557 1849 1219 1419
4 1991 1849 1219 1557
4 1849 1991 1056 1557
4 1557 1025 1849 1419
4 1056 1557 1025 1849
4 937 542 1626 1226
4 937 1146 542 1226
4 1703 542 1226 1626
4 1703 542 1146 1226
4 996 1335 1531 1852
4 566 1852 1551 1531
4 268 1625 344 772
4 1625 1980 344 772
4 971 344 772 268
4 1588 783 949 745
4 1467 745 783 1588
4 953 1158 1432 451
4 1664 954 1817 756
4 954 1664 1180 756
4 1874 651 1471 955
4 955 684 1874 651
4 956 1449 1118 959
4 1233 956 959 1449
4 1233 1449 1183 956
4 2049 957 370 1548
4 1012 2049 957 1491
4 1258 987 419 951
4 958 1070 1251 617
4 958 617 1251 2099
4 1760 958 590 2099
4 2014 959 288 291
4 960 274 345 1186
4 960 1676 274 1186
4 1194 199 253 1358
4 961 1328 138 519
4 961 306 877 138
4 961 519 138 877
4 253 1950 222 1194
4 308 699 299 2011
4 299 1215 2011 1198
4 308 2011 299 1215
4 813 299 2011 1198
4 299 699 813 2011
4 1279 903 381 251
4 1894 526 929 1754
4 810 965 1569 1617
4 1907 1226 2058 1518
4 844 2133 455 1249
4 2141 34 28 2137
4 282 656 578 626
4 282 656 1174 1193
4 1174 282 626 656
4 2096 449 661 1949
4 730 925 1345 1256
4 730 2073 1256 1345
4 730 1212 2073 1345
4 730 925 882 1345
4 882 1212 730 1345
4 1346 1753 1666 1375
4 1596 1753 1346 1375
4 1666 1375 1833 1346
4 1552 79 1597 86
4 1600 719 1255 555
4 707 1146 1600 555
4 1290 1264 2104 943
4 969 1909 1510 1366
4 2104 1290 2032 1264
4 814 508 2027 2111
4 1710 504 1901 1106
4 671 1215 884 382
4 1349 1146 1330 1226
4 189 197 324 971
4 1116 90 673 1795
4 972 1946 1204 1647
4 972 1204 2036 1647
4 115 120 118 406
4 1234 1647 1990 972
4 209 152 157 974
4 975 233 320 1556
4 1556 975 940 320
4 1599 157 1140 572
4 1907 1599 1140 572
4 1982 591 283 2026
4 977 453 283 1982
4 1532 745 1354 833
4 1297 1354 499 1167
4 1532 833 1354 653
4 1167 745 1297 1354
4 1522 955 778 978
4 1911 1522 778 978
4 436 1322 2075 1657
4 436 1322 1292 1643
4 2075 1657 1610 436
4 468 223 265 981
4 114 1501 119 2131
4 2023 350 392 296
4 1465 791 1289 1611
4 1049 766 605 818
4 1049 1937 818 605
4 2005 1343 1565 1910
4 818 137 605 1336
4 2005 892 1565 1343
4 818 605 137 766
4 1336 818 1937 605
4 1020 1910 611 463
4 2077 1969 850 235
4 1463 1357 903 1399
4 1814 1357 542 1068
4 903 1357 1814 1068
4 1194 1358 253 1950
4 253 1358 384 1950
4 1358 1094 1950 1194
4 1299 1575 1317 1359
4 1299 1317 809 1359
4 1710 1292 436 1657
4 436 1322 1657 1292
4 77 1031 82 80
4 1362 785 1048 1049
4 1362 785 585 1048
4 77 1031 80 689
4 80 1031 885 689
4 821 169 166 1363
4 339 1247 71 75
4 1836 1247 71 339
4 957 1548 1012 987
4 957 1300 419 987
4 989 429 860 158
4 989 860 1504 158
4 1789 888 1909 861
4 888 1909 861 965
4 514 1253 537 538
4 538 1253 537 199
4 514 1253 767 537
4 537 1253 1252 199
4 1100 1869 1539 781
4 1100 1869 1747 1539
4 582 778 955 442
4 927 582 955 442
4 927 582 1471 955
4 582 1471 955 778
4 1369 1854 642 991
4 1969 1020 1271 463
4 1271 1020 611 463
4 2077 1271 1969 1020
4 2077 1271 1020 611
4 1969 830 224 652
4 652 2102 224 1969
4 1749 811 1493 650
4 1749 811 323 1493
4 922 992 1691 1441
4 307 317 1321 994
4 1321 317 263 994
4 914 994 263 317
4 939 18 2067 1364
4 995 728 286 1543
4 1632 996 387 963
4 362 2009 1000 1012
4 1125 1556 975 940
4 2046 666 1936 775
4 400 612 486 1472
4 1769 1369 642 1141
4 1369 1060 991 1141
4 1261 1477 715 584
4 818 137 608 766
4 818 608 836 2000
4 1154 1663 1001 605
4 872 1001 1280 1051
4 621 1877 1002 760
4 1002 983 621 760
4 1760 1466 590 958
4 1318 1024 1853 1123
4 853 1931 1286 834
4 1931 1286 1278 853
4 1286 1278 847 1931
4 1799 1101 1149 403
4 1799 1149 1486 403
4 265 300 517 2032
4 800 1113 1371 1323
4 800 1323 1371 1955
4 1341 124 464 17
4 328 1348 1248 561
4 328 561 1248 440
4 1062 546 225 281
4 1180 690 491 825
4 762 2036 522 1756
4 1780 1373 1781 1753
4 1268 1781 1780 1373
4 1373 1099 1781 1753
4 1373 1092 1781 1099
4 1373 1092 1268 1781
4 1729 2010 810 1006
4 1229 385 885 316
4 82 1031 885 80
4 1050 1009 262 2003
4 580 262 22 1009
4 1482 1018 1784 1244
4 1018 868 1784 1244
4 1482 1018 1244 921
4 1018 868 1244 921
4 1010 1409 1975 1507
4 1507 1010 1528 1975
4 830 1010 224 1882
4 1377 1337 1839 672
4 1377 1839 1337 479
4 1377 479 1337 1766
4 1337 672 1377 1307
4 1377 1766 1337 1307
4 247 1545 939 1725
4 247 229 1545 1725
4 1296 1356 1099 1092
4 2059 1721 2060 1708
4 2060 1721 1514 1708
4 1721 2060 1514 596
4 138 595 289 876
4 1553 784 108 2021
4 1532 1553 784 108
4 1532 1803 1309 108
4 1432 1013 1159 823
4 953 1432 447 451
4 823 1674 1588 783
4 238 792 1016 130
4 1527 433 2043 1151
4 1515 87 1536 1017
4 249 247 1017 515
4 1386 868 1018 291
4 316 385 885 689
4 316 1019 1229 1207
4 1117 386 1954 593
4 928 386 593 1714
4 1698 386 593 928
4 1698 386 1117 593
4 2109 733 588 583
4 1001 605 638 1437
4 1021 1089 1437 1091
4 1022 1316 1996 1985
4 1022 1736 1308 248
4 1280 779 1476 1663
4 1001 1280 1476 1663
4 828 1387 249 515
4 515 1387 249 2033
4 249 1387 1394 2033
4 614 1883 131 743
4 1502 358 1219 1991
4 1502 403 2132 1991
4 1652 614 131 1943
4 1318 1024 2058 1907
4 637 916 1336 1197
4 1557 1406 523 1025
4 1025 1557 1406 1460
4 1440 577 2060 1071
4 1095 1071 1440 2060
4 1460 1090 219 256
4 1026 1101 475 1689
4 1389 543 890 864
4 1389 543 864 25
4 1389 315 890 543
4 543 25 1389 315
4 1028 1214 790 1
4 790 260 1164 1028
4 1028 635 260 769
4 506 715 587 1261
4 772 1229 885 1031
4 1031 1019 1229 316
4 689 1019 1031 316
4 393 812 1032 297
4 393 297 1032 414
4 167 975 172 170
4 167 446 975 170
4 940 975 170 727
4 975 172 170 727
4 576 1116 1033 1795
4 915 811 520 1047
4 915 1936 768 1047
4 1035 285 164 218
4 1600 1036 103 1879
4 528 1166 1231 803
4 553 803 528 1231
4 1629 1037 1686 2087
4 739 1084 212 2079
4 1381 2079 1134 739
4 1245 982 882 1177
4 925 278 458 1752
4 1497 727 975 591
4 727 591 320 975
4 2096 1042 615 1690
4 2096 1390 449 1949
4 918 1433 716 252
4 356 1433 918 252
4 1044 272 1172 1203
4 1044 272 1203 1616
4 295 1935 742 883
4 639 1045 2012 2088
4 748 1582 2012 1045
4 839 1960 1582 1045
4 1054 1094 1060 1046
4 1661 1013 447 953
4 809 1508 551 497
4 1508 551 1317 809
4 1014 1048 1362 585
4 1014 1048 1187 1362
4 606 1677 822 1049
4 1362 1048 1998 1049
4 1677 606 785 1049
4 1048 785 818 1049
4 2057 1670 814 1393
4 1051 749 872 781
4 1079 610 1660 620
4 1079 610 1324 1660
4 1001 606 1089 872
4 713 781 1051 1089
4 1788 773 1379 1052
4 1788 1052 1403 773
4 392 989 756 1817
4 1664 894 756 1817
4 894 392 756 1817
4 2075 228 1322 652
4 195 1231 1086 1166
4 1231 1086 1166 1919
4 1608 38 1117 1206
4 1206 1117 1608 593
4 1235 1682 1374 1197
4 253 1358 1252 384
4 739 1084 1784 212
4 255 1055 1164 1528
4 589 1055 1164 255
4 1214 1107 1 1028
4 635 769 1028 1055
4 902 451 1899 1816
4 902 451 558 1899
4 1183 880 1402 1473
4 1473 880 1402 2091
4 340 2098 2097 1689
4 690 1886 819 423
4 2017 504 1057 307
4 1277 9 1057 685
4 423 1886 819 954
4 1277 1538 1057 9
4 690 1180 819 1886
4 1886 1180 819 954
4 1647 1990 1058 1234
4 377 1343 1270 354
4 331 1842 1587 361
4 1778 1025 845 2006
4 523 1025 1778 2006
4 1255 103 1302 706
4 103 706 1804 64
4 103 719 1804 706
4 1302 103 64 706
4 1255 103 706 719
4 1254 1381 1781 1268
4 844 2133 1249 729
4 211 2032 1264 52
4 2032 211 1264 1571
4 488 52 1264 2032
4 756 1817 819 954
4 819 1180 756 954
4 819 879 423 954
4 1817 879 819 954
4 759 1543 1718 1903
4 759 1543 629 1718
4 995 629 759 1543
4 172 1497 178 177
4 828 529 1327 432
4 1060 187 991 1046
4 1422 22 1009 580
4 1405 1494 50 2035
4 1700 78 1401 1408
4 1602 2125 574 405
4 1602 405 574 787
4 328 1348 1063 1248
4 1063 1410 1248 1348
4 1185 1410 1063 1348
4 917 1301 1411 1423
4 1574 1411 1681 1423
4 1268 1411 1574 1423
4 1268 917 1411 1423
4 1411 1301 1681 1423
4 941 1115 2078 1230
4 941 2078 1927 1230
4 1414 109 1717 1900
4 915 1417 1936 1034
4 915 1093 1936 1040
4 377 1343 607 1270
4 377 607 1237 1270
4 1270 607 1237 1866
4 1055 678 1028 635
4 5 1055 1415 6
4 1107 6 1 1415
4 678 1028 1415 1055
4 1055 5 1415 678
4 1028 1107 1 1415
4 16 1196 669 1339
4 58 1196 16 1339
4 554 1805 749 781
4 554 548 749 1805
4 554 781 1539 1805
4 1453 512 2042 1145
4 1485 2124 1109 1081
4 2028 1610 1787 1262
4 2029 1393 1070 983
4 149 976 1246 933
4 933 238 792 1016
4 2112 660 1161 674
4 1028 678 1895 635
4 1895 635 1351 1028
4 678 1028 1895 1415
4 1072 274 592 472
4 1072 472 1986 242
4 1072 274 472 1119
4 1072 1119 472 242
4 854 800 1371 1955
4 220 1417 218 261
4 1679 1223 1974 917
4 1679 1254 1223 917
4 917 1679 1254 630
4 1076 125 1984 1630
4 1076 323 293 2055
4 1076 293 618 2055
4 1575 1077 623 1508
4 1508 623 487 1077
4 763 1258 800 1672
4 854 763 1258 800
4 800 1672 1258 808
4 1668 1519 590 1079
4 876 1928 934 289
4 1080 95 101 380
4 1587 101 380 1080
4 95 91 1291 1080
4 934 254 876 289
4 934 1307 876 254
4 369 1209 1827 367
4 2057 1002 1697 714
4 2057 1002 616 1697
4 1460 256 1740 1090
4 1460 256 201 1740
4 753 1851 1236 1773
4 393 1236 415 480
4 1615 1428 1484 775
4 1484 775 2046 1615
4 1346 284 1666 1753
4 1346 1666 284 1833
4 865 1429 1948 916
4 499 1429 865 916
4 499 1438 1429 916
4 916 1429 1948 410
4 1400 1372 1802 1543
4 1599 698 570 765
4 570 479 1377 1599
4 570 1599 765 474
4 570 474 479 1599
4 570 1599 1377 1307
4 570 1599 1307 698
4 1989 221 1461 913
4 1412 1357 707 695
4 1600 1302 691 1255
4 707 691 1255 1600
4 707 1255 555 1600
4 1710 1901 504 1304
4 1304 1901 317 1710
4 186 1212 882 369
4 1212 458 882 278
4 1212 278 882 369
4 1092 1381 1781 2038
4 760 1877 1002 714
4 835 1877 760 714
4 1002 983 617 621
4 621 1002 1760 617
4 958 983 617 1002
4 1002 958 1760 617
4 1550 962 1628 1170
4 1628 962 1976 1170
4 599 1121 1073 1127
4 982 278 925 1752
4 470 982 925 1752
4 982 882 925 278
4 197 971 1549 805
4 244 197 1549 805
4 1021 1438 1443 1091
4 553 401 196 1231
4 1881 553 196 195
4 748 639 1045 2012
4 748 1908 1045 639
4 553 1218 196 401
4 5 990 1446 678
4 763 371 1955 564
4 5 1415 1446 6
4 1415 5 1446 678
4 1087 574 2088 2105
4 1243 658 861 936
4 1170 545 574 1188
4 2105 639 2088 1087
4 1299 1317 1794 809
4 1126 1359 809 1511
4 1427 924 1996 1794
4 1296 1092 2038 212
4 1622 1082 1092 1268
4 2006 2098 340 523
4 340 2098 1689 1056
4 340 2098 2006 1891
4 67 1535 624 1043
4 231 220 390 1093
4 1465 1256 470 925
4 1465 1256 925 1177
4 2105 639 1087 658
4 1060 187 570 991
4 199 950 187 1819
4 187 950 424 541
4 1878 213 215 253
4 1716 1052 1379 1311
4 1307 1599 1766 254
4 1878 222 213 253
4 213 1052 222 1878
4 1377 479 1766 1599
4 1377 1599 1766 1307
4 1213 1169 49 1269
4 1376 1092 1099 1356
4 403 634 1101 482
4 629 1979 1861 47
4 1999 1979 629 47
4 2110 1971 67 1779
4 982 1262 1752 1787
4 982 1262 1257 1752
4 436 1257 982 1262
4 1610 1262 982 1787
4 436 982 1610 1262
4 2083 858 188 1470
4 1908 1222 1045 639
4 440 1045 1908 1222
4 440 1908 1929 1222
4 1458 1105 1872 1014
4 1105 1014 944 1872
4 1105 1014 1977 944
4 759 1903 1718 1452
4 1452 720 1999 759
4 1452 759 1999 629
4 759 1718 629 1452
4 1014 1361 1570 1360
4 978 395 696 494
4 978 395 1867 696
4 1396 182 183 179
4 1284 750 183 182
4 2098 1025 2006 1464
4 2006 523 1025 2098
4 2006 1025 845 1464
4 614 743 131 1943
4 614 743 1943 1775
4 2006 1512 1162 1464
4 1865 343 1883 614
4 614 343 1883 743
4 1452 1372 1903 1718
4 1452 1372 350 1903
4 1616 506 1592 1537
4 1949 1556 967 1042
4 1197 1439 1297 1235
4 2060 1197 1439 745
4 426 745 1297 1167
4 359 521 1052 384
4 1846 521 1052 359
4 1583 1945 1455 821
4 821 1363 166 1945
4 1945 1363 1455 821
4 1811 1047 2063 1782
4 868 632 2014 956
4 739 956 338 632
4 921 868 1244 632
4 632 868 1244 739
4 868 632 921 2014
4 148 151 1841 1350
4 0 790 3 1
4 1436 1688 1840 1114
4 242 472 906 2127
4 906 421 242 2127
4 1986 472 906 242
4 527 1115 459 941
4 459 1115 2078 941
4 1446 1415 0 6
4 990 2 0 678
4 189 376 896 1116
4 1738 1252 359 1878
4 1116 189 1702 372
4 1549 896 673 971
4 1738 1252 1878 537
4 1818 370 1548 1239
4 1548 330 244 197
4 2057 760 1002 714
4 2057 760 1670 2029
4 455 184 1005 842
4 2046 1402 2063 648
4 2109 733 1426 1008
4 2109 1426 733 583
4 2109 1008 1426 326
4 2113 139 140 430
4 717 430 743 911
4 717 430 139 743
4 1351 0 2 1895
4 840 1459 1132 935
4 1121 1356 1296 1425
4 704 190 1122 903
4 96 1122 190 903
4 1351 2 0 4
4 1724 1215 1384 1129
4 1550 1015 1170 574
4 1384 1215 22 1129
4 253 213 215 1124
4 253 222 213 1124
4 2022 68 1303 747
4 447 558 1899 1125
4 3 7 9 237
4 1556 1125 820 1899
4 4 9 7 232
4 1027 1276 1462 1828
4 1027 2089 1462 2027
4 2027 2089 1462 547
4 1575 1511 1126 241
4 237 10 9 3
4 1463 1427 1299 258
4 733 1808 1665 1636
4 817 840 910 2089
4 2089 840 910 922
4 1090 845 544 1025
4 1740 201 1739 312
4 232 9 1277 685
4 1705 9 685 11
4 1098 2020 2061 1213
4 1157 374 603 1128
4 1804 1308 1312 301
4 1976 266 2106 1730
4 2141 34 2137 2025
4 2018 186 363 966
4 1239 330 191 1130
4 926 1239 2049 370
4 1239 269 1130 191
4 988 1078 2002 1525
4 393 1133 414 227
4 393 297 414 1133
4 582 1957 421 442
4 739 2079 1134 868
4 1386 1233 1134 868
4 1386 1134 1233 1574
4 1381 1134 2079 1268
4 236 216 201 1506
4 316 227 414 1844
4 1086 2005 1565 1910
4 1086 738 1565 2005
4 2029 983 760 1670
4 2133 729 312 1249
4 327 192 1872 579
4 579 346 192 1872
4 210 192 1873 1139
4 1098 48 1329 2122
4 1858 210 1139 192
4 996 1852 1531 1139
4 1852 1139 1551 1531
4 1140 152 157 209
4 1140 152 688 157
4 428 152 942 1140
4 1140 942 688 152
4 2017 1710 504 307
4 1825 1171 1081 1810
4 1810 1825 1171 1301
4 1347 601 293 618
4 955 395 1347 442
4 2054 1811 1727 1782
4 755 648 2063 1402
4 1811 1782 2063 1727
4 2075 501 2102 1969
4 1144 1912 319 804
4 1144 1797 319 1912
4 1969 501 2102 1271
4 193 903 96 1279
4 193 1413 970 1279
4 970 287 193 1723
4 193 287 903 1723
4 137 836 637 1336
4 1336 836 637 1721
4 506 715 1261 1650
4 1145 777 999 1131
4 1465 1421 791 1611
4 2020 895 277 1589
4 895 740 277 1589
4 1966 277 740 1416
4 862 1147 1228 468
4 1712 207 142 430
4 1712 434 207 430
4 911 434 1712 430
4 947 634 403 482
4 1602 1150 1550 574
4 171 1274 940 727
4 1798 940 171 1274
4 292 238 194 1151
4 155 154 1385 636
4 1349 889 1146 1703
4 1151 279 238 194
4 636 194 238 279
4 286 728 941 1069
4 941 728 815 1069
4 1547 421 1334 1957
4 32 1988 30 1117
4 1547 1957 1334 116
4 428 942 1064 1500
4 428 1879 942 1500
4 452 866 517 929
4 43 40 46 275
4 43 40 275 1827
4 1950 1383 2053 1194
4 2053 923 1383 1950
4 307 1751 1487 1304
4 933 792 1527 976
4 1527 792 261 976
4 1527 261 220 976
4 850 1262 848 2028
4 1840 1171 1448 1436
4 561 908 321 440
4 440 1859 908 321
4 2125 2047 1645 2107
4 2125 2107 1645 1609
4 1079 621 617 1660
4 1589 948 1859 2103
4 796 677 427 1112
4 796 1613 427 677
4 50 1961 1520 720
4 1263 470 530 1752
4 381 1422 503 251
4 381 693 503 1422
4 559 1334 1735 421
4 823 1178 796 426
4 471 823 796 426
4 823 1613 953 796
4 823 1613 796 1178
4 948 1169 2122 746
4 2020 1934 1213 1169
4 699 1537 1418 813
4 1214 1055 1107 1028
4 1055 6 1107 1415
4 1028 1055 1107 1415
4 1107 1391 8 6
4 969 861 1510 1909
4 1366 1909 1510 932
4 565 900 969 1366
4 225 308 299 1457
4 1489 1332 22 1384
4 1702 376 100 1704
4 827 25 864 543
4 155 636 1152 1741
4 1398 51 1520 54
4 1147 388 265 452
4 197 945 373 805
4 197 945 1673 373
4 1776 815 535 459
4 459 815 535 1802
4 1837 1173 1203 1232
4 1852 1478 787 566
4 787 996 1852 1335
4 1615 665 1175 1658
4 665 1863 1615 1175
4 492 54 55 1404
4 1324 1629 2087 1165
4 1179 605 638 1001
4 1001 1663 1179 605
4 1079 1324 2087 1165
4 690 825 1180 1886
4 954 771 1475 1664
4 1886 890 1180 1475
4 890 864 961 825
4 890 864 543 961
4 1051 1089 781 872
4 265 1930 2032 517
4 481 517 2032 1930
4 570 1377 1839 672
4 570 1839 1377 479
4 1839 479 570 1530
4 570 672 1839 991
4 1854 1839 570 1530
4 1854 570 1839 991
4 2051 1138 264 1517
4 980 1517 1692 1748
4 1748 1104 1310 1517
4 1748 1310 2051 1517
4 1684 1517 980 1748
4 1748 1517 1692 1104
4 444 1845 243 1293
4 715 2117 587 1181
4 815 527 459 941
4 62 2138 60 747
4 222 1184 923 384
4 222 1184 384 521
4 428 1064 97 352
4 57 428 97 352
4 57 352 97 1525
4 1944 1097 156 153
4 345 274 592 1186
4 156 1097 151 153
4 189 197 330 1239
4 197 1818 1548 1239
4 1000 1105 1360 1187
4 1361 1187 1000 1360
4 189 1818 197 1239
4 197 1548 330 1239
4 1291 334 444 229
4 1291 280 334 229
4 1291 229 444 1480
4 512 1453 1965 399
4 512 484 1965 1453
4 422 298 894 492
4 492 894 422 2023
4 216 201 1284 1739
4 201 312 1284 1739
4 216 1284 201 1506
4 1190 1946 972 1647
4 1647 1990 972 1190
4 752 361 776 242
4 361 1646 776 242
4 671 267 487 1210
4 1508 267 487 671
4 2114 267 1508 671
4 1425 1092 212 2079
4 1425 2079 212 1084
4 1192 553 196 1881
4 1527 792 1380 261
4 1427 1794 1814 924
4 1427 258 1814 1794
4 82 968 89 1980
4 196 465 1881 195
4 195 465 1881 355
4 905 1885 1881 14
4 82 1980 89 85
4 71 74 1247 1836
4 1087 2105 658 1195
4 1087 1195 574 2105
4 596 2060 1440 1295
4 637 1721 596 1197
4 1198 1204 2011 972
4 1198 1215 1706 382
4 1200 813 1198 364
4 1278 1221 534 757
4 372 246 1283 1199
4 372 1283 1702 1199
4 1702 801 100 99
4 219 1850 1505 234
4 173 1420 1298 175
4 195 355 1881 905
4 400 1344 612 1472
4 929 866 1754 1147
4 1733 1147 1754 866
4 1621 265 1147 468
4 1198 382 1706 1204
4 1594 1994 75 76
4 1599 490 698 765
4 285 1424 231 220
4 2076 1492 133 1564
4 1492 1564 141 1732
4 1460 1160 201 256
4 1460 256 219 1160
4 1070 2029 1173 1393
4 1173 546 225 1062
4 225 360 1457 281
4 1489 262 1384 22
4 316 227 1207 1940
4 82 85 84 1980
4 316 1019 1207 227
4 1980 885 84 82
4 1210 1706 671 267
4 623 671 487 1210
4 1028 1164 790 1214
4 1164 1055 1214 1028
4 1214 1164 589 1055
4 671 1706 1215 382
4 2134 2120 83 85
4 2024 911 1553 726
4 1402 1634 645 648
4 1216 1903 350 296
4 1216 350 1319 296
4 1086 1639 196 1217
4 1192 1218 196 553
4 401 271 1218 196
4 1219 1460 234 356
4 1606 2139 1243 936
4 673 89 90 93
4 1004 1099 642 1765
4 752 721 303 1847
4 1845 752 303 1847
4 1925 1774 2119 1050
4 1925 1368 1050 2119
4 709 2119 1050 511
4 1556 940 1899 1949
4 1795 94 90 88
4 774 407 2042 1225
4 1453 1225 774 2042
4 2133 729 1739 312
4 1402 645 1634 2091
4 389 1227 720 357
4 629 409 286 1979
4 356 146 279 918
4 1569 1968 810 1228
4 1569 388 1968 1228
4 599 625 1194 1073
4 916 1091 1374 1438
4 1021 916 410 1429
4 1021 1438 1091 916
4 1021 1001 1437 1089
4 606 1089 1437 1001
4 92 91 1757 1080
4 1596 1535 1974 1378
4 1848 1757 1080 92
4 1587 101 98 102
4 1232 208 230 299
4 1062 1232 299 225
4 1038 1238 1099 532
4 1063 1224 839 1248
4 1063 1224 1248 1410
4 138 1328 1326 1341
4 138 1326 289 1341
4 1756 2036 1234 762
4 1647 1234 1976 2036
4 1976 1234 566 1756
4 1756 566 762 1234
4 267 1706 1204 522
4 1993 942 1600 1024
4 1024 200 1330 688
4 1024 1600 200 942
4 586 1444 1678 1485
4 336 1688 1840 1436
4 1799 1688 1840 336
4 496 1237 354 377
4 377 1270 1237 354
4 1513 1939 701 851
4 1776 701 1513 1939
4 500 578 670 626
4 349 626 670 578
4 128 1076 1240 2062
4 492 703 789 461
4 422 703 492 461
4 1416 846 2019 2061
4 929 1754 1621 1147
4 1133 480 378 227
4 1133 393 480 227
4 1133 227 378 2140
4 1015 1170 574 1188
4 1188 640 1015 1170
4 1548 957 370 1818
4 1469 1275 435 1776
4 197 744 324 971
4 1469 1939 1275 1776
4 1504 1802 859 158
4 436 1245 245 982
4 354 1242 611 198
4 1908 639 658 1243
4 2064 502 1428 443
4 443 2064 2043 1428
4 1453 622 512 1145
4 622 600 1145 1202
4 622 1202 1145 1453
4 512 622 824 999
4 115 118 117 1932
4 118 1003 122 117
4 123 1539 120 780
4 123 1539 118 120
4 592 1675 395 906
4 804 1675 395 592
4 778 592 395 906
4 778 592 804 395
4 917 1223 1974 1268
4 917 1268 1974 1423
4 1974 1268 1780 1423
4 703 771 954 422
4 1547 1334 1577 116
4 120 780 1288 123
4 122 1869 123 126
4 1350 1578 897 726
4 1712 1578 911 2024
4 780 127 123 1747
4 399 1579 898 512
4 531 243 444 1080
4 444 229 531 1480
4 950 1253 843 541
4 1994 76 1247 75
4 1253 1928 843 541
4 1555 49 1792 1169
4 966 1827 33 2025
4 186 369 363 966
4 2025 1612 39 40
4 1320 1250 228 652
4 883 1250 260 1030
4 1580 1998 1000 1361
4 1580 1000 484 159
4 1580 1998 484 1000
4 1291 1080 444 1845
4 1297 1197 499 1354
4 1803 108 865 1429
4 253 199 1252 1358
4 2020 1589 1581 2103
4 1145 622 999 777
4 512 622 999 1145
4 743 131 132 2090
4 743 1943 132 131
4 463 1020 1910 830
4 1260 133 1424 135
4 205 664 1142 662
4 664 205 221 604
4 664 662 205 604
4 346 192 1873 210
4 1043 1781 1974 1223
4 1780 1596 1781 1974
4 1223 1781 1974 1268
4 1974 1781 1780 1268
4 1974 1596 1781 1043
4 1014 1458 1105 1360
4 139 134 142 717
4 828 432 1995 515
4 828 1995 1387 515
4 515 1995 1387 2033
4 276 1208 1267 2019
4 2075 687 848 652
4 247 229 1793 531
4 247 531 1793 507
4 1480 92 1793 531
4 2006 1495 2116 1891
4 910 840 1687 1692
4 840 1687 1692 144
4 1814 1357 1463 1427
4 1814 1357 903 1463
4 1018 1084 1784 868
4 1073 1784 1018 1084
4 1073 1784 1482 1018
4 430 434 207 140
4 1345 925 1586 1256
4 1345 2073 1256 1586
4 2015 470 1256 1586
4 1256 925 1586 470
4 2015 1586 1256 2073
4 611 463 198 1242
4 1272 2087 1877 735
4 1037 1272 2087 835
4 1272 2087 835 1877
4 1037 1272 1686 2087
4 1301 880 1681 1451
4 881 1301 1681 1451
4 1110 1171 881 1451
4 1502 732 358 2132
4 1502 2132 358 1991
4 1991 2132 358 1023
4 1274 829 1305 727
4 902 940 1274 1816
4 663 1997 456 1353
4 557 1993 1036 1600
4 1600 1302 557 691
4 1600 1036 557 1302
4 1024 1600 1993 557
4 691 557 1600 1024
4 150 437 153 151
4 1710 1106 1901 1257
4 1710 1106 1257 436
4 1262 1106 436 1257
4 1380 2043 1040 1936
4 1198 1633 1200 364
4 457 185 1430 1005
4 1935 1277 1057 685
4 2017 307 1057 1277
4 2017 237 307 1277
4 2017 237 1277 295
4 96 903 190 1279
4 96 190 693 1279
4 1229 1282 1843 808
4 563 808 753 1851
4 1229 1282 832 1843
4 569 989 571 429
4 1283 330 191 1239
4 1511 267 487 1508
4 1406 201 216 1740
4 1406 216 201 236
4 1396 1506 1284 182
4 2141 2137 28 2018
4 2141 2137 2018 2025
4 2137 27 28 2018
4 835 1165 1037 1696
4 2136 1866 892 1270
4 1270 1866 1237 2136
4 193 1122 96 903
4 692 1122 96 193
4 165 902 1798 163
4 920 1754 497 1894
4 920 1604 497 1754
4 958 1070 617 983
4 171 727 172 176
4 633 611 217 1020
4 611 1020 633 1565
4 176 829 727 177
4 727 829 591 177
4 829 176 453 177
4 591 177 829 453
4 1121 1296 1073 1084
4 453 177 176 181
4 492 59 789 703
4 492 55 789 59
4 303 243 1845 1293
4 492 298 894 1294
4 180 453 181 177
4 492 894 2023 1294
4 298 1889 894 1294
4 1248 1348 1410 321
4 2132 1922 146 1023
4 747 321 1410 1348
4 2015 1421 1256 470
4 1286 2015 470 1421
4 2015 1259 1256 1421
4 1931 1421 1259 2015
4 1440 1295 745 949
4 871 42 45 1861
4 1296 1099 642 1004
4 1121 1356 1220 1296
4 954 351 771 703
4 1297 745 1439 1197
4 1430 178 180 185
4 455 750 184 183
4 189 1283 1704 1702
4 1702 1704 801 1283
4 314 237 295 790
4 1909 1243 861 1606
4 1510 861 1606 1909
4 1510 1909 1606 932
4 932 1606 1306 1909
4 1306 1243 1909 1606
4 270 1392 532 1238
4 741 532 1176 284
4 537 215 1878 412
4 537 253 1878 215
4 1302 1435 557 469
4 1302 366 469 525
4 1302 1913 366 301
4 1302 1036 557 1435
4 713 1100 780 1539
4 1367 590 2099 1079
4 899 1079 1367 1925
4 1668 1079 1367 899
4 1668 590 1367 1079
4 978 494 1874 955
4 955 494 1874 684
4 1185 1224 1303 930
4 856 2077 611 1671
4 819 912 1806 594
4 1806 690 819 594
4 247 313 1515 229
4 1515 313 280 229
4 1793 247 1515 229
4 1306 2139 1243 1606
4 932 1188 1306 1606
4 282 656 203 578
4 1306 2139 1606 1188
4 149 1737 143 976
4 2020 1966 277 895
4 1966 740 277 895
4 1919 271 401 196
4 1919 1639 196 1086
4 1919 886 196 1639
4 1919 886 271 196
4 2018 26 966 1487
4 2018 966 363 1487
4 1624 670 2121 1614
4 1624 1614 1529 670
4 1200 1198 1650 972
4 1200 813 1650 1198
4 2054 494 696 1727
4 2054 494 1727 1811
4 2106 2129 640 1605
4 1058 962 1976 1628
4 1629 1442 1686 1037
4 332 682 1686 1442
4 332 1442 1686 1629
4 1037 1442 1686 682
4 506 1592 813 1667
4 813 1650 506 1667
4 1151 2064 2043 443
4 1151 433 2043 2064
4 1719 1208 276 2019
4 1013 1159 1338 1432
4 1159 1432 1884 1338
4 2029 1915 1203 1393
4 1173 1203 1616 1393
4 1044 814 1393 1203
4 1044 1203 1393 1616
4 1173 2029 1203 1393
4 1203 1915 814 1393
4 206 1312 64 103
4 718 377 206 633
4 538 1253 950 541
4 869 500 578 2121
4 2121 869 500 1624
4 993 858 64 1938
4 377 858 993 1938
4 1260 128 135 533
4 2026 700 661 1499
4 1701 316 1851 1940
4 1773 1701 1851 1940
4 160 907 1944 1653
4 1079 2118 617 2099
4 1925 2099 2118 1079
4 928 1230 386 1714
4 1698 1230 386 928
4 2024 471 784 867
4 2024 1532 784 471
4 364 1215 299 1198
4 813 364 299 1198
4 1439 745 655 577
4 1439 655 817 577
4 2046 1936 1155 775
4 1936 1155 1047 2046
4 1936 775 2043 1155
4 1294 1319 296 789
4 1294 350 1319 720
4 1216 720 1319 350
4 1682 2060 1197 1439
4 1721 1682 2060 1197
4 948 1157 603 1128
4 948 1859 603 1157
4 1183 630 338 697
4 1030 1507 1516 1882
4 314 1320 1164 260
4 1538 1321 353 307
4 1669 849 1008 733
4 1426 1669 1008 733
4 1808 1669 1426 733
4 1669 579 849 733
4 1669 1858 579 733
4 1669 1858 733 1808
4 1230 1640 386 1714
4 1230 1640 1714 1927
4 1051 1699 1061 554
4 898 1051 1699 1061
4 2027 547 1462 2111
4 547 922 508 2027
4 1066 2059 1721 836
4 1066 2059 836 1534
4 2109 1821 326 1181
4 2109 326 1426 2117
4 2109 2117 715 1181
4 2109 1426 583 715
4 723 1739 1997 1778
4 1739 845 1997 1778
4 1833 1834 1666 1680
4 1768 1947 1487 1751
4 1058 1783 1335 1234
4 1058 1234 1335 1976
4 1416 2061 2019 1098
4 1416 2020 2061 1098
4 979 952 1029 1518
4 979 1518 1029 1530
4 882 1245 317 1901
4 1245 1901 1710 317
4 865 653 1948 1474
4 865 1429 1474 1948
4 1948 1429 1474 410
4 2063 2046 1887 1118
4 2123 1118 1887 2046
4 2123 1402 1118 2046
4 2046 1118 2063 1402
4 811 520 651 1595
4 890 825 961 1886
4 825 890 1180 1886
4 2026 700 1982 449
4 2026 1949 661 449
4 2026 700 449 661
4 2026 1949 449 1982
4 299 208 1332 364
4 230 208 1332 299
4 365 696 288 2054
4 399 1579 512 1453
4 1579 250 512 1453
4 1336 1682 1707 567
4 567 836 1336 1682
4 836 1066 637 1721
4 1595 164 533 285
4 196 465 1192 1881
4 2059 619 1066 1708
4 1851 1843 808 1229
4 492 461 2023 422
4 703 954 461 422
4 422 954 461 1817
4 422 461 2023 1817
4 540 209 1140 490
4 209 490 1599 1140
4 1599 209 1140 157
4 1339 17 254 209
4 58 1339 209 17
4 209 669 974 1339
4 254 1339 209 974
4 1491 346 957 210
4 1050 2003 262 1774
4 1050 262 281 1774
4 1312 1308 1340 301
4 710 1312 1308 1340
4 1326 1328 124 1341
4 1341 1328 124 491
4 1341 491 124 17
4 1326 124 289 1341
4 289 464 254 1341
4 737 1250 228 1320
4 572 157 1140 688
4 779 1051 1699 898
4 1051 779 1699 1476
4 1786 1833 204 1370
4 354 611 1343 198
4 1270 354 1343 198
4 814 1393 1344 1201
4 1670 1393 1344 814
4 1279 2068 1413 970
4 1856 997 1920 1413
4 1857 1009 337 503
4 1857 337 693 503
4 1996 924 1736 1794
4 1996 1794 1736 809
4 931 1389 890 864
4 931 1389 864 25
4 955 1347 494 293
4 442 395 1347 601
4 322 1185 1758 1348
4 1173 1456 225 1251
4 314 260 295 737
4 940 1305 1816 320
4 1274 1305 1816 940
4 561 305 321 908
4 1348 310 747 1761
4 1352 220 218 261
4 2071 1424 135 1035
4 1518 474 1530 979
4 1521 474 1530 1518
4 1518 460 1530 1521
4 1712 425 2024 430
4 2024 425 717 430
4 1629 1686 332 1445
4 1485 332 1445 1629
4 1224 1063 480 1185
4 1224 480 930 1185
4 1050 2068 1009 2003
4 511 2068 1050 2003
4 1772 351 802 1983
4 1169 1555 1128 1792
4 1169 1128 948 1792
4 1364 15 1394 359
4 249 247 515 1364
4 1045 328 440 748
4 1045 328 839 440
4 1365 1986 906 290
4 48 1555 53 746
4 1794 258 1317 1299
4 1969 686 652 1265
4 652 686 1516 1265
4 1969 1265 1020 686
4 2026 977 1982 700
4 862 1147 1366 1228
4 1366 969 1617 1733
4 1366 900 969 1733
4 867 437 897 795
4 1268 1134 2079 1574
4 1268 2079 1622 1574
4 1268 630 1134 917
4 2096 1690 1390 1042
4 1176 284 1833 1039
4 1039 782 1833 1176
4 284 1490 1176 1833
4 782 1490 1833 1176
4 1785 1311 1716 1725
4 1311 1725 1364 1716
4 1785 1725 1545 229
4 352 718 2083 1726
4 1157 1074 305 321
4 904 1558 1239 1283
4 774 1283 1239 1558
4 904 1558 1283 246
4 774 246 1283 1558
4 644 1631 1436 797
4 1631 647 644 1436
4 1739 2133 1407 723
4 216 1284 1407 1739
4 1284 2133 1407 1739
4 389 1372 357 350
4 357 392 350 1372
4 323 1749 2055 811
4 811 955 1749 2055
4 811 684 1749 955
4 737 1322 228 1250
4 1322 652 228 1250
4 295 1250 737 260
4 1650 2117 715 1426
4 2109 2117 1426 715
4 295 2017 737 1250
4 295 2017 1250 742
4 173 1524 1298 1420
4 173 1420 1526 1524
4 1630 133 1892 1424
4 1630 128 533 1076
4 1630 323 285 375
4 1630 375 417 323
4 1630 128 1260 533
4 265 526 1621 929
4 770 351 552 798
4 1566 770 798 351
4 318 770 1566 351
4 118 1539 122 1805
4 122 1805 1539 1869
4 822 898 1722 512
4 822 898 779 1722
4 1044 1172 814 1203
4 1044 400 814 1172
4 1379 773 213 1052
4 1379 1052 213 1878
4 1878 213 1379 215
4 213 841 1124 222
4 1936 2043 1040 433
4 779 898 822 1280
4 932 900 565 1366
4 722 1759 923 222
4 222 1759 923 1184
4 222 1759 1184 521
4 497 1511 1607 1604
4 86 1793 1560 92
4 1457 308 299 1384
4 868 921 1018 291
4 155 1385 162 1152
4 1648 964 921 1075
4 921 964 1796 1075
4 1744 343 1775 2021
4 1744 1775 343 1896
4 1744 1864 1342 343
4 2021 1864 1744 343
4 1744 1896 343 1342
4 158 535 571 988
4 571 1103 988 535
4 1413 1355 1745 970
4 513 1355 597 1745
4 1413 1355 513 1745
4 1107 1055 589 1391
4 1107 1055 1391 6
4 1842 1646 1587 361
4 702 1746 705 1078
4 16 1746 669 705
4 16 1746 705 702
4 891 1199 1283 246
4 193 1413 1745 970
4 193 1413 513 1745
4 775 1428 1484 1314
4 775 1428 1314 2043
4 391 2030 1711 110
4 1422 1009 503 580
4 1541 24 1192 553
4 1541 553 2080 24
4 2003 262 580 1009
4 497 526 1894 1754
4 1124 2053 599 1194
4 253 222 1124 1194
4 412 215 1878 1379
4 253 1124 215 1388
4 2084 199 253 1194
4 189 1033 971 324
4 90 576 1795 1116
4 186 363 317 2018
4 186 914 2018 317
4 186 369 882 363
4 186 730 914 882
4 255 1528 355 1055
4 589 1391 1055 255
4 1 1107 8 6
4 2075 436 1610 1262
4 2028 2075 1610 1262
4 1400 1543 1802 435
4 381 1826 693 1422
4 237 7 9 1277
4 237 7 1277 1351
4 915 1040 1936 1417
4 915 220 1040 1417
4 524 526 1894 1736
4 524 300 1894 526
4 636 279 1016 838
4 636 238 1016 279
4 332 662 797 667
4 332 2124 1444 797
4 1444 2124 332 1485
4 2033 129 1394 21
4 523 1739 216 1395
4 216 1739 1407 1395
4 356 1023 234 1219
4 547 508 2111 2027
4 547 1104 2111 508
4 312 201 1284 1396
4 320 829 1305 1982
4 591 320 1982 829
4 1397 14 13 1881
4 1397 6 8 1885
4 1820 1470 1755 1333
4 188 1470 1755 325
4 492 1520 55 54
4 720 1398 1294 1889
4 1427 1412 1542 1316
4 254 698 1599 1083
4 1504 1372 859 1802
4 1083 698 1599 490
4 937 1146 707 542
4 937 691 707 1146
4 937 1146 1226 1024
4 1136 78 77 1401
4 1941 72 1401 77
4 388 1569 481 452
4 956 1402 1118 1449
4 1402 956 1183 1449
4 173 169 1298 1524
4 1473 1449 1118 1402
4 1524 173 169 174
4 43 1827 2019 367
4 444 334 1845 1403
4 334 1088 1403 521
4 1845 1088 1403 334
4 298 54 1404 2085
4 1527 390 613 220
4 976 1732 613 143
4 1005 185 1430 180
4 1524 1160 1850 219
4 1524 1850 1505 219
4 1524 219 1505 1420
4 1526 1420 256 219
4 1160 256 219 1526
4 1557 1025 1419 1460
4 1460 1090 1419 219
4 216 1407 1284 1506
4 1565 1409 1217 1086
4 830 1020 1565 686
4 96 1413 692 193
4 2024 897 471 867
4 1712 2024 867 897
4 456 977 1353 1499
4 770 552 351 1772
4 2056 66 1772 770
4 770 1876 66 1772
4 1836 770 71 1772
4 988 435 438 535
4 438 435 1802 535
4 1400 435 1802 438
4 225 1418 299 308
4 299 1232 1418 225
4 1783 1531 1551 1808
4 1531 1858 1551 1808
4 960 1676 1186 841
4 841 1759 1676 1186
4 2019 276 43 1267
4 1267 276 43 39
4 801 106 100 1509
4 1930 223 265 1620
4 1930 1290 1620 2032
4 676 495 1566 318
4 976 792 1246 933
4 651 1595 323 811
4 520 1034 164 915
4 164 915 1034 1417
4 1650 1537 2117 699
4 1825 586 1110 881
4 1367 2099 1925 1079
4 1925 1774 2099 1367
4 1729 1909 810 1366
4 1352 220 1035 218
4 1366 1909 932 1729
4 285 1035 220 218
4 915 1034 1936 1047
4 2103 948 603 1934
4 667 682 1444 332
4 797 667 1479 1444
4 332 667 797 1444
4 1541 23 553 2074
4 1881 1541 553 2074
4 2043 1527 1040 433
4 1093 1936 1040 433
4 1352 220 1424 1035
4 143 1732 1564 1352
4 143 1732 141 1564
4 285 1424 220 1035
4 225 281 1457 1062
4 1685 2051 1037 264
4 1517 264 1193 1138
4 1685 2051 264 1517
4 225 299 1062 1457
4 222 1052 384 1878
4 1878 384 222 253
4 222 521 384 1052
4 222 722 841 1124
4 222 2053 1124 1194
4 470 982 1752 1263
4 1465 1421 1611 470
4 470 925 458 1752
4 1121 1296 1084 1425
4 1622 1376 1425 1092
4 1403 1759 773 1052
4 546 1251 225 281
4 225 1251 360 281
4 1426 327 326 1008
4 1426 863 326 327
4 1426 863 1822 326
4 1949 320 940 1816
4 1949 940 1899 1816
4 1040 261 1417 220
4 1040 1380 1417 261
4 1022 1316 1985 1914
4 1022 248 301 394
4 1592 208 813 1667
4 1592 1331 208 1667
4 1483 1906 1615 1428
4 1615 1863 1428 1175
4 823 1467 783 1588
4 823 1809 1467 1588
4 1171 1825 881 1301
4 1171 1825 1110 881
4 934 1928 843 289
4 843 1928 934 541
4 253 199 537 1252
4 1978 527 459 815
4 1744 1775 379 2021
4 1744 379 1775 1266
4 1273 1775 614 379
4 1273 1266 1775 379
4 614 1775 1943 379
4 2021 1775 893 743
4 1767 63 60 1431
4 1013 1338 447 1432
4 1338 1432 1926 447
4 1884 1432 1158 668
4 851 1513 1939 1866
4 356 252 1850 1433
4 1434 2068 970 573
4 473 734 908 1859
4 1589 473 734 852
4 1589 734 473 1859
4 1524 397 1850 1160
4 397 1160 1524 1526
4 397 1460 1850 1160
4 1302 366 1435 469
4 1302 1913 1435 366
4 1036 858 1470 1913
4 2109 326 2117 1181
4 436 1257 1245 982
4 1814 695 924 555
4 1814 555 1357 695
4 1710 436 1257 1245
4 307 317 1304 1487
4 1321 317 307 1487
4 1538 11 1768 1751
4 1549 896 971 197
4 197 744 971 805
4 383 2048 1072 752
4 383 752 1072 1734
4 383 1847 2048 752
4 1176 741 284 1039
4 512 250 898 824
4 512 250 824 622
4 155 1741 147 1481
4 2068 1856 1413 628
4 1650 583 1200 1636
4 583 1667 1650 1200
4 1034 1047 649 2046
4 1936 1047 1034 2046
4 1615 1658 775 2123
4 1615 1658 1175 775
4 2046 1615 775 2123
4 1284 182 183 1396
4 1572 1284 183 1396
4 1949 1982 1816 449
4 248 1340 855 211
4 248 52 211 855
4 747 1348 1410 1185
4 2022 1303 1185 747
4 747 1410 302 1303
4 2022 1185 1348 747
4 1489 281 1062 1384
4 1062 299 1489 1384
4 1709 1822 1650 1426
4 2075 652 1322 687
4 1322 687 652 1250
4 543 306 2040 29
4 548 1003 554 1932
4 1969 830 652 686
4 652 830 1516 686
4 2094 1840 2091 646
4 1182 1029 1530 998
4 1182 532 1029 998
4 1490 998 952 1029
4 532 1490 1029 998
4 702 988 2108 57
4 702 2108 1285 57
4 800 808 951 1282
4 1173 1456 1251 1070
4 1173 1393 1456 1070
4 1524 1824 174 1715
4 1556 940 1125 1899
4 925 882 458 278
4 1260 533 135 1424
4 1630 533 285 323
4 802 1983 351 416
4 712 2011 522 972
4 712 972 522 762
4 1735 1791 1646 107
4 1735 1646 1900 107
4 846 740 847 277
4 846 740 277 1416
4 1836 1983 788 552
4 552 1772 1836 1983
4 1311 1052 1379 1878
4 1311 1379 1831 1878
4 1311 1878 1831 15
4 2025 367 43 1267
4 2025 1827 43 367
4 579 1458 733 304
4 104 1646 776 1731
4 915 220 1093 1040
4 1417 1936 1034 666
4 1587 1731 776 1646
4 1511 1508 1575 1359
4 1511 1508 1359 809
4 236 1406 397 201
4 201 256 1396 312
4 2020 1934 2103 1581
4 1890 1275 886 609
4 1939 1469 1275 609
4 1939 1890 609 1275
4 1714 593 401 386
4 593 1954 401 386
4 1136 1941 1401 77
4 1700 2140 73 1401
4 1700 322 73 2140
4 1940 227 414 316
4 1940 1032 1773 1701
4 45 1999 2035 629
4 45 629 47 1999
4 1861 47 45 629
4 1539 406 120 780
4 1539 598 406 780
4 1463 190 381 241
4 1463 1399 190 241
4 1463 1399 241 1542
4 1025 1464 1849 1419
4 1465 925 470 982
4 1465 925 982 1177
4 1256 1421 1465 470
4 499 1585 1803 1438
4 1532 1803 865 499
4 1532 499 1309 1803
4 616 1466 958 1488
4 499 1803 865 1429
4 499 1309 1803 1585
4 499 1438 1803 1429
4 1002 1466 616 462
4 1002 616 1466 958
4 1809 655 1467 745
4 1416 277 2020 1966
4 1662 1534 584 1261
4 1248 321 302 1468
4 1458 1360 733 304
4 1458 1360 588 733
4 1224 761 839 1468
4 768 1155 1887 1047
4 1219 1023 1419 1849
4 1219 1023 234 1419
4 1036 1470 858 2083
4 1244 868 1784 739
4 1522 1471 778 955
4 1998 1677 602 1362
4 1861 47 1567 1807
4 1677 1362 1998 1049
4 1362 1677 785 1049
4 2001 1567 47 1807
4 108 784 1474 1864
4 1532 653 1474 784
4 1532 108 784 1474
4 318 676 954 351
4 1475 136 676 890
4 1051 779 1476 1280
4 2109 1477 584 715
4 2109 1477 588 584
4 787 1976 566 1478
4 1783 1956 1335 1531
4 1956 1058 1783 1335
4 683 1390 2096 1690
4 683 1390 1690 786
4 1786 204 1838 2110
4 204 708 1971 2110
4 2110 708 1971 2119
4 79 2039 75 1594
4 189 1239 330 1283
4 1080 444 531 1480
4 229 1480 1793 531
4 1793 229 1515 1480
4 1515 1291 91 1480
4 1080 91 1291 1480
4 1785 1713 1725 229
4 1713 229 247 1725
4 334 280 1713 229
4 247 1713 313 229
4 313 1713 280 229
4 414 227 1700 1844
4 227 2140 1700 1136
4 1551 1139 1858 1531
4 155 636 1481 154
4 149 1016 154 1481
4 1059 1018 1482 921
4 403 259 1483 2132
4 1157 321 305 1859
4 1157 1924 603 374
4 445 1174 202 349
4 202 1174 626 349
4 381 258 1575 794
4 1970 258 381 794
4 794 1575 342 258
4 2019 1209 275 2061
4 1067 282 203 869
4 1067 203 935 869
4 1678 1444 1445 1485
4 1725 939 1364 1716
4 1725 1545 939 1716
4 1546 1587 1845 1080
4 1488 1568 1173 230
4 1837 1488 1203 1173
4 199 1046 1194 1007
4 1046 199 187 1819
4 1819 1007 1046 199
4 230 214 281 1489
4 1094 1046 1194 199
4 1264 211 1813 1571
4 710 1340 211 1813
4 1571 1264 2031 1813
4 2077 1813 1571 2031
4 1571 870 710 1813
4 1676 1119 1072 752
4 2048 1676 1072 752
4 1428 2132 919 333
4 1428 333 919 443
4 1720 703 66 65
4 1820 1879 1036 1993
4 2084 199 1194 1007
4 538 1007 199 2084
4 1815 2090 140 2113
4 1951 1619 2022 68
4 1041 605 1663 1049
4 1041 1663 539 1049
4 511 1368 1856 404
4 511 1368 337 1856
4 1611 1465 470 982
4 982 1611 1289 1263
4 1289 1787 982 1263
4 470 1611 982 1263
4 1289 1465 1611 982
4 1853 1024 2052 557
4 428 942 2052 1140
4 1140 2052 1853 1024
4 1515 280 1291 229
4 1515 229 1291 1480
4 1080 1291 444 1480
4 1632 996 1139 564
4 1051 781 713 554
4 996 1852 1139 564
4 579 1458 304 1491
4 419 579 304 1491
4 2028 850 943 483
4 483 943 2031 850
4 2046 1155 1887 2123
4 231 220 1492 390
4 1492 1892 133 1424
4 231 1424 1492 220
4 1493 285 231 915
4 231 1493 375 285
4 1493 915 231 1093
4 45 1494 1405 2035
4 50 2035 1494 759
4 16 669 1196 705
4 429 16 1196 705
4 917 630 1823 1301
4 917 1301 1823 1411
4 1823 1301 1681 1411
4 1823 1183 1681 1301
4 1823 630 1183 1301
4 233 1496 309 283
4 1497 233 591 975
4 1712 142 425 430
4 1027 2060 1828 2089
4 1809 556 655 577
4 1027 1828 1462 2089
4 2060 2089 1439 1828
4 1197 1374 1336 1682
4 242 472 2127 2034
4 860 392 1504 1400
4 989 240 860 429
4 392 860 989 1523
4 989 1523 860 240
4 2026 233 1556 320
4 918 448 1433 1505
4 1812 670 1529 1614
4 158 705 438 988
4 1349 1146 1226 1703
4 1518 806 1226 1703
4 806 1349 1226 1703
4 591 453 1627 177
4 201 1406 397 1460
4 1985 52 1894 524
4 1985 52 413 1894
4 957 373 1673 945
4 624 1053 485 1535
4 1535 485 1678 1053
4 206 377 1938 633
4 377 611 1938 633
4 1741 238 933 636
4 1741 933 1481 636
4 1167 1354 499 1532
4 1532 745 1167 1354
4 426 745 1167 1532
4 1527 220 613 976
4 976 220 1352 261
4 1732 220 1352 976
4 976 220 613 1732
4 402 106 1509 105
4 1589 757 1278 1581
4 1589 740 1278 1221
4 1589 740 277 1278
4 1278 1221 757 1589
4 1589 1581 1278 277
4 1575 1511 241 1077
4 1575 1077 1508 1511
4 1511 1508 487 1077
4 1307 672 876 1337
4 934 672 876 1307
4 424 672 934 1307
4 1366 901 1729 2129
4 1366 932 2129 1729
4 1741 238 194 292
4 1741 1618 147 933
4 1741 636 194 238
4 1741 933 147 1481
4 1876 1720 66 69
4 1763 771 703 422
4 1810 1081 1448 1171
4 674 1624 1529 2112
4 1624 670 1529 2112
4 857 1513 1776 1533
4 857 1513 1533 1855
4 857 1469 1776 1513
4 1855 857 1513 1237
4 1513 857 1469 607
4 1237 607 857 1513
4 1514 2060 1440 596
4 1409 1516 1507 1882
4 652 1882 1320 1516
4 799 641 421 442
4 1957 799 421 442
4 1073 1054 1784 1084
4 292 238 1151 1527
4 933 1527 792 238
4 636 238 933 1016
4 1518 1521 1330 239
4 1518 806 1330 1226
4 1519 1918 590 1079
4 144 1137 273 1067
4 1146 1330 1226 1024
4 1785 1725 1716 1545
4 513 1745 597 806
4 476 347 1522 365
4 347 1874 1522 978
4 365 347 1522 978
4 819 240 594 423
4 1817 1523 240 680
4 1817 1523 989 240
4 1524 1433 168 1505
4 1268 1082 1780 1423
4 286 1115 941 1698
4 1115 1698 1230 941
4 1539 713 554 598
4 1160 1526 201 256
4 1824 173 1396 1526
4 1526 1420 219 1524
4 201 1526 1396 256
4 713 781 1539 554
4 1526 175 1593 1420
4 1160 219 1524 1526
4 1548 957 1818 197
4 957 945 1673 197
4 957 1673 1818 197
4 1273 343 614 1775
4 1548 197 244 945
4 232 7 4 1351
4 943 1264 2031 1571
4 1862 1263 223 981
4 943 2031 850 1571
4 981 1263 223 1787
4 988 438 158 535
4 707 691 1600 1146
4 108 1438 1942 1266
4 1273 1896 343 1775
4 108 379 1744 1266
4 878 1527 792 1380
4 1065 828 81 1562
4 1065 432 515 478
4 2039 1994 432 549
4 1415 6 1 0
4 178 1497 1554 177
4 806 1703 513 193
4 806 1703 193 287
4 513 1703 692 193
4 1460 1557 1406 973
4 1460 973 1406 397
4 1065 79 505 1597
4 515 505 507 1597
4 236 397 1824 201
4 1506 236 1824 201
4 1506 201 1824 1396
4 1882 1010 224 1590
4 1490 2081 952 1355
4 1490 1680 2081 1355
4 675 661 449 700
4 0 1895 1351 1028
4 1082 1373 1780 1376
4 1622 1376 1092 1082
4 1638 1530 1521 479
4 1376 1092 1082 1373
4 996 1531 963 1139
4 996 1531 387 963
4 1183 697 1402 880
4 662 1142 311 682
4 1354 1295 1197 653
4 1532 783 833 653
4 1532 653 784 783
4 991 672 1839 986
4 188 2108 1533 57
4 1533 1153 2108 188
4 1351 7 4 0
4 890 1886 315 676
4 1886 890 1475 676
4 1534 619 1662 608
4 1662 608 584 1534
4 584 2000 1534 608
4 585 2000 584 818
4 675 674 1529 456
4 872 1001 1051 1089
4 713 1089 1051 1001
4 1058 1628 1976 387
4 1786 204 1777 1370
4 774 1145 2042 1239
4 837 610 1519 1668
4 771 954 1475 351
4 2094 646 1799 1840
4 247 1017 313 249
4 313 1536 249 1017
4 802 1763 1876 69
4 771 802 1876 351
4 1720 703 1876 66
4 1763 771 1876 703
4 770 1876 703 66
4 318 770 351 703
4 770 1876 351 703
4 1710 1304 504 307
4 1277 307 1057 1538
4 1057 1751 11 1538
4 1083 209 540 490
4 1433 1945 716 252
4 252 1433 1945 821
4 10 9 12 1538
4 814 2027 400 612
4 400 2027 2059 612
4 814 619 400 2027
4 400 619 2059 2027
4 1969 686 1020 830
4 713 781 1100 1539
4 312 1396 1284 1572
4 20 12 1768 1870
4 1359 1508 1317 809
4 868 956 739 632
4 689 408 385 1540
4 868 1134 739 956
4 1753 1038 1666 1375
4 1299 1126 1427 1542
4 1840 1451 1171 1114
4 381 190 1826 241
4 1171 1451 1840 1301
4 1734 1072 1986 242
4 1986 290 1734 242
4 1734 361 752 242
4 290 1734 242 361
4 1734 752 1072 242
4 242 2034 2127 1544
4 2127 421 242 1544
4 242 776 2034 1544
4 421 1735 242 1544
4 1546 243 1845 303
4 937 1024 691 1146
4 691 1024 1600 1146
4 1747 1869 123 1539
4 1897 2065 1547 109
4 114 1957 1547 116
4 329 537 1454 1832
4 984 538 1832 1694
4 1832 538 537 1454
4 329 514 537 1832
4 1827 33 2025 40
4 244 896 1549 197
4 805 1549 244 832
4 1602 1550 787 574
4 1825 348 586 881
4 903 704 190 1399
4 1188 1306 2139 1015
4 903 190 381 1463
4 903 1399 190 1463
4 2139 1306 1150 1015
4 1551 1139 192 1858
4 122 1539 123 1869
4 418 1869 1100 781
4 1074 56 1641 1923
4 2026 233 591 283
4 2026 233 283 1496
4 86 87 1597 1552
4 1361 1041 1580 1998
4 233 309 1554 283
4 591 283 1554 1627
4 591 233 1554 283
4 1922 2132 146 919
4 219 1460 1850 234
4 219 1460 234 1419
4 2028 1610 1289 1787
4 1793 1480 1560 92
4 1597 1515 87 1560
4 247 1793 1597 507
4 247 1597 515 507
4 1597 87 1515 1017
4 247 1597 1017 515
4 1364 1713 247 1725
4 247 1364 313 1713
4 247 313 1364 249
4 527 409 1561 286
4 915 650 811 1047
4 650 811 1047 684
4 429 571 705 158
4 429 989 571 158
4 1092 1381 1268 1781
4 2079 1268 1092 1381
4 1116 372 1033 189
4 1116 1033 971 189
4 189 904 324 1818
4 1017 1536 249 1562
4 1017 515 1562 249
4 515 828 1562 249
4 755 632 338 956
4 1738 827 767 514
4 2033 1394 15 21
4 1364 313 1394 249
4 1711 2030 111 110
4 1883 717 743 343
4 1610 436 245 982
4 1262 687 2075 1322
4 1447 1442 913 1989
4 15 21 18 2033
4 1808 1783 863 1551
4 15 1738 18 21
4 260 295 1250 883
4 883 295 1250 742
4 247 1515 313 1017
4 313 1515 1536 1017
4 1597 247 1515 1793
4 1597 1515 247 1017
4 351 676 552 798
4 625 1046 1194 1073
4 1566 351 798 676
4 318 351 1566 676
4 38 1206 1567 42
4 1561 1567 1206 286
4 625 1007 1194 1046
4 1861 1567 1206 42
4 230 1568 546 214
4 600 402 2045 777
4 622 600 777 1145
4 622 2030 777 600
4 600 2045 2030 777
4 1145 777 402 600
4 23 1541 2080 1967
4 623 1129 1210 1077
4 1422 1129 623 1077
4 126 1747 131 1652
4 126 127 131 1747
4 131 1652 132 126
4 1014 1570 1361 1048
4 1000 159 362 484
4 30 24 2080 31
4 30 32 439 23
4 1999 1573 51 1227
4 430 207 142 140
4 140 430 139 142
4 1574 1134 1681 1411
4 1268 1134 1574 1411
4 1463 381 258 1575
4 1463 1575 241 381
4 381 1575 241 1077
4 35 731 42 41
4 2025 1612 33 2141
4 175 1593 1396 1526
4 2025 34 39 1612
4 187 541 424 672
4 1157 1074 321 374
4 1157 374 321 1924
4 2026 977 700 1499
4 977 2026 1353 1499
4 58 1576 1339 17
4 58 1576 1196 1339
4 2086 1576 1196 58
4 498 1576 58 17
4 2086 1576 58 498
4 917 1254 1223 1268
4 819 240 423 879
4 1152 716 279 636
4 1152 716 636 1385
4 1154 1049 822 1663
4 1154 1280 1001 1663
4 1154 822 1280 1663
4 652 1320 2102 228
4 2102 1320 652 224
4 871 41 45 42
4 1314 2043 1428 919
4 878 2043 1314 919
4 775 1314 1484 666
4 1314 2043 878 666
4 1932 548 1003 1563
4 149 933 1481 147
4 149 147 1737 933
4 43 276 44 39
4 446 1125 975 940
4 419 1258 210 957
4 854 1258 210 419
4 1258 419 854 951
4 10 9 1538 237
4 1538 237 1870 10
4 894 764 392 357
4 1887 1118 1811 2063
4 2020 1169 1098 2122
4 254 595 1337 876
4 254 1766 1337 595
4 1048 766 1041 1049
4 1048 766 1049 818
4 333 2132 146 358
4 502 2132 333 732
4 1938 611 217 633
4 46 44 1135 1098
4 270 1530 460 1638
4 270 2081 1490 1392
4 1490 2081 270 952
4 253 1124 1388 1194
4 1007 1194 2084 1388
4 537 1878 253 1252
4 690 825 1328 491
4 1341 690 1328 491
4 1599 490 765 1318
4 474 572 479 1599
4 765 1599 1907 474
4 698 1599 1307 254
4 1584 17 254 1339
4 595 1341 254 1584
4 254 1584 1339 974
4 1494 47 51 1999
4 2035 1999 1494 759
4 254 974 595 1584
4 1584 1341 254 17
4 1526 1593 256 1420
4 1593 256 1396 1526
4 1803 1309 108 1585
4 1398 720 1520 51
4 1250 1516 1893 687
4 794 381 251 1422
4 381 794 1575 1422
4 957 346 1871 210
4 346 1873 1871 210
4 1087 2139 574 1188
4 1051 548 872 749
4 752 1587 331 1845
4 331 361 1587 752
4 1022 1985 248 394
4 823 1013 1159 1588
4 2020 1589 277 1581
4 1022 1914 1985 394
4 1985 248 394 52
4 1010 1166 1590 255
4 255 1528 1164 1590
4 1528 1010 1590 255
4 1591 1391 589 255
4 1591 255 355 1391
4 355 905 255 1591
4 1294 350 2023 296
4 1232 208 299 1592
4 1593 1644 179 1396
4 2110 2119 1971 1779
4 738 609 1217 1565
4 892 738 1565 609
4 1595 164 285 915
4 1595 520 164 915
4 2017 681 1710 307
4 1263 981 1611 1289
4 1289 981 1787 1263
4 1263 1611 981 1862
4 868 956 291 1233
4 739 1134 338 956
4 868 1233 1134 956
4 232 1351 1895 635
4 1747 1865 131 614
4 1596 1974 1780 1378
4 1440 577 949 745
4 2140 930 2022 72
4 2140 72 2022 1619
4 418 1266 1443 2050
4 418 2050 1443 781
4 1206 1698 42 1117
4 1861 1206 1698 42
4 182 1506 1598 1396
4 665 1483 2094 1615
4 340 2098 1891 2097
4 2098 1162 1891 2097
4 1772 1876 66 69
4 2119 1779 899 1925
4 899 2118 1925 1779
4 1506 1284 201 1396
4 1079 2087 1324 1519
4 420 1266 1896 1273
4 1744 1775 1896 1266
4 1744 1266 1896 1342
4 260 1250 1320 1030
4 1273 1266 1896 1775
4 790 260 1028 1351
4 1351 883 260 635
4 1351 635 260 1028
4 3 237 790 1351
4 420 1342 1896 1266
4 404 708 204 628
4 823 1158 953 1613
4 1158 953 1613 451
4 823 1158 1613 1178
4 1097 427 1156 1800
4 1172 1915 1683 814
4 1097 1156 151 1800
4 1601 1128 1074 1157
4 2060 1095 1027 1708
4 1095 1027 1071 2060
4 2059 1708 2060 1027
4 254 17 698 1083
4 254 464 698 17
4 1978 459 859 1802
4 282 1067 203 273
4 1836 1772 71 74
4 2140 72 73 1401
4 1071 1027 2089 2060
4 1071 2027 2089 1027
4 922 2027 2089 1071
4 1321 1487 1898 317
4 1487 2018 1898 317
4 1776 1513 701 1103
4 1594 76 529 1994
4 82 885 84 80
4 108 1438 1266 1429
4 1021 916 1429 1438
4 1266 1438 1021 1429
4 1849 1655 1902 1830
4 2098 1849 1902 1830
4 1537 1592 1418 813
4 299 208 364 813
4 1592 208 299 813
4 1354 653 916 865
4 653 1197 1354 916
4 1532 653 1354 865
4 87 1515 91 1560
4 922 1096 992 1441
4 64 1302 301 1913
4 2015 846 1259 847
4 1931 847 2015 1259
4 1897 1547 112 109
4 1022 248 1308 301
4 248 1340 1308 301
4 290 361 242 1791
4 1735 290 242 1791
4 1735 242 1544 1646
4 242 1646 776 1544
4 2075 228 2016 1657
4 93 100 1635 376
4 1611 1968 1286 1421
4 1611 981 791 1289
4 1968 1569 981 388
4 341 1862 1968 1286
4 1569 1611 1968 981
4 883 1030 260 1507
4 1219 973 1460 356
4 973 1850 1460 356
4 1610 982 1289 1787
4 1289 1465 982 1610
4 1054 1060 643 1046
4 411 1266 420 1100
4 842 294 1430 844
4 973 821 1850 252
4 252 821 1850 1433
4 153 1800 151 437
4 775 1658 1155 2123
4 1616 272 1331 506
4 1456 1616 1835 1393
4 1592 1616 1537 1418
4 1044 272 1616 506
4 1617 1147 1366 1733
4 79 1594 81 1065
4 81 79 1065 1552
4 444 1845 1293 1403
4 614 1273 379 418
4 131 1943 132 1652
4 314 295 237 737
4 1659 1245 882 1177
4 1659 245 1245 1177
4 1444 586 2124 1485
4 535 1776 459 1103
4 613 141 1958 1618
4 73 1619 72 2140
4 523 1740 216 1739
4 523 1740 1739 1025
4 1406 1740 216 523
4 1406 1740 523 1025
4 202 1174 445 145
4 1579 250 898 512
4 1501 582 679 442
4 582 116 1957 1501
4 1501 582 121 679
4 116 582 121 1501
4 582 1501 1957 442
4 1386 1622 1425 2079
4 694 1243 1623 1306
4 104 776 102 1731
4 248 1340 301 394
4 248 1340 394 855
4 675 674 1624 1529
4 922 1096 1441 508
4 916 1091 1336 1374
4 916 1021 638 1336
4 808 805 268 744
4 808 268 581 744
4 885 772 1625 268
4 2013 1625 344 268
4 385 1625 268 885
4 2073 846 1212 1208
4 402 105 2045 106
4 1627 294 977 283
4 1627 283 977 453
4 1554 178 177 1627
4 1145 999 269 191
4 926 269 159 1130
4 2024 867 784 425
4 956 1118 1727 959
4 1021 410 916 638
4 1629 1445 1519 2087
4 307 1751 1304 504
4 1538 1751 1768 1321
4 1732 220 1424 1352
4 1754 1733 900 1366
4 1754 862 1147 1366
4 1243 1623 534 694
4 1633 364 1198 382
4 325 1470 1755 1820
4 1633 382 1198 1946
4 364 1215 1198 382
4 325 1755 568 1820
4 1820 1036 325 1470
4 1741 292 933 238
4 958 2099 546 1568
4 230 546 281 214
4 1173 958 546 1568
4 378 227 1136 2140
4 189 1818 1239 904
4 189 197 1818 324
4 330 189 896 197
4 1635 100 99 1702
4 2030 110 391 777
4 1190 1665 1709 1636
4 1169 48 2122 746
4 576 1795 1637 94
4 1795 1637 94 88
4 738 609 1639 1217
4 30 2080 1954 31
4 362 1977 1187 602
4 407 1977 362 602
4 1014 1187 1105 1977
4 2017 1643 504 1710
4 256 312 1644 1396
4 1593 256 1644 1396
4 1989 1442 913 1037
4 1442 913 1037 2051
4 206 64 1312 489
4 206 64 489 1938
4 574 1195 1645 2105
4 1313 2047 2088 2125
4 510 1840 1448 645
4 706 1022 1308 301
4 924 1736 1308 1022
4 1336 1682 1374 1707
4 916 1374 1336 1197
4 1648 722 319 335
4 1648 335 319 1075
4 1648 319 964 1075
4 127 1747 126 123
4 761 873 1045 1649
4 839 761 1045 1649
4 1468 761 839 1649
4 699 1822 1650 712
4 927 442 955 618
4 752 361 1587 776
4 380 331 1587 1845
4 752 776 1587 303
4 1374 916 1438 499
4 2103 2020 1589 948
4 302 1641 321 747
4 68 62 1762 747
4 2026 233 967 1556
4 473 1859 908 1929
4 908 1859 305 321
4 2027 1096 922 508
4 2060 1276 1439 1682
4 1350 1156 1712 1962
4 1087 658 936 1195
4 151 1156 1350 1962
4 1350 1156 897 1712
4 2058 1318 1907 1654
4 1907 1318 765 1654
4 977 294 1353 283
4 1353 1496 454 1499
4 1313 2047 2125 2107
4 1427 1996 924 695
4 1991 1655 1211 1849
4 715 1181 587 1656
4 711 449 675 1390
4 1710 681 1657 245
4 775 1658 1175 1155
4 882 730 914 1659
4 730 1659 882 1177
4 2073 730 477 1208
4 610 624 1660 620
4 795 953 1661 427
4 795 1013 1661 953
4 2098 1902 1464 1162
4 2098 1849 1025 1464
4 1564 1424 133 135
4 2071 1424 1564 135
4 911 434 430 140
4 446 170 167 165
4 2109 1181 584 441
4 2109 1048 1014 441
4 2109 584 1048 441
4 171 727 170 172
4 46 1098 1269 44
4 46 43 1135 44
4 176 727 172 177
4 1862 1611 1968 1286
4 1968 1611 1862 981
4 173 1824 1598 174
4 1680 1392 1490 2081
4 1627 178 177 180
4 1587 1731 101 102
4 1502 1205 1219 358
4 1219 1205 356 358
4 333 732 358 279
4 184 181 180 842
4 333 2132 358 732
4 732 356 358 279
4 194 732 279 252
4 194 279 1152 252
4 2054 1782 1727 1875
4 1005 180 184 1963
4 187 672 570 991
4 187 672 991 986
4 446 940 975 170
4 1069 728 815 1543
4 435 728 1543 815
4 435 815 1543 1802
4 1199 402 801 826
4 402 1509 801 826
4 801 106 1509 402
4 820 1949 1899 1926
4 1949 820 1390 1926
4 778 804 1911 395
4 978 955 778 395
4 778 906 395 641
4 955 778 395 442
4 778 442 641 395
4 1911 978 778 395
4 848 850 1969 1265
4 1693 1948 916 653
4 1884 1432 1926 1338
4 876 672 1964 1337
4 672 1337 986 1964
4 563 1672 800 808
4 957 1871 1673 373
4 592 274 1675 472
4 345 274 1675 592
4 1760 958 2099 617
4 1079 1760 2099 617
4 822 1677 606 399
4 1997 1529 456 1499
4 1997 1353 1499 456
4 1494 1999 2035 45
4 1494 45 47 1999
4 857 1469 2002 1776
4 1925 1050 1189 2099
4 1925 1050 2099 1774
4 1632 1139 963 854
4 1632 996 963 1139
4 98 1848 92 1757
4 1809 556 577 1498
4 739 2079 212 1381
4 957 197 1548 945
4 957 1548 987 945
4 1955 1323 1371 1632
4 854 1955 1371 1632
4 1632 1955 1323 1609
4 121 618 1240 119
4 1817 1523 680 2023
4 404 628 511 708
4 1524 169 168 1433
4 1298 169 168 1524
4 168 169 166 1433
4 147 613 141 1737
4 613 141 1618 147
4 1372 1978 1069 1718
4 1372 1069 1543 1718
4 1978 1069 815 1802
4 1802 1069 815 1543
4 1372 1802 1069 1978
4 392 296 1523 2023
4 1436 1114 1171 2124
4 230 546 1062 281
4 1173 546 1062 230
4 230 1232 299 1062
4 230 1173 1232 1062
4 474 1654 1790 979
4 2017 742 1935 1643
4 2124 1110 1825 586
4 1171 2124 1825 1081
4 1110 2124 1825 1171
4 1861 1807 45 47
4 2103 948 1859 603
4 426 1532 471 783
4 1467 745 426 783
4 823 1467 426 783
4 426 783 745 1532
4 783 823 471 426
4 279 716 252 918
4 356 279 252 918
4 1891 1495 1860 1142
4 1465 1177 982 1610
4 1610 1177 982 245
4 1283 1145 1131 402
4 1452 350 720 759
4 1452 350 759 1903
4 1216 759 720 350
4 1216 759 350 1903
4 1834 1413 1833 628
4 1715 1524 169 174
4 695 555 525 924
4 1497 727 591 177
4 1961 51 1520 720
4 577 1071 840 817
4 273 1138 1137 1692
4 144 1137 1692 273
4 1693 916 1197 653
4 1693 1197 1295 653
4 1693 410 916 1948
4 1694 538 1454 1007
4 1819 1694 986 1007
4 1010 1166 793 1590
4 1086 1166 793 1010
4 1158 1432 1884 1695
4 1158 1695 823 1432
4 1158 1695 1178 823
4 466 1037 2051 1696
4 2057 714 1697 1441
4 2057 1441 1697 1683
4 1751 1321 307 1487
4 1538 1751 1321 307
4 2096 1949 967 1042
4 1844 78 1136 1700
4 1005 185 1963 750
4 1701 408 316 414
4 1005 180 1963 185
4 598 713 1051 1476
4 598 713 1476 411
4 1283 801 1702 1199
4 372 1199 1702 99
4 2006 1512 1891 1162
4 2112 1512 1891 2006
4 2112 1512 2006 1161
4 1326 1928 516 1771
4 747 1410 1303 1185
4 1185 1224 1410 1303
4 1068 704 542 1703
4 903 704 1068 1703
4 193 287 1703 903
4 806 1349 1330 1226
4 1982 977 2026 283
4 1100 1266 420 1273
4 1100 420 614 1273
4 1100 420 1747 614
4 1967 1541 2080 24
4 1967 30 24 2080
4 636 1016 1481 154
4 636 933 1481 1016
4 1283 1704 1131 191
4 1283 1704 191 330
4 309 1627 283 294
4 309 1627 294 1430
4 1545 243 444 531
4 1545 444 243 1293
4 243 1546 1845 1080
4 1754 901 1366 2115
4 901 2115 1743 2129
4 308 299 1384 1215
4 1724 1129 1384 19
4 1336 1707 887 567
4 1336 1707 1091 887
4 380 95 1291 1080
4 2059 619 1708 2027
4 1027 1095 2027 1708
4 1234 972 1709 762
4 762 972 1709 712
4 1932 117 115 1711
4 1973 1563 111 1711
4 1932 1563 117 1711
4 530 2015 458 470
4 530 847 458 2015
4 1714 271 401 1919
4 1714 386 401 271
4 1714 886 271 1919
4 1714 1640 271 886
4 1714 386 271 1640
4 2035 629 1999 759
4 821 1524 169 1715
4 2021 717 343 743
4 2021 784 108 1864
4 908 396 305 1859
4 305 321 1074 1767
4 729 723 1353 844
4 1496 309 283 294
4 294 1496 1353 283
4 1353 283 1496 2026
4 1292 681 1657 1710
4 1292 737 1657 681
4 1544 776 2034 1717
4 104 1717 776 1646
4 1544 1646 776 1717
4 457 1284 750 455
4 375 323 285 1493
4 417 375 1493 323
4 1260 133 1630 1424
4 1630 533 1424 285
4 533 1035 1424 285
4 768 1093 433 1936
4 915 1093 768 1936
4 2060 1276 1682 1721
4 371 564 1609 1955
4 753 1282 800 1113
4 286 1567 1206 1861
4 1979 47 1567 1861
4 2109 588 1014 1570
4 2109 1570 1014 1048
4 1723 1814 287 903
4 970 193 1279 1723
4 1279 193 903 1723
4 287 1349 806 1703
4 1724 1706 671 1210
4 1724 1706 1215 671
4 308 1706 1215 1724
4 2054 696 288 1727
4 2014 959 1727 288
4 921 291 288 1728
4 2036 1204 1730 1647
4 1647 1730 1315 2037
4 1647 1730 1976 962
4 1730 962 1315 2106
4 1842 107 101 1731
4 1842 107 1731 1646
4 1492 220 1732 390
4 1492 1424 1732 220
4 523 1557 1025 1056
4 2098 1056 340 523
4 386 1954 401 271
4 401 1954 1218 271
4 1365 1734 1986 290
4 915 520 1034 1047
4 1825 1810 1081 1679
4 1521 474 479 1530
4 1353 723 294 844
4 1005 457 750 455
4 1554 309 1627 283
4 329 514 560 2095
4 247 507 515 1364
4 1383 1075 1482 1784
4 1482 1075 1244 1784
4 786 1687 655 556
4 466 1037 1696 835
4 1233 956 291 959
4 1018 921 1728 291
4 220 390 613 1732
4 1729 1742 932 2129
4 1284 1572 1249 312
4 1740 256 312 1090
4 1460 1406 1740 201
4 509 282 500 626
4 1250 687 652 1516
4 1320 1250 1516 1030
4 1685 1748 1684 1441
4 2123 1473 1118 1402
4 884 257 831 1508
4 323 417 293 1749
4 1076 125 1750 1984
4 1076 293 1750 618
4 618 601 293 1750
4 1353 1496 294 723
4 1496 309 294 723
4 842 294 1627 1430
4 136 1770 25 129
4 314 260 737 1320
4 737 1250 1320 260
4 1057 504 1751 307
4 1057 1935 685 1751
4 530 470 458 1752
4 1847 773 1676 721
4 1676 1119 274 1072
4 260 295 883 1351
4 1284 312 1249 2133
4 894 392 1817 2023
4 1376 1753 1038 1099
4 842 294 977 1627
4 1013 1432 447 953
4 819 240 429 912
4 989 240 429 819
4 1757 95 101 1080
4 98 1587 1757 101
4 1587 101 1080 1757
4 297 839 1582 328
4 1185 297 1133 1758
4 1758 1185 297 1348
4 1133 297 414 1758
4 1140 1024 688 942
4 1878 1738 15 359
4 1759 773 1676 1847
4 841 773 1676 1759
4 1066 619 2059 1534
4 1266 1429 1021 410
4 1556 820 1949 1899
4 1926 1949 1899 450
4 1949 1926 1390 450
4 1949 1556 1042 820
4 323 811 2055 651
4 651 955 811 2055
4 651 684 811 955
4 1602 1313 2125 1609
4 1313 1323 1609 1602
4 1313 2107 2125 1609
4 542 555 707 1357
4 1357 542 555 1814
4 937 1412 704 707
4 1812 1614 1529 454
4 471 783 784 867
4 2024 726 471 897
4 2075 228 2102 501
4 621 1760 1002 1877
4 1079 621 1760 617
4 1079 1165 1760 621
4 621 1877 1165 1760
4 155 1385 1152 636
4 1631 647 336 1149
4 1173 1251 225 546
4 1488 958 1173 1568
4 1488 1466 958 1568
4 546 2099 1251 281
4 1251 2099 360 281
4 1489 281 1384 262
4 1590 1528 1164 1882
4 1507 1882 1164 1528
4 1568 2099 546 214
4 699 1418 299 813
4 699 308 299 1418
4 1232 1592 299 1418
4 1418 1592 299 813
4 1489 299 1332 1384
4 1457 299 1062 1384
4 1384 299 1332 364
4 1332 230 299 1489
4 719 924 1308 706
4 389 720 1999 1452
4 389 1999 720 1227
4 1174 656 264 1193
4 1881 1541 2074 14
4 822 1998 602 484
4 1041 1049 539 1998
4 539 1049 822 1998
4 1762 747 302 1303
4 747 1641 1762 302
4 321 374 302 1468
4 1057 307 1751 1538
4 1847 721 303 1293
4 1845 1847 303 1293
4 1587 776 1546 303
4 802 771 1876 1763
4 755 1111 2063 649
4 2046 1155 1047 1887
4 649 2046 1047 2063
4 1233 1183 1449 1681
4 1748 760 835 466
4 1748 714 835 760
4 1491 1360 304 1764
4 419 1491 304 1764
4 1458 1360 304 1491
4 998 1004 532 1176
4 1599 157 1766 974
4 305 1767 1074 1601
4 1767 305 321 1761
4 231 375 1892 285
4 231 285 1892 1424
4 1630 1892 375 285
4 263 1768 2101 1898
4 1768 1898 1487 26
4 400 619 814 1172
4 1044 1534 400 272
4 1994 431 432 549
4 1296 212 1769 1054
4 1128 1074 1923 56
4 746 1128 948 1169
4 396 1128 948 746
4 1427 695 1412 1316
4 734 396 908 1859
4 734 1859 948 396
4 1157 1128 1074 374
4 746 53 1128 1555
4 1250 1030 883 1893
4 1250 1516 652 1320
4 431 315 1770 1921
4 432 431 1770 549
4 516 306 1771 550
4 802 74 1772 1983
4 564 812 371 1609
4 359 384 1052 1878
4 1065 432 828 515
4 1277 237 307 1538
4 1025 1740 1739 544
4 1395 723 1559 1778
4 723 729 1997 1739
4 1457 308 1384 1724
4 1416 2020 398 1966
4 1888 1504 1372 859
4 1554 309 1430 1627
4 1773 1236 467 415
4 393 1236 1773 415
4 398 1719 276 2019
4 810 969 965 1617
4 1090 1025 1740 1460
4 1025 1406 1740 1460
4 1644 312 1572 1396
4 1647 2037 1946 1204
4 671 382 884 2037
4 1364 313 1713 1394
4 1782 684 520 347
4 1782 520 1111 347
4 1782 347 1111 1875
4 2054 1782 1875 347
4 1783 1665 1956 1531
4 1665 1058 1783 1956
4 1058 1665 1783 1234
4 1783 1531 1808 1665
4 1665 1783 1709 1808
4 1234 1783 1709 1665
4 1062 1173 1232 225
4 225 1173 1232 1456
4 225 1232 1418 1456
4 444 334 1785 229
4 1785 334 444 1403
4 334 1713 1785 229
4 1046 643 625 1220
4 643 1220 1046 991
4 1228 1147 388 468
4 1228 388 341 468
4 658 639 1087 1243
4 2139 1087 1243 936
4 1716 1788 1379 1052
4 740 1259 847 1931
4 1789 1281 888 861
4 1281 861 1789 2066
4 1483 403 1486 259
4 1483 259 1486 1829
4 474 765 1790 1654
4 979 1530 998 1790
4 474 1790 1530 979
4 242 361 1646 1791
4 1735 242 1646 1791
4 196 1975 465 195
4 195 1975 465 355
4 1528 195 355 1975
4 1086 1975 196 195
4 1010 1086 195 1975
4 689 1136 1019 316
4 78 1136 689 1844
4 316 1136 1019 227
4 1940 316 1851 1236
4 408 1701 316 1851
4 307 1304 317 1710
4 1321 1898 263 317
4 1524 1850 1433 1505
4 1433 1524 169 821
4 1160 1460 1850 219
4 408 1844 316 414
4 1844 316 689 408
4 316 1844 1136 227
4 1844 1136 689 316
4 552 676 351 416
4 552 1983 351 1772
4 413 929 1894 300
4 413 1894 929 866
4 52 300 413 1894
4 920 866 1894 413
4 809 1736 526 1794
4 1427 1794 1996 809
4 1789 861 1909 1243
4 323 1076 293 417
4 1076 1630 417 323
4 88 85 1795 344
4 1033 344 1637 1795
4 344 1637 1795 88
4 1795 1033 344 971
4 964 319 1796 1075
4 1186 1797 319 722
4 722 1797 319 335
4 1912 1797 319 1186
4 1076 1984 293 417
4 1076 1984 417 1630
4 1076 1984 1750 293
4 948 1128 603 1792
4 1934 948 603 1792
4 1932 1061 391 406
4 596 2060 1295 1197
4 320 1982 1816 1949
4 2125 574 405 1645
4 478 549 2039 432
4 2094 1486 1799 646
4 795 427 907 1800
4 1800 795 1156 437
4 1413 997 1920 1801
4 1413 1801 692 513
4 1920 997 725 1801
4 692 725 952 1801
4 692 1801 952 513
4 1776 815 435 535
4 158 438 1802 535
4 1400 438 1802 158
4 1100 1273 614 418
4 1747 420 1865 614
4 1186 2048 2126 383
4 1312 1804 64 103
4 1453 2042 774 1145
4 822 512 1965 399
4 1812 1161 2112 2006
4 1812 2006 1997 1161
4 1805 781 1539 1869
4 429 1196 1806 912
4 429 1806 1196 1576
4 569 1806 429 1576
4 819 429 1806 912
4 819 1806 429 569
4 418 1273 379 1266
4 1048 785 585 818
4 1048 584 1570 766
4 440 1924 1859 321
4 1767 60 747 1074
4 1946 2037 382 1204
4 1727 2063 1811 1118
4 2063 1047 1811 1887
4 222 1759 841 722
4 1808 327 1426 1669
4 1858 963 733 1808
4 1808 863 1426 327
4 1531 963 1858 1808
4 819 1806 569 498
4 569 1806 1576 498
4 1565 1086 1910 830
4 1565 1086 830 1409
4 1910 793 463 830
4 321 1641 302 374
4 1074 1641 747 321
4 1432 1159 1884 1809
4 1432 1809 823 1159
4 1159 1588 1498 1809
4 823 1809 1588 1159
4 108 1864 1342 1744
4 2021 1864 343 717
4 2021 1864 108 1744
4 1261 1534 272 1662
4 836 608 137 1066
4 417 323 1493 1749
4 533 1076 1011 323
4 1630 1076 533 323
4 1817 680 240 879
4 1817 461 879 954
4 1159 1338 1884 1690
4 2114 1607 2106 2129
4 1672 808 581 744
4 971 1033 744 324
4 197 1673 1818 324
4 1776 459 1103 701
4 538 984 1819 1694
4 1819 1007 199 538
4 541 984 1819 538
4 199 1253 950 538
4 538 1694 1819 1007
4 1086 1010 830 1409
4 188 1533 816 57
4 1820 568 325 428
4 1820 428 1879 1993
4 1036 1470 2083 325
4 188 1755 568 325
4 1426 2117 326 1822
4 1709 1650 1636 1426
4 327 1872 849 579
4 327 579 849 1669
4 1109 662 797 332
4 713 2050 1476 411
4 2020 1213 1934 736
4 1582 328 1045 748
4 1582 328 839 1045
4 1538 237 307 353
4 12 1538 1870 10
4 411 1179 410 2050
4 2098 1056 1025 1849
4 1036 325 2083 352
4 605 1336 637 638
4 352 325 2083 816
4 352 2083 718 816
4 605 137 637 1336
4 637 916 638 1336
4 190 1826 693 381
4 411 780 713 1100
4 2094 1486 1450 1829
4 2111 2057 760 1670
4 1021 410 1179 2050
4 1021 1443 1089 1091
4 1899 1949 1816 450
4 1991 1101 1830 482
4 1849 1655 1830 1991
4 2098 1026 2097 1689
4 1849 1991 1830 1056
4 1831 2095 18 15
4 329 1832 560 514
4 1364 2033 18 2067
4 15 2033 18 1364
4 1661 427 807 907
4 1833 1834 1680 1355
4 1908 639 1243 694
4 1243 1623 1789 534
4 1400 860 392 1523
4 392 989 1817 1523
4 149 933 1016 1481
4 1101 1149 1211 1655
4 1201 1044 1835 1537
4 1418 1616 1537 1835
4 1044 1616 1835 1537
4 1836 74 788 1983
4 1836 552 431 798
4 1836 74 1247 788
4 44 276 1135 1098
4 1135 654 275 46
4 1837 208 230 1232
4 1696 1660 621 1165
4 1239 330 1130 1548
4 330 1704 896 189
4 189 330 1704 1283
4 197 896 971 189
4 896 1116 673 971
4 2099 1050 1189 281
4 2099 1050 281 1774
4 1854 1765 1839 1530
4 1854 1839 1765 991
4 1047 684 520 1782
4 811 520 1047 684
4 1047 520 1111 1782
4 1841 151 156 1112
4 2115 1607 2114 2129
4 1609 812 1773 2107
4 415 2107 1960 1313
4 393 2107 1960 415
4 25 1921 29 2069
4 1770 1921 25 2069
4 431 1921 549 798
4 431 1921 1770 549
4 1925 1774 1367 2119
4 2099 1774 590 1367
4 2062 1076 618 1011
4 618 927 2062 1011
4 2062 1076 1240 618
4 733 1426 1808 1636
4 1642 834 888 965
4 1734 361 331 752
4 1587 1842 331 380
4 1843 772 268 805
4 1843 805 268 808
4 1843 772 885 268
4 385 885 268 1843
4 1851 385 1843 1229
4 227 1844 1136 1700
4 363 1901 278 882
4 2018 1487 363 317
4 418 1869 1747 1100
4 1038 1238 532 1392
4 1845 1080 444 243
4 1845 334 444 1291
4 334 1846 1785 1713
4 1785 1846 334 1403
4 334 521 1403 1846
4 1383 335 1482 1075
4 722 923 1797 335
4 1403 1759 1847 773
4 331 1847 752 1845
4 331 1847 1845 1088
4 1848 531 92 1080
4 1046 1060 643 991
4 1739 544 312 729
4 1505 1433 234 1850
4 846 740 1259 847
4 808 581 268 1843
4 885 1625 1952 385
4 1952 2120 1625 83
4 389 1999 1573 409
4 389 1452 1999 629
4 389 409 629 1999
4 813 1650 699 1537
4 933 976 613 1737
4 149 933 1737 976
4 1140 568 540 1853
4 1854 1182 998 1004
4 1855 188 1533 816
4 1855 816 496 188
4 1855 1153 1533 188
4 1855 496 1102 188
4 1855 1102 1153 188
4 1561 1979 1567 286
4 409 1979 1561 286
4 286 1979 1567 1861
4 21 1394 15 1738
4 892 198 2005 985
4 2021 1775 379 893
4 614 343 743 1775
4 1627 283 453 591
4 628 2068 709 573
4 1009 1189 1857 337
4 327 192 579 1858
4 327 1858 579 1669
4 327 1858 1669 1808
4 1369 1060 1854 991
4 1891 1495 2116 1860
4 1891 2097 1860 340
4 1689 340 1860 2097
4 558 677 1944 427
4 558 163 1944 677
4 160 163 1944 558
4 995 286 1861 629
4 629 286 1861 1979
4 2010 341 810 1006
4 810 341 2010 1228
4 468 388 341 1862
4 1483 1863 947 2132
4 1863 502 1428 1175
4 922 992 1459 1691
4 509 282 1174 1193
4 134 1883 131 1865
4 38 1206 42 1117
4 1698 731 42 1117
4 1104 508 760 2111
4 1104 508 1748 760
4 1866 607 609 892
4 1866 607 1469 609
4 1866 1513 1469 607
4 1237 607 1513 1866
4 1024 200 688 942
4 1073 1383 1482 1784
4 1073 1383 1784 1054
4 1468 839 440 1649
4 839 1045 440 1649
4 1867 804 365 345
4 345 1675 804 592
4 1867 1675 804 345
4 365 1867 345 696
4 365 494 696 2054
4 1186 722 319 1648
4 345 1186 319 1648
4 345 1648 964 1868
4 964 345 1868 1728
4 1321 353 263 1870
4 513 239 1518 806
4 513 1703 1518 692
4 1518 806 1703 513
4 957 346 1673 1871
4 1105 1872 944 346
4 210 1873 763 1139
4 684 1874 520 347
4 1875 347 476 365
4 365 2054 1875 347
4 801 1704 1131 1283
4 189 904 1239 1283
4 1239 370 1548 2049
4 424 1307 934 254
4 1447 1989 662 332
4 64 1340 1913 301
4 350 1903 392 296
4 389 1372 350 1452
4 350 392 1903 1372
4 720 350 1889 1294
4 720 357 1889 350
4 1952 80 689 1540
4 1952 385 1540 689
4 689 80 78 1540
4 2068 1856 96 1413
4 337 2068 511 1856
4 1014 1570 588 1360
4 1475 416 351 676
4 770 351 1876 1772
4 1772 351 1876 802
4 714 735 1877 462
4 1272 1877 714 735
4 1272 1877 835 714
4 835 1877 621 760
4 1345 925 458 1586
4 1345 2073 1586 458
4 2015 470 1586 458
4 1586 925 458 470
4 412 537 329 1878
4 1716 1379 1831 1311
4 1831 412 329 1878
4 1777 709 708 2119
4 1510 936 565 932
4 1898 2018 263 317
4 1533 1776 857 988
4 571 16 705 988
4 429 16 705 571
4 428 1879 1500 352
4 1036 325 352 1879
4 57 352 1525 1880
4 352 816 718 1880
4 706 1914 1022 301
4 525 1302 366 706
4 307 681 994 353
4 1538 237 353 1870
4 1397 14 1881 1885
4 830 1516 1409 1882
4 1507 1010 1882 1528
4 1409 1010 1882 1507
4 1101 368 1688 475
4 1991 1211 1023 1849
4 403 259 2132 1211
4 358 356 146 279
4 953 1674 1013 823
4 1178 1695 1467 823
4 823 1695 1467 1809
4 1690 1338 1884 1390
4 1884 786 1690 1390
4 405 574 754 1645
4 2094 1486 646 1450
4 1851 316 1229 1236
4 753 1851 1229 1236
4 885 385 1952 689
4 581 385 268 1843
4 753 1229 808 1282
4 232 1351 2 1895
4 232 2 1351 4
4 2136 354 1270 198
4 496 1237 2136 354
4 354 1270 1237 2136
4 355 1528 769 1055
4 751 355 465 1975
4 751 1055 355 769
4 905 355 1881 1885
4 1885 1591 355 1391
4 1397 6 1885 355
4 1397 1885 1881 355
4 1885 1391 355 6
4 355 905 1591 1885
4 108 1585 379 1942
4 418 1266 379 1942
4 108 1942 379 1266
4 1886 877 315 495
4 1886 690 519 423
4 423 1886 954 495
4 2132 919 1922 259
4 1205 732 356 358
4 1219 358 356 1023
4 1372 389 357 1888
4 1888 764 1504 859
4 720 1227 1889 357
4 624 485 1081 1043
4 2026 1496 1353 1499
4 1931 1286 834 1968
4 1931 834 888 1642
4 1890 609 1639 738
4 851 1890 1241 1866
4 1890 886 1639 609
4 851 1890 1866 1939
4 1741 636 1152 194
4 1729 932 1306 1909
4 1510 1606 936 932
4 1512 660 1891 1162
4 977 1353 2026 283
4 1492 231 1892 1424
4 8 1391 1885 6
4 307 1710 994 681
4 1885 905 1591 14
4 307 994 1321 353
4 2099 1251 360 2118
4 1173 1070 1251 958
4 1173 958 1251 546
4 281 1189 360 1457
4 816 1855 496 1237
4 12 11 1538 9
4 1855 496 1513 1102
4 496 1855 1513 1237
4 1985 627 809 1894
4 1710 436 1245 245
4 1057 9 11 685
4 1277 237 1538 9
4 1057 1538 11 9
4 1057 1751 685 11
4 2017 1277 1057 1935
4 515 1065 478 505
4 515 1065 505 1597
4 1524 397 1824 1715
4 361 1791 1842 1646
4 1682 836 1336 1721
4 654 1213 49 1269
4 654 1098 2061 1213
4 1503 421 2127 1544
4 421 1735 1544 1897
4 799 114 1547 2065
4 914 317 263 2018
4 307 317 994 1710
4 362 1105 1012 1000
4 362 1977 1105 1187
4 362 1105 1000 1187
4 2042 159 362 926
4 484 159 362 2042
4 2042 407 362 1225
4 484 1225 2042 362
4 2042 407 926 362
4 580 1422 794 251
4 2022 1185 1303 930
4 966 2025 33 2141
4 966 2141 28 2018
4 966 2141 2018 2025
4 28 966 33 2141
4 104 1414 1717 1900
4 1544 1900 1717 109
4 1528 195 255 355
4 355 195 255 905
4 1550 1150 1015 574
4 389 1718 629 409
4 1543 1400 1372 1903
4 1386 1425 1127 1084
4 400 1344 1472 1201
4 397 1824 201 1526
4 397 1526 1524 1824
4 397 973 1850 1460
4 1384 1332 1904 364
4 356 1905 918 234
4 356 1905 234 1023
4 2132 1906 919 259
4 259 1906 1483 2132
4 1907 1024 1330 688
4 1521 688 1907 1330
4 1907 1024 1226 1330
4 1330 1907 1521 1518
4 1907 1330 1226 1518
4 2112 1891 1495 2006
4 1729 810 1909 1006
4 1909 1729 1623 1306
4 1910 1020 1565 830
4 1911 804 978 395
4 1911 1144 476 365
4 476 1522 1911 365
4 1911 1144 365 804
4 365 1522 1911 978
4 1874 955 1522 978
4 1874 1471 1522 955
4 1875 365 288 2054
4 365 1796 1875 964
4 476 1796 1875 365
4 1875 365 964 288
4 804 592 1912 345
4 1144 592 1912 804
4 592 1186 1912 345
4 1912 2126 1797 1186
4 592 2126 1912 1186
4 921 964 1728 288
4 964 1648 921 1868
4 921 964 1868 1728
4 365 978 696 494
4 978 804 365 1867
4 1911 804 365 978
4 365 978 1867 696
4 366 1302 301 706
4 301 366 1914 394
4 525 366 469 1914
4 1598 1506 182 1916
4 1861 1206 286 1698
4 1978 527 815 1069
4 108 1266 1744 1342
4 420 1342 343 1896
4 1519 2087 1918 1079
4 1079 2087 1918 1760
4 1760 462 2087 1918
4 1231 401 196 1919
4 1050 262 1009 281
4 96 1920 692 1413
4 1413 1920 692 1801
4 692 1920 725 1801
4 868 2079 1084 739
4 1018 1386 1084 868
4 1127 1084 1018 1386
4 1396 1824 1526 201
4 2132 259 1922 1211
4 362 944 407 370
4 362 407 926 370
4 362 1977 407 944
4 561 1761 321 305
4 1629 1442 1037 758
4 1079 1660 1165 621
4 1117 1954 35 30
4 1117 1954 30 1608
4 1117 30 32 1608
4 909 264 656 1684
4 1748 466 1685 2051
4 30 1954 35 31
4 232 1277 9 7
4 675 2096 1529 1624
4 675 674 2004 1624
4 2004 2096 675 1624
4 1861 1807 1567 42
4 1861 1698 731 42
4 1128 1923 1074 374
4 1128 374 603 1923
4 1074 1923 1641 374
4 1859 1924 2103 603
4 1859 1157 321 1924
4 2019 275 1209 1827
4 2013 344 1625 1952
4 1684 1193 980 1517
4 1135 46 275 43
4 2046 648 1634 1402
4 46 1135 654 1098
4 2046 1634 648 1484
4 1884 1432 668 1926
4 1432 451 668 1926
4 584 818 2000 608
4 584 1656 1534 2000
4 818 608 584 766
4 2019 275 1827 43
4 1927 1275 886 1890
4 1927 1275 1640 886
4 728 1275 1640 1927
4 815 728 1927 1275
4 851 1927 1890 1939
4 1939 1927 815 459
4 1928 984 2092 1771
4 1771 1928 984 138
4 2092 1928 1832 984
4 984 1928 1832 538
4 1928 984 541 538
4 1894 1754 929 866
4 1929 1222 1859 440
4 2103 1859 1929 1222
4 757 1929 1222 2103
4 1930 481 517 452
4 1286 1421 1931 2015
4 1286 1968 1931 1421
4 1286 847 2015 1931
4 1098 48 1269 44
4 115 406 1932 391
4 391 1932 115 1711
4 391 1563 1932 1711
4 2024 1578 911 726
4 1433 169 166 821
4 1282 1933 805 808
4 1282 1933 832 805
4 805 832 244 1933
4 808 1933 805 373
4 1169 1792 1213 49
4 2020 736 1581 277
4 2104 2028 1787 1290
4 2020 1934 1581 736
4 180 453 1627 842
4 648 338 697 1402
4 648 755 338 1402
4 1139 854 763 210
4 1074 1431 62 56
4 1074 1431 56 53
4 1139 564 763 1955
4 1139 763 854 1955
4 1074 56 62 1641
4 512 159 2042 999
4 61 298 1987 1404
4 61 59 1404 1987
4 1621 468 1147 862
4 1627 453 977 842
4 1208 2019 1416 846
4 1936 2046 1034 666
4 768 1155 1047 1936
4 433 1155 768 1936
4 389 350 720 1452
4 1049 606 785 1937
4 606 1437 785 1937
4 1049 785 818 1937
4 595 138 289 1341
4 1534 619 272 1662
4 1048 818 584 766
4 955 494 1749 293
4 955 684 1749 494
4 709 573 2068 2003
4 2068 628 1413 573
4 1050 1368 337 511
4 770 66 703 65
4 466 1685 1037 835
4 1508 671 487 623
4 301 366 394 1913
4 301 1340 1913 394
4 1804 706 301 64
4 1804 719 1308 706
4 1939 1927 1890 1275
4 1939 1927 1275 815
4 1886 1475 1180 954
4 1886 1475 954 676
4 480 393 1940 227
4 393 1032 1773 1940
4 393 1940 1236 480
4 378 1019 1941 1136
4 378 1136 1941 2140
4 378 2140 1941 72
4 1133 1758 1700 322
4 930 480 378 1133
4 1463 1399 1542 1427
4 381 1422 1575 1077
4 1970 251 381 903
4 1970 903 381 1463
4 1970 381 251 794
4 1970 381 258 1463
4 298 54 492 1404
4 298 1294 492 1398
4 298 1398 492 54
4 298 1889 1294 1398
4 78 77 689 1136
4 78 689 77 80
4 1596 1781 1039 1753
4 971 744 268 805
4 971 344 268 744
4 1980 1625 85 84
4 885 1980 84 1625
4 20 2101 27 263
4 2018 263 28 1898
4 20 1768 2101 263
4 1768 1898 263 1321
4 28 26 966 2018
4 468 981 265 388
4 1147 468 265 388
4 2016 2028 483 2075
4 1025 1090 1419 1460
4 193 1703 1122 903
4 704 1122 1703 903
4 1763 703 1876 1720
4 272 1534 400 619
4 2112 660 674 1143
4 1653 907 1944 153
4 91 95 1757 1080
4 1065 1562 1017 515
4 1895 1028 0 1415
4 161 448 166 1945
4 1945 448 716 161
4 166 1945 448 1433
4 567 836 486 2000
4 1656 567 486 2000
4 295 1351 237 1277
4 972 1198 1204 1946
4 1633 1198 972 1946
4 382 884 1904 1215
4 364 1904 1215 382
4 1158 1884 786 1695
4 1695 1884 786 1809
4 801 1509 100 99
4 1768 1947 26 1487
4 112 1735 1900 107
4 1932 117 1003 118
4 1747 126 123 1869
4 2050 1266 1021 410
4 411 1266 1100 2050
4 1747 1539 123 780
4 253 1252 1878 384
4 384 1950 222 253
4 222 923 1950 384
4 537 1253 767 1252
4 1843 832 772 805
4 1843 1282 805 808
4 1843 1282 832 805
4 1312 64 1340 489
4 1851 1953 385 408
4 1953 581 1851 385
4 576 372 1033 1116
4 99 372 576 1702
4 1116 1702 576 372
4 1048 1570 1361 766
4 1048 766 1361 1041
4 840 1132 1459 922
4 753 1236 1168 467
4 467 1236 946 415
4 753 1282 1113 1236
4 1434 580 2068 2003
4 970 1723 1279 1434
4 1152 1945 162 1583
4 252 716 1152 1583
4 517 52 300 413
4 1354 745 1297 1197
4 1877 462 1002 714
4 1877 1760 1002 462
4 1877 462 2087 1760
4 2024 867 425 1712
4 717 142 139 430
4 1531 1956 387 963
4 1335 1956 387 1531
4 1956 1058 1335 387
4 468 981 388 1862
4 1862 1968 981 388
4 1617 388 1228 1147
4 818 1336 887 567
4 567 836 818 1336
4 1385 716 838 161
4 1945 716 1385 161
4 2073 477 226 1208
4 150 425 1712 142
4 150 1712 425 437
4 1372 389 1888 1978
4 1372 1718 389 1978
4 1999 1573 1227 389
4 807 558 1944 427
4 907 1097 1944 153
4 907 427 807 1944
4 114 799 1547 1957
4 1492 1732 1958 390
4 613 390 1958 1732
4 613 1958 390 1618
4 1737 613 141 143
4 1493 915 1093 768
4 1527 390 1959 292
4 1819 538 950 541
4 2104 2028 943 483
4 943 488 2104 483
4 1402 755 338 956
4 956 755 1727 1118
4 1372 1400 392 1903
4 894 392 350 357
4 894 350 392 2023
4 1294 350 894 2023
4 1889 350 894 1294
4 1889 894 350 357
4 1185 322 2140 2022
4 1133 2140 378 930
4 1133 1185 2140 930
4 227 378 1207 480
4 227 1019 1207 378
4 378 227 1019 1136
4 1063 839 393 297
4 1063 393 480 1133
4 1063 297 393 1133
4 393 812 1773 1032
4 414 1701 1940 316
4 393 414 1940 227
4 1773 1940 1236 393
4 907 807 160 1944
4 391 110 113 777
4 757 534 1929 1221
4 1221 1908 534 1929
4 1221 1908 1789 534
4 160 558 165 163
4 160 446 165 558
4 718 206 377 993
4 1726 206 993 64
4 377 993 206 1938
4 301 1022 394 1914
4 1913 1340 1917 394
4 940 558 165 446
4 415 1313 1960 761
4 761 1313 1960 873
4 761 873 1960 1045
4 839 761 1960 1045
4 1433 448 166 168
4 728 1640 386 1230
4 172 727 1497 177
4 485 1679 1825 1081
4 1615 1906 1484 1428
4 1483 1906 1829 1615
4 1829 1484 1615 1906
4 1100 614 1747 418
4 591 1982 453 829
4 1541 553 1192 1881
4 183 1572 455 1284
4 1572 1396 183 179
4 842 1430 1627 180
4 754 545 574 787
4 754 545 787 1478
4 996 787 1602 387
4 1284 455 183 750
4 674 1143 2004 1624
4 818 137 1336 836
4 637 638 916 1693
4 1021 410 638 1179
4 1819 1964 986 1694
4 672 1964 986 1819
4 1345 1212 2073 458
4 937 557 691 1024
4 937 557 469 691
4 1245 245 982 1177
4 1976 1478 266 1756
4 822 484 602 1965
4 822 602 1677 1965
4 1786 1375 1378 1596
4 1375 1596 1780 1378
4 2031 1271 855 483
4 1442 2051 1037 1696
4 473 1221 852 1589
4 1799 647 1486 1149
4 2080 401 553 528
4 439 1608 2080 401
4 1390 1042 1338 820
4 21 36 2040 18
4 1364 2067 507 515
4 515 505 2067 507
4 1364 2033 2067 515
4 1201 400 814 1044
4 400 814 1344 1201
4 619 400 2059 1534
4 471 1532 784 783
4 2080 1218 553 401
4 738 1639 1086 1217
4 196 1086 1231 1919
4 1919 1639 1086 738
4 724 1714 401 1919
4 528 401 1919 724
4 724 593 401 1714
4 528 593 401 724
4 810 1569 965 1968
4 1611 1569 1968 1421
4 1642 1968 965 1569
4 1968 1569 1642 1421
4 512 898 1722 824
4 687 848 652 1516
4 652 224 1882 830
4 1969 483 501 1271
4 1969 652 848 1265
4 230 1173 1837 1232
4 230 1488 1837 1173
4 2028 850 483 1969
4 982 1787 1752 1263
4 830 793 463 224
4 830 793 224 1010
4 1972 17 1584 1339
4 1576 1972 1339 17
4 1972 491 1341 17
4 498 1972 1576 17
4 498 1972 17 491
4 1972 1341 1584 17
4 1134 1183 338 956
4 1233 1183 1134 956
4 463 830 224 1969
4 463 1271 1969 2102
4 1044 506 1616 1537
4 587 506 1044 1537
4 463 1969 1020 830
4 1502 1219 1557 1991
4 1219 973 1557 1460
4 1051 1061 548 554
4 1145 999 191 1131
4 1969 850 2031 2077
4 1969 483 2031 850
4 1969 483 1271 2031
4 1969 235 1265 850
4 851 724 1890 1927
4 731 728 286 995
4 1598 1506 1824 1396
4 1824 1916 1598 174
4 1793 1515 1560 1480
4 1560 1515 91 1480
4 321 374 1468 1924
4 117 1563 1973 1711
4 1991 482 1830 1056
4 1991 1502 1056 1557
4 1748 1441 714 508
4 1748 508 714 760
4 403 482 1991 1502
4 403 1149 1211 1101
4 1211 1991 1101 1655
4 1799 403 634 1101
4 1483 1799 1486 403
4 1697 1002 462 714
4 1634 1615 1450 1484
4 1450 1829 1484 1615
4 1631 1026 1101 475
4 1217 1975 196 1086
4 2114 884 1508 257
4 884 671 1508 623
4 2029 1393 983 1670
4 1393 2057 1670 2029
4 2015 847 458 846
4 248 52 855 394
4 1647 1730 2036 1976
4 1976 266 1730 1756
4 2059 1721 1276 2060
4 1485 1825 2124 1081
4 1416 277 846 2061
4 515 478 1995 505
4 729 845 1997 1739
4 1268 917 1254 630
4 1754 900 2115 1366
4 862 901 1366 1754
4 2129 901 2115 1366
4 981 481 791 1289
4 2031 855 488 483
4 323 1595 533 285
4 323 1595 285 915
4 323 915 285 1493
4 412 1454 329 537
4 2095 1738 18 15
4 856 2077 217 611
4 1105 1977 362 944
4 1540 1844 689 408
4 408 1701 1851 1953
4 1136 2140 1700 1401
4 1999 1979 1573 409
4 1999 409 629 1979
4 756 764 569 989
4 858 496 354 377
4 858 377 354 1242
4 1708 1096 2027 619
4 2094 1483 1486 1829
4 2094 1799 1486 1483
4 1074 1767 60 1431
4 1845 752 1587 303
4 1845 1587 1546 303
4 1301 697 1183 880
4 630 1183 1301 697
4 636 716 838 1385
4 1945 716 1152 1385
4 162 1945 1152 1385
4 1014 1362 1187 1977
4 1151 1959 292 1527
4 121 679 927 618
4 1379 412 1831 1878
4 412 1981 1454 537
4 1981 215 537 412
4 515 1364 2033 249
4 527 1115 941 286
4 286 1115 1698 1206
4 1848 531 1080 243
4 1848 243 1080 1546
4 48 1169 1555 746
4 2122 48 1169 1098
4 189 372 324 904
4 189 372 1033 324
4 2105 1582 2088 2012
4 1433 1850 1524 821
4 1601 938 1431 53
4 1098 398 2020 2122
4 2020 1169 1213 1098
4 1116 1795 673 971
4 1716 18 939 1364
4 1767 1074 747 321
4 2075 1969 848 2028
4 1940 1032 1701 414
4 1133 1700 414 227
4 1133 1758 414 1700
4 2107 946 1313 415
4 1475 416 676 136
4 351 416 1983 552
4 1983 552 416 788
4 1076 125 1240 1750
4 1076 1750 1240 618
4 2088 574 1645 2105
4 2088 1582 2105 1645
4 1814 1723 1970 903
4 2042 269 159 926
4 2042 999 159 269
4 1260 533 1424 1630
4 966 369 1827 2025
4 160 446 558 807
4 418 1266 1942 1443
4 1869 1747 1652 418
4 1909 965 810 969
4 1909 810 965 834
4 1635 100 1702 376
4 127 420 1865 1747
4 1448 1081 644 1171
4 1985 627 1316 809
4 1985 1996 809 1316
4 473 1281 852 1221
4 888 1259 740 1931
4 1365 874 592 1986
4 1365 592 906 1986
4 874 2126 592 1986
4 395 641 906 659
4 395 799 641 659
4 799 395 641 442
4 421 1547 112 1897
4 421 112 1735 1897
4 1547 421 112 1334
4 1735 1334 112 421
4 1108 1629 624 1660
4 422 1817 894 1664
4 753 563 1851 1773
4 1987 298 422 492
4 1987 1763 703 422
4 1621 1754 862 1147
4 321 440 1924 1468
4 1188 640 1170 545
4 545 640 1382 1188
4 885 772 1980 1625
4 1125 446 558 940
4 1370 204 1777 709
4 1206 1117 593 1698
4 32 38 1117 1608
4 1786 1375 1833 1370
4 1786 1833 1838 204
4 94 1702 576 90
4 1635 94 90 1702
4 90 1702 576 1116
4 2140 1700 1133 227
4 1988 35 30 1117
4 1988 42 35 1117
4 1025 1464 1419 1090
4 1055 5 678 751
4 1415 1446 0 678
4 594 690 819 423
4 690 594 519 423
4 424 289 843 124
4 187 424 570 672
4 1852 754 787 1478
4 1147 265 1621 929
4 265 300 1620 526
4 664 205 660 221
4 664 660 1461 221
4 1174 145 264 656
4 322 1348 310 2022
4 322 1185 1348 2022
4 1234 1990 1665 1709
4 1990 1665 1058 1234
4 1990 1665 1709 1190
4 1914 695 1022 1316
4 525 706 1914 1022
4 525 366 1914 706
4 525 1022 1914 695
4 518 799 421 1897
4 421 799 1547 1897
4 799 421 1547 1957
4 1991 1023 1219 1849
4 1370 1666 1833 1834
4 1613 1992 953 427
4 1613 1992 427 677
4 558 1992 677 427
4 1268 917 1134 1411
4 1134 1823 1681 1411
4 2106 266 545 1382
4 469 1412 707 525
4 1812 1161 1529 2112
4 674 2112 1529 1161
4 809 1508 497 1511
4 2015 1259 2073 1256
4 58 16 2086 37
4 2086 571 37 16
4 2086 1196 16 58
4 16 1285 152 97
4 16 1285 97 702
4 1140 428 152 1285
4 569 429 819 989
4 2052 1820 557 1993
4 428 1993 942 1879
4 1024 1993 2052 557
4 428 942 1993 2052
4 988 705 438 1078
4 988 16 705 702
4 540 209 152 1140
4 1459 144 922 1691
4 1361 1187 1360 1014
4 1014 1048 1361 1187
4 1508 497 1511 1607
4 1284 1249 455 2133
4 2060 1514 1440 1095
4 244 197 805 945
4 945 805 244 1933
4 1124 2053 1059 599
4 1094 1054 1383 1073
4 599 2053 1059 1482
4 786 869 935 1690
4 1780 1753 1596 1375
4 810 965 834 1968
4 1642 1968 834 965
4 424 541 934 672
4 424 843 934 541
4 136 1389 931 25
4 1247 74 76 788
4 1247 788 76 1994
4 788 432 1994 431
4 478 432 515 1995
4 18 2040 21 1738
4 2039 529 1065 432
4 1548 244 987 945
4 957 987 419 1258
4 1022 1996 1736 1985
4 1985 1736 809 1996
4 924 1996 1736 1022
4 2077 611 1020 217
4 2077 1020 235 217
4 2015 458 1586 2073
4 2007 1997 1812 2006
4 2007 1559 1812 1997
4 868 2014 291 956
4 2014 291 288 921
4 868 2014 921 291
4 2096 869 1624 2004
4 1886 690 961 519
4 1886 519 961 877
4 1326 516 543 306
4 1326 1771 516 306
4 306 1326 1771 138
4 1689 482 1830 1101
4 1361 1998 1000 1187
4 937 542 707 704
4 1048 1362 1998 1187
4 1840 1436 1448 647
4 968 1031 885 82
4 968 885 1980 82
4 1698 728 386 1230
4 1698 728 731 386
4 1117 1954 731 35
4 1698 386 731 1117
4 988 438 435 2002
4 1494 1999 51 1961
4 1287 827 767 1738
4 21 827 1287 1738
4 536 1341 2128 1972
4 1555 1128 56 53
4 644 1631 797 1109
4 1564 1492 133 1424
4 1492 1424 1564 1732
4 2114 257 551 2037
4 356 234 918 1433
4 1836 788 431 552
4 1836 788 1247 431
4 1247 788 1994 431
4 567 2000 818 836
4 2001 1567 1807 42
4 1985 1736 1894 809
4 1718 409 286 629
4 1452 1718 629 389
4 1718 1978 527 409
4 389 1978 1718 409
4 728 1640 1230 1927
4 459 2078 1927 941
4 1266 1438 1443 1021
4 1654 1518 1651 979
4 158 705 860 438
4 158 860 1400 438
4 2002 1469 435 1776
4 1006 810 1909 834
4 1006 1909 853 834
4 748 908 440 1929
4 1767 1761 321 747
4 839 328 1248 440
4 561 321 1248 440
4 1463 241 1575 1299
4 1778 2007 2006 1997
4 1870 1321 353 1538
4 20 1870 1768 263
4 1870 1768 263 1321
4 198 892 2005 1343
4 793 985 2005 198
4 1086 738 2005 985
4 921 1075 1796 1244
4 204 1370 1834 709
4 1995 21 2041 25
4 1995 2041 2069 25
4 813 2011 712 1198
4 814 1683 619 2027
4 1158 953 1432 823
4 953 1013 1432 823
4 1063 297 1133 1185
4 1232 1203 1616 1173
4 1418 1616 1835 1456
4 1331 208 1837 1232
4 1331 208 1232 1592
4 829 591 320 727
4 1733 1754 900 1604
4 1738 767 359 1252
4 2006 2007 2116 1495
4 1778 523 2006 2007
4 2068 503 337 1009
4 1434 1279 970 2068
4 2109 1821 1181 441
4 1087 658 1243 936
4 1021 1443 2050 1089
4 1266 1443 2050 1021
4 411 1266 2050 410
4 1243 1909 1623 1306
4 1501 679 121 119
4 121 679 618 119
4 618 442 601 2131
4 955 442 1347 618
4 640 1605 1015 962
4 1136 78 1401 1700
4 623 342 884 794
4 1199 826 801 99
4 926 159 362 2009
4 926 1130 159 2009
4 362 159 1000 2009
4 2010 1228 341 468
4 1336 1937 1437 605
4 1336 1091 1021 1437
4 1336 1437 638 605
4 914 2018 1085 186
4 1215 1706 308 2011
4 2011 1215 1706 1198
4 1120 2094 1634 665
4 1899 1816 940 902
4 1233 1134 1183 1681
4 785 1937 887 818
4 1336 887 1937 818
4 444 1785 1545 229
4 444 229 1545 531
4 1293 1785 444 1403
4 1545 444 1293 1785
4 632 956 1727 2014
4 956 959 2014 291
4 956 959 1727 2014
4 1866 1469 1939 609
4 1866 738 892 609
4 1866 1890 738 609
4 1866 1890 609 1939
4 1352 1732 1564 1424
4 599 1121 625 1073
4 1046 1073 625 643
4 2131 442 601 799
4 599 1007 1194 625
4 2109 1014 1458 1821
4 1225 407 362 602
4 1998 602 1187 1362
4 484 602 1225 362
4 1261 583 715 1477
4 708 511 2119 709
4 1838 1596 1043 1039
4 1535 1786 2110 1378
4 1535 1378 1596 1786
4 1043 1223 1974 1679
4 1697 1002 616 462
4 2057 1002 2029 616
4 2057 1697 616 1915
4 632 755 1727 956
4 632 2014 288 921
4 1280 606 872 399
4 1154 1001 1437 605
4 1001 1179 1476 2050
4 1476 411 2050 1179
4 2059 1066 1721 1708
4 2059 1276 612 1027
4 2059 1027 612 2027
4 2060 1828 1439 1276
4 1721 1066 1514 1708
4 1095 1096 2027 1708
4 1442 1696 1037 758
4 1629 758 1108 1442
4 1037 682 1686 1272
4 332 1686 1444 1445
4 1629 1686 1445 2087
4 809 1794 526 1317
4 809 551 1317 526
4 1508 2114 257 551
4 1518 952 460 239
4 1518 952 239 513
4 1518 460 1521 239
4 337 2068 1009 1050
4 511 2068 337 1050
4 1729 1909 1623 1006
4 893 743 132 2113
4 911 743 893 2113
4 510 1840 645 697
4 1448 1840 646 645
4 2040 516 514 550
4 2040 560 550 514
4 2040 827 514 516
4 478 1995 549 432
4 2100 21 2041 1995
4 478 2041 549 1995
4 890 543 877 961
4 890 1886 961 877
4 890 1886 877 315
4 697 645 1402 2091
4 2112 660 1891 1512
4 1840 647 1448 646
4 1231 1166 195 803
4 528 1166 724 1919
4 2024 911 717 2021
4 717 911 743 2021
4 61 59 1987 1720
4 2022 1348 310 747
4 837 1535 1668 1378
4 922 1132 1459 992
4 459 2078 851 1927
4 954 1664 1475 1180
4 1001 1663 1476 1179
4 952 270 460 2081
4 952 2081 460 239
4 1638 1530 460 1521
4 954 461 879 318
4 703 318 461 954
4 492 789 2023 461
4 1727 1875 755 632
4 1760 1466 1002 462
4 1760 462 1918 1466
4 714 1697 735 462
4 1422 794 1575 623
4 1484 666 2046 775
4 322 2140 2022 1619
4 73 1619 2140 322
4 1491 346 210 579
4 419 579 210 963
4 2049 944 370 346
4 2049 1105 944 346
4 2049 346 370 957
4 1518 1907 474 1654
4 474 1907 765 1654
4 492 1294 1319 1520
4 1294 1319 1520 720
4 492 1294 1520 1398
4 1748 1104 466 1310
4 466 835 1696 760
4 1037 1165 2087 1629
4 267 671 2114 2037
4 426 1553 726 471
4 655 577 840 817
4 468 1862 223 981
4 1006 810 834 341
4 810 1968 834 341
4 692 1703 1122 193
4 525 1914 469 1412
4 1095 2027 1071 1027
4 2073 1256 477 730
4 1427 1399 1542 1412
4 822 1998 484 539
4 1804 1312 64 301
4 64 1312 1340 301
4 1250 883 742 1893
4 1530 1839 479 1638
4 2022 72 68 1619
4 2022 930 68 72
4 2029 983 958 1002
4 808 1258 1933 373
4 1416 398 1719 1966
4 1174 509 626 282
4 1482 1075 921 1244
4 922 2027 1071 1095
4 862 1366 2010 1228
4 810 1228 2010 1366
4 1702 1199 801 99
4 826 1509 801 99
4 1611 1421 1286 470
4 1563 250 111 2030
4 1109 2124 332 797
4 2011 699 813 712
4 1534 400 1472 1044
4 400 1201 1472 1044
4 1832 538 514 537
4 1832 1928 514 538
4 329 1738 537 514
4 514 767 1738 537
4 1995 129 1387 2033
4 1387 129 1394 2033
4 1364 1394 15 2033
4 947 634 1483 403
4 811 1595 323 915
4 1376 1099 1238 1356
4 906 472 659 518
4 592 472 1675 906
4 1676 721 1119 752
4 1847 1676 752 721
4 1119 2034 472 242
4 2127 2034 472 1503
4 1311 1052 1878 359
4 1785 359 1311 1713
4 359 1713 1364 1311
4 1311 15 1364 359
4 1311 1878 15 359
4 1716 1311 1831 15
4 1311 359 1785 1052
4 1148 1026 1101 1631
4 1817 240 819 879
4 1634 2123 1473 1120
4 1634 665 2094 1615
4 1409 1975 1217 1086
4 1010 1409 1086 1975
4 1120 1688 2094 665
4 2035 629 759 995
4 1859 1924 603 1157
4 2103 1859 1589 1929
4 757 1589 1929 2103
4 762 972 522 2036
4 2036 1647 1234 972
4 2036 972 1234 762
4 50 720 1520 1216
4 1216 720 1520 1319
4 1294 720 1520 1398
4 898 548 872 1051
4 1685 735 714 1441
4 1685 1272 714 735
4 1685 1272 835 714
4 1685 714 835 1748
4 1685 1441 714 1748
4 433 1155 1936 2043
4 474 1521 479 572
4 1521 1907 474 1518
4 1599 254 209 974
4 254 974 1766 595
4 1599 974 1766 254
4 241 1126 1575 1299
4 1185 322 1133 2140
4 445 1174 656 145
4 267 1204 671 2037
4 671 382 2037 1204
4 2057 760 2029 1002
4 1002 983 760 2029
4 1144 874 1797 1912
4 1522 1144 476 1911
4 2096 615 1529 1624
4 297 1063 839 328
4 297 1063 328 1348
4 1185 1063 297 1348
4 1583 252 1945 821
4 1433 166 1945 821
4 2077 855 1813 2031
4 1036 1470 1435 1913
4 1842 1731 101 1587
4 361 1646 1587 776
4 1842 1731 1587 1646
4 1011 323 2055 651
4 1011 2055 927 651
4 1076 323 2055 1011
4 1076 2055 618 1011
4 1529 1499 454 967
4 1529 615 454 1614
4 753 1236 467 1773
4 316 1207 1236 1940
4 1998 1048 1361 1041
4 1998 1048 1041 1049
4 571 859 1103 535
4 158 859 571 535
4 37 571 2108 16
4 989 1504 571 158
4 569 764 571 989
4 2006 845 1512 1464
4 1279 190 693 381
4 1279 693 503 381
4 259 1906 1829 1483
4 1991 1502 482 1056
4 845 1161 2006 1512
4 725 952 1490 1176
4 420 780 1747 127
4 652 830 1882 1516
4 1849 1056 1830 2098
4 1088 1759 1403 521
4 1845 1847 1403 1088
4 1000 1998 484 362
4 512 999 2042 1145
4 443 2043 878 919
4 1397 8 14 1885
4 14 1591 1885 8
4 1175 2064 2043 433
4 2042 269 926 1239
4 774 1558 1239 2044
4 1145 269 2042 1239
4 574 754 1645 1195
4 287 889 1349 1703
4 903 1068 287 1703
4 777 2045 2082 106
4 2030 2045 110 777
4 2123 2046 1634 1402
4 1615 1634 2046 1484
4 2088 1045 1582 2047
4 1960 2047 1582 1045
4 2047 1582 2088 1645
4 2047 1582 1645 812
4 1473 2091 1634 1120
4 1451 2091 1473 1120
4 1936 1417 1380 666
4 1380 2043 1936 666
4 878 2043 1380 666
4 567 1682 486 836
4 1721 1276 1682 486
4 486 1682 1721 836
4 1656 486 1472 1534
4 1077 623 487 1210
4 1841 151 1112 1350
4 668 1926 451 450
4 1390 1338 1926 820
4 1445 1629 1519 875
4 1445 1485 1629 875
4 266 545 1976 2106
4 2048 274 592 1072
4 2048 1676 274 1072
4 2048 1676 752 1847
4 1186 1676 274 2048
4 1186 274 592 2048
4 1795 1033 971 1116
4 3 7 237 1351
4 3 1351 790 0
4 3 1351 0 7
4 295 232 1351 1277
4 295 1935 232 1277
4 1548 2049 1012 1130
4 926 1130 1012 2049
4 1277 1935 232 685
4 295 1935 883 232
4 1012 362 926 2049
4 1012 957 2049 1548
4 2050 713 1089 781
4 713 1089 1001 2050
4 2050 1001 1021 1089
4 1538 1768 1870 1321
4 13 24 1192 1541
4 585 818 584 1048
4 584 1181 1656 585
4 108 1553 2021 379
4 1553 379 893 2021
4 108 1553 379 1585
4 1799 646 647 1840
4 2075 483 1969 2028
4 1801 1413 1833 1355
4 1801 997 1833 1413
4 1355 1413 1834 573
4 223 1930 265 981
4 1073 1121 1084 1127
4 1743 1315 2114 2037
4 909 264 145 656
4 1009 19 22 1422
4 337 1368 1050 1189
4 337 1189 1050 1009
4 584 715 1656 1181
4 1290 943 850 1571
4 1264 488 2031 855
4 1684 264 656 1193
4 2104 488 481 631
4 223 981 1787 2104
4 1190 1709 972 1636
4 1234 1990 1709 972
4 1990 1709 972 1190
4 690 1806 498 491
4 498 1806 1576 1972
4 498 1806 1972 491
4 492 789 1294 2023
4 492 1319 1294 789
4 1404 298 1987 492
4 1771 1326 1928 138
4 961 1326 306 138
4 1140 428 568 2052
4 1140 568 1853 2052
4 2042 1145 999 269
4 1422 1826 19 1077
4 1709 863 1822 1426
4 1709 762 1822 863
4 1709 1783 762 863
4 1234 1783 762 1709
4 1059 722 2053 1124
4 2053 722 1059 1648
4 722 923 2053 222
4 2053 923 722 335
4 1124 722 2053 222
4 1875 2054 288 1727
4 494 1811 2054 1782
4 494 1811 1782 684
4 684 1811 650 494
4 365 696 345 288
4 964 365 345 288
4 964 345 1728 288
4 1000 1998 362 1187
4 2099 360 281 1189
4 2099 360 1189 2118
4 623 1575 831 342
4 2055 955 293 618
4 323 1749 293 2055
4 2055 955 1749 293
4 689 316 385 408
4 1229 385 316 1851
4 1031 1229 885 316
4 440 1045 748 1908
4 440 748 1929 1908
4 753 808 800 1282
4 753 808 1229 1851
4 2017 1643 1935 504
4 134 1865 131 127
4 816 858 496 188
4 1513 496 2136 1102
4 496 1513 2136 1237
4 391 250 2030 622
4 1997 1161 456 1529
4 674 1529 456 1161
4 2058 1024 1226 1907
4 1123 557 937 1024
4 1790 1530 998 1854
4 1854 1182 1530 998
4 58 209 540 1083
4 58 209 1083 17
4 756 819 569 498
4 756 819 498 1180
4 2021 343 1775 743
4 893 1775 1943 743
4 1297 1235 499 1197
4 1197 1374 499 916
4 1528 1010 1882 1590
4 2018 263 27 28
4 26 2018 1898 1487
4 364 1384 1215 1904
4 1418 1232 1616 1456
4 23 30 1967 2080
4 1727 755 2063 1118
4 1768 1321 1751 1487
4 12 1768 1870 1538
4 1117 731 42 35
4 720 1398 1889 1227
4 398 2020 1416 1098
4 2063 1782 1111 755
4 2063 1782 755 1727
4 2063 1111 1047 649
4 502 1502 2132 732
4 947 1502 2132 502
4 398 2019 276 1098
4 1175 502 1428 2064
4 193 1745 806 970
4 193 1413 692 513
4 1279 337 96 2068
4 1279 503 2068 1434
4 1422 1857 503 1009
4 693 1857 503 1422
4 1801 725 952 1490
4 1801 997 725 782
4 1081 644 1171 2124
4 1081 1109 644 2124
4 1897 799 1547 2065
4 1348 747 321 1761
4 1621 1603 862 1754
4 2115 2129 900 1607
4 1908 658 2066 1243
4 1988 38 42 1117
4 1098 44 1329 48
4 391 1061 1932 1563
4 1319 350 1294 296
4 720 51 1398 1227
4 1999 47 51 1573
4 1647 1234 1058 1976
4 1400 1802 1504 158
4 234 918 1433 1505
4 1738 2040 2095 18
4 2095 2040 514 560
4 802 1772 69 1876
4 61 1763 1720 1987
4 74 802 1772 69
4 948 1589 734 895
4 1508 884 2114 671
4 329 514 2095 1738
4 1738 2040 514 2095
4 1995 478 2100 505
4 939 2067 507 1364
4 2022 747 1951 68
4 2068 580 1009 2003
4 1136 77 1019 1941
4 869 509 2004 1137
4 1555 49 1163 1792
4 1808 1551 863 327
4 849 579 1458 733
4 2109 1458 733 1008
4 1491 1105 346 1872
4 579 1491 346 1872
4 1491 1012 1360 1764
4 1105 1360 1458 1491
4 411 420 1266 1342
4 1240 1325 119 1750
4 394 1340 1917 855
4 1074 1601 1431 53
4 1587 1731 102 776
4 1587 776 102 1546
4 1955 854 800 763
4 459 941 1927 815
4 701 1939 459 851
4 2050 1179 1021 1001
4 642 1765 991 1854
4 2039 549 75 1994
4 516 306 550 2040
4 2041 29 2093 2069
4 1995 2069 549 432
4 432 1770 2069 549
4 2069 1921 29 2093
4 1770 1921 2069 549
4 1995 2041 549 2069
4 254 17 1083 209
4 254 1083 1599 209
4 209 1083 1599 490
4 1597 87 1017 1552
4 193 1745 513 806
4 692 952 1518 513
4 693 337 1279 503
4 1240 618 1750 119
4 672 424 570 1307
4 1383 335 2053 1482
4 1194 1383 2053 599
4 1328 2070 1341 138
4 1328 2070 138 519
4 1272 1037 1685 835
4 1296 1099 2038 1092
4 660 664 1142 205
4 960 1186 1868 722
4 960 841 1186 722
4 1759 1676 1186 2048
4 1590 1882 1164 1320
4 1320 1030 1516 1882
4 514 560 2092 1832
4 550 516 514 2092
4 514 516 1928 2092
4 514 1928 1832 2092
4 21 827 1738 2040
4 21 1995 2100 2067
4 2067 1995 515 2033
4 1831 329 2095 1878
4 143 1564 2071 1352
4 1352 1424 1564 2071
4 1735 1544 1900 1646
4 796 427 795 1156
4 1540 80 2072 83
4 560 2092 550 514
4 516 1771 2092 550
4 1928 2092 516 1771
4 2041 2093 549 2069
4 2069 1921 2093 549
4 1995 129 2069 432
4 432 1770 129 2069
4 478 2100 2041 1995
4 543 306 516 2040
4 1574 1134 1233 1681
4 1876 1763 1720 69
4 173 1824 174 1524
4 2110 1535 1378 1668
4 173 175 1526 1420
4 1072 472 592 1986
4 592 472 906 1986
4 2126 1072 592 1986
4 1824 1526 1524 173
4 518 421 2127 1503
4 518 2065 1897 1503
4 518 799 1897 2065
4 180 1627 453 177
4 2026 1949 1982 320
4 180 453 842 181
4 1341 2070 595 138
4 690 536 2070 519
4 164 1035 533 285
4 684 651 520 1874
4 650 811 684 1749
4 520 649 1034 1047
4 1047 520 649 1111
4 1088 1184 1759 521
4 1284 455 457 2133
4 1284 455 1249 1572
4 1208 846 1209 2019
4 1208 1209 846 1212
4 1014 1458 1360 588
4 2073 730 1208 1212
4 226 1416 1966 740
4 846 1259 740 226
4 882 1245 1257 982
4 1407 1739 723 1395
4 523 1739 1395 1778
4 523 1395 2007 1778
4 312 2133 1284 1739
4 450 1816 1899 451
4 1899 902 940 558
4 492 1398 1520 54
4 1262 687 1322 1643
4 1812 2112 1495 2006
4 553 23 803 2074
4 1881 803 905 2074
4 1881 553 803 2074
4 1065 2039 478 505
4 2040 827 1738 514
4 515 505 1995 2067
4 1995 505 2100 2067
4 2020 398 1966 895
4 2020 398 895 2122
4 2094 1120 1840 1688
4 115 118 1932 406
4 104 1717 1646 1900
4 1544 1900 1646 1717
4 1552 79 1065 1597
4 1017 1065 515 1597
4 2075 848 687 1262
4 2075 501 2016 228
4 2075 2028 848 1262
4 1588 949 1498 1809
4 1588 745 949 1809
4 1265 1516 652 848
4 1375 1666 1833 1370
4 1838 1596 1039 1346
4 800 1282 951 1113
4 141 1492 2076 1564
4 1624 1143 2004 509
4 2016 2028 631 483
4 1969 2102 224 463
4 356 146 918 1905
4 358 146 356 1023
4 146 1905 356 1023
4 1428 2132 1906 919
4 502 2132 1863 1428
4 502 2132 947 1863
4 1205 356 732 252
4 265 300 929 517
4 265 1620 300 2032
4 2098 1148 2097 1026
4 1820 1993 1036 557
4 2052 568 1820 428
4 2052 428 1820 1993
4 1299 1359 809 1126
4 2016 2075 1610 2028
4 2016 1610 1289 2028
4 1302 1036 1913 64
4 1302 1036 1435 1913
4 691 1302 469 525
4 707 525 555 1255
4 707 469 525 691
4 1255 1302 525 706
4 2083 1726 64 103
4 1036 2083 64 103
4 1879 1036 103 352
4 1308 706 924 1022
4 525 1914 1412 695
4 1589 852 895 740
4 2078 928 724 1927
4 527 1561 1115 286
4 1345 925 882 458
4 1929 1859 908 440
4 2049 1105 362 944
4 32 38 1988 1117
4 1714 1927 1640 886
4 716 1945 1152 1583
4 716 252 1945 1583
4 902 940 1798 1274
4 1789 1931 1278 853
4 1808 963 733 1665
4 1531 1665 1956 963
4 1531 963 1808 1665
4 23 2080 553 575
4 23 439 2080 575
4 23 803 575 553
4 1166 1086 738 1919
4 1622 1092 1425 2079
4 2079 1386 1134 868
4 2079 1134 1386 1574
4 2079 1386 1622 1574
4 1386 2079 1425 1084
4 868 1386 1084 2079
4 1665 1808 1709 1636
4 160 558 1944 807
4 1038 1099 741 532
4 926 1239 1130 2049
4 1239 2049 1548 1130
4 639 873 1045 2088
4 2088 873 1045 2047
4 1960 2047 1045 873
4 972 1204 522 2036
4 522 1204 1730 2036
4 522 2036 1730 1756
4 809 1894 627 497
4 853 1789 834 1909
4 920 497 627 1894
4 1028 1415 1 0
4 1058 1976 1335 387
4 1335 387 787 996
4 387 1976 1335 787
4 1335 387 996 1531
4 399 1579 872 898
4 779 898 1280 1051
4 989 240 819 1817
4 1289 2028 1787 2104
4 1856 1920 96 1413
4 483 631 2104 2028
4 631 1289 481 2104
4 1329 276 44 1098
4 151 1800 153 1097
4 796 953 795 427
4 796 1613 953 427
4 2077 2031 1571 850
4 737 1292 1322 1250
4 2077 855 2031 1271
4 742 2017 1250 1643
4 1250 1292 1322 1643
4 62 1074 1641 747
4 1074 1431 60 62
4 60 1074 62 747
4 798 770 1836 552
4 552 770 1836 1772
4 1983 1772 1836 74
4 23 1541 553 2080
4 488 517 2032 481
4 616 2029 1173 958
4 958 2029 1070 983
4 1173 2029 1070 958
4 1700 1408 1401 73
4 1140 152 540 1285
4 1232 1616 1592 1418
4 1820 1470 1333 557
4 329 1878 537 1738
4 1878 329 2095 1738
4 250 600 111 2030
4 2030 110 2045 111
4 1044 400 1172 272
4 1648 335 1075 1482
4 2053 335 1648 1482
4 2053 722 1648 335
4 2020 948 1934 1169
4 1934 1169 948 1792
4 1583 1945 162 1455
4 1945 1363 166 162
4 1945 1363 162 1455
4 247 531 507 939
4 473 1929 748 1908
4 1206 1698 593 928
4 2133 723 729 844
4 2133 729 723 1739
4 1237 1866 1513 2136
4 2115 900 2129 1366
4 2115 900 1754 1604
4 270 1238 532 1765
4 1392 532 1490 270
4 1403 1845 1293 1847
4 1403 1847 1293 773
4 1403 1847 1759 1088
4 1785 1846 1403 1052
4 1403 521 1052 1846
4 1803 1438 108 1429
4 844 1353 977 294
4 1518 2058 1907 1654
4 2058 1518 1651 1654
4 1908 1243 534 694
4 1908 1243 1789 534
4 873 639 694 1150
4 873 639 1150 2088
4 2059 1276 1721 486
4 1460 1850 234 356
4 356 1850 234 1433
4 1011 1595 533 323
4 533 1035 135 1424
4 113 777 110 2082
4 1908 694 534 1222
4 757 534 1222 1929
4 1929 1908 534 1222
4 1776 1103 988 1533
4 988 2002 435 1776
4 1103 535 1776 988
4 862 1228 2010 468
4 568 188 325 57
4 325 188 816 57
4 764 859 571 1504
4 989 860 392 1504
4 452 388 1930 481
4 989 764 571 1504
4 325 57 352 428
4 325 57 816 352
4 816 57 1880 352
4 535 1802 859 459
4 158 1802 859 535
4 535 459 859 1103
4 535 815 435 1802
4 158 860 1504 1400
4 1504 859 571 158
4 816 2083 188 325
4 325 2083 188 1470
4 961 543 877 306
4 961 1326 543 306
4 1981 2084 1454 537
4 2084 199 537 253
4 2084 215 537 1981
4 2084 253 537 215
4 1454 538 537 2084
4 2084 538 537 199
4 249 1394 1364 2033
4 1738 767 1252 537
4 514 1928 1253 538
4 541 538 1253 1928
4 199 1094 1358 1194
4 961 690 1328 519
4 690 2070 1341 1328
4 690 2070 1328 519
4 1290 1571 1620 2032
4 265 1620 2032 1930
4 265 929 452 517
4 265 1930 517 452
4 443 1428 2043 919
4 298 2085 1404 61
4 929 300 265 526
4 929 526 1894 300
4 1603 862 1754 901
4 985 724 738 1241
4 539 1663 822 1049
4 779 822 1722 539
4 539 1663 779 822
4 1453 1965 1225 484
4 512 484 2042 159
4 1453 1225 2042 484
4 1722 159 512 999
4 1580 1041 539 1998
4 46 654 1269 1098
4 1213 1169 1269 1098
4 654 1213 1269 1098
4 891 1145 402 600
4 248 1308 524 1736
4 540 16 37 1285
4 88 85 90 1795
4 666 775 2043 1936
4 1819 541 187 672
4 1964 934 672 876
4 606 1049 822 1154
4 2059 612 486 400
4 1354 1197 499 916
4 1532 1354 499 865
4 1280 822 779 1663
4 822 1677 602 1998
4 1677 1998 822 1049
4 1001 1051 1476 1280
4 136 431 1770 788
4 1770 432 788 431
4 562 827 864 543
4 864 562 543 961
4 543 29 25 315
4 136 315 890 1389
4 136 315 25 1770
4 1389 25 136 315
4 890 543 315 877
4 138 1928 984 876
4 138 1326 1928 289
4 788 552 136 431
4 788 552 416 136
4 552 676 416 136
4 1760 1002 1466 958
4 114 1501 1957 116
4 114 799 1957 442
4 114 442 2131 799
4 1036 1470 557 1435
4 1036 557 1470 1820
4 972 2011 522 1204
4 2011 1198 1706 1204
4 2011 1706 522 1204
4 1722 539 484 159
4 1722 822 484 539
4 539 1580 484 159
4 539 1998 484 1580
4 1910 1086 793 830
4 161 448 168 166
4 292 1527 933 238
4 1087 574 1150 2088
4 2088 639 1150 1087
4 1400 1372 1504 1802
4 1400 392 1504 1372
4 1215 299 1384 364
4 2090 139 140 2113
4 2032 524 211 1571
4 422 1817 2023 894
4 1053 485 1678 1485
4 822 484 1965 512
4 1932 1003 117 1563
4 40 1612 33 2025
4 870 217 1312 1340
4 1609 812 1645 564
4 574 545 754 1195
4 1382 936 545 1188
4 1132 577 1440 1071
4 308 1215 1384 1724
4 798 676 431 315
4 431 315 676 136
4 315 1566 798 676
4 1831 1878 2095 15
4 247 229 531 1545
4 247 507 1364 939
4 809 526 1736 1894
4 810 1228 1366 1617
4 1366 969 810 1617
4 24 1218 1192 553
4 24 553 2080 1218
4 581 385 2013 268
4 385 1625 2013 268
4 385 2013 1625 1952
4 799 442 601 395
4 114 442 1957 1501
4 114 1501 2131 442
4 953 451 447 1992
4 1992 447 558 451
4 807 447 1125 558
4 427 558 1661 807
4 427 1992 1661 558
4 558 451 677 1992
4 953 1992 1661 427
4 93 1635 90 376
4 673 90 376 93
4 1635 1702 90 376
4 90 376 1702 1116
4 1116 376 673 90
4 1511 627 809 1126
4 874 1734 1986 1365
4 2019 846 1209 2061
4 1539 406 118 120
4 26 966 33 28
4 1594 76 81 529
4 882 1212 1345 458
4 1142 2097 1860 1891
4 922 1096 1095 992
4 922 1096 2027 1095
4 2101 26 28 1898
4 2101 1768 26 1898
4 1112 677 1944 156
4 1788 1785 1293 1403
4 1788 1052 1785 1403
4 1716 1052 1785 1788
4 707 695 555 525
4 104 1900 1646 107
4 104 1646 1731 107
4 1575 1508 831 1317
4 1339 669 974 536
4 1584 974 2128 1339
4 1339 974 2128 536
4 763 373 1258 1672
4 393 2107 812 1960
4 812 2107 2047 1960
4 2107 812 1773 393
4 415 761 1960 839
4 300 2032 1620 524
4 260 1030 1882 1507
4 1366 900 2129 932
4 223 1290 2104 1787
4 502 732 333 1151
4 2096 1390 1949 1042
4 1336 1707 1374 1091
4 566 1531 1551 1783
4 1647 1058 962 1976
4 1768 11 1947 1751
4 37 2108 1285 16
4 569 571 2086 429
4 540 16 58 37
4 1790 1530 1854 570
4 979 998 952 1176
4 1518 460 1029 1530
4 1258 1873 373 763
4 1783 566 762 863
4 747 321 302 1410
4 1248 1410 1224 302
4 1150 574 2125 2088
4 1602 2125 1150 574
4 2125 574 1645 2088
4 405 754 574 787
4 1105 1360 1491 1012
4 2044 407 926 2042
4 928 593 724 1714
4 823 1013 1588 1674
4 2036 1234 1976 1756
4 2036 1730 1756 1976
4 1104 1748 508 922
4 2104 981 1787 1289
4 2109 584 1570 1048
4 2109 583 1477 715
4 2109 583 588 1477
4 804 319 365 345
4 804 1912 319 345
4 365 319 964 345
4 960 1186 345 1868
4 1912 1186 319 345
4 1186 722 1648 1868
4 345 319 964 1648
4 1940 227 1207 480
4 1940 1207 1236 480
4 1719 2019 1416 1208
4 2106 545 1976 1170
4 1969 2077 2031 1271
4 1720 1763 703 1987
4 422 771 954 1664
4 422 954 1817 1664
4 425 142 717 430
4 911 743 2113 430
4 743 139 134 131
4 922 144 980 1691
4 1650 715 1261 583
4 848 2075 652 1969
4 916 1091 1021 1336
4 2094 1120 2091 1840
4 2094 1840 1799 1688
4 1968 341 810 1228
4 1968 388 341 1228
4 1968 1862 341 388
4 1547 1334 112 1577
4 2026 591 320 1982
4 1631 1149 336 1101
4 1631 1149 1101 1148
4 1185 2022 2140 930
4 1335 1783 566 1234
4 1335 1234 566 1976
4 1855 1513 1103 1102
4 576 1033 1637 1795
4 2006 2116 523 340
4 864 562 961 825
4 1328 1326 961 138
4 1145 269 1239 191
4 1283 1145 191 1131
4 1145 1283 191 1239
4 2018 2137 914 1085
4 34 27 28 2137
4 1331 1592 1232 1616
4 1099 1004 2038 741
4 1625 84 83 85
4 88 344 2120 85
4 1952 344 1625 2120
4 2096 1042 967 615
4 2096 967 1529 615
4 1425 1092 1296 212
4 1425 212 1296 1084
4 1296 1099 1004 2038
4 1296 1004 1769 2038
4 1624 615 1529 1614
4 2096 615 2121 1690
4 1768 1321 1487 1898
4 1890 1639 1919 738
4 1890 886 1919 1639
4 1991 358 1219 1023
4 1991 403 2132 1211
4 1098 1329 398 2122
4 1082 1092 1268 1373
4 1087 2139 1150 574
4 932 1188 1606 936
4 2139 1015 574 1188
4 699 1650 813 712
4 963 579 733 304
4 1858 963 579 733
4 963 579 304 419
4 849 1872 1458 579
4 1872 1105 1458 1491
4 1551 192 327 1858
4 1551 1858 327 1808
4 1858 1139 963 1531
4 891 105 600 402
4 600 105 2045 402
4 600 2045 105 111
4 2138 1951 747 68
4 63 1761 1767 747
4 63 60 747 1767
4 63 60 2138 747
4 63 310 1761 747
4 63 310 747 2138
4 723 1997 1559 1778
4 1434 503 2068 580
4 197 373 324 744
4 197 373 1673 324
4 581 268 2013 744
4 563 1851 581 808
4 563 581 1851 1953
4 563 808 581 1672
4 98 1546 1848 1757
4 1546 1757 1080 1848
4 1789 888 1931 834
4 1789 888 834 1909
4 722 383 1797 923
4 1263 1611 1286 470
4 1862 1263 1611 1286
4 1073 1296 1054 1084
4 822 1965 1677 399
4 1965 602 1225 484
4 2113 743 2090 139
4 743 131 2090 139
4 1046 187 991 986
4 1046 1819 187 986
4 1819 672 187 986
4 1352 1424 2071 1035
4 1201 814 1393 1044
4 1201 1044 1393 1835
4 1044 1616 1393 1835
4 882 914 317 1659
4 1659 994 914 317
4 882 1659 317 1245
4 1659 1245 1710 317
4 1537 1592 813 506
4 506 1667 1650 1261
4 506 1331 1592 1667
4 813 1650 1537 506
4 2006 2116 340 1891
4 1891 2116 340 1860
4 989 392 764 1504
4 165 940 1798 902
4 1303 1224 1410 302
4 1316 1427 1996 809
4 627 1316 809 1126
4 1316 1427 809 1126
4 854 800 951 1371
4 836 2059 1721 486
4 836 2059 486 1534
4 845 1161 1997 2006
4 845 1997 1778 2006
4 2020 2122 895 948
4 2020 1589 948 895
4 2020 1169 2122 948
4 2101 28 263 1898
4 1366 1909 810 969
4 2111 1344 612 814
4 1591 8 589 1391
4 1648 1075 921 1482
4 2125 2047 2088 1645
4 2107 2047 1645 812
4 1079 1760 590 2099
4 2107 812 1645 1609
4 409 527 1718 286
4 1079 1660 617 620
4 527 941 815 1069
4 1053 1324 1629 1519
4 610 1079 1324 1519
4 878 2043 1527 1380
4 1634 2094 1450 1615
4 1616 1331 1592 506
4 2026 320 591 233
4 975 233 591 320
4 2026 967 1496 1499
4 2026 233 1496 967
4 70 1619 73 322
4 692 1626 1122 1703
4 854 210 963 419
4 906 421 290 242
4 1365 290 421 559
4 1365 290 906 421
4 421 1735 290 242
4 559 290 421 1735
4 1144 319 476 365
4 1144 319 365 804
4 365 319 1796 964
4 476 319 1796 365
4 395 1675 804 1867
4 2126 2048 592 1072
4 2126 1072 1986 1734
4 874 2126 1986 1734
4 1186 2048 592 2126
4 1144 592 874 1912
4 874 2126 1797 1912
4 2127 472 906 518
4 906 421 2127 518
4 2127 472 518 1503
4 1503 421 1544 1897
4 1072 752 1119 242
4 776 2034 1119 242
4 957 1871 1258 210
4 1871 1873 1258 210
4 854 1258 763 210
4 210 1873 1258 763
4 778 592 1144 804
4 778 874 592 1365
4 778 874 1144 592
4 778 592 906 1365
4 1442 332 1109 1108
4 2075 1657 2016 1610
4 429 1576 1196 2086
4 569 1576 429 2086
4 429 1196 16 2086
4 2052 942 1024 1140
4 2052 942 1993 1024
4 880 697 1402 2091
4 1776 459 701 1939
4 1634 665 1615 2123
4 1634 2123 1120 665
4 1615 665 1658 2123
4 787 1976 1478 545
4 266 545 1478 1976
4 954 676 1475 351
4 713 1001 1051 1476
4 713 1001 1476 2050
4 825 690 1328 961
4 1341 2128 595 2070
4 595 1341 1584 2128
4 1584 974 595 2128
4 952 2081 239 597
4 513 597 239 806
4 1066 1721 1514 596
4 1693 1197 596 1295
4 1147 1617 1366 1228
4 1754 1147 1733 1366
4 1932 1003 554 118
4 898 1051 1061 548
4 978 494 347 1874
4 978 494 365 347
4 494 2054 365 347
4 1874 494 347 684
4 494 1782 2054 347
4 494 1782 347 684
4 320 975 940 727
4 250 2030 622 600
4 1095 1071 1132 1440
4 827 129 931 25
4 1678 1378 485 1535
4 2046 775 1155 2123
4 325 428 352 1879
4 1820 1879 325 1036
4 568 57 325 428
4 2108 1103 1533 988
4 1051 1476 1699 598
4 780 1539 598 713
4 757 1221 1929 1589
4 2130 1520 55 1319
4 27 263 2018 914
4 2137 27 2018 914
4 695 1996 1022 1316
4 1427 1316 1996 695
4 198 1343 1910 611
4 2005 1343 1910 198
4 793 2005 1910 198
4 1127 1073 1018 1084
4 880 1840 697 2091
4 2126 383 1797 1186
4 874 383 1797 2126
4 2063 2046 1047 1887
4 569 1576 2086 498
4 1255 706 525 555
4 1112 1350 151 1156
4 2060 1514 1095 1708
4 637 1197 596 1693
4 1017 87 1536 81
4 1552 87 1017 81
4 1179 1001 638 1021
4 638 410 916 1693
4 1079 1324 1165 1660
4 2027 619 1096 1683
4 2027 1462 612 2111
4 547 1104 508 922
4 1241 724 738 1890
4 1241 738 892 1866
4 1241 198 892 985
4 1241 1890 738 1866
4 618 601 1750 2131
4 1402 338 697 1183
4 1402 956 338 1183
4 1086 793 830 1010
4 1712 2024 897 1578
4 1907 1024 688 1140
4 1525 57 1880 857
4 1533 988 857 57
4 816 57 857 1880
4 816 1533 857 57
4 1525 988 57 857
4 706 525 924 1022
4 1726 103 206 64
4 2083 993 64 1726
4 1792 1128 603 1923
4 1001 1437 638 1021
4 1336 1937 887 1437
4 1336 1021 638 1437
4 926 269 1130 1239
4 774 407 2044 2042
4 891 1145 774 1283
4 760 835 1696 621
4 426 1167 1553 1532
4 1038 741 1099 1753
4 1765 270 1638 1530
4 1962 437 1712 150
4 151 437 1962 150
4 1615 1483 2094 1829
4 88 2120 2134 85
4 1827 1209 2019 367
4 677 451 558 902
4 891 105 402 1199
4 1447 662 1109 332
4 1598 1396 173 179
4 699 2117 1650 1822
4 2117 1650 1822 1426
4 656 282 203 493
4 282 273 203 493
4 656 282 493 1193
4 1043 1679 485 1081
4 1596 1974 1535 1043
4 1987 59 492 703
4 1404 55 492 59
4 1404 59 492 1987
4 1824 1506 1598 1916
4 607 1343 633 1565
4 1343 1565 607 892
4 892 607 609 1565
4 611 1343 377 354
4 377 611 633 1343
4 1242 611 377 354
4 1938 611 377 1242
4 1176 1004 532 741
4 355 255 1055 1391
4 1402 645 697 648
4 2091 1634 1120 2094
4 2091 1840 1120 1451
4 2091 1450 645 1634
4 2091 646 1840 645
4 2091 646 645 1450
4 1840 1120 1451 1688
4 856 611 1938 1242
4 1938 856 217 611
4 611 1671 1242 856
4 892 1270 1343 198
4 2136 1270 892 198
4 607 377 633 1343
4 377 607 718 1237
4 892 985 2005 738
4 1241 985 892 738
4 1086 985 2005 793
4 1086 2005 1910 793
4 1910 1343 1565 611
4 1343 611 633 1565
4 66 2056 65 770
4 648 2046 649 2063
4 1169 1934 1213 1792
4 2046 648 649 1484
4 933 1527 613 976
4 1598 1824 173 1396
4 175 1526 1396 173
4 1166 738 1086 985
4 1919 1166 724 738
4 1166 724 738 985
4 1830 1689 1101 1026
4 1148 1830 1101 1026
4 2098 1689 1830 1026
4 690 491 498 1180
4 1429 108 1474 410
4 189 1704 376 1702
4 1702 100 801 1704
4 1116 189 376 1702
4 2096 869 2121 1624
4 2121 500 670 1624
4 1409 1010 830 1882
4 46 654 49 1269
4 1385 2135 161 838
4 1440 1295 2060 745
4 2060 745 577 1440
4 1071 1132 840 922
4 1071 1095 1132 922
4 850 848 1969 2028
4 1517 1138 1692 1104
4 927 955 2055 618
4 1011 2055 618 927
4 618 2131 1750 119
4 108 1864 1474 1342
4 707 1412 695 525
4 1094 1383 1950 1194
4 1298 1524 1505 1420
4 1298 1524 168 1505
4 71 2056 1772 770
4 1694 538 1832 1454
4 349 626 578 656
4 2130 1520 1319 1216
4 599 1073 1018 1127
4 599 1482 1059 1018
4 599 1073 1482 1018
4 869 1137 1191 786
4 553 803 1231 195
4 1881 803 195 905
4 342 1575 1317 258
4 1563 2030 111 1711
4 1359 1575 1511 1126
4 1388 215 2084 1981
4 1388 253 2084 215
4 662 604 1447 1109
4 387 1628 787 1550
4 1550 1170 787 574
4 387 1628 1976 787
4 574 1170 787 545
4 787 1170 1976 545
4 1315 1730 2106 2114
4 2114 1730 2106 267
4 1185 480 930 1133
4 1148 1631 2097 1026
4 2136 198 892 1241
4 2094 1829 1450 1615
4 986 1046 1007 625
4 649 666 2046 1484
4 1497 233 1554 591
4 1554 1627 177 591
4 777 2045 110 2082
4 86 1597 1560 1793
4 1597 1515 1560 1793
4 2006 2007 523 2116
4 132 2090 1815 2113
4 1774 2003 709 1050
4 1774 709 1367 2119
4 1834 1413 628 573
4 709 1834 204 628
4 1714 1927 886 1890
4 1714 886 1919 1890
4 1533 1513 1776 1103
4 1533 1513 1103 1855
4 1432 451 1926 447
4 1432 451 1158 668
4 711 668 449 1390
4 775 1314 666 2043
4 683 675 1390 711
4 2017 504 1935 1057
4 1057 504 1935 1751
4 869 683 1690 786
4 1511 809 627 497
4 920 1604 627 497
4 683 675 2096 1390
4 1624 1143 509 500
4 1267 39 2025 34
4 1175 1428 2043 2064
4 2096 675 661 449
4 2096 675 449 1390
4 869 509 1624 2004
4 1061 898 391 1699
4 765 1599 1318 1907
4 1907 572 1140 688
4 814 508 1683 2027
4 596 1721 2060 1197
4 1773 1940 1851 1236
4 1997 1529 1499 454
4 1812 2112 670 1495
4 1812 2112 1529 670
4 1634 648 1450 645
4 1634 1450 648 1484
4 2097 1162 660 205
4 2098 1902 1148 1830
4 2098 1148 1902 1162
4 2098 1464 2006 1162
4 2098 1148 1162 2097
4 2098 1162 2006 1891
4 1543 286 995 629
4 1372 1888 392 1504
4 1464 1090 1025 845
4 1384 262 1009 22
4 1997 454 723 1559
4 1997 1353 723 454
4 2119 899 1668 1367
4 1651 1518 1626 692
4 1518 1703 1626 692
4 2058 1518 1626 1651
4 1400 1523 392 1903
4 2079 1622 1092 1268
4 2048 1759 1676 1847
4 722 1759 841 1186
4 1143 1624 674 2112
4 1591 1391 1885 8
4 606 1280 1001 1154
4 606 822 1280 1154
4 584 715 1261 1656
4 584 1656 1261 1534
4 13 1541 1881 14
4 391 2030 1563 1711
4 1009 1384 22 19
4 1422 19 1129 1077
4 1422 1129 19 22
4 1808 863 1709 1426
4 1808 1783 1709 863
4 816 1237 496 377
4 858 816 496 377
4 818 608 137 836
4 2077 1271 611 1671
4 718 377 633 607
4 816 377 718 1237
4 1545 1785 1293 1788
4 1589 734 1859 948
4 403 2132 1483 947
4 1056 1689 482 1830
4 1730 266 2106 267
4 1904 884 22 1215
4 1730 522 267 1204
4 429 571 2086 16
4 571 1103 2108 988
4 16 571 2108 988
4 1098 1169 1269 48
4 1991 403 1101 482
4 1655 1101 1148 1830
4 1190 1633 972 1946
4 1390 1042 820 1949
4 1650 583 1636 1426
4 2063 1047 1111 1782
4 1384 1332 22 1904
4 62 68 2138 747
4 751 769 635 1055
4 1258 1672 373 808
4 918 1433 448 716
4 130 146 918 279
4 2105 2012 639 658
4 2105 2012 2088 639
4 748 2012 658 639
4 694 639 2139 1150
4 694 639 1243 2139
4 1306 1243 2139 694
4 1087 639 2139 1243
4 1087 639 1150 2139
4 397 821 1850 973
4 397 821 1524 1850
4 1524 397 1715 821
4 979 1176 952 725
4 1952 84 83 1625
4 2127 2034 1503 1544
4 1544 2034 1503 1717
4 1952 83 84 80
4 1540 80 78 2072
4 1625 2120 85 83
4 1980 344 85 1625
4 344 1625 2120 85
4 2059 1708 1027 2027
4 975 727 1497 172
4 1785 1846 359 1713
4 359 1846 1785 1052
4 1340 2077 870 217
4 662 1989 682 332
4 1989 1037 682 1442
4 2015 1259 846 2073
4 2073 846 458 1212
4 618 121 2062 927
4 1240 121 2062 618
4 1695 1432 1884 1809
4 1695 1809 823 1432
4 1320 1882 652 224
4 611 463 1242 1671
4 1221 473 1929 1589
4 888 834 1909 965
4 1623 1909 853 1006
4 2104 481 981 1289
4 1930 981 2104 481
4 981 1569 481 388
4 943 488 483 2031
4 1930 2032 2104 1290
4 1930 481 2104 2032
4 2104 1264 2032 488
4 1340 856 1917 855
4 1908 1281 1789 2066
4 473 1281 1908 2066
4 1789 2066 861 1243
4 1789 1909 1623 1243
4 1729 1366 862 901
4 929 1754 526 1621
4 1621 526 1603 1754
4 1620 2032 1571 524
4 858 64 856 1913
4 1938 858 64 856
4 1200 1633 972 1190
4 1190 1636 972 1200
4 1200 1633 1198 972
4 2042 1239 926 2044
4 1851 1843 581 808
4 193 96 1413 1279
4 96 2068 1413 1279
4 213 773 841 1759
4 213 1759 841 222
4 1052 1759 773 213
4 1403 1759 1052 521
4 1463 1299 1542 241
4 1814 1970 258 1463
4 1814 1427 1463 258
4 934 541 984 1964
4 1571 710 524 211
4 2077 1813 855 1340
4 900 1382 2129 932
4 1422 623 1575 1077
4 1017 1536 1562 81
4 1631 662 797 1109
4 1295 1197 2060 745
4 2106 1315 1605 962
4 526 551 497 809
4 1925 2099 1189 2118
4 128 125 1076 1630
4 128 125 1240 1076
4 125 128 1260 1630
4 2123 1634 2046 1615
4 267 1607 266 2106
4 441 1181 584 585
4 441 1048 1014 585
4 2109 715 584 1181
4 441 584 1048 585
4 1198 382 1204 1946
4 969 1510 565 1366
4 1931 1968 834 1642
4 1968 1642 1931 1421
4 1134 1183 1681 1823
4 1861 42 45 1807
4 2096 869 1690 2121
4 161 1945 166 162
4 162 1945 1385 161
4 562 1928 516 1326
4 1884 1926 668 1390
4 1884 1926 1390 1338
4 1776 1939 815 459
4 186 363 882 317
4 186 914 317 882
4 882 363 1901 317
4 966 2025 2018 186
4 1626 704 542 937
4 1939 1513 1469 1866
4 48 49 1555 1169
4 48 1269 49 1169
4 1955 800 1323 1609
4 753 1609 1323 800
4 2128 1972 1584 1339
4 1618 613 147 933
4 147 933 613 1737
4 1560 1480 91 92
4 1080 91 1480 92
4 1485 1444 1445 332
4 388 981 265 1930
4 452 388 265 1930
4 2025 1612 2141 34
4 1171 1436 644 1448
4 1467 1809 745 1588
4 1730 2106 1976 962
4 1730 962 1647 1315
4 957 346 370 1673
4 926 407 2044 370
4 1413 1834 1833 1355
4 1009 1457 19 1857
4 1490 1029 952 270
4 532 1490 270 1029
4 532 1099 741 1004
4 1046 1220 986 991
4 733 1426 1636 583
4 1971 2119 1368 1779
4 1777 1786 1370 1375
4 610 2110 67 620
4 2110 1779 67 620
4 2110 2119 1668 1777
4 2110 1777 1668 1378
4 2110 1777 1378 1786
4 1378 1777 1375 1786
4 1596 1753 1039 1346
4 1780 1038 1753 1375
4 1596 1039 1781 1043
4 1425 1376 1356 1092
4 1084 212 1054 1784
4 1203 1915 1172 814
4 814 2111 2027 612
4 1079 1918 590 1760
4 616 2029 958 1002
4 1760 1466 1918 590
4 1974 485 348 1378
4 624 1485 1081 485
4 1134 1183 630 338
4 1134 630 1183 1823
4 630 1301 510 697
4 2089 922 547 2027
4 835 1165 621 1877
4 1441 922 1748 1691
4 1629 1442 1108 332
4 332 1109 1108 1485
4 332 2124 1109 1485
4 644 1436 1171 2124
4 1840 645 697 2091
4 1297 426 1467 745
4 1441 508 1748 922
4 922 980 1748 1691
4 650 1811 1047 1887
4 1695 655 1467 1809
4 2096 1624 2121 615
4 1891 660 2097 1162
4 2112 660 1512 1161
4 1997 663 456 1161
4 1997 1353 454 1499
4 1997 454 1812 1529
4 1997 1161 1529 1812
4 1997 454 1559 1812
4 1384 1129 22 19
4 1422 19 1857 1009
4 281 1009 1189 1457
4 1129 1215 22 884
4 267 522 1730 266
4 1730 2037 2114 1315
4 1384 22 1215 1904
4 446 940 170 165
4 1949 449 1816 450
4 1281 1908 1789 1221
4 1733 1754 1604 866
4 1606 2139 936 1188
4 2115 551 1603 901
4 2115 1754 901 1603
4 2129 1382 900 1607
4 2115 1607 900 1604
4 2106 1382 545 640
4 2129 1382 1607 2106
4 640 1742 1015 1605
4 640 2129 1742 1605
4 2129 1743 1742 1605
4 1508 551 257 1317
4 1508 1511 267 1607
4 1508 1607 267 2114
4 1508 2114 2115 1607
4 2114 1743 2037 551
4 1650 1709 712 1822
4 1234 566 762 1783
4 522 1730 266 1756
4 1826 19 693 1422
4 1434 1723 1279 251
4 991 1220 986 1839
4 2119 1367 1777 709
4 620 1079 2118 617
4 620 1079 899 2118
4 1925 1368 2119 1779
4 610 899 620 1079
4 587 1044 272 1534
4 587 272 1044 506
4 587 1044 1201 1537
4 1629 1485 1108 624
4 1825 348 1423 1974
4 1268 1574 1082 1423
4 1799 647 646 1486
4 2094 2091 1450 646
4 2094 1634 1450 2091
4 1926 1338 447 820
4 449 450 1390 668
4 449 1949 1390 450
4 1931 1642 1259 1421
4 2136 1866 1513 851
4 1729 1742 2129 901
4 551 1743 901 2115
4 2129 1743 2114 2115
4 2129 1605 2106 1743
4 2106 1382 1607 266
4 2106 1605 1315 1743
4 551 2114 1743 2115
4 1508 551 2115 2114
4 2129 1743 2106 2114
4 1976 566 1478 1756
4 1279 1723 903 251
4 693 19 1857 1422
4 997 1833 1838 782
4 997 404 1838 204
4 1925 1189 1050 1368
4 1925 1189 1368 2118
4 1346 1375 1786 1596
4 2110 899 1668 2119
4 1485 332 1629 1108
4 1485 1081 1108 624
4 1631 336 647 1436
4 1631 1101 336 475
4 1799 336 1840 647
4 665 634 2094 1483
4 665 634 1483 947
4 1483 1799 634 2094
4 1483 634 1799 403
4 2114 267 2106 1607
4 204 1838 997 1833
4 1777 1367 2119 1668
4 1840 1688 1451 1114
4 1368 1779 1925 2118
4 610 1079 1519 1668
4 610 1053 1324 1660
4 620 624 67 610

CELL_TYPES 8040
10
10
10
10
10
10
10
10
10
10
10
10
10
10
10
10
10
10
10
10
10
10
10
10
10
10
10
10
10
10
10
10
10
10
10
10
10
10
10
10
10
10
10
10
10
10
10
10
10
10
10
10
10
10
10
10
10
10
10
10
10
10
10
10
10
10
10
10
10
10
10
10
10
10
10
10
10
10
10
10
10
10
10
10
10
10
10
10
10
10
10
10
10
10
10
10
10
10
10
10
10
10
10
10
10
10
10
10
10
10
10
10
10
10
10
10
10
10
10
10
10
10
10
10
10
10
10
10
10
10
10
10
10
10
10
10
10
10
10
10
10
10
10
10
10
10
10
10
10
10
10
10
10
10
10
10
10
10
10
10
10
10
10
10
10
10
10
10
10
10
10
10
10
10
10
10
10
10
10
10
10
10
10
10
10
10
10
10
10
10
10
10
10
10
10
10
10
10
10
10
10
10
10
10
10
10
10
10
10
10
10
10
10
10
10
10
10
10
10
10
10
10
10
10
10
10
10
10
10
10
10
10
10
10
10
10
10
10
10
10
10
10
10
10
10
10
10
10
10
10
10
10
10
10
10
10
10
10
10
10
10
10
10
10
10
10
10
10
10
10
10
10
10
10
10
10
10
10
10
10
10
10
10
10
10
10
10
10
10
10
10
10
10
10
10
10
10
10
10
10
10
10
10
10
10
10
10
10
10
10
10
10
10
10
10
10
10
10
10
10
10
10
10
10
10
10
10
10
10
10
10
10
10
10
10
10
10
10
10
10
10
10
10
10
10
10
10
10
10
10
10
10
10
10
10
10
10
10
10
10
10
10
10
10
10
10
10
10
10
10
10
10
10
10
10
10
10
10
10
10
10
10
10
10
10
10
10
10
10
10
10
10
10
10
10
10
10
10
10
10
10
10
10
10
10
10
10
10
10
10
10
10
10
10
10
10
10
10
10
10
10
10
10
10
10
10
10
10
10
10
10
10
10
10
10
10
10
10
10
10
10
10
10
10
10
10
10
10
10
10
10
10
10
10
10
10
10
10
10
10
10
10
10
10
10
10
10
10
10
10
10
10
10
10
10
10
10
10
10
10
10
10
10
10
10
10
10
10
10
10
10
10
10
10
10
10
10
10
10
10
10
10
10
10
10
10
10
10
10
10
10
10
10
10
10
10
10
10
10
10
10
10
10
10
10
10
10
10
10
10
10
10
10
10
10
10
10
10
10
10
10
10
10
10
10
10
10
10
10
10
10
10
10
10
10
10
10
10
10
10
10
10
10
10
10
10
10
10
10
10
10
10
10
10
10
10
10
10
10
10
10
10
10
10
10
10
10
10
10
10
10
10
10
10
10
10
10
10
10
10
10
10
10
10
10
10
10
10
10
10
10
10
10
10
10
10
10
10
10
10
10
10
10
10
10
10
10
10
10
10
10
10
10
10
10
10
10
10
10
10
10
10
10
10
10
10
10
10
10
10
10
10
10
10
10
10
10
10
10
10
10
10
10
10
10
10
10
10
10
10
10
10
10
10
10
10
10
10
10
10
10
10
10
10
10
10
10
10
10
10
10
10
10
10
10
10
10
10
10
10
10
10
10
10
10
10
10
10
10
10
10
10
10
10
10
10
10
10
10
10
10
10
10
10
10
10
10
10
10
10
10
10
10
10
10
10
10
10
10
10
10
10
10
10
10
10
10
10
10
10
10
10
10
10
10
10
10
10
10
10
10
10
10
10
10
10
10
10
10
10
10
10
10
10
10
10
10
10
10
10
10
10
10
10
10
10
10
10
10
10
10
10
10
10
10
10
10
10
10
10
10
10
10
10
10
10
10
10
10
10
10
10
10
10
10
10
10
10
10
10
10
10
10
10
10
10
10
10
10
10
10
10
10
10
10
10
10
10
10
10
10
10
10
10
10
10
10
10
10
10
10
10
10
10
10
10
10
10
10
10
10
10
10
10
10
10
10
10
10
10
10
10
10
10
10
10
10
10
10
10
10
10
10
10
10
10
10
10
10
10
10
10
10
10
10
10
10
10
10
10
10
10
10
10
10
10
10
10
10
10
10
10
10
10
10
10
10
10
10
10
10
10
10
10
10
10
10
10
10
10
10
10
10
10
10
10
10
10
10
10
10
10
10
10
10
10
10
10
10
10
10
10
10
10
10
10
10
10
10
10
10
10
10
10
10
10
10
10
10
10
10
10
10
10
10
10
10
10
10
10
10
10
10
10
10
10
10
10
10
10
10
10
10
10
10
10
10
10
10
10
10
10
10
10
10
10
10
10
10
10
10
10
10
10
10
10
10
10
10
10
10
10
10
10
10
10
10
10
10
10
10
10
10
10
10
10
10
10
10
10
10
10
10
10
10
10
10
10
10
10
10
10
10
10
10
10
10
10
10
10
10
10
10
10
10
10
10
10
10
10
10
10
10
10
10
10
10
10
10
10
10
10
10
10
10
10
10
10
10
10
10
10
10
10
10
10
10
10
10
10
10
10
10
10
10
10
10
10
10
10
10
10
10
10
10
10
10
10
10
10
10
10
10
10
10
10
10
10
10
10
10
10
10
10
10
10
10
10
10
10
10
10
10
10
10
10
10
10
10
10
10
10
10
10
10
10
10
10
10
10
10
10
10
10
10
10
10
10
10
10
10
10
10
10
10
10
10
10
10
10
10
10
10
10
10
10
10
10
10
10
10
10
10
10
10
10
10
10
10
10
10
10
10
10
10
10
10
10
10
10
10
10
10
10
10
10
10
10
10
10
10
10
10
10
10
10
10
10
10
10
10
10
10
10
10
10
10
10
10
10
10
10
10
10
10
10
10
10
10
10
10
10
10
10
10
10
10
10
10
10
10
10
10
10
10
10
10
10
10
10
10
10
10
10
10
10
10
10
10
10
10
10
10
10
10
10
10
10
10
10
10
10
10
10
10
10
10
10
10
10
10
10
10
10
10
10
10
10
10
10
10
10
10
10
10
10
10
10
10
10
10
10
10
10
10
10
10
10
10
10
10
10
10
10
10
10
10
10
10
10
10
10
10
10
10
10
10
10
10
10
10
10
10
10
10
10
10
10
10
10
10
10
10
10
10
10
10
10
10
10
10
10
10
10
10
10
10
10
10
10
10
10
10
10
10
10
10
10
10
10
10
10
10
10
10
10
10
10
10
10
10
10
10
10
10
10
10
10
10
10
10
10
10
10
10
10
10
10
10
10
10
10
10
10
10
10
10
10
10
10
10
10
10
10
10
10
10
10
10
10
10
10
10
10
10
10
10
10
10
10
10
10
10
10
10
10
10
10
10
10
10
10
10
10
10
10
10
10
10
10
10
10
10
10
10
10
10
10
10
10
10
10
10
10
10
10
10
10
10
10
10
10
10
10
10
10
10
10
10
10
10
10
10
10
10
10
10
10
10
10
10
10
10
10
10
10
10
10
10
10
10
10
10
10
10
10
10
10
10
10
10
10
10
10
10
10
10
10
10
10
10
10
10
10
10
10
10
10
10
10
10
10
10
10
10
10
10
10
10
10
10
10
10
10
10
10
10
10
10
10
10
10
10
10
10
10
10
10
10
10
10
10
10
10
10
10
10
10
10
10
10
10
10
10
10
10
10
10
10
10
10
10
10
10
10
10
10
10
10
10
10
10
10
10
10
10
10
10
10
10
10
10
10
10
10
10
10
10
10
10
10
10
10
10
10
10
10
10
10
10
10
10
10
10
10
10
10
10
10
10
10
10
10
10
10
10
10
10
10
10
10
10
10
10
10
10
10
10
10
10
10
10
10
10
10
10
10
10
10
10
10
10
10
10
10
10
10
10
10
10
10
10
10
10
10
10
10
10
10
10
10
10
10
10
10
10
10
10
10
10
10
10
10
10
10
10
10
10
10
10
10
10
10
10
10
10
10
10
10
10
10
10
10
10
10
10
10
10
10
10
10
10
10
10
10
10
10
10
10
10
10
10
10
10
10
10
10
10
10
10
10
10
10
10
10
10
10
10
10
10
10
10
10
10
10
10
10
10
10
10
10
10
10
10
10
10
10
10
10
10
10
10
10
10
10
10
10
10
10
10
10
10
10
10
10
10
10
10
10
10
10
10
10
10
10
10
10
10
10
10
10
10
10
10
10
10
10
10
10
10
10
10
10
10
10
10
10
10
10
10
10
10
10
10
10
10
10
10
10
10
10
10
10
10
10
10
10
10
10
10
10
10
10
10
10
10
10
10
10
10
10
10
10
10
10
10
10
10
10
10
10
10
10
10
10
10
10
10
10
10
10
10
10
10
10
10
10
10
10
10
10
10
10
10
10
10
10
10
10
10
10
10
10
10
10
10
10
10
10
10
10
10
10
10
10
10
10
10
10
10
10
10
10
10
10
10
10
10
10
10
10
10
10
10
10
10
10
10
10
10
10
10
10
10
10
10
10
10
10
10
10
10
10
10
10
10
10
10
10
10
10
10
10
10
10
10
10
10
10
10
10
10
10
10
10
10
10
10
10
10
10
10
10
10
10
10
10
10
10
10
10
10
10
10
10
10
10
10
10
10
10
10
10
10
10
10
10
10
10
10
10
10
10
10
10
10
10
10
10
10
10
10
10
10
10
10
10
10
10
10
10
10
10
10
10
10
10
10
10
10
10
10
10
10
10
10
10
10
10
10
10
10
10
10
10
10
10
10
10
10
10
10
10
10
10
10
10
10
10
10
10
10
10
10
10
10
10
10
10
10
10
10
10
10
10
10
10
10
10
10
10
10
10
10
10
10
10
10
10
10
10
10
10
10
10
10
10
10
10
10
10
10
10
10
10
10
10
10
10
10
10
10
10
10
10
10
10
10
10
10
10
10
10
10
10
10
10
10
10
10
10
10
10
10
10
10
10
10
10
10
10
10
10
10
10
10
10
10
10
10
10
10
10
10
10
10
10
10
10
10
10
10
10
10
10
10
10
10
10
10
10
10
10
10
10
10
10
10
10
10
10
10
10
10
10
10
10
10
10
10
10
10
10
10
10
10
10
10
10
10
10
10
10
10
10
10
10
10
10
10
10
10
10
10
10
10
10
10
10
10
10
10
10
10
10
10
10
10
10
10
10
10
10
10
10
10
10
10
10
10
10
10
10
10
10
10
10
10
10
10
10
10
10
10
10
10
10
10
10
10
10
10
10
10
10
10
10
10
10
10
10
10
10
10
10
10
10
10
10
10
10
10
10
10
10
10
10
10
10
10
10
10
10
10
10
10
10
10
10
10
10
10
10
10
10
10
10
10
10
10
10
10
10
10
10
10
10
10
10
10
10
10
10
10
10
10
10
10
10
10
10
10
10
10
10
10
10
10
10
10
10
10
10
10
10
10
10
10
10
10
10
10
10
10
10
10
10
10
10
10
10
10
10
10
10
10
10
10
10
10
10
10
10
10
10
10
10
10
10
10
10
10
10
10
10
10
10
10
10
10
10
10
10
10
10
10
10
10
10
10
10
10
10
10
10
10
10
10
10
10
10
10
10
10
10
10
10
10
10
10
10
10
10
10
10
10
10
10
10
10
10
10
10
10
10
10
10
10
10
10
10
10
10
10
10
10
10
10
10
10
10
10
10
10
10
10
10
10
10
10
10
10
10
10
10
10
10
10
10
10
10
10
10
10
10
10
10
10
10
10
10
10
10
10
10
10
10
10
10
10
10
10
10
10
10
10
10
10
10
10
10
10
10
10
10
10
10
10
10
10
10
10
10
10
10
10
10
10
10
10
10
10
10
10
10
10
10
10
10
10
10
10
10
10
10
10
10
10
10
10
10
10
10
10
10
10
10
10
10
10
10
10
10
10
10
10
10
10
10
10
10
10
10
10
10
10
10
10
10
10
10
10
10
10
10
10
10
10
10
10
10
10
10
10
10
10
10
10
10
10
10
10
10
10
10
10
10
10
10
10
10
10
10
10
10
10
10
10
10
10
10
10
10
10
10
10
10
10
10
10
10
10
10
10
10
10
10
10
10
10
10
10
10
10
10
10
10
10
10
10
10
10
10
10
10
10
10
10
10
10
10
10
10
10
10
10
10
10
10
10
10
10
10
10
10
10
10
10
10
10
10
10
10
10
10
10
10
10
10
10
10
10
10
10
10
10
10
10
10
10
10
10
10
10
10
10
10
10
10
10
10
10
10
10
10
10
10
10
10
10
10
10
10
10
10
10
10
10
10
10
10
10
10
10
10
10
10
10
10
10
10
10
10
10
10
10
10
10
10
10
10
10
10
10
10
10
10
10
10
10
10
10
10
10
10
10
10
10
10
10
10
10
10
10
10
10
10
10
10
10
10
10
10
10
10
10
10
10
10
10
10
10
10
10
10
10
10
10
10
10
10
10
10
10
10
10
10
10
10
10
10
10
10
10
10
10
10
10
10
10
10
10
10
10
10
10
10
10
10
10
10
10
10
10
10
10
10
10
10
10
10
10
10
10
10
10
10
10
10
10
10
10
10
10
10
10
10
10
10
10
10
10
10
10
10
10
10
10
10
10
10
10
10
10
10
10
10
10
10
10
10
10
10
10
10
10
10
10
10
10
10
10
10
10
10
10
10
10
10
10
10
10
10
10
10
10
10
10
10
10
10
10
10
10
10
10
10
10
10
10
10
10
10
10
10
10
10
10
10
10
10
10
10
10
10
10
10
10
10
10
10
10
10
10
10
10
10
10
10
10
10
10
10
10
10
10
10
10
10
10
10
10
10
10
10
10
10
10
10
10
10
10
10
10
10
10
10
10
10
10
10
10
10
10
10
10
10
10
10
10
10
10
10
10
10
10
10
10
10
10
10
10
10
10
10
10
10
10
10
10
10
10
10
10
10
10
10
10
10
10
10
10
10
10
10
10
10
10
10
10
10
10
10
10
10
10
10
10
10
10
10
10
10
10
10
10
10
10
10
10
10
10
10
10
10
10
10
10
10
10
10
10
10
10
10
10
10
10
10
10
10
10
10
10
10
10
10
10
10
10
10
10
10
10
10
10
10
10
10
10
10
10
10
10
10
10
10
10
10
10
10
10
10
10
10
10
10
10
10
10
10
10
10
10
10
10
10
10
10
10
10
10
10
10
10
10
10
10
10
10
10
10
10
10
10
10
10
10
10
10
10
10
10
10
10
10
10
10
10
10
10
10
10
10
10
10
10
10
10
10
10
10
10
10
10
10
10
10
10
10
10
10
10
10
10
10
10
10
10
10
10
10
10
10
10
10
10
10
10
10
10
10
10
10
10
10
10
10
10
10
10
10
10
10
10
10
10
10
10
10
10
10
10
10
10
10
10
10
10
10
10
10
10
10
10
10
10
10
10
10
10
10
10
10
10
10
10
10
10
10
10
10
10
10
10
10
10
10
10
10
10
10
10
10
10
10
10
10
10
10
10
10
10
10
10
10
10
10
10
10
10
10
10
10
10
10
10
10
10
10
10
10
10
10
10
10
10
10
10
10
10
10
10
10
10
10
10
10
10
10
10
10
10
10
10
10
10
10
10
10
10
10
10
10
10
10
10
10
10
10
10
10
10
10
10
10
10
10
10
10
10
10
10
10
10
10
10
10
10
10
10
10
10
10
10
10
10
10
10
10
10
10
10
10
10
10
10
10
10
10
10
10
10
10
10
10
10
10
10
10
10
10
10
10
10
10
10
10
10
10
10
10
10
10
10
10
10
10
10
10
10
10
10
10
10
10
10
10
10
10
10
10
10
10
10
10
10
10
10
10
10
10
10
10
10
10
10
10
10
10
10
10
10
10
10
10
10
10
10
10
10
10
10
10
10
10
10
10
10
10
10
10
10
10
10
10
10
10
10
10
10
10
10
10
10
10
10
10
10
10
10
10
10
10
10
10
10
10
10
10
10
10
10
10
10
10
10
10
10
10
10
10
10
10
10
10
10
10
10
10
10
10
10
10
10
10
10
10
10
10
10
10
10
10
10
10
10
10
10
10
10
10
10
10
10
10
10
10
10
10
10
10
10
10
10
10
10
10
10
10
10
10
10
10
10
10
10
10
10
10
10
10
10
10
10
10
10
10
10
10
10
10
10
10
10
10
10
10
10
10
10
10
10
10
10
10
10
10
10
10
10
10
10
10
10
10
10
10
10
10
10
10
10
10
10
10
10
10
10
10
10
10
10
10
10
10
10
10
10
10
10
10
10
10
10
10
10
10
10
10
10
10
10
10
10
10
10
10
10
10
10
10
10
10
10
10
10
10
10
10
10
10
10
10
10
10
10
10
10
10
10
10
10
10
10
10
10
10
10
10
10
10
10
10
10
10
10
10
10
10
10
10
10
10
10
10
10
10
10
10
10
10
10
10
10
10
10
10
10
10
10
10
10
10
10
10
10
10
10
10
10
10
10
10
10
10
10
10
10
10
10
10
10
10
10
10
10
10
10
10
10
10
10
10
10
10
10
10
10
10
10
10
10
10
10
10
10
10
10
10
10
10
10
10
10
10
10
10
10
10
10
10
10
10
10
10
10
10
10
10
10
10
10
10
10
10
10
10
10
10
10
10
10
10
10
10
10
10
10
10
10
10
10
10
10
10
10
10
10
10
10
10
10
10
10
10
10
10
10
10
10
10
10
10
10
10
10
10
10
10
10
10
10
10
10
10
10
10
10
10
10
10
10
10
10
10
10
10
10
10
10
10
10
10
10
10
10
10
10
10
10
10
10
10
10
10
10
10
10
10
10
10
10
10
10
10
10
10
10
10
10
10
10
10
10
10
10
10
10
10
10
10
10
10
10
10
10
10
10
10
10
10
10
10
10
10
10
10
10
10
10
10
10
10
10
10
10
10
10
10
10
10
10
10
10
10
10
10
10
10
10
10
10
10
10
10
10
10
10
10
10
10
10
10
10
10
10
10
10
10
10
10
10
10
10
10
10
10
10
10
10
10
10
10
10
10
10
10
10
10
10
10
10
10
10
10
10
10
10
10
10
10
10
10
10
10
10
10
10
10
10
10
10
10
10
10
10
10
10
10
10
10
10
10
10
10
10
10
10
10
10
10
10
10
10
10
10
10
10
10
10
10
10
10
10
10
10
10
10
10
10
10
10
10
10
10
10
10
10
10
10
10
10
10
10
10
10
10
10
10
10
10
10
10
10
10
10
10
10
10
10
10
10
10
10
10
10
10
10
10
10
10
10
10
10
10
10
10
10
10
10
10
10
10
10
10
10
10
10
10
10
10
10
10
10
10
10
10
10
10
10
10
10
10
10
10
10
10
10
10
10
10
10
10
10
10
10
10
10
10
10
10
10
10
10
10
10
10
10
10
10
10
10
10
10
10
10
10
10
10
10
10
10
10
10
10
10
10
10
10
10
10
10
10
10
10
10
10
10
10
10
10
10
10
10
10
10
10
10
10
10
10
10
10
10
10
10
10
10
10
10
10
10
10
10
10
10
10
10
10
10
10
10
10
10
10
10
10
10
10
10
10
10
10
10
10
10
10
10
10
10
10
10
10
10
10
10
10
10
10
10
10
10
10
10
10
10
10
10
10
10
10
10
10
10
10
10
10
10
10
10
10
10
10
10
10
10
10
10
10
10
10
10
10
10
10
10
10
10
10
10
10
10
10
10
10
10
10
10
10
10
10
10
10
10
10
10
10
10
10
10
10
10
10
10
10
10
10
10
10
10
10
10
10
10
10
10
10
10
10
10
10
10
10
10
10
10
10
10
10
10
10
10
10
10
10
10
10
10
10
10
10
10
10
10
10
10
10
10
10
10
10
10
10
10
10
10
10
10
10
10
10
10
10
10
10
10
10
10
10
10
10
10
10
10
10
10
10
10
10
10
10
10
10
10
10
10
10
10
10
10
10
10
10
10
10
10
10
10
10
10
10
10
10
10
10
10
10
10
10
10
10
10
10
10
10
10
10
10
10
10
10
10
10
10
10
10
10
10
10
10
10
10
10
10
10
10
10
10
10
10
10
10
10
10
10
10
10
10
10
10
10
10
10
10
10
10
10
10
10
10
10
10
10
10
10
10
10
10
10
10
10
10
10
10
10
10
10
10
10
10
10
10
10
10
10
10
10
10
10
10
10
10
10
10
10
10
10
10
10
10
10
10
10
10
10
10
10
10
10
10
10
10
10
10
10
10
10
10
10
10
10
10
10
10
10
10
10
10
10
10
10
10
10
10
10
10
10
10
10
10
10
10
10
10
10
10
10
10
10
10
10
10
10
10
10
10
10
10
10
10
10
10
10
10
10
10
10
10
10
10
10
10
10
10
10
10
10
10
10
10
10
10
10
10
10
10
10
10
10
10
10
10
10
10
10
10
10
10
10
10
10
10
10
10
10
10
10
10
10
10
10
10
10
10
10
10
10
10
10
10
10
10
10
10
10
10
10
10
10
10
10
10
10
10
10
10
10
10
10
10
10
10
10
10
10
10
10
10
10
10
10
10
10
10
10
10
10
10
10
10
10
10
10
10
10
10
10
10
10
10
10
10
10
10
10
10
10
10
10
10
10
10
10
10
10
10
10
10
10
10
10
10
10
10
10
10
10
10
10
10
10
10
10
10
10
10
10
10
10
10
10
10
10
10
10
10
10
10
10
10
10
10
10
10
10
10
10
10
10
10
10
10
10
10
10
10
10
10
10
10
10
10
10
10
10
10
10
10
10
10
10
10
10
10
10
10
10
10
10
10
10
10
10
10
10
10
10
10
10
10
10
10
10
10
10
10
10
10
10
10
10
10
10
10
10
10
10
10
10
10
10
10
10
10
10
10
10
10
10
10
10
10
10
10
10
10
10
10
10
10
10
10
10
10
10
10
10
10
10
10
10
10
10
10
10
10
10
10
10
10
10
10
10
10
10
10
10
10
10
10
10
10
10
10
10
10
10
10
10
10
10
10
10
10
10
10
10
10
10
10
10
10
10
10
10
10
10
10
10
10
10
10
10
10
10
10
10
10
10
10
10
10
10
10
10
10
10
10
10
10
10
10
10
10
10
10
10
10
10
10
10
10
10
10
10
10
10
10
10
10
10
10
10
10
10
10
10
10
10
10
10
10
10
10
10
10
10
10
10
10
10
10
10
10
10
10
10
10
10
10
10
10
10
10
10
10
10
10
10
10
10
10
10
10
10
10
10
10
10
10
10
10
10
10
10
10
10
10
10
10
10
10
10
10
10
10
10
10
10
10
10
10
10
10
10
10
10
10
10
10
10
10
10
10
10
10
10
10
10
10
10
10
10
10
10
10
10
10
10
10
10
10
10
10
10
10
10
10
10
10
10
10
10
10
10
10
10
10
10
10
10
10
10
10
10
10
10
10
10
10
10
10
10
10
10
10
10
10
10
10
10
10
10
10
10
10
10
10
10
10
10
10
10
10
10
10
10
10
10
10
10
10
10
10
10
10
10
10
10
10
10
10
10
10
10
10
10
10
10
10
10
10
10
10
10
10
10
10
10
10
10
10
10
10
10
10
10
10
10
10
10
10
10
10
10
10
10
10
10
10
10
10
10
10
10
10
10
10
10
10
10
10
10
10
10
10
10
10
10
10
10
10
10
10
10
10
10
10
10
10
10
10
10
10
10
10
10
10
10
10
10
10
10
10
10
10
10
10
10
10
10
10
10
10
10
10
10
10
10
10
10
10
10
10
10
10
10
10
10
10
10
10
10
10
10
10
10
10
10
10
10
10
10
10
10
10
10
10
10
10
10
10
10
10
10
10
10
10
10
10
10
10
10
10
10
10
10
10
10
10
10
10
10
10
10
10
10
10
10
10
10
10
10
10
10
10
10
10
10
10
10
10
10
10
10
10
10
10
10
10
10
10
10
10
10
10
10
10
10
10
10
10
10
10
10
10
10
10
10
10
10
10
10
10
10
10
10
10
10
10
10
10
10
10
10
10
10
10
10
10
10
10
10
10
10
10
10
10
10
10
10
10
10
10
10
10
10
10
10
10
10
10
10
10
10
10
10
10
10
10
10
10
10
10
10
10
10
10
10
10
10
10
10
10
10
10
10
10
10
10
10
10
10
10
10
10
10
10
10
10
10
10
10
10
10
10
10
10
10
10
10
10
10
10
10
10
10
10
10
10
10
10
10
10
10
10
10
10
10
10
10
10
10
10
10
10
10
10
10
10
10
10
10
10
10
10
10
10
10
10
10
10
10
10
10
10
10
10
10
10
10
10
10
10
10
10
10
10
10
10
10
10
10
10
10
10
10
10
10
10
10
10
10
10
10
10
10
10
10
10
10
10
10
10
10
10
10
10
10
10
10
10
10
10
10
10
10
10
10
10
10
10
10
10
10
10
10
10
10
10
10
10
10
10
10
10
10
10
10
10
10
10
10
10
10
10
10
10
10
10
10
10
10
10
10
10
10
10
10
10
10
10
10
10
10
10
10
10
10
10
10
10
10
10
10
10
10
10
10
10
10
10
10
10
10
10
10
10
10
10
10
10
10
10
10
10
10
10
10
10
10
10
10
10
10
10
10
10
10
10
10
10
10
10
10
10
10
10
10
10
10
10
10
10
10
10
10
10
10
10
10
10
10
10
10
10
10
10
10
10
10
10
10
10
10
10
10
10
10
10
10
10
10
10
10
10
10
10
10
10
10
10
10
10
10
10
10
10
10
10
10
10
10
10
10
10
10
10
10
10
10
10
10
10
10
10
10
10
10
10
10
10
10
10
10
10
10
10
10
10
10
10
10
10
10
10
10
10
10
10
10
10
10
10
10
10
10
10
10
10
10
10
10
10
10
10
10
10
10
10
10
10
10
10
10
10
10
10
10
10
10
10
10
10
10
10
10
10
10
10
10
10
10
10
10
10
10
10
10
10
10
10
10
10
10
10
10
10
10
10
10
10
10
10
10
10
10
10
10
10
10
10
10
10
10
10
10
10
10
10
10
10
10
10
10
10
10
10
10
10
10
10
10
10
10
10
10
10
10
10
10
10
10
10
10
10
10
10
10
10
10
10
10
10
10
10
10
10
10
10
10
10
10
10
10
10
10
10
10
10
10
10
10
10
10
10
10
10
10
10
10
10
10
10
10
10
10
10
10
10
10
10
10
10
10
10
10
10
10
10
10
10
10
10
10
10
10
10
10
10
10
10
10
10
10
10
10
10
10
10
10
10
10
10
10
10
10
10
10
10
10
10
10
10
10
10
10
10
10
10
10
10
10
10
10
10
10
10
10
10
10
10
10
10
10
10
10
10
10
10
10
10
10
10
10
10
10
10
10
10
10
10
10
10
10
10
10
10
10
10
10
10
10
10
10
10
10
10
10
10
10
10
10
10
10
10
10
10
10
10
10
10
10
10
10
10
10
10
10
10
10
10
10
10
10
10
10
10
10
10
10
10
10
10
10
10
10
10
10
10
10
10
10
10
10
10
10
10
10
10
10
10
10
10
10
10
10
10
10
10
10
10
10
10
10
10
10
10
10
10
10
10
10
10
10
10
10
10
10
10
10
10
10
10
10
10
10
10
10
10
10
10
10
10
10
10
10
10
10
10
10
10
10
10
10
10
10
10
10
10
10
10
10
10
10
10
10
10
10
10
10
10
10
10
10
10
10
10
10
10
10
10
10
10
10
10
10
10
10
10
10
10
10
10
10
10
10
10
10
10
10
10
10
10
10
10
10
10
10
10
10
10
10
10
10
10
10
10
10
10
10
10
10
10
10
10
10
10
10
10
10
10
10
10
10
10
10
10
10
10
10
10
10
10
10
10
10
10
10
10
10
10
10
10
10
10
10
10
10
10
10
10
10
10
10
10
10
10
10
10
10
10
10
10
10
10
10
10
10
10
10
10
10
10
10
10
10
10
10
10
10
10
10
10
10
10
10
10
10
10
10
10
10
10
10
10
10
10
10
10
10
10
10
10
10
10
10
10
10
10
10
10
10
10
10
10
10
10
10
10
10
10
10
10
10
10
10
10
10
10
10
10
10
10
10
10
10
10
10
10
10
10
10
10
10
10
10
10
10
10
10
10
10
10
10
10
10
10
10
10
10
10
10
10
10
10
10
10
10
10
10
10
10
10
10
10
10
10
10
10
10
10
10
10
10
10
10
10
10
10
10
10
10
10
10
10
10
10
10
10
10
10
10
10
10
10
10
10
10
10
10
10
10
10
10
10
10
10
10
10
10
10
10
10
10
10
10
10
10
10
10
10
10
10
10
10
10
10
10
10
10
10
10
10
10
10
10
10
10
10
10
10
10
10
10
10
10
10
10
10
10
10
10
10
10
10
10
10
10
10
10
10
10
10
10
10
10
10
10
10
10
10
10
10
10
10
10
10
10
10
10
10
10
10
10
10
10
10
10
10
10
10
10
10
10
10
10
10
10
10
10
10
10
10
10
10
10
10
10
10
10
10
10
10
10
10
10
10
10
10
10
10
10
10
10
10
10
10
10
10
10
10
10
10
10
10
10
10
10
10
10
10
10
10
10
10
10
10
10
10
10
10
10
10
10
10
10
10
10
10
10
10
10
10
10
10
10
10
10
10
10
10
10
10
10
10
10
10
10
10
10
10
10
10
10
10
10
10
10
10
10
10
10
10
10
10
10
10
10
10
10
10
10
10
10
10
10
10
10
10
10
10
10
10
10
10
10
10
10
10
10
10
10
10
10
10
10
10
10
10
10
10
10
10
10
10
10
10
10
10
10
10
10
10
10
10
10
10
10
10
10
10
10
10
10
10
10
10
10
10
10
10
10
10
10
10
10
10
10
10
10
10
10
10
10
10
10
10
10
10
10
10
10
10
10
10
10
10
10
10
10
10
10
10
10
10
10
10
10
10
10
10
10
10
10
10
10
10
10
10
10
10
10
10
10
10
10
10
10
10
10
10
10
10
10
10
10
10
10
10
10
10
10
10
10
10
10
10
10
10
10
10
10
10
10
10
10
10
10
10
10
10
10
10
10
10
10
10
10
10
10
10
10
10
10
10
10
10
10
10
10
10
10
10
10
10
10
10
10
10
10
10
10
10
10
10
10
10
10
10
10
10
10
10
10
10
10
10
10
10
10
10
10
10
10
10
10
10
10
10
10
10
10
10
10
10
10
10
10
10
10
10
10
10
10
10
10
10
10
10
10
10
10
10
10
10
10
10
10
10
10
10
10
10
10
10
10
10
10
10
10
10
10
10
10
10
10
10
10
10
10
10
10
10
10
10
10
10
10
10
10
10
10
10
10
10
10
10
10
10
10
10
10
10
10
10
10
10
10
10
10
10
10
10
10
10
10
10
10
10
10
10
10
10
10
10
10
10
10
10
10
10
10
10
10
10
10
10
10
10
10
10
10
10
10
10
10
10
10
10
10
10
10
10
10
10
10
10
10
10
10
10
10
10
10
10
10
10
10
10
10
10
10
10
10
10
10
10
10
10
10
10
10
10
10
10
10
10
10
10
10
10
10
10
10
10
10
10
10
10
10
10
10
10
10
10
10
10
10
10
10
10
10
10
10
10
10
10
10
10
10
10
10
10
10
10
10
10
10
10
10
10
10
10
10
10
10
10
10
10
10
10
10
10
10
10
10
10
10
10
10
10
10
10
10
10
10
10
10
10
10
10
10
10
10
10
10
10
10
10
10
10
10
10
10
10
10
10
10
10
10
10
10
10
10
10
10
10
10
10
10
10
10
10
10
10
10
10
10
10
10
10
10
10
10
10
10
10
10
10
10
10
10
10
10
10
10
10
10
10
10
10
10
10
10
10
10
10
10
10
10
10
10
10
10
10
10
10
10
10
10
10
10
10
10
10
10
10
10
10
10
10
10
10
10
10
10
10
10
10
10
10
10
10
10
10
10
10
10
10
10
10
10
10
10
10
10
10
10
10
10
10
10
10
10
10
10
10
10
10
10
10
10
10
10
10
10
10
10
10
10
10
10
10
10
10
10
10
10
10
10
10
10
10
10
10
10
10
10
10
10
10
10
10
10
10
10
10
10
10
10
10
10
10
10
10
10
10
10
10
10
10
10
10
10
10
10
10
10
10
10
10
10
10
10
10
10
10
10
10
10
10
10
10
10
10
10
10
10
10
10
10
10
10
10
10
10
10
10
10
10
10
10
10
10
10
10
10
10
10
10
10
10
10
10
10
10
10
10
10
10
10
10
10
10
10
10
10
10
10
10
10
10
10
10
10
10
10
10
10
10
10
10
10
10
10
10
10
10
10
10
10
10
10
10
10
10
10
10
10
10
10
10
10
10
10
10
10
10
10
10
10
10
10
10
10
10
10
10
10
10
10
10
10
10
10
10
10
10
10
10
10
10
10
10
10
10
10
10
10
10
10
10
10
10
10
10
10
10
10
10
10
10
10
10
10
10
10
10
10
10
10
10
10
10
10
10
10
10
10
10
10
10
10
10
10
10
10
10
10
10
10
10
10
10
10
10
10
10
10
10
10
10
10
10
10
10
10
10
10
10
10
10
10
10
10
10
10
10
10
10
10
10
10
10
10
10
10
10
10
10
10
10
10
10
10
10
10
10
10
10
10
10
10
10
10
10
10
10
10
10
10
10
10
10
10
10
10
10
10
10
10
10
10
10
10
10
10
10
10
10
10
10
10
10
10
10
10
10
10
10
10
10
10
10
10
10
10
10
10
10
10
10
10
10
10
10
10
10
10
10
10
10
10
10
10
10
10
10
10
10
10
10
10
10
10
10
10
10
10
10
10
10
10
10
10
10
10
10
10
10
10
10
10
10
10
10
10
10
10
10
10
10
10
10
10
10
10
10
10
10
10
10
10
10
10
10
10
10
10
10
10
10
10
10
10
10
10
10
10
10
10
10
10
10
10
10
10
10
10
10
10
10
10
10
10
10
10
10
10
10
10
10
10
10
10
10
10
10
10
10
10
10
10
10
10
10
10
10
10
10
10
10
10
10
10
10
10
10
10
10
10
10
10
10
10
10
10
10
10
10
10
10
10
10
10
10
10
10
10
10
10
10
10
10
10
10
10
10
10
10
10
10
10
10
10
10
10
10
10
10
10
10
10
10
10
10
10
10
10
10
10
10
10
10
10
10
10
10
10
10
10
10
10
10
10
10
10
10
10
10
10
10
10
10
10
10
10
10
10
10
10
10
10
10
10
10
10
10
10
10
10
10
10
10
10
10
10
10
10
10
10
10
10
10
10
10
10
10
10
10
10
10
10
10
10
10
10
10
10
10
10
10
10
10
10
10
10
10
10
10
10
10
10
10
10
10
10
10
10
10
10
10
10
10
10
10
10
10
10
10
10
10
10
10
10
10
10
10
10
10
10
10
10
10
10
10
10
10
10
10
10
10
10
10
10
10
10
10
10
10
10
10
10
10
10
10
10
10
10
10
10
10
10
10
10
10
10
10
10
10
10
10
10
10
10
10
10
10
10
10
10
10
10
10
10
10
10
10
10
10
10
10
10
10
10
10
10
10
10
10
10
10
10
10
10
10
10
10
10
10
10
10
10
10
10
10
10
10
10
10
10
10
10
10
10
10
10
10
10
10
10
10
10
10
10
10
10
10
10
10
10
10
10
10
10
10
10
10
10
10
10
10
10
10
10
10
10
10
10
10
10
10
10
10
10
10
10
10
10
10
10
10
10
10
10
10
10
10
10
10
10
10
10
10
10
10
10
10
10
10
10
10
10
10
10
10
10
10
10
10
10
10
10
10
10
10
10
10
10
10
10
10
10
10
10
10
10
10
10
10
10
10
10
10
10
10
10
10
10
10
10
10
10
10
10
10
10
10
10
10
10
10
10
10
10
10
10
10
10
10
10
10
10
10
10
10
10
10
10
10
10
10
10
10
10
10
10
10
10
10
10
10
10
10
10
10
10
10
10
10
10
10
10
10
10
10
10
10
10
10
10
10
10
10
10
10
10
10
10
10
10
10
10
10
10
10
10
10
10
10
10
10
10
10
10
10
10
10
10
10
10
10
10
10
10
10
10
10
10
10
10
10
10
10
10
10
10
10
10
10
10
10
10
10
10
10
10
10
10
10
10
10
10
10
10
10
10
10
10
10
10
10
10
10
10
10
10
10
10
10
10
10
10
10
10
10
10
10
10
10
10
10
10
10
10
10
10
10
10
10
10
10
10
10
10
10
10
10
10
10
10
10
10
10
10
10
10
10
10
10
10
10
10
10
10
10
10
10
10
10
10
10
10
10
10
10
10
10
10
10
10
10
10
10
10
10
10
10
