# vtk DataFile Version 2.0
finray_, Created by Gmsh 4.10.5 
ASCII
DATASET UNSTRUCTURED_GRID
POINTS 1396 double
-0.01997604964999999 -0.0130000021 -0.05894285625000008
-0.019998841 -0.0130000021 -0.05467040310643358
-0.019998841 -0.0130000021 -0.04818749080890785
-0.019998841 -0.0130000021 -0.04102673429809937
-0.019998841 -0.01294666683670958 -0.03523988211999889
-0.019998841 -0.0130000021 -0.0280187428
-0.019998841 -0.0130000021 0.02376515232374999
-0.01998052374999981 -0.0130000021 0.06080972029999965
-0.01997604965 0.0130000003 -0.05894285625
-0.019998841 0.0130000003 -0.05429732994128848
-0.019998841 0.0130000003 -0.04767490741181226
-0.019998841 0.0130000003 -0.04208541490482517
-0.019998841 0.01297309693096139 -0.03420384380459893
-0.019998841 0.0130000003 -0.0280187428
-0.019998841 0.0130000003 -0.01768433481842861
-0.01998052375 0.0130000003 0.0608097203
-0.01979739202830889 -0.01280804549482671 0.06127981641603539
-0.003491344434136131 -0.001606782554855008 -0.03649801329529234
-0.01984086312869755 0.0130000003 -0.05962281161109211
-0.01946797717539519 -0.01297310904209185 0.06156237781178815
-0.01980643862112907 0.0130000003 0.0612666400827451
-0.01970451205784255 -0.0130000021 -0.05995164961217806
-0.0195969194 0.0130000003 -0.0601823851
-0.01914899794999998 -0.0130000021 0.06166109442499988
-0.01926881627492397 0.01299470401329209 0.06164174525893949
-0.0192381234384234 -0.0130000021 -0.06063142915104783
-0.0191120915 0.0130000003 -0.0607956331
-0.0186840519 -0.0130000021 0.0616318509
-0.01864693870000022 0.0130000003 0.06160788982500008
-0.0184988379 -0.0130000021 -0.0612804592
-0.0184988379 -0.0130000021 -0.0516823828
-0.0184988379 -0.0130000021 -0.0486823842
-0.0184988379 -0.0130000021 -0.0466823839
-0.01849330151656012 -0.0130000021 -0.04472714581850566
-0.0184988379 -0.0130000021 -0.0427490771
-0.0184988379 -0.0130000021 -0.040782623
-0.0184988379 -0.0130000021 -0.0387600325
-0.0184988379 -0.0130000021 -0.0367198028
-0.0184988379 -0.0130000021 -0.0346683674
-0.0184988379 -0.0130000021 -0.032515578
-0.01850443355816616 -0.0130000021 -0.03042498170595531
-0.0184988379 -0.0130000021 -0.0281123891
-0.0184988379 -0.0130000021 -0.0259638727
-0.0184988379 -0.0130000021 -0.0234423354
-0.0184988379 -0.0130000021 -0.021222502
-0.0184988379 -0.0130000021 -0.0184225962
-0.0184988379 -0.0130000021 -0.0161131918
-0.0184988379 -0.0130000021 -0.0129488334
-0.0184988379 -0.0130000021 -0.0105282217
-0.0184988379 -0.0130000021 -0.00688561052
-0.0184988379 -0.0130000021 -0.00432751328
-0.0184988379 -0.0130000021 -5.16176224e-05
-0.0184988379 -0.0130000021 0.00131253898
-0.0184988379 -0.0130000021 0.00772824138
-0.0184988379 -0.0130000021 0.00918544829
-0.0184988379 -0.0130000021 0.0163665414
-0.0184988379 -0.0130000021 0.0179378837
-0.0184988379 -0.0130000021 0.0261693597
-0.0184988379 -0.0130000021 0.0278824344
-0.0184988379 -0.0130000021 0.0375842378
-0.0184988379 -0.0130000021 0.0394763574
-0.004472486106953469 -0.001779395763648299 0.01296292661488681
-0.0184988379 -0.0130000021 0.0580969974
-0.01822613775636244 0.0130000003 -0.06140762223308423
-0.0184988379 0.0130000003 -0.0516823828
-0.0184988379 0.0130000003 -0.0486823842
-0.0184988379 0.0130000003 -0.0466823839
-0.0184988379 0.0130000003 -0.044754684
-0.0184988379 0.0130000003 -0.0427490771
-0.0184988379 0.0130000003 -0.040782623
-0.0184988379 0.0130000003 -0.0387600325
-0.0184988379 0.0130000003 -0.0367198028
-0.0184988379 0.0130000003 -0.0346683674
-0.0184988379 0.0130000003 -0.032515578
-0.0184988379 0.0130000003 -0.0304225981
-0.0184988379 0.0130000003 -0.0281123891
-0.0184988379 0.0130000003 -0.0259638727
-0.0184988379 0.0130000003 -0.0234423354
-0.0184988379 0.0130000003 -0.021222502
-0.0184988379 0.0130000003 -0.0184225962
-0.0184988379 0.0130000003 -0.0161131918
-0.0184988379 0.0130000003 -0.0129488334
-0.0184988379 0.0130000003 -0.0105282217
-0.0184988379 0.0130000003 -0.00688561052
-0.0184988379 0.0130000003 -0.00432751328
-0.0184988379 0.0130000003 -5.16176224e-05
-0.0184988379 0.0130000003 0.00131253898
-0.01259123227514512 0.006097485861784224 -0.03069332553777623
-0.0184988379 0.0130000003 0.00772824138
-0.0184988379 0.0130000003 0.00918544829
-0.0184988379 0.0130000003 0.0163665414
-0.0184988379 0.0130000003 0.0179378837
-0.0184988379 0.0130000003 0.0261693597
-0.0184988379 0.0130000003 0.0278824344
-0.0184988379 0.0130000003 0.0375842378
-0.0184988379 0.0130000003 0.0394763574
-0.0184988379 0.0130000003 0.04848345379715163
-0.0184988379 0.0130000003 0.0580969974
-0.01823642292499996 -0.0130000021 0.06131399422500048
-0.01823642292499996 0.0130000003 0.06131399422500048
-0.004475869214999999 -0.0130000021 -0.0281900652
-0.01254005909132276 -0.005458648462581745 -0.0285845596804689
-0.01121818322520523 -0.0130000021 -0.01421909982046509
-0.01149567718844904 0.0130000003 -0.01437931095919422
0.003729029976513933 -0.002047513957135582 -0.0374323097958635
-0.0178855881 -0.0130000021 -0.0566823855
-0.01790070464756679 0.0130000003 -0.05670511139542126
-0.01719520544127342 -0.0130000021 -0.06166520386330086
-0.01725931095 0.0130000003 -0.061659595
-0.0054407157075 -0.0130000021 -0.038814424525
-0.007442950421706509 0.0130000003 -0.03911621308246514
-0.01647590259070579 -0.0130000021 -0.05912403764741038
-0.0164422169 0.0130000003 -0.0591823831
-0.0164422169 0.0130000003 -0.0541823842
-0.01157641968496185 -0.01297575184194042 0.007735610618266228
-0.0135554671 -0.0130000021 -0.0591823831
-0.0135554671 -0.0130000021 -0.0541823842
-0.0135554671 0.0130000003 -0.0591823831
-0.0135554671 0.0130000003 -0.0541823842
-0.0133770853 -0.0130000021 0.0477032885
-0.0133770853 0.0130000003 0.0477032885
-0.004033432412282021 -0.0130000021 -0.03341816591308033
-0.003582175040669986 0.0130000003 -0.03331516952844164
-0.0128727853 -0.0130000021 0.0466212109
-0.0128727853 0.0130000003 0.0466212109
-0.01377089440350366 -0.0130000021 0.05394013155645792
-0.01392206955868117 0.0130000003 0.05419114010525935
0.002668941323048281 0.0001426347812807684 -0.02389319700911852
-0.00549432725970531 -0.0130000021 -0.01495986042252706
-0.01086277517 0.0130000003 -0.01754517105
-0.0121120811 -0.0130000021 -0.0566823855
-0.0121120811 0.0130000003 -0.0566823855
-0.00197303520048616 -0.0130000021 -0.02532505983878432
-0.002631412184467071 0.0130000003 -0.02552814262614662
-0.00985875726 -0.0130000021 0.039900057
-0.00985875726 0.0130000003 0.039900057
-0.009397074579999999 -0.0130000021 0.0388291553
-0.009397074579999999 0.0130000003 0.0388291553
-0.008196821961856214 -0.0130000021 0.04390465889130875
-0.007797294806669268 0.0130000003 0.04315575175456784
-0.0066767931 -0.0130000021 0.0322670415
-0.0066767931 0.0130000003 0.0322670415
-0.00625476241 -0.0130000021 0.0312072337
-0.00625476241 0.0130000003 0.0312072337
-0.007500758380909746 0.0130000003 0.004443161591227446
-0.00587372007704224 -0.01297200844914779 0.03937572688743706
0.001247204634822106 0.0130000003 -0.02642473326793586
-0.00379355252 -0.0130000021 0.0247721449
-0.00379355252 0.0130000003 0.0247721449
-0.00340858102 -0.0130000021 0.0237229839
-0.00340858102 0.0130000003 0.0237229839
-0.0028502908690147 -0.0130000021 0.03302965903007409
-0.00332662463 0.0130000003 0.0341045782
-0.00117796659 -0.0130000021 0.0173839629
-0.00117796659 0.0130000003 0.0173839629
-0.000827729702 -0.0130000021 0.0163447633
-0.000827729702 0.0130000003 0.0163447633
0.0005947688532156983 -0.0130000021 0.0252553607537876
0.000756555149465712 0.0130000003 0.02489026550857399
0.000868842006 -0.0130000021 0.0111176968
0.000868842006 0.0130000003 0.0111176968
0.00150510669 -0.0130000021 0.00906700641
0.00150510669 0.0130000003 0.00906700641
0.00297504663 -0.0130000021 0.00411241502
0.00297504663 0.0130000003 0.00411241502
0.000440946710284473 -0.0130000021 -0.03590531484718615
0.005029623403547378 0.0130000003 -0.03521368552555596
0.00354972482 -0.0130000021 0.00208362192
0.00354972482 0.0130000003 0.00208362192
0.004291198072374056 -0.0130000021 0.01599184188229031
0.004279405720840867 0.0130000003 0.01602325695774526
0.00482854247 -0.0130000021 -0.00264512002
0.00482854247 0.0130000003 -0.00264512002
0.00534668565 -0.0130000021 -0.00465536863
0.00534668565 0.0130000003 -0.00465536863
0.008727892265233838 -0.0130000021 -0.0616823845
-0.001453141067405262 -0.001365740709850106 -0.02142244963230925
-0.001204543365773669 -3.523771360260455e-05 -0.006128324383383949
0.007485783703507769 0.0130000003 -0.0616823845
-0.004331448411610714 0.004835724162653125 -0.03864723012024096
0.009447984392500001 0.0130000003 -0.0516823828
-0.01998622909395203 -0.0130034633422741 0.05184226468814632
-0.009364033036140296 0.0002266812006082933 -0.02452724524585109
0.00646290183 -0.0130000021 -0.00920156389
0.00646290183 0.0130000003 -0.00920156389
0.007766350806913328 -0.0130000021 0.006084691881824007
0.007762352095928162 0.0130000003 0.006096818138542725
0.00692869723 -0.0130000021 -0.0111970827
0.00692869723 0.0130000003 -0.0111970827
0.00790502131 -0.0130000021 -0.0156011134
0.00790502131 0.0130000003 -0.0156011134
0.008321955799999999 -0.0130000021 -0.0175860003
0.008321955799999999 0.0130000003 -0.0175860003
0.009176298980000001 -0.0130000021 -0.0218859389
0.009176298980000001 0.0130000003 -0.0218859389
0.009547099470000001 -0.0130000021 -0.0238645524
0.009547099470000001 0.0130000003 -0.0238645524
0.0102933198 -0.0130000021 -0.0280967504
0.0102933198 0.0130000003 -0.0280967504
0.0106200576 -0.0130000021 -0.0300736055
0.0106200576 0.0130000003 -0.0300736055
0.01111485744682798 -0.0130000021 -0.005031719704752267
0.010973841 0.0130000003 -0.00451315194
0.0112684071 -0.0130000021 -0.0342733376
0.0112684071 0.0130000003 -0.0342733376
0.0115525424 -0.0130000021 -0.0362531021
0.0115525424 0.0130000003 -0.0362531021
0.01168138515321657 -0.0130000021 -0.01758827151959399
-0.01103169965048064 -0.001117233770506431 0.00162733017165547
-0.01223226260992177 0.0003901833683187961 0.01437042507800181
-0.0155070120200018 -0.003501534448449835 0.03033074060828397
0.01258972969705032 0.0130000003 -0.01722900088372715
0.0121101737 -0.0130000021 -0.0404552482
0.0121101737 0.0130000003 -0.0404552482
0.0121144056 -0.0130000021 -0.0566823855
0.0121144056 0.0130000003 -0.0566823855
0.012211293 -0.0130000021 -0.0209407881
0.012211293 0.0130000003 -0.0209407881
0.0123524815 -0.0130000021 -0.042442698
0.0123524815 0.0130000003 -0.042442698
0.0128235668 -0.0130000021 -0.0466823839
0.0128235668 0.0130000003 -0.0466823839
0.0129639804 -0.0130000021 -0.0237276852
0.0129639804 0.0130000003 -0.0237276852
0.0130242109 -0.0130000021 -0.0486823842
0.0130242109 0.0130000003 -0.0486823842
0.0132993162 -0.0130000021 -0.0516823828
0.0132993162 0.0130000003 -0.0516823828
0.01360511779999998 -0.0130000021 -0.01473377644999992
0.0136051178 0.0130000003 -0.01473377645
0.0135577768 -0.0130000021 -0.0591823831
0.0135577768 -0.0130000021 -0.0541823842
0.0135577768 0.0130000003 -0.0591823831
0.0135577768 0.0130000003 -0.0541823842
0.0140585005 -0.0130000021 -0.015608795
0.0140585005 0.0130000003 -0.015608795
0.0142484605 -0.0130000021 -0.0188954845
0.0142484605 0.0130000003 -0.0188954845
0.01477172224999987 -0.0130000021 -0.01628887649999991
0.01472599280046217 0.0129889924396053 -0.01625785522762639
0.01579724920948718 -0.0130000021 -0.01673537062186752
0.0156639733961208 0.01298481417912279 -0.01669921480424191
-0.0009118603778317915 0.004362918500791573 -0.03065425532881392
0.0157538652 -0.0130000021 -0.0244692788
0.0157538652 0.0130000003 -0.0244692788
0.01642195135 -0.0130000021 -0.02862596515
0.01642195135 0.0130000003 -0.02862596515
0.0164986923 -0.0130000021 -0.0276434608
0.01650320656108896 0.01295418087713035 -0.02762528874372858
0.0164445341 -0.0130000021 -0.0591823831
0.01647092806741779 -0.0130000021 -0.05422810006119233
0.0164445341 0.0130000003 -0.0591823831
0.0164445341 0.0130000003 -0.0541823842
0.0167246759 -0.0130000021 -0.0169888213
0.0167246759 0.0130000003 -0.0169888213
0.01690819766437917 -0.0130000021 -0.026712235531798
0.01694960658710097 0.0130000003 -0.02664828817269807
0.0168267488 -0.0130000021 -0.0616823845
0.01391980702866133 0.0130000003 -0.0616823845
0.0170383453 -0.0130000021 -0.019637078
0.01708752378827761 0.0130000003 -0.01961446433898335
0.01770486759502661 -0.0130000021 -0.06154490009475667
0.01743572122661715 0.0130000003 -0.06161216131076754
0.01755536345 -0.0130000021 -0.0260116719
0.01765363992108568 0.0130000003 -0.02593460845528848
0.01731396421461998 -0.0130000021 -0.03460666509841462
0.01744793816740185 0.0130000003 -0.03520350750237736
0.01749323279929259 -0.01297418586253962 -0.01734770556408525
0.01741959119073567 0.0130000003 -0.01731328134165453
0.0177910328 -0.0130000021 -0.0224239677
0.0177910328 0.0130000003 -0.0224239677
0.0178879052 -0.0130000021 -0.0566823855
0.0178879052 0.0130000003 -0.0566823855
0.01819360859686237 -0.0130000021 -0.01786316818142596
0.0181897432 0.0130000003 -0.0178310275
0.01855556643118905 -0.0130000021 -0.06112553432333759
0.01844380795 0.0130000003 -0.06119739265
0.0183043629 -0.0130000021 -0.0416823849
0.0184415161393966 0.0130000003 -0.04299607888206399
0.0184167624 -0.0130000021 -0.0253339186
0.0184167624 0.0130000003 -0.0253339186
0.01871149932743088 -0.0130000021 -0.018367287976981
0.0187947154 0.0130000003 -0.0184252486
0.01899060640865472 -0.0130000021 -0.02469487501651025
0.01916505395000001 -0.0130000021 -0.0605458375
0.01915315321888784 0.0130000003 -0.06056077085233767
0.0191809982 -0.0130000021 -0.0500790551
0.01893273833868464 0.0130000003 -0.04770114928287995
0.01920745359499371 -0.01294483809766133 -0.01899783808128582
0.0192905813 0.0130000003 -0.0191131607
0.019438073 -0.0130000021 -0.0239875689
0.01915444923826507 0.0130000003 -0.02443589023916332
0.01950253360782592 -0.0130000021 -0.05991934278193969
0.0195561796 0.0130000003 -0.0599274598
0.0196630657 -0.0130000021 -0.0198749825
0.01965533683841422 0.0130000003 -0.01985917508566203
0.01977331785452864 -0.01298595387044142 -0.05919145537909248
0.01976594857353702 0.0130000003 -0.05923125901334293
0.01978210166313845 -0.0130000021 -0.02312446052875683
0.0196774473037505 0.0130000003 -0.0234121901631207
0.0197432570260985 -0.0130000021 -0.05747446999464621
0.01975922295748387 0.0130000003 -0.05768447058742235
0.0199014395 -0.0130000021 -0.0206887871
0.01990627617512813 0.0130000003 -0.02073060754123454
0.01995370770199954 -0.0130000021 -0.02235674369389273
0.01994244376776981 0.01297485298746762 -0.02242216792092211
0.0199952512222834 -0.0130000021 -0.02159720416055039
0.0199988633 0.0130000003 -0.0215311646
0.005233126290555767 0.005793833736311267 -0.04297622018374883
-0.01447962764299429 0.005813460764118405 0.005041829268528667
-0.001237921780987732 0.003530543918151142 -0.01291008472734924
0.01742978968686108 -0.004437936657810701 -0.03508910996616427
0.003980455784383221 0.0004230747498850454 -0.03158905117040803
0.0001728902960502487 -0.0130000021 -0.0304066681144237
0.002615632737278126 -0.002065723524441317 -0.02600262816593821
-0.0184988379 -8.999999998732244e-10 -0.032515578
-0.0184988379 -8.999999998732244e-10 -0.0129488334
0.000868842006 -8.999999998732244e-10 0.0111176968
-0.0184988379 -8.999999998732244e-10 -0.0161131918
-0.000827729702 -8.999999998732244e-10 0.0163447633
-0.01032213865375 -0.0130000021 -0.0279004191875
-0.00379355252 -8.999999998732244e-10 0.0247721449
-0.00340858102 -8.999999998732244e-10 0.0237229839
-0.01352650342002427 0.001270079259403322 -0.05913221694179526
-0.007153879169067989 -0.008334752003161403 0.01183913160516776
-0.0184988379 -8.999999998732244e-10 -0.0234423354
-0.0066767931 -8.999999998732244e-10 0.0322670415
-0.0121595377096893 -0.001776427105470562 0.02562156569455072
-0.008321158453382183 0.003284438194499488 -0.02728320022960174
-0.01847232798992026 -0.0002845558242861746 -0.03671375205830756
-0.0184988379 -8.999999998732244e-10 -0.0259638727
-0.01553570938429002 -0.005141435206027263 0.01995806438455876
-0.0184988379 -8.999999998732244e-10 -0.0387600325
0.012211293 -0.0001140436443347031 -0.0209407881
-0.0184988379 -8.999999998732244e-10 0.0261693597
0.0121101737 -8.999999998732244e-10 -0.0404552482
0.0115525424 -8.999999998732244e-10 -0.0362531021
0.0112684071 -8.999999998732244e-10 -0.0342733376
-0.0184988379 -8.999999998732244e-10 -0.0281123891
-0.0184988379 -8.999999998732244e-10 0.0179378837
-0.0184988379 -8.999999998732244e-10 0.00131253898
-0.0184988379 -8.999999998732244e-10 0.0163665414
-0.005059074180923703 0.005530815619473449 0.01378283023211362
0.0102933198 -8.999999998732244e-10 -0.0280967504
-0.010113827555089 0.001242845809156051 -0.01358150007810301
0.009547099470000001 -8.999999998732244e-10 -0.0238645524
-0.0184988379 -8.999999998732244e-10 -5.16176224e-05
0.00790502131 -8.999999998732244e-10 -0.0156011134
0.00692869723 -8.999999998732244e-10 -0.0111970827
-0.0184988379 -8.999999998732244e-10 -0.00432751328
-0.0184988379 -8.999999998732244e-10 -0.0304225981
0.00482854247 -8.999999998732244e-10 -0.00264512002
0.00354972482 -8.999999998732244e-10 0.00208362192
-0.0184988379 -8.999999998732244e-10 -0.00688561052
-0.0184988379 -8.999999998732244e-10 -0.040782623
-0.01232088002074285 -0.0130000021 0.02385466673892797
-0.00117796659 -0.004443025014400125 0.0173839629
0.002097553940502642 0.005968227867596208 -0.03565562109399981
0.006581744441256071 -0.004544768191541527 -0.04086954714642405
-0.01090638451278679 0.0130000003 -0.02808063819978099
-0.002867220235265007 -0.007605354092334019 -0.02197743468518615
-0.005948669899363612 0.0130000003 -0.03686839609154044
-0.009969159934999999 0.0130000003 0.009226933139999999
0.005134437398792968 -0.0130000021 -0.0516823828
0.007960028960635579 0.001600254442520882 0.005495986271629505
-0.0157750860076381 0.008585054047875244 0.002475654058632733
0.007077595635684004 -0.01299659699872618 -0.0486823842
-0.0184988379 -0.00636864226347049 0.048982184234907
-0.0004777075561782067 -0.006549615512046783 -0.03055516279970013
-0.01530355883398968 -0.000994075454025042 0.01257224726052002
-0.006071866633323295 -0.002775833494274562 -0.002055661852194399
-0.01293387027934747 -0.006465847842654708 -0.002447695973660853
-0.004129119693198423 -0.002440891495580662 0.00713195409675918
-0.01030905130083793 0.0130000003 -0.0516823828
0.0106200576 0.002101740840861943 -0.0300736055
-0.008481762887206493 -0.0130000021 -0.02418097657149264
-0.01607989570491232 0.00743851852042028 0.04336183807977143
-0.0184988379 0.005565027079362163 0.03255739400272222
-0.009055609520478528 0.0130000003 0.01773748162614767
-0.0148451057891422 -0.004146680230755441 0.04534524734479833
-0.019998841 -0.0003237869035573188 0.02678901760710807
-0.0004694134428173753 -0.005661342676872705 -0.01888784826159811
-0.019998841 -0.003481162222115712 -0.02948016857399254
-0.003341860682054078 0.003118440735236058 -0.002614981451983771
1.556636623072441e-05 -0.0007835043671831892 -0.01452627032728453
-0.007193993091456682 0.01296393596577525 -0.02902850005411364
-0.01025571449330462 -0.01296489478611036 -0.01947265901743758
-0.019998841 0.00482210321081155 -0.03633030894491003
0.0130242109 0.003528659797429555 -0.0486823842
-0.01309581552887721 -0.006380546363348555 0.01491231915986228
0.00646290183 0.005005947764014479 -0.00920156389
-0.01368709580119255 0.007301980138171633 0.05380099384210928
-0.003632189320518247 -0.004002339763710786 0.03473822298866127
-0.008352237097933042 0.009059748159747322 -0.05837489326052451
-0.00532675223783428 0.007120569262190298 0.01217028419402815
-0.01377516473875832 0.000487480686726733 -0.01894770584220838
-0.001184658556937183 0.0130000003 -0.006116843881566188
-0.01444696359823935 -0.006407362523638709 0.03351824941262446
0.0004741666718017564 0.0130000003 -0.03033790567487087
0.00646290183 -0.002988104771971042 -0.00920156389
0.001784813200343789 -0.0130000021 -0.06167456595205931
-0.008586779682687154 0.0130000003 -0.02422219585168045
-0.0184988379 -0.00315150427740558 -0.0184225962
0.003272842178520448 0.002836236590735902 -0.01741911506259609
0.01840893729495213 -0.003119716480216569 -0.02097075731432297
-0.0136867702082313 -0.006992703338025342 0.02377045145508374
-0.01089133692874999 0.0130000003 -0.03498343846249999
-0.01078383045726594 -0.0130000021 -0.03495889773763014
-0.01394795624 0.0130000003 0.0324992575
-0.008496879410215451 -0.0130000021 -0.03725247747490246
-0.01256447946602598 0.001999689854010432 -0.002153116566291133
-0.01281688460157292 0.0130000003 -0.002354402988597955
-0.01076463965120703 -0.0130000021 -0.0516823828
-0.01328982806757646 0.006353825777096238 0.03512772722700715
-0.01307813026330784 0.0130000003 0.02293682546514737
-0.009397074579999999 0.00529627277694459 0.0388291553
0.0142484605 -8.999999998732244e-10 -0.0188954845
-0.01248237916724027 -0.007939248749057316 -0.02360258772793956
-0.019998841 -0.008313068870137464 0.02795114409580686
0.005834601000515449 -0.004372673494944397 0.01175580512592178
-0.005457243754561154 0.001505864998687437 -0.02849278457877652
0.004768220538626509 -0.0130000021 -0.04301105974396623
-0.0184988379 -0.0130000021 0.04790930867604901
-0.0114579409642853 0.006025423276887203 -0.03769878638830381
-0.006116707472219004 -0.005470747998624355 0.002988811127340068
-0.01383820756763768 -0.005354934722407294 -0.03805755441184847
-0.019998841 0.007258796946686682 0.04481413344473068
0.0001006926898270443 -0.0130000021 -0.0466823839
0.01981522523212968 0.000482160202565543 -0.05842107095157061
-0.0139105410518565 -0.001063645776562177 -0.02123272955818199
0.003068443019938593 0.007368895687670489 0.01912363514069396
0.0106200576 -0.005449130629569029 -0.0300736055
-0.009555906363387458 -0.005831328250471188 0.02720601190989906
0.01577876477078503 -8.999999998732244e-10 -0.02444427969412778
-0.001237112893809259 0.0130000003 -0.01512952742409517
0.007380637342987567 -0.00647593870590849 -0.05562759317470575
-0.01288142843482416 0.008729689678642443 -0.03338623059653081
-0.006435793590181437 -0.0009202971777295601 -0.04184507742906739
-0.01201805974131198 0.006963054567872501 -0.01810152952241871
-0.01317209399812937 -0.00667536542114975 -0.02602179870677695
-0.01148435604345481 0.007175403759698339 -0.0486823842
0.01843434493813266 -0.001762319677763698 -0.0429273910115766
-0.01015340038742653 -0.0130000021 -0.0486823842
-0.0009128064621448211 -0.004070365859079928 -0.0516823828
-0.001950949485011197 0.00596524930066854 -0.02531824728493041
-0.003617130903233442 0.006003336776224402 -0.01627568095319281
-0.01412957261104675 0.001493672606799135 0.03395971347524716
-0.01411011681734275 -0.0130000021 0.03398677484143808
-0.019998841 0.007674319508236616 0.02749859709886249
-0.01388433110262665 0.006930479919683064 0.02353099362195998
0.002535615127500001 -0.0130000021 -0.0260273088
-0.01018813083611186 0.006672124793409877 -0.01131500196883729
-0.007138276455397508 -0.004870666227841491 -0.00955416740162488
-0.01553586869368211 -0.006751453635935121 0.04234357350433079
-0.01380425916801956 0.005174036336606404 -0.02412138716118617
-0.009548699196488326 0.0130000003 0.01867204395843818
0.01297124003354038 -0.003994466411720613 -0.02372961492045723
-0.004995000239967748 -0.004044235759338542 -0.02625721436189436
0.002954657540290336 0.004621746607170453 -0.04114136081211475
-0.003266546887499999 0.0130000003 -0.0138870216775
-0.008822612304139646 -0.0129665911011936 0.01798444431954995
-0.002776445197069082 -0.006504621839358776 -0.04157084733770407
-0.002100149782982001 0.0130000003 -0.0486823842
0.01043139148548778 0.002772184208666924 -0.0616823845
-0.019998841 0.008816840078946063 0.03284286994812982
-0.01043956091436274 0.008199021459144078 0.02770629970880286
-0.01035093679140286 -0.006890437007054463 -0.007393688562569754
-0.019998841 -0.005078848263914976 -0.01241989849656421
0.01239436913087532 -0.0130000021 -0.009856888078856374
-0.009643544246764226 -0.005422837378120721 0.02867112843635508
-0.001371457650203737 -0.0130000021 -0.006224692407918007
-0.019998841 0.006566792230263525 -0.04699087586482874
0.01642677416835166 -0.0003813279978647087 -0.02867675569953126
-0.019998841 -0.002470231604102961 0.03219544375147575
0.0007220345857923121 -0.007544059193000725 -0.01196622001701502
-0.019998841 0.004069140145516929 -0.0183469719428963
-0.008568506270430615 0.006645968089144631 0.01825378105876353
-0.005612543335005574 -0.006169265210213966 -0.01723662148063278
-0.019998841 -0.004772279972335525 0.004605137341685436
-0.01711114017067907 0.0130000003 0.0594862164384235
0.003668110821249989 -0.0130000021 -0.0316603398125
0.005059269990494742 0.0130000003 -0.03134281926392549
0.001952151301114643 -0.0130000021 -0.01137382736130888
-0.002405941216985912 -0.0130000021 -0.001976882374033739
-0.008206228264031144 -0.004953646708478614 -0.02192432293555747
0.01920531870021818 0.0049186125966973 -0.05039894370149484
-0.0184988379 0.009194516718451761 0.05404997728057664
-0.01250767275393809 0.0130000003 0.0004502810162432284
-0.01153547135211291 -0.00674901896138049 0.007773605063510578
-0.019998841 -0.0130000021 0.01182724165529787
0.004339020766620624 -0.0130000021 -0.04103761719077738
0.005273862776771609 0.0130000003 -0.04096756050791643
0.01516205453223322 0.009258093172982191 -0.01651310295134921
-0.01556208557068173 -0.0003218970099852295 0.04230146205798357
0.00942608562559182 -0.005526686331455601 0.0006326591103892028
-0.008858052544164255 0.007510244088875281 0.008893719289479849
-0.019998841 -0.00891964553997104 0.01599012307073948
-0.01724079166501001 -0.0130000021 0.05970148748215905
-0.002457887889907993 0.008227114054819936 -0.04355258168170157
-0.005036529301513246 -0.01297585111271134 -0.001349781286593489
-0.0184988379 0.006071331197772239 -0.0105282217
-0.019998841 -0.008076625696972579 -0.01877365713384069
-0.01847392043304642 -0.00607911358630979 0.05804643172097035
-0.019998841 -0.00290150688620865 0.01629617656072947
-0.01545654686320961 -0.0130000021 -0.001928758370222833
-0.01055043151279396 -0.004222063107908729 0.00732342249997492
0.002905289533616312 -0.002109984072810404 -0.0486823842
-0.004149547291295332 0.009175769932619813 -0.02808941420313706
-0.019998841 -0.002518250439770013 -0.005329727121289632
-0.00705488254357879 0.0130000003 0.0105668150412804
-0.006000701300961563 -0.0130000021 0.01154495141116125
-0.008020088830350108 0.008967255205364887 0.03550746331458793
-0.019998841 0.0130000003 -0.02268977109478491
-0.008577838936523202 -0.0078421255556915 -0.02421868686816995
-0.00985875726 -0.006164133029364442 0.039900057
-0.019998841 0.01300698712433003 0.02444438581004855
-0.0184988379 0.006207255913878509 0.0375842378
-0.019998841 0.0130000003 0.03079539412477063
-0.01976484171369902 0.01182077300550618 0.0613974115263661
-0.01886947161702404 -0.001708112268976813 0.06041067247126194
-0.01970816229595321 0.01064049819394568 -0.05994382157364814
-0.01023733561266973 0.005220279776791617 -0.004895628603894182
-0.0136699429087389 -0.007428908115790759 -0.0486823842
-0.01337805153450243 -0.0130000021 -0.01875646661789842
-0.006333807679255272 0.008684512646260127 0.02207963091906431
-0.019998841 0.006119441971426538 -0.04176624825665493
-0.01262349756578513 0.00412546322560242 -0.0466823839
-0.01895598095815175 -0.009540591625293712 0.06167824721794638
-0.007492576885100964 -0.0130000021 -0.0321562606356147
-0.0194878975210914 0.004657206719149013 0.06155267050654317
-0.01298669722 0.0130000003 -0.00919071957
-0.005112503530181533 0.0130000003 -0.003822185288359439
0.01664903011325007 0.01122865340243261 -0.01696812830047774
-0.0184988379 -0.006336530780911633 -0.0516823828
-0.01888480648787149 -0.005756732575455282 0.06038470721976991
-0.0129873510484357 -0.0130000021 -0.0466823839
-0.019998841 0.01152223398211131 0.0586543791287072
-0.01493217728049227 0.001547746489938941 -0.0293224298510062
-0.007012633366048846 -0.0130000021 -0.0214558716720281
0.007913911794390074 0.005161279505178988 -0.0516823828
-0.01317318964900041 0.0002615463633523669 0.006254026760132508
-0.0127296833518455 -0.00737615618110755 -0.01278236826422129
-0.019998841 0.0009813090237888074 0.06051686600913743
-0.019998841 -0.0130000021 -0.01394742901066697
-0.019998841 -0.00859636765673512 -0.009151150916050847
0.0106200576 0.007550870570430971 -0.0300736055
-0.01068396301249008 0.006549713697204017 0.02583872683884784
-0.002674906236952143 -0.009053085830771471 0.03263387708355726
-0.0149748934754965 0.009480630749438812 -0.02933560604198003
-0.009571367401440146 0.0130000003 0.02718727202965527
-0.019998841 -0.002783505207941594 -0.0004262388036766597
-0.019998841 -0.003363080794865149 0.05373786868181429
-0.0156858116 -0.0130000021 0.04210272435
-0.01496628999523715 -0.0130000021 0.01147252450424111
-0.0184988379 -0.0130000021 0.0327333361
-0.01554743557732065 -0.0130000021 0.01994385140271623
-0.008000216699488284 -0.006832822741545111 0.01885613298930428
-0.019998841 -0.0002701993426993451 0.04553218280789231
-0.009757277441979288 0.008006723839561062 0.04675811218996936
-0.019998841 -0.01032881158566825 0.008531213940994832
-0.01226404131647459 0.0008498275414616369 0.0239235593001887
-0.009926788919231384 -0.0130000021 0.0283278157796655
-0.003609972945962654 -0.0130000021 -0.02226894196071402
-0.0184988379 -0.006498834892955327 -0.021222502
-0.0133715473267278 0.0064999997 0.04771218399498038
-0.0133715473267278 -0.0065000015 0.04771218399498038
-0.007732966023843678 -0.003311385040796252 0.04303446589135178
0.0115525424 0.0064999997 -0.0362531021
-0.01846610189052841 -0.008540578607721989 -0.02809954144944492
0.0112684071 0.0064999997 -0.0342733376
0.0112684071 -0.0065000015 -0.0342733376
0.0102933198 0.0064999997 -0.0280967504
0.0102933198 -0.0065000015 -0.0280967504
-0.01883170369122308 0.008242823533637283 0.06005509292698049
0.009547099470000001 -0.0065000015 -0.0238645524
-0.0184988379 -0.0065000015 -0.032515578
-0.0184988379 -0.0065000015 -0.0304225981
-0.0184988379 -0.0065000015 0.0394763574
-0.0164422169 -0.0065000015 -0.0591823831
0.00790502131 0.0064999997 -0.0156011134
0.00692869723 -0.0065000015 -0.0111970827
-0.0184988379 -0.0065000015 0.0261693597
-0.0184988379 0.0064999997 0.0394763574
0.00534668565 0.0064999997 -0.00465536863
-0.0184988379 -0.0065000015 0.0179378837
0.00534668565 -0.0065000015 -0.00465536863
-0.01707988748024785 0.0002337983687974322 0.05943432502503571
-0.0184988379 -0.0065000015 -0.0346683674
-0.0184988379 -0.0065000015 0.0163665414
-0.0184988379 0.0064999997 0.0179378837
-0.0184988379 -0.0065000015 -0.0367198028
-0.0184988379 0.0064999997 0.0163665414
-0.0184988379 -0.0065000015 0.00131253898
0.00297504663 0.0064999997 0.00411241502
-0.0184988379 -0.0065000015 -5.16176224e-05
0.00297504663 -0.0065000015 0.00411241502
0.00150510669 0.0064999997 0.00906700641
-0.0184988379 0.0064999997 0.00131253898
0.00150510669 -0.0065000015 0.00906700641
-0.0184988379 -0.0065000015 -0.0387600325
-0.0184988379 0.0064999997 -5.16176224e-05
-0.0184988379 -0.0065000015 -0.00432751328
0.000868842006 0.0064999997 0.0111176968
-0.0184988379 0.0064999997 -0.00432751328
0.001047596895462108 0.004249427921248362 0.02418428071854125
0.0007246077894742181 -0.005817761082242136 0.02496235955794884
-0.000827729702 0.0064999997 0.0163447633
-0.01846225849412705 0.006896328600267991 -0.006856439410932348
-0.000827729702 -0.0065000015 0.0163447633
-0.0184988379 -0.0065000015 -0.00688561052
-0.0184988379 -0.0065000015 -0.040782623
-0.0184988379 0.0064999997 -0.0129488334
-0.00340858102 0.0064999997 0.0237229839
-0.00340858102 -0.0065000015 0.0237229839
-0.0184988379 0.0064999997 -0.0161131918
-0.00379355252 0.0064999997 0.0247721449
-0.00379355252 -0.0065000015 0.0247721449
-0.0184988379 0.0064999997 -0.0234423354
-0.0184988379 -0.0065000015 -0.0161131918
-0.0184988379 -0.0065000015 -0.0129488334
-0.0184988379 0.0064999997 -0.0259638727
-0.0184988379 0.007548586803782417 -0.0281123891
-0.0184988379 0.0064999997 -0.0304225981
-0.00625476241 -0.0065000015 0.0312072337
-0.0066767931 0.0064999997 0.0322670415
-0.01065129936383953 0.0130000003 -0.0486823842
-0.0066767931 -0.0065000015 0.0322670415
-0.0134339128195008 0.006514442417417213 -0.01549835129414858
-0.0184988379 -0.0065000015 -0.0486823842
0.0164445341 0.007004246975635784 -0.0591823831
-0.0184988379 0.005074817782706029 -0.0387600325
-0.0184988379 -0.0065000015 -0.0234423354
-0.0184988379 0.0064999997 -0.040782623
0.0123524815 0.0064999997 -0.042442698
-0.009521136761302637 0.0130000003 -0.03261926609951098
0.0123524815 -0.0065000015 -0.042442698
0.012211293 -0.007263607961217277 -0.0209407881
0.012211293 0.006052125312603848 -0.0209407881
0.0121101737 0.0064999997 -0.0404552482
-0.0128727853 0.0064999997 0.0466212109
-0.0184988379 0.0064999997 -0.0486823842
-0.01847344267348274 -0.005410539090357292 -0.02595390581259982
-0.0184988379 0.006501166307044673 -0.021222502
-0.01281940610635449 -0.0130000021 0.03406897685151406
-0.019998841 0.01295514649214529 -0.009853211582931417
-0.009969058502103521 0.0130000003 -0.01118852047487448
0.00344174507588366 -0.002574156017789408 0.01818880424202318
-0.01353882730095546 0.003302710556645891 -0.03558770756330237
-0.006372974503475511 0.007538071458691984 -0.03395215026937382
-0.009660265532967159 0.005509902054762901 0.009513540554125684
0.0170383453 -0.0006210124869472332 -0.019637078
-0.00300481987211843 0.001619510783308211 0.005470459213809871
-0.019998841 0.0130000003 0.00753747324455651
-0.005761668893228739 0.01294480208284599 0.03903474471646672
-0.01446967246129243 0.01295438355116858 0.01199890849157341
-0.019998841 0.0130000003 0.01589638487566299
-0.01089340264216664 -0.007885924727180509 -0.0329324767708904
-0.019998841 0.009726845853826421 -0.01579685094432385
-0.01420622529056099 -0.0130000021 -0.01363485030469828
-0.01300011446217972 -0.007937880968311876 0.01355654942511954
-0.005769320425835424 0.008022733041726942 0.03907297732085614
-0.019998841 0.01295841661120498 0.04069596137464566
-0.005124764301848598 -0.0007547637845928632 -0.0107010643165337
-0.01393809185945647 0.006630518283451588 0.01256235117665199
-0.01332528151152404 -0.0130000021 -0.009421562428059501
-0.008252930328748919 -0.0007327707042316702 0.01858827211301424
-0.0148725966282337 0.008116337902727914 -0.0516823828
0.01500379462649326 0.001354752327202202 -0.01644043485215277
-0.0184988379 -0.00679274528612149 0.0375842378
0.0165862896235462 -0.003213769995291568 -0.01695096556109398
-0.0184988379 -0.0001244315507508698 -0.044754684
-0.002745228832446522 -0.0130000021 -0.009327238591398241
-0.01264943139856383 -0.01297412096643698 -0.02366815086746974
-0.01983961043259103 -0.00411848333898072 -0.05962748696421252
-0.00985875726 0.006835868170635558 0.039900057
-0.01427531308823704 -0.009712535521144802 -0.0616823845
0.01619481502312875 0.003441672195225202 -0.01684387719480869
-0.01345275399377567 0.0130000003 -0.007087862261238085
-0.004485246777447993 0.002701180886895692 -0.0486823842
-0.009380093241867477 -0.007290114637116202 -0.0616823845
-0.01186136499245988 0.009254533115908037 0.00747122039453465
-0.01844686987823962 0.006280253776435155 0.05799153730997414
-0.01660121915505856 -0.008574457133664727 0.02880878951080364
0.003840388007688763 0.01298707449946223 -0.0466823839
0.001453582589448265 -0.0130000021 -0.01383375821830305
-0.0184988379 -0.006928670002227761 -0.0105282217
-0.01258137077116377 -0.0130000021 -0.03331774440620999
-0.01968723925644704 -0.008264220763712134 -0.05998869162169769
-0.01281363477283013 -0.0130000021 -0.006652118447790604
-0.01032319979667705 -0.00399035460941604 -0.03955034035586402
-0.01355468284132788 -0.006185066898345034 -0.05918102473515646
-0.01940256673360466 0.001894343199340657 -0.06045994761479678
-0.005241723853330211 -0.0130000021 -0.04370754268220372
-0.01178168440434487 0.01294719435637753 0.006180987797990575
-0.01088053687581916 -0.0130000021 0.007017129759775868
-0.009231086962823128 0.0130000003 -0.0616823845
-0.006991547255924636 -0.01294449300770428 0.0213824674866648
-0.008087518864758524 0.0130000003 0.001417141147701176
-0.004868786200870955 0.0130000003 0.01395939200642965
-0.019998841 0.00818989508947145 0.05191225309646962
-0.019998841 -0.009170517909709774 -0.03859160778098594
-0.019998841 -0.009594785331419279 -0.04486055461957247
-0.01497830526484646 0.005100162873025704 0.01291699600714754
-0.01293551999818309 0.0130000003 -0.02378043231756603
-0.005163402666478467 0.003483824882756498 -0.02073010243555144
-0.019998841 0.008914693896853112 -0.01109871295541507
-0.005984828463089377 0.002436214899049594 -0.0616823845
0.001733109931039757 0.00841574583831952 -0.03210199237090351
0.00487366912881091 -0.0130000021 -0.02321312726326842
0.003619164693947589 0.0130000003 -0.02360009136375982
-0.0120926443686968 0.0130000003 -0.03779445268283446
0.006470496107232131 0.0130000003 -0.04288349139207534
-0.001478421065710733 0.01019434845771825 0.009245816376795047
-0.003407929112755476 0.0130000003 0.00514899025213115
-0.00317112310862071 0.0130000003 -7.796973488175592e-05
-0.01505148076769503 0.001598515232418654 0.01138222753438967
-0.01569278787947316 0.01028648549936572 0.03007234184250264
0.004744282863818005 0.002248124522556494 0.01477445415020641
-0.0159324236267278 -8.999999998732244e-10 0.04359871844498038
-0.01346670807418121 -0.005130174459944213 -0.007097375985766766
-0.01553266306030694 -0.0130000021 0.0442408429076968
-0.0159379616 0.0130000003 0.04358982295
-0.01243148999623774 -0.003130507898192192 0.0516481848203443
-0.01882227597815169 0.004335376548928294 -0.06105399066208392
0.006366804337654518 0.007336221207637864 -0.03703472866482795
0.0164445341 0.0004987017953176475 -0.0541823842
-0.01543179744928188 0.0130000003 0.02165535452174169
-0.0142339989175 0.0130000003 0.005269736059999999
-0.019998841 -0.0130000021 -0.009139063123836401
-0.01423922508904699 0.0130000003 -0.04014058556084909
0.007021418845470164 -0.007726595344169628 -0.0486823842
-0.01417273816510185 -0.0130000021 0.02318142378199104
-0.01576823834004376 0.0130000003 0.05255571902028029
0.002810559618318813 0.0129663781037639 -0.0516823828
-0.01505179369449473 -0.0001250635043452478 0.02054460469601466
-0.0184988379 -0.008206972531877136 0.05276032264246305
0.005878001871670433 0.0130000003 0.01148834505512263
-0.01681727547206243 0.006420166814074032 -0.0616823845
0.0193094162094744 -0.003422979663416197 -0.05176814278688924
0.01977816824202703 -0.00630577043554657 -0.02026794086276171
0.01975082123639777 0.00370343715553504 -0.05931296616976132
0.01081579727980549 0.003770951685455322 -0.003987705131499985
-0.01280543700247918 0.007733392537775569 -0.0616823845
-0.019998841 0.004698702729967528 -0.008002185378230227
-0.004383930140388974 -0.0006123438249852611 0.01440927352970216
-0.007224769410512474 0.0130000003 -0.0119135023682192
-0.01287087247900876 0.008581490367705839 0.01515074493550865
-0.0002556298499966324 0.00696383502252068 -0.02095246121764354
-0.0184988379 0.001479058819444436 0.05252415766556968
0.01857418672814236 0.004425371084926957 -0.06111356186839021
-0.01035277978430109 0.001872789021810007 0.04784704945521211
-0.008988571136820861 -0.009429136727357987 0.008772615842309671
-0.01773429110667384 -0.0130000021 -0.05990585840244619
0.01370375343395982 -0.001874429918655239 -0.0149685738050782
-0.01644428901560385 -0.01005527804075746 0.03074013841165191
0.005567228177047384 0.0130000003 -0.0486823842
-0.01633575151719631 0.004874483264852762 0.04105874378922116
0.0164079604539301 0.004716905054611442 -0.0616823845
-0.0184988379 -0.003341494588305976 0.04511291175635965
-0.01885996522723879 0.003296412894668701 0.06013634282110955
-0.001520318030410209 0.0130000003 -0.03822352084764653
0.0142073631 -0.008823127757762452 -0.0158072338
-0.0184988379 0.01295333056107012 0.05371646768818893
-0.01659846806996186 -0.004894064530552548 0.05424052631317733
0.01433866105844328 0.008029570897013703 -0.01593242914889909
-0.01967617322102827 -0.002935993147772848 0.06141509209875802
-0.01198241763793179 -0.00372787213224667 0.03694622473662917
0.01679326541100517 -0.004098324730642594 -0.02688972418872464
0.00790502131 -0.0032500012 -0.0156011134
0.01736752965498231 -0.006334499111243526 -0.02615896167462653
0.01643125608884211 -0.007527604638806764 -0.02873191071981188
0.01642229224786122 0.006764948643077346 -0.02862160067925064
-0.019998841 0.008688132495959225 -0.02977044195181139
0.0164445341 0.00975 -0.0591823831
0.0135577768 0.005787643287707206 -0.0541823842
0.01736161704286556 0.005133645254439219 -0.03465938900452803
-0.01175091650024469 0.009787893250535676 0.01488062229654568
-0.01472337133418418 0.002305480475588232 -0.0616823845
0.01800083960212858 0.004336065098756406 -0.03938176941365266
0.01347180585095211 -0.009789685914579146 -0.02745376026069124
-0.01384291776701972 -0.0004406673404369413 0.004268443663001321
-0.01866695610026465 -0.01217549117277328 0.06162449736321379
0.01740561500967716 -0.002534700510984497 -0.02612909706315421
-0.019998841 0.007113498805607735 -0.03381510140706161
-0.006292086974039264 -0.007412520015609635 0.04019901510631048
0.0108141822782568 0.008234792825488148 -0.01474136703701086
0.01577876477078503 -0.007535585623942935 -0.02444427969412778
0.0157538652 0.007139310583460103 -0.0244692788
0.01755282438996965 0.00339878380772741 -0.02601366290262867
0.01805784015793093 -0.005327461147235528 -0.02561659986914494
-0.0184988379 0.001959392092698071 -0.0466823839
0.0170383453 -0.004579494552007813 -0.019637078
-0.019998841 -0.003148617495198664 -0.03529269544625829
-0.001876783400084538 0.0130000003 -0.04350903394581616
-0.01052942229824553 -0.001897657983049163 0.01763253788626784
-0.002646341172142748 -0.0130000021 0.005756336499289619
-0.01404269363488161 -0.0130000021 -0.0263578229399627
0.0178879052 0.0002863065642254199 -0.0566823855
0.01832250151834273 -0.008172837847832484 -0.02076622533134769
-0.01845979453553001 -0.01124954359134046 0.06152059566424452
-0.007591939144291319 -0.00188091359632532 -0.01597001649916006
-0.003315958187454873 0.0130000003 0.007780429195613723
0.01651045056159834 1.368375153541507e-05 -0.02759612818294297
-0.0184988379 0.00349520547863255 -0.0516823828
-0.0184988379 -0.007658779247280171 0.00772824138
-0.01357305617015916 0.003004257365638923 -0.0541823842
-0.0156858116 0.0130000003 0.04210272435
-0.00553126998493431 -0.00730148639451453 -0.0486823842
-0.019998841 -0.00371789965994062 0.03843419473097857
0.01983477902550464 0.005093429443625999 -0.05867826284978484
-0.009397074579999999 -0.00770372842305541 0.0388291553
0.01957601364435792 -0.009977555250809379 -0.05987249976680857
0.01976946601758193 -0.001877176828311577 -0.05921226027297472
0.01961396082282417 0.01079135774226885 -0.05976734833372761
-0.01914934368478103 0.001318541112110569 0.0616684446683529
-0.019998841 0.0130000003 0.04642592230089698
0.01663901199967844 -0.006562681147964116 -0.01696538783298764
0.01966438251374282 0.008307577674488999 -0.05962763009187792
0.0176835084503061 -0.01034360785174165 -0.01747974149048619
-0.0193580389 -0.00254831637381203 0.0616159514
0.0199147921069563 -0.008728914423684297 -0.02080424077421854
0.0175692074024106 0.01042014344721575 -0.01740042579945009
-0.01848840619100158 0.009781326643072406 0.0580758280552216
-0.0184988379 -0.0130000021 0.05347115531821067
0.01990984391634109 0.00813749225355464 -0.02076145611133366
-0.01258102749098323 -0.001799112327840776 0.03440054167471484
-0.019998841 -0.001881135629705882 -0.01846181677530506
-0.01290734321307843 0.007686329908777776 -0.04433565964535312
-0.01468968738790958 -0.0130000021 0.003482756068687934
0.010721684274028 -0.001137095752113976 -0.01442831290859025
-0.002949877437786822 0.0130000003 -0.01986135819746228
-0.0184988379 0.0130000003 0.04406104914191059
0.01339376437432951 -0.0130000021 -0.02720873546877663
-0.019998841 0.0130000003 0.05575317927654547
-0.01450903866986321 -0.002370533108873656 -0.01611907520017584
-0.01432472509819455 0.0130000003 -0.03122803651302463
-0.0184988379 -0.00785108111151527 -0.0466823839
-0.019998841 0.006793647453642811 0.002907917162464806
-0.019998841 -0.0130000021 0.02958158664385246
-0.019998841 -0.0130000021 -0.02276421489688343
-0.019998841 -0.0130000021 0.01817559334669776
-0.019998841 0.0005180399423300036 -0.05110778695883973
0.0196382871663883 -0.004665511189099122 -0.05969994016292874
-0.015769467607677 -0.004317250829035767 0.01062120572213142
-0.01078461369925998 0.0005392524453354287 -0.0516823828
-0.01642093485749689 0.004741129990619024 0.05834021176699809
-0.01819704073157959 0.005078724779424861 0.06126814304330214
0.01759798369808662 0.002120305881809115 -0.0615716109915919
-0.0142682523244763 0.0130000003 -0.0616823845
-0.019998841 0.004828444594541234 -0.05450246843974303
-0.0164422169 -0.0130000021 -0.0541823842
-0.01221958301170623 -0.009961694323213295 0.03661634772800335
-0.01523708044523514 -0.00393219286428078 0.004339014238015674
-0.019998841 -0.004702239024404533 -0.04806851502787649
-0.01609259835866741 -0.008198818194167592 0.05779504766253293
-0.01781732638219885 0.007317580484466481 -0.05931725643891347
-0.0164422169 -0.01137500195 -0.0591823831
-0.01223855978903834 -0.007145958196570721 -0.04227993438553201
-0.0184988379 -0.002702160123030541 -0.0466823839
-0.01715911417964667 -0.003423895142588212 0.05956587163280384
-0.0164422169 0.009530911716106075 -0.0541823842
-0.0184988379 2.332314089345921e-06 -0.021222502
-0.01382900690717634 0.0130000003 -0.0444047287505289
-0.0184988379 0.00669699354518884 -0.0184225962
-0.01883738783499984 0.0009557832804006767 0.06040390182536772
-0.019998841 -0.0130000021 0.0003379842020947857
-0.019998841 -0.0130000021 0.05590699165464007
-0.01524577687552897 -0.009073655020779592 0.01263349257693418
-0.01577738618378681 0.003866157781254327 0.002473519807690744
-0.019998841 -0.0130000021 -0.00415077011435332
-0.01557915765320043 -0.002095081320033968 -0.0144275133176825
-0.0195969194 -0.003172724970657985 -0.0601823851
-0.019998841 0.004271633367522735 -0.00247086000637417
-0.008346083180335105 -0.0130000021 0.001210942942162114
0.01253072130986863 0.001803110155694978 -0.01039351173104801
-0.0184988379 -0.008075753188702789 -0.0184225962
-0.0184988379 0.00177274463389163 -0.0184225962
-0.01810565088354005 -0.009051198501519985 0.06113748440312038
-0.019998841 -0.0130000021 0.004306129883586314
-0.009520775049281883 0.0130000003 0.02881993342174169
-0.019998841 -0.0130000021 -0.01825254118352038
-0.01955356013794195 -0.0005072416281877877 0.06151101835123722
-0.01575270236529551 -0.0130000021 0.01209618278601962
-0.01394839947741432 0.0130000003 -0.04240806908154578
-0.01045901058377735 0.004640430038357329 0.0177071699660164
-0.007733995041951154 0.00911413075290048 0.01130086172707692
-0.0125894958313025 -0.003023939527673485 -0.04431184029087239
-0.019998841 0.0130000003 -0.004826673737504129
0.002001791739009311 -0.008140454885035982 -0.03204066760020737
-0.01375125504012707 -0.0130000021 -0.03804444840666684
-0.019998841 0.001324425204155858 -0.03827190831062562
-0.0184988379 0.0130000003 0.0327333361
-0.019998841 0.002302881328838094 0.05139390116457271
-0.0184988379 0.002521495751948779 0.00772824138
-0.019998841 -0.008747452547817461 0.05000521300502137
-0.01997305061650053 0.004982738799570736 0.0608524546721338
-0.01995810434950173 0.008144832247757566 0.06093792341640165
-0.019998841 0.009773843431300191 -0.03799635422197586
-0.0121120811 -0.003225794277284288 -0.0566823855
-0.019998841 -0.0086423064089942 -0.03306021968547136
-0.01579477934896089 0.01018825542339385 0.003821544144988739
-0.019998841 0.01295355176650313 -0.0004307818760777085
-0.019998841 0.007002247838952326 0.007937495021848635
-0.01546498008260749 0.0130000003 0.01240115068105239
-0.009135697954004948 -0.0003321219832497276 0.0277153344561878
-0.01010440918961661 0.0130000003 -0.01939979427176134
-0.01905768860916546 0.01057228427013049 -0.06085003654992233
-0.01863875077333192 -0.002138389465875563 -0.06118249341922308
-0.0009450275687766527 0.0130000003 -0.0466823839
-0.01997604964999999 -0.008482810430836558 -0.05894285625000008
-0.01147531114379746 -0.0002001890754337885 -0.033065293563189
-0.0135554671 0.005393534042395977 -0.0591823831
-0.019998841 0.009419879532977505 0.05930588558677158
-0.01507505099208091 0.004603235493506863 -0.03388691053289913
-0.01042544108316713 -0.0130000021 0.04797991811155975
-0.01101367690144998 0.0130000003 0.04905556779041963
-0.01865343952676144 0.001194659276710294 -0.06117220848143219
-0.009191782897777192 -0.0130000021 -0.0616823845
-0.002956902849396136 0.0130000003 -0.0616708383979277
0.001261816995281185 -0.0130000021 -0.0203569073499354
-0.00117796659 0.008639243971399969 0.0173839629
-0.00117796659 -8.226868580009372e-05 0.0173839629
-0.01006526691072206 -0.008316614848999758 0.04732130260246833
-0.003196979854046658 0.004326638757365235 0.03381201515625367
-0.01475779535762447 -0.00826447955802637 0.05050520017653255
0.01313422932141268 0.001690499772862058 -0.02665918557599419
0.008332025866810993 0.003173091651861996 -0.01763668329250094
-0.0068098679655047 0.002936200524494722 0.04120313748947899
0.01981351828184843 -0.004365104167650144 -0.05887505769423639
0.004233988811934392 0.005415778551747973 -0.02550343032373133
0.01432865799885977 0.004842234634569035 -0.0159228910224159
0.01365841684714184 -0.004855551847854378 -0.01489875053146691
0.01353430751313676 0.009875574615320215 -0.02824977627086488
-0.009003701007599042 -0.0130000021 0.02787532416449607
-0.019998841 0.009741812456466678 0.01048436389596059
-0.01709232475 0.009603628106939256 0.03984348107500001
-0.01742916094956869 0.009802580820045623 -0.06165946147765049
0.01329421095841443 0.008784458005469157 -0.05162671059881239
0.0132993162 5.668171814562526e-05 -0.0516823828
0.01952910680391208 0.004741552202608634 -0.0599759033170936
-0.019998841 -0.01296123586583335 0.04486924271449031
-0.01443080833380717 -0.008513647044377921 0.03182765040610879
0.01375139995533067 0.01026043997684978 -0.0151049646479726
-0.01309194146948992 0.001679255917897925 -0.00926247388334166
-0.0180663864281684 0.004035779825338763 -0.0590359019908652
0.004432834325808684 0.001109216328150567 -0.01911237503459129
0.0177910328 -8.999999998732244e-10 -0.0224239677
-0.01428482217470654 -0.004763199573843005 -0.0466823839
-0.019998841 -0.002974430778249949 0.05970797016019345
0.0129639804 -0.008715059360394791 -0.0237276852
0.01365443561697991 0.0009345589870967065 -0.01485117512753909
0.01390351170156154 -0.002244584586210895 -0.02672365247217962
-0.01897156539177838 -0.007833249480277853 0.06056272744365437
0.0170383453 -0.01018846764137831 -0.019637078
-0.01707300361507113 -0.003907528304049044 0.039874516081074
-0.01544689151259293 0.005196089002152911 0.03212743411788361
-0.00117796659 -0.008721513557200062 0.0173839629
0.01647414551777955 -0.008122338633851731 -0.02774227331859434
-0.01819704073157966 0.01157872537942486 0.06126814304330225
0.009176298980000001 -0.0032500012 -0.0218859389
0.0164445341 0.0032499994 -0.0591823831
-0.0148918818313307 -0.0130000021 -0.01628174960002169
-0.01595184987017173 0.0130000003 0.01945367245153067
0.01661735462696504 0.002358452077305721 -0.0616823845
0.01562421844007054 -0.003307934611912576 -0.01668842985456228
-0.01915572804342234 -0.001796962505978932 -0.0607519961081335
-0.01213858491297998 0.002055205658330882 0.0350159424938012
-0.01762063775797172 -0.008361937507493119 0.06033217720396058
0.01488796466354694 0.0109658575712882 -0.01636773132131209
-0.01997604964999999 -0.004241405665418279 -0.05894285625000006
-0.01859726237672623 0.004335230024515141 0.06159451951089092
-0.01469176866814744 -0.008670600210179942 0.04559154856783989
0.01755341270770997 0.009778332888117346 -0.02601320157357246
0.01911460772013196 0.003235010724519292 -0.06060913876423553
0.01834968778673136 0.007244915905832516 -0.02538674546494123
0.01839780763702279 0.002299456355184188 -0.02534884706033685
-0.019998841 0.00922990058196368 0.05682623521547596
-0.019998841 -0.002222979319956196 -0.04408114406315326
0.01946596416448872 0.0130000003 -0.0538272248759564
0.01777306286646914 -0.009219959298657055 -0.02244200946765669
-0.01493326825758049 0.0130000003 -0.01636400415119253
-0.01182842005548048 0.009799804561695921 0.03716042237023046
0.01898139872320183 0.007200807678999522 -0.02470786910866595
-0.0184988379 -0.0130000021 0.04392679416999033
0.0121144056 -0.009201269194026213 -0.0566823855
-0.019998841 0.003572547093812294 -0.02683577483378055
-0.01847201994347376 -0.00446475233556881 -0.04274706737316387
0.0178879052 -0.004652363016455762 -0.0566823855
-0.019998841 -0.004120095641099402 -0.05451277087223425
0.0135577768 -0.006533680566289479 -0.0591823831
-0.01856334610965864 0.008001994995545655 0.06157993086798486
-0.0128366995224787 -0.004619752639854506 0.02322945673317023
-0.01542227522045578 0.0130000003 0.002803014507961076
0.01897442534176561 0.0004130801484514115 -0.06077162643391206
0.01906815327717092 -0.008983507970238955 -0.06066743102862243
-0.01996557748300113 0.006563785523664151 0.06089518904426773
-0.01328913436530394 -0.009473586995561938 0.0226810734523213
-0.01703660050694614 -0.009687929448480676 0.01813887735444506
0.0121144056 0.006443848543181785 -0.0566823855
0.0178879052 0.004652361216455762 -0.0566823855
-0.0195124 -0.009883044087262399 0.0615407303
0.01357819748593779 0.00546325803488456 -0.0591823831
0.01598917210786023 0.009433811009222883 -0.0616823845
0.01181003012784727 -0.003285789294078455 -0.01707734866002005
-0.01410313795703048 -0.00182330931121279 -0.0311596860273584
-0.01725931094999995 -0.004180771285335556 -0.061659595
0.01899885072352895 -0.009965650553373333 -0.02468184330766368
0.01879758891349766 -0.006319830772570137 -0.02491167115458281
0.0199014395 -0.003491476046819198 -0.0206887871
0.01717699401265842 0.002252034609098275 -0.05791372251524653
0.0178879052 0.008826180758227881 -0.0566823855
0.0178879052 -0.008826182558227881 -0.0566823855
-0.0178855881 0.008826180758227881 -0.0566823855
0.01983574445301253 0.004375781929362443 -0.0204645051888352
0.01369437780793991 -0.01027541632716602 -0.01495047930197129
0.0187947154 -0.0004530261248380137 -0.0184252486
-0.01916079328921659 -0.007852074733952961 0.06166718610035274
-0.01735811623401856 -0.006034881628415937 0.05989629111752497
-0.019998841 0.01005763015952393 -0.02365504738906667
0.0005617783843818234 -0.0130000021 -0.0486823842
-0.01386710076475052 0.002030211118736766 0.02355187801501983
0.01956534680081395 -0.008558995337779552 -0.05513440903178155
-0.00686719641606792 0.002407257623055856 0.01210513482576774
-0.0184988379 0.0064999997 0.0278824344
-0.01928143460943885 -0.004485819221756813 0.06163809735527996
-0.01826778978768044 -0.01138974088959099 -0.06138819943936706
-0.005665587067598335 0.008943772712996198 0.00590666186867664
-0.01896655394722614 -0.001973015977968602 0.06167890730945617
-0.019998841 -0.01298993711350241 0.03873189448932964
0.0139096379 0.003792782627956364 -0.0154103562
-0.01647174205909536 -0.009163418543993464 -0.05423352346072594
-0.0184988379 0.0004630987025077121 0.05801679908436566
0.004486196291729578 0.0130000003 -0.01909142832388472
-0.0135554671 -0.002796056879020093 -0.0541823842
-0.019998841 -0.006842169905904496 0.04263439155989447
-0.01430469203613897 0.004752690317239686 0.02145014516230245
0.01428250884028729 -0.008474074108712799 -0.01890453506289165
-0.01997604965 0.002688633317178816 -0.05894285625000003
-0.0184988379 -0.0130000021 0.02244391895491433
-0.0184988379 -0.006315759298777283 -0.044754684
-0.0184988379 0.0130000003 0.02273884543509976
-0.0184988379 -0.008675982183263676 -0.0427490771
-0.0184988379 0.009676204802337239 -0.0427490771
-0.01648526260209268 0.008847701572635872 0.01880713819667357
-0.006686589984296694 0.0130000003 0.02024849636946185
-0.019998841 -0.003991846473178176 0.02280432403234812
-0.019998841 -0.001731520174385854 -0.0232360934484362
-0.0184988379 -0.0008573379044555232 -0.0105282217
-0.019998841 8.967097900703172e-05 0.009856039263456033
-0.01213447050769187 -0.01298327022397127 0.01447407868099182
-0.019998841 -0.008567336893153213 -0.02369761532442551
-0.01459972660632213 0.006621526747855986 -0.04019492236311033
-0.00983600913476851 0.002455246290255389 0.02843784732485288
-0.0184988379 -0.007773733758914861 0.00918544829
-0.01217654847517953 0.005771962944280449 0.005814607812056002
0.01554532294858891 -0.006571975437957097 -0.01666702663870907
-0.01848360178527501 -0.00868097092306234 0.06153613001903412
-0.019998841 0.00308284515517021 0.03775727462914368
0.01424099985995809 0.0102793819148776 -0.01890297493656746
-0.0184988379 0.004467824413936623 0.04564716253883491
-0.019998841 -0.01128671639139452 0.0606357925453922
-0.01977110641071796 0.005673004416544357 -0.05980883614511623
-0.01898729137061017 -0.01101510457917329 0.06168020198563663
-0.0138852771042294 -0.006940867639654133 0.004229139953416927
-0.01358990287741779 0.007996531851049713 -0.0541823842
-0.01639086340926153 0.002168421013283359 -0.0541823842
-0.0184988379 0.006620944308426683 -0.0466823839
0.01975567610218923 0.0007621209304151753 -0.05928674362477793
-0.003136929475907129 -0.0130000021 -0.01993477067916049
-0.0184988379 0.0073605478984579 0.00772824138
-0.0184988379 0.007773731958914868 0.00918544829
-0.01236475699856377 0.0130000003 0.02537282534348337
-0.01993506435123152 0.007680088747143194 -0.05927123074688312
0.0140688982665115 -0.005124554388740802 -0.01562265556880118
-0.019998841 5.133171482595358e-05 -0.04117668552763375
-4.344157656162979e-05 0.009372044116520536 0.02669557910823566
-0.00985875726 0.003753802105953337 0.039900057
-0.004239255649183567 -0.004385655001618757 -0.0466823839
-0.01285089047888313 0.0130000003 0.01517192462468644
-0.005317738188458579 0.007996683303725795 -0.04176129080860216
-0.001811195360251561 -0.0130000021 -0.05173085792247353
0.001983891998785563 0.00572053864668054 -0.0466823839
-0.002901321287564904 0.0130000003 -0.04158020550151548
-0.01880683228655691 0.00596763963502943 0.06031334399062763
-0.01731441280768821 0.001191093586196771 -0.06165477390437911
-0.01917695449089407 -0.004517139034293694 -0.06073076944252176
-0.01898645048089694 -0.003103566089355886 0.06168014948731695
-0.01930205354614424 0.007650298779423621 -0.06060349436205364
-0.008522292627401954 -0.0130000021 0.003628515295003122
-0.01692285506360663 0.007897443154303328 0.03007449344909853
-0.01953671715992722 0.0070157664145947 0.0615231766608253
-0.0184988379 -0.002317556394560343 0.00772824138
-0.0128727853 -8.999999998732244e-10 0.0466212109
-0.01918558619737471 -0.006504584555394644 0.06166446080438168
-0.01888970935216713 0.01211708803299714 0.06067524672378254
-0.009397074579999999 -0.00240745474611082 0.0388291553
-0.01989015135401014 -0.001266987447762513 -0.05943885649475084
-0.006375450850341477 -0.002545758009206514 0.022035491723066
-0.01560735867687441 0.001705037365365243 0.03019116675643934
0.01649003666889586 0.007163840053812653 -0.01692463544503372
0.01848733654698256 0.006905881556798862 -0.06116940468785296
-0.019998841 0.008971611839187594 -0.0009002940403539054
-0.01998251073012424 -0.00486558165182048 0.06085976953735166
-0.01098344203507027 -0.007024183116571086 -0.03500445770437911
0.002393113155262649 -0.0130000021 -0.01776438594806374
-0.01817734963486948 0.007618087619137292 0.06124521745245308
-0.01821673182828971 0.002539361939712431 0.06129106863415121
0.01705342860257476 0.005679901523423354 -0.01969292521492995
-0.0168013674907525 -0.009785334753442369 0.04031083769464295
0.01417126104211761 -0.0004872064441511139 -0.01575910855535351
-0.01907737759608357 -0.01195173830706058 0.06070165918282554
0.01698529461696915 0.00536714989647619 -0.02659317552760749
0.01419638917824297 -0.005975924815417248 -0.02632258830475548
0.01646804662634831 -0.003484595403554822 -0.02776682426859428
0.01651355813372495 0.006139255455934536 -0.02758361872138559
0.01681647971741425 -0.009034851369406939 -0.02685387458215143
-0.019998841 0.009393228071769753 0.01793410879538905
-0.01985769915646316 -0.01174990047056894 0.06119197927821605
0.01943032309677168 -0.002632978309745728 -0.023999819097136
0.01854673833164738 -0.002979295483146252 -0.01818167838911879
-0.01483730890250362 0.009457318006297949 0.04346565082753635
0.01947663934848792 0.001866354704043229 -0.02389486781834106
0.01524627826989058 0.006363530678915404 -0.01655177591083421
-0.01960712248907064 -0.006527032316906143 0.06147235371326654
0.01639309782046504 -0.008747546582917938 -0.01689811770187244
0.01830204255022443 -0.00922787745261508 -0.02542427007151576
-0.01643962055248464 0.002981496641501921 0.02043380135352175
0.0135577768 -0.008896350883877181 -0.0541823842
-0.01429179154702493 -0.01018985096583706 0.04434190030786365
0.0135577768 -8.999999998732244e-10 -0.0541823842
-0.01622339707 0.0130000003 0.0293343086
-0.01207538303339985 0.0130000003 0.03510385105051594
0.01837336552301997 -0.01155663441253968 -0.06124268563246512
0.0198117722718637 -0.007232030980374502 -0.05896323280282278
0.01732739379029294 -0.01109459875708585 -0.06163923295634672
0.01687832091054422 0.001573611845243032 -0.0267583738850959
0.01832820986407994 -0.006802577899105442 -0.06127171976084845
0.01737515806807374 -0.006521132324953527 -0.0616272963902901
-0.002351109083882371 -9.032342766340622e-05 0.03190317983824302
-0.019998841 -0.007449306489478055 0.05898952270752281
-0.0184988379 -0.003886867329457429 0.00918544829
-0.0184988379 0.003886865529457436 0.00918544829
-0.01999668778605647 0.01300347365336971 0.033743444935279
0.01985433281887959 0.009704698684686455 -0.05893545474799908
-0.009278710242751204 -0.008157842458742369 0.018958215617213
-0.01918050904459397 -0.006887565217794711 -0.06072721485229241
-0.01586728651116093 0.0130000003 0.03154270017311827
0.01966438266668081 -0.009721866787106242 -0.0198794786046176
0.01916940721684337 0.006042920701290416 -0.06054037490556112
0.01852228164155543 0.009441013172554401 -0.01815765632448706
-0.019998841 -0.008240704783951218 0.0004045975189293748
-0.006900203357968465 0.0130000003 -0.0466823839
0.01955529580460667 0.009828836808676944 -0.01965456667669476
-0.01792355391272975 0.004675377317690386 -0.06152861678146822
-0.01845861096521063 0.002201762689631892 -0.04274606250974582
0.01951605271889616 0.006625732945265858 -0.05448604181954531
-0.01654947663151084 0.00343279899389785 0.0187293062155888
0.01828215509727331 0.01080707625353117 -0.02543993310317374
-0.01801221780604229 -0.01256933494124688 -0.06150408133398187
-0.01844384985773563 0.006231189110070718 -0.04475056321831045
0.01825296253965709 -0.001619769152083476 -0.05890724176333999
0.01420345099246987 0.003905871073845121 -0.01894067376783664
0.01645773108370889 -0.009163983329714343 -0.05420524213059617
-0.019998841 0.003134975219198865 -0.01283968026425653
-0.01318611667377009 0.009372579165621994 0.03355891295898894
0.0177910328 0.006707753128589841 -0.0224239677
0.01955863832512831 -0.007218089191935168 -0.05992064668552764
0.01768979575975336 0.006435935066865982 -0.0259062568728254
-0.009386653439079167 -0.0130000021 -0.01085226869394433
-0.0121120811 0.00457649907149095 -0.0566823855
-0.01032325287347386 -0.01294946334850369 -0.04213640205845633
-0.001418163772618425 -0.001195524526938802 -0.04347466517607078
0.0142484605 -0.002382731108808271 -0.0188954845
-0.01725931094999994 -0.008361541670671113 -0.061659595
0.005366823636672539 0.008554278541168768 -0.01874581132383331
0.0170383453 0.009204190127068138 -0.019637078
-0.019998841 -0.005517821300361809 0.009799012759595232
0.01338347469849967 0.009513237626825479 -0.01388648444032429
-0.01956178947399309 -0.005054844007127418 -0.06023255549790577
0.01360511779999999 0.003743547892848652 -0.01473377644999997
0.0129639804 0.004139768858420833 -0.0237276852
0.0176592646361042 -0.002546189416935771 -0.01746291824247422
0.01660714188954384 -0.001050210265392156 -0.01695666972452285
0.01830352835034094 -0.001942635689199418 -0.02542309987972098
0.01463183239151103 -0.005159353467245132 -0.01619398007228546
0.0157538652 -0.004144855245041568 -0.0244692788
0.01577876477078503 0.003767791461971468 -0.02444427969412778
0.0169447454008037 0.008995124670922314 -0.02665579525101285
0.01920827694668412 0.00972180852795132 -0.05043785364645385
-0.008722625281391115 0.001105313154539884 0.009019377312822159
-0.01317123132674535 -0.0130000021 0.01483238305997738
0.0128235668 -0.007209581582982901 -0.0466823839
0.0128235668 0.007209579782982901 -0.0466823839
0.01997367176016412 -0.005012466955164869 -0.02131334527507022
0.01992569717645751 -0.00528286883441575 -0.02249551738400981
0.0121144056 -0.001926232249911826 -0.0566823855
0.01981173195799917 -0.0108143379233022 -0.0589652686900245
0.01669188743364687 0.0116001054626861 -0.01851227699131636
0.01840689784195189 0.01022540405619588 -0.06122112506451608
-0.01519546521728256 -0.002294225919045533 0.02194180596925646
0.01965098237012206 -0.004359180060822429 -0.01985026913182241
0.01898754232641537 0.01072079738931991 -0.02466100410982245
-0.01820649199100872 -0.00339411318522983 -0.0614167832664314
0.01964319989983099 0.006181439444826689 -0.01983435207455616
0.01905166376695466 0.01018012639436954 -0.01878171168952349
-0.01911676760624317 0.01122022156573911 0.06167202550909277
-0.0199403167 -0.007428184702514404 0.0610197708
0.01909382983763681 -0.002048959447047152 -0.0606352114010514
-0.0199255614966644 -0.00233607472251857 0.06105196117341873
-0.0199403167 4.63042994133904e-05 0.0610197708
-0.01967113986065314 -0.00483107567610153 0.06142024549354224
-0.019998841 0.004137789049583777 0.0230014666410319
-0.01662295066701519 -0.009829383291159574 0.009716566265835024
-0.008872668330642571 -0.0130000021 -0.006385822205494837
0.01432828241570488 0.00229317486993896 -0.01592253289602404
-0.019998841 0.005273656565440015 0.05662518221883747
-0.01336600935345561 -8.999999998732244e-10 0.04772107948996075
-0.01979947952075816 0.007626866333216521 0.06127677599000989
0.01097825158694296 -0.005870871686153906 -0.01269511596563955
0.01384295698225541 0.007292078745334821 -0.01528166526557725
-0.01550684778917984 -0.009284122137321138 0.004088706174589136
-0.009330828202128631 -0.00112287545145049 0.009819214300006344
0.01999885731507288 -0.001022231706382463 -0.02153127402232915
0.01899426218179155 -0.001045091140382864 -0.02468909637124316
0.01899552172775394 0.003599393126223268 -0.02468710541911298
0.01832389508600561 9.636773776970815e-05 -0.06127449407138885
-0.008829657743192637 -0.01048598249090553 0.02965761667407243
0.0175516754 0.008229142173480915 -0.0615831837
-0.01499309572875 -0.0130000021 -0.03143419980000001
0.01999490753557362 -0.01008856893886208 -0.02160348777930448
0.01504456352932676 -0.009424057871667038 -0.01645915468306245
0.01962538346824782 -0.004800126305034794 -0.0235373348567627
0.01999380706466167 -0.007367894667528455 -0.0216236076718221
0.01928512093230686 -0.009021737725065962 -0.01910558556122445
0.01998985028342962 0.009941632431710191 -0.02169594944136861
0.01976457565073425 0.005470719336307997 -0.02320122382798246
0.01941518102631908 0.006085265662668373 -0.02402375402156367
0.01995725543612135 0.005488907876622626 -0.02229188052628216
0.01999117863014901 0.006865759756626727 -0.02167166329901808
0.01911970585079461 0.006848220585237765 -0.01887610610701161
0.01954553502508357 -0.01047612090606404 -0.02372926479932458
0.01949867752358928 0.0100307246956987 -0.0238418951426851
-0.0184988379 -8.999999998732244e-10 0.0394763574
-0.01813362171876931 0.0001629877012161544 0.061183926682286
0.0171851797173159 0.00163336876617831 -0.0172038332442475
-0.0178881014755401 -0.01042393471407503 -0.06153811603062184
-0.019998841 -0.0001504061961780361 -0.05853319983124937
0.01982620934700666 -0.0002200783216657429 -0.02043195247906144
-0.01206784980664139 -0.0130000021 0.03682739580386455
0.01626886732374385 -0.002271068133632369 -0.0616823845
-0.01814752938193308 0.002487820968131769 -0.06144427817020594
0.01996262758152076 -0.002228180461604761 -0.02219366167574105
0.01749925252227369 -0.005887637746445968 -0.01735188276540477
-0.01823642292499989 -0.002165981126377158 0.06131399422500038
0.01945366391858576 -0.008241000857534838 -0.02395009335269977
0.01935375365299783 -0.00567399505016328 -0.02412085167692304
-0.01988937199853914 -0.01055756215440194 0.06113091321711427
-0.0181531385 -0.007473415249882731 0.061216332
-0.01823642292499996 -0.004331961352754316 0.06131399422500048
-0.01823642292499996 -0.01055919092442797 0.06131399422500048
-0.01849543505685676 -0.01001670254473036 0.0615438512905393
0.01745473531418606 0.006337422868269523 -0.01732969033985999
0.01733785356125422 -0.008440100534508634 -0.01727511756109041
-0.01986736269660951 0.002268593789111994 0.06117790436313329
-0.01978995827624035 0.005090742823567294 0.06129064365196825
-0.01995063121600233 0.009725878971850978 0.06098065778853558
0.01804565946841399 0.000846291634830138 -0.01773104503310037
-0.01909973184300265 -0.009543298772985247 -0.06080799288401511
-0.0178855881 -8.999999998732244e-10 -0.0566823855
0.01829988807858117 -0.007499286480417191 -0.01793921496863057
0.01358936656771196 -0.0002848646613136663 -0.0591823831
0.01996239584713894 -0.008944412544033643 -0.02219789847182922
0.0198184397014544 -0.007882326634030025 -0.02296530123774479
0.01890197417214496 -0.006753079622340947 -0.01857404811855866
0.0193462169848615 -0.006322447622737782 -0.01922694929781892
-0.0186633346306602 -0.00726438872293421 0.06162293963497827
-0.01855246325189394 -0.002896993688707024 0.06157524974770089
-0.01651540155934764 -0.001842668325336886 -0.0616823845
-0.0184988379 0.00942400731058657 -0.03875636344551647
0.01181210953751301 -0.006661646779326797 -0.01709833129455635
-0.01376389794950907 0.006768520123481748 -0.0005515250478311789
-0.01784605414314289 0.007305137942260407 -0.06154938233890269
-0.0184988379 -0.0005854884722429818 0.0375842378
0.0177910328 -0.004296155072940766 -0.0224239677
0.01934827876629458 -0.001448403640951107 -0.01923116614567229
0.01986799271482185 0.001447423046918582 -0.02274826083488926
0.01979739090968465 -0.002844956833908934 -0.02305749418293366
0.01836805062032249 0.004830666914642753 -0.0180061661781776
0.01895509053443929 0.002109597905369631 -0.0186477361627058
-0.01764064738013473 -0.001435168439811237 -0.06160441974039967
0.0164445341 -8.999999998732244e-10 -0.0591823831
0.01917364467108508 0.01074406136910715 -0.06053505763583963
-0.01960426253093962 -0.001476905252634289 -0.06016663754869427
-0.01866410164539915 -0.004572444545669468 0.06162326955643183
-0.01955916281931921 -0.008331259831024769 0.06150697398719136
-0.0196516141 0.0007720182414548016 0.0614402369
-0.01913660530782688 0.0001186526617592103 0.06166984490132152
0.01835555010739027 -0.01097651618172782 -0.02059132493692717
-0.01908800817402654 0.002802427416267792 0.06167518681490854
-0.01956607315266959 0.009820119368495375 0.06150198567858244
-0.01903705121689201 0.008037924453687341 0.06168078812594033
-0.01902879853712012 0.005537044464528757 0.06168169528030841
-0.01845510163104416 -0.009867333958951141 -0.06130085389632111
-0.0164599974303555 0.0001040891369673193 -0.05915158625216524
-0.008848375070387229 -0.0130000021 0.01026686622705384
0.0170383453 -0.007376933182756618 -0.019637078
-0.00825209941900472 0.0130000003 0.03606714064825729
-0.01954067880176762 0.002609721908306792 0.06152031690123109
0.0174664105197686 -0.001758037013469835 -0.06160449188097705
-0.01945881611991108 -0.01152757263457822 0.06156684204967369
-0.01874898689073434 -0.004252323276712159 -0.06110530704563238
-0.01859290751208895 -0.000499952474927132 0.0615926463222829
-0.01860557522197383 0.001073499760391811 0.06159809517358424
-0.01861680507066305 0.009436265984427449 0.06160292554751925
-0.01857374189804927 0.006607862444516449 0.06158440248168739
-0.003672299264098136 -0.0130000021 0.01506957172689335
0.008321955799999999 -0.003535597353297948 -0.0175860003
0.01945070682050289 0.0004477562105625523 -0.06011619067138409
0.0195139080852607 0.002591954765340675 -0.01956991865693865
0.01999587910155913 0.00288219920556999 -0.02150536164813279
-0.01982573585257098 0.001989080282992358 -0.0596792701226766
-0.01181267305671465 0.01296117291075705 0.03718232511583381
0.01803018403225521 0.005425696349611882 -0.05864893331800251
-0.019998841 -0.00503704571192326 -0.04093864555608786
-0.019998841 0.003568188836169094 -0.03095976396533015
-0.01901971266033675 -0.003684603957866251 0.06056698450866495
-0.019998841 0.00342109449078291 -0.02298808909820245
-0.0184988379 0.009533448248637772 -0.044754684
-0.01848637916652321 -0.009539557843154895 0.05807171456048518
-0.0199403167 -0.008874876953588866 0.0610197708
-0.019998841 0.00937793767701447 0.03783972016960584
-0.00636195006865126 0.003121607197644793 0.02204980171996612
-0.019998841 0.003240560111597414 0.01660498184323895
-0.019998841 0.002327993505597588 0.001943755128440966
-0.006577050171496859 -0.006203951223873596 0.01101017829130313
0.01580389571733739 0.01048923346885711 -0.016737173724168
0.01385511653850077 0.0130000003 -0.02668607043879526
-0.003889020685780734 0.002483419181815678 0.01350430292281655
0.01179090647255535 0.005299311810738791 -0.01671978829840958
-0.01633578803255092 -0.0130000021 0.02055965374099552
-0.0183394518099964 -0.005543919550621844 -0.05886767790556529
-0.0164422169 0.003857212017549268 -0.0591823831
0.01645791172257846 0.009788811285990646 -0.05420555500745004
-0.01504090204787241 -0.0130000021 0.03097906080370296
-0.015234307351875 -0.0130000021 -0.04029057338125
-0.019998841 0.003759212117771922 0.0299535986361396
-0.019998841 0.001188746400084597 -0.03471992164694992
0.01638458063306739 -0.00351745893022737 -0.0591823831
-0.0184988379 0.00975 0.0261693597
-0.0184988379 0.01087842026190163 -0.0304225981
-0.0184988379 -0.0097500018 0.0278824344
-0.0184988379 0.01016790930951342 0.001372146713584694
-0.0184988379 -0.0032500012 -0.0486823842
-0.0184988379 0.0032499994 -0.032515578
-0.0184988379 -0.0032500012 0.0278824344
-0.0184988379 -0.0097500018 0.00131253898
-0.0184988379 -0.0097500018 0.0394763574
-0.0128727853 -0.0097500018 0.0466212109
-0.00625476241 0.0032499994 0.0312072337
0.01866539937632584 -0.01056720897865151 -0.01829823068110177
-0.0184988379 0.00975 -0.0346683674
-0.0178855881 -0.0097500018 -0.0566823855
-0.0184988379 0.0032499994 -0.0486823842
-0.0184988379 0.00975 -0.032515578
-0.00625476241 0.00975 0.0312072337
-0.0184988379 0.0032499994 -5.16176224e-05
-0.0184988379 0.0032499994 0.0278824344
-0.0184988379 -0.0097500018 0.0261693597
0.009176298980000001 0.0032499994 -0.0218859389
-0.0184988379 -0.01011665391945435 0.0179378837
-0.0184988379 0.0032499994 -0.0346683674
-0.0184988379 0.0032499994 0.0261693597
-0.0184988379 0.00975 -0.0367198028
-0.0184988379 -0.0097500018 -0.0161131918
0.0164735329329356 -0.007772143109206926 -0.05913215553708025
-0.0128727853 -0.0032500012 0.0466212109
-0.0184988379 0.003647562938052497 0.02239255692575634
-0.01480529812774782 0.006179961069422702 0.03130676625664326
0.012224684303549 0.008773890787334534 -0.01770122487630314
-0.0184988379 0.0130000003 0.00452039018
-0.019998841 0.002733480570136598 -0.04441041283848671
-0.01942975438743961 0.004406077699994862 -0.06042111988112163
0.01913767891236432 -0.004111059585374822 -0.01890104003880214
-0.01176432136457242 -0.01034114014836739 0.0261005959697802
0.01749826853382828 -0.009395528009734604 -0.02605644284941547
-0.0168415891192509 -0.006512176847234632 0.0421383507838237
0.01191123958987581 0.001632001816683134 -0.01739708975976195
-0.01957728788971582 -0.00157681167920011 0.06149389018354363
0.01988767135101278 -0.0109596536253237 -0.02266206912148417
0.01983757309398675 0.008918982329023994 -0.02288149767180581
-0.01827318946416311 -0.006830111881296078 -0.06138568151168998
-0.01844988635665847 0.009274984766533545 -0.06130328583530144
-0.0173986782091137 -0.01001679651129921 -0.05982938762685992
-0.01897107890834758 -0.009615591547178151 0.06035720271033192
-0.01904771047907412 0.01057998602253457 0.06011769329594873
-0.01796837688108397 -0.003267642465884739 -0.05952835600397714

CELLS 3971 19855
4 308 458 358 335
4 875 541 658 961
4 126 915 391 120
4 1192 278 441 388
4 160 602 170 606
4 317 372 602 651
4 494 595 352 167
4 1051 354 425 332
4 435 363 938 443
4 337 775 311 336
4 938 738 1127 1129
4 157 149 605 956
4 571 545 771 374
4 195 574 193 949
4 636 236 207 216
4 217 1378 211 192
4 1179 347 829 874
4 959 1003 1279 636
4 1045 418 6 581
4 700 4 37 38
4 1036 636 236 207
4 485 388 738 278
4 154 156 170 920
4 1161 1058 1378 1122
4 196 1368 194 709
4 565 453 1128 971
4 158 143 148 1075
4 1191 633 635 441
4 124 564 120 1120
4 393 706 911 742
4 393 117 131 695
4 1200 791 1274 1382
4 1305 739 1193 404
4 1303 1268 1320 1246
4 932 198 200 545
4 741 351 168 172
4 402 870 876 318
4 656 528 407 121
4 578 1395 1268 1303
4 1031 542 519 864
4 1204 260 1197 282
4 570 336 311 205
4 1259 62 1110 1393
4 1395 1202 1310 907
4 404 791 739 1200
4 1325 1017 534 948
4 1220 1063 828 594
4 700 36 35 599
4 1165 1167 788 787
4 477 684 384 474
4 1340 1085 1390 1145
4 827 1327 1159 883
4 1395 1246 1303 1096
4 979 1254 1007 1255
4 822 1215 573 976
4 995 573 1083 681
4 544 467 47 543
4 14 78 79 657
4 724 204 567 206
4 1012 112 520 8
4 313 368 197 888
4 423 1051 179 689
4 500 82 81 705
4 568 5 40 41
4 920 170 430 606
4 724 337 336 567
4 383 370 593 521
4 278 633 441 778
4 202 174 583 172
4 69 1278 729 70
4 498 827 1079 862
4 598 795 159 372
4 724 166 569 204
4 910 242 312 648
4 153 169 956 149
4 897 69 70 1278
4 41 42 796 568
4 1039 701 853 836
4 1277 323 690 679
4 514 134 566 1375
4 493 453 1375 379
4 1010 1155 978 1342
4 319 61 608 356
4 1048 1141 902 1332
4 700 590 37 36
4 951 433 925 456
4 893 1333 340 478
4 836 32 2 31
4 733 918 393 373
4 987 1021 1162 1011
4 1053 882 54 1212
4 1051 110 729 710
4 678 807 1077 522
4 946 1247 1222 1319
4 83 607 411 84
4 416 667 676 1161
4 147 616 149 696
4 1185 789 769 782
4 345 959 1368 314
4 953 1359 259 1297
4 596 595 364 419
4 1018 78 657 863
4 54 1212 53 1053
4 1165 1224 982 1236
4 617 1018 78 77
4 124 564 915 120
4 742 848 112 117
4 826 563 402 501
4 35 36 1344 599
4 333 959 1368 345
4 132 100 314 450
4 432 327 405 469
4 391 845 732 564
4 1111 788 1186 1135
4 1074 354 630 332
4 1140 893 369 843
4 1244 650 416 1107
4 559 478 804 878
4 1386 829 1109 950
4 96 699 815 426
4 1114 571 787 932
4 944 691 916 1303
4 1081 683 1192 755
4 591 589 1332 341
4 701 3 33 1041
4 1134 257 249 230
4 1371 1345 1211 380
4 480 888 197 431
4 537 548 328 87
4 661 426 582 831
4 1395 578 1390 1005
4 40 101 320 1228
4 1150 601 51 869
4 676 1261 1107 1099
4 100 1228 320 101
4 1107 1152 1239 1203
4 861 617 642 429
4 1018 78 14 657
4 601 1150 508 544
4 185 598 161 159
4 368 888 121 1103
4 76 1018 617 77
4 578 1395 1390 1340
4 128 482 684 474
4 1009 1322 809 740
4 338 641 330 1046
4 1349 548 73 74
4 12 13 1349 73
4 1332 339 341 589
4 951 1185 456 1112
4 435 1129 938 1127
4 23 1110 781 98
4 191 1104 189 768
4 1175 824 1152 1107
4 1197 237 260 1058
4 833 976 486 97
4 1089 1023 716 1377
4 1395 1277 578 1005
4 1102 534 1325 1210
4 1092 718 564 639
4 738 928 1021 987
4 1330 1142 94 891
4 1194 1251 1286 404
4 68 69 11 1042
4 416 1109 1386 333
4 798 1305 1283 979
4 953 259 253 1036
4 1359 953 1269 798
4 494 167 351 171
4 1283 786 1007 979
4 573 1300 1313 1394
4 226 1127 231 214
4 457 444 314 420
4 949 193 636 574
4 217 637 192 194
4 367 551 1034 894
4 819 1325 519 1086
4 706 178 443 463
4 539 435 443 463
4 180 215 233 539
4 1041 700 3 35
4 596 162 602 736
4 483 595 352 383
4 177 171 585 351
4 201 585 171 494
4 201 173 171 585
4 700 599 590 36
4 897 71 70 12
4 62 823 866 1328
4 1259 1110 497 98
4 711 213 633 219
4 803 1065 849 860
4 39 899 38 4
4 38 686 37 1103
4 140 626 142 1226
4 547 140 626 142
4 849 1012 860 1065
4 491 638 711 213
4 404 946 1283 650
4 1265 518 1299 1394
4 536 1394 479 1094
4 864 759 1307 814
4 158 150 1075 148
4 368 656 1103 121
4 390 459 184 188
4 1258 1325 519 859
4 130 400 679 443
4 143 1364 152 141
4 733 373 393 1169
4 729 1051 1278 69
4 910 648 1103 647
4 70 1278 729 710
4 819 1027 519 1387
4 986 886 437 857
4 479 732 822 97
4 724 166 204 206
4 266 567 206 778
4 706 400 443 679
4 924 1328 125 854
4 924 854 125 722
4 1155 725 797 738
4 1110 1259 799 98
4 765 819 519 1387
4 1392 578 1145 687
4 578 1145 1390 1392
4 383 714 593 168
4 849 1012 9 860
4 383 521 593 714
4 168 714 593 164
4 106 9 1012 113
4 956 155 169 153
4 595 185 598 163
4 859 854 1017 502
4 132 457 314 100
4 383 370 595 593
4 755 388 1081 506
4 86 900 1351 85
4 160 712 162 602
4 1256 1060 1393 1110
4 437 886 1171 692
4 919 176 360 381
4 671 585 662 177
4 177 671 452 662
4 698 156 154 920
4 452 671 102 662
4 698 394 509 156
4 419 717 364 596
4 650 404 791 1283
4 52 51 1355 828
4 90 91 1043 962
4 381 919 176 945
4 648 634 398 122
4 122 398 648 707
4 1221 61 1189 1022
4 1221 744 61 1022
4 86 992 900 85
4 85 365 992 900
4 1221 1334 61 324
4 1221 1334 1189 61
4 738 286 277 1191
4 535 947 1077 522
4 1077 947 678 522
4 1048 341 1332 503
4 128 386 477 684
4 642 617 905 429
4 85 1351 365 900
4 604 321 612 322
4 382 5 568 1050
4 1070 1069 654 663
4 5 40 4 899
4 1199 991 327 405
4 367 758 1034 551
4 794 1097 556 665
4 379 453 1385 493
4 615 1358 321 1138
4 385 87 507 359
4 694 114 1304 751
4 690 856 675 115
4 357 569 724 166
4 202 184 390 174
4 1346 1370 315 792
4 498 1079 458 1082
4 191 919 1104 768
4 575 899 40 576
4 202 188 390 184
4 826 861 876 402
4 393 733 706 918
4 876 318 826 402
4 792 575 315 382
4 575 899 39 40
4 121 313 368 528
4 310 390 399 384
4 470 173 585 171
4 470 171 585 177
4 541 344 870 452
4 441 1192 1191 633
4 1050 631 44 43
4 210 334 1354 1098
4 1014 189 228 468
4 741 399 874 201
4 201 741 585 494
4 315 1370 587 792
4 741 201 585 399
4 399 874 348 390
4 499 483 370 595
4 745 662 583 177
4 52 1355 1220 828
4 583 174 745 396
4 350 576 315 537
4 1079 1171 458 437
4 548 74 359 835
4 277 212 265 311
4 381 945 176 403
4 361 179 110 760
4 910 656 587 1103
4 1234 1175 270 1165
4 1389 1165 1234 270
4 1389 1165 270 1241
4 613 321 322 1097
4 1172 1182 669 1181
4 1172 669 791 1181
4 369 715 209 843
4 1140 1091 1176 1048
4 458 1171 358 461
4 383 521 531 943
4 1344 36 889 425
4 599 1344 425 36
4 677 530 531 521
4 725 1155 999 1342
4 736 717 596 364
4 399 187 468 201
4 1218 187 189 468
4 187 580 399 1218
4 187 580 1218 768
4 17 104 689 179
4 208 697 651 410
4 55 997 56 555
4 368 431 572 197
4 443 706 898 1169
4 692 437 461 1171
4 706 898 679 443
4 1376 334 1211 339
4 1040 1116 91 589
4 370 483 383 595
4 706 1169 911 323
4 570 205 104 336
4 337 336 104 724
4 711 638 633 213
4 337 570 104 336
4 585 662 177 583
4 127 929 314 444
4 1151 908 1081 462
4 1077 1081 678 1151
4 1151 462 1081 678
4 943 316 619 1047
4 1226 561 933 142
4 578 1340 1145 687
4 578 1340 1390 1145
4 706 733 393 1169
4 709 196 929 146
4 602 712 162 596
4 11 70 12 897
4 910 648 312 1103
4 595 593 352 383
4 778 213 633 638
4 370 466 483 499
4 1075 615 604 923
4 851 136 643 810
4 134 810 136 851
4 642 905 438 429
4 542 551 1031 948
4 651 1026 602 596
4 738 1127 1162 226
4 560 327 1052 1020
4 1052 1358 904 546
4 132 127 314 457
4 887 607 83 84
4 142 626 623 1226
4 706 733 1169 443
4 308 635 358 1171
4 463 400 435 443
4 458 308 358 1171
4 323 1341 911 777
4 679 898 323 690
4 172 186 168 741
4 788 433 1135 782
4 158 920 154 170
4 349 410 1280 208
4 349 603 1280 410
4 180 937 539 233
4 215 998 178 232
4 720 60 1356 1108
4 260 1197 274 268
4 648 634 242 398
4 398 242 648 707
4 286 1191 220 277
4 352 364 168 593
4 440 678 526 1362
4 550 601 349 346
4 822 479 681 732
4 822 479 573 681
4 951 433 1185 782
4 707 398 242 571
4 17 423 179 689
4 441 633 335 778
4 507 133 444 146
4 176 945 747 403
4 867 1190 659 389
4 446 210 1098 825
4 134 851 136 1248
4 981 137 1321 135
4 1018 14 78 512
4 883 1154 827 437
4 466 619 664 719
4 919 381 1068 1104
4 919 1068 381 360
4 360 1068 381 484
4 19 23 7 1110
4 938 1127 738 226
4 1126 734 339 1156
4 339 734 341 1156
4 778 335 336 638
4 441 778 335 311
4 1168 671 452 470
4 614 863 80 980
4 623 547 142 147
4 778 335 311 336
4 323 706 1169 898
4 1019 506 427 730
4 1175 532 1099 821
4 536 912 976 822
4 475 876 318 826
4 499 483 595 163
4 826 876 861 475
4 1326 826 861 475
4 1335 241 1197 1058
4 1197 532 254 241
4 662 745 451 177
4 745 396 451 177
4 452 662 451 177
4 1290 1249 463 963
4 1290 963 463 1001
4 176 381 403 704
4 968 1335 1058 241
4 480 197 199 431
4 474 399 183 187
4 735 894 866 551
4 735 367 894 551
4 474 684 384 580
4 375 513 417 538
4 360 562 1068 484
4 1001 463 178 1002
4 377 1282 1345 1354
4 910 1103 587 329
4 1344 109 689 409
4 4 700 37 36
4 700 36 4 3
4 618 316 318 467
4 314 959 127 132
4 492 1099 1058 1335
4 1306 653 137 511
4 511 624 660 415
4 948 1325 1208 1102
4 948 1325 1102 534
4 595 419 598 185
4 904 326 1358 1052
4 729 1051 710 1278
4 829 1218 931 874
4 829 399 1218 874
4 423 1051 110 179
4 1208 1209 519 948
4 452 671 177 470
4 245 570 265 203
4 336 212 311 205
4 864 1031 586 519
4 1172 1182 1181 650
4 1253 519 586 859
4 178 918 706 733
4 798 1273 1274 1305
4 734 1199 327 1020
4 1305 1273 1274 791
4 911 112 117 742
4 168 186 593 364
4 593 186 168 164
4 381 176 182 704
4 390 399 741 585
4 390 399 874 741
4 186 593 162 164
4 482 187 474 183
4 1131 137 981 1164
4 1046 563 826 1050
4 1131 137 1321 981
4 435 175 214 400
4 444 929 507 146
4 340 868 309 540
4 570 165 205 203
4 100 1228 101 420
4 800 474 128 477
4 669 1172 964 1182
4 523 429 477 386
4 429 523 477 800
4 894 181 422 735
4 367 894 422 735
4 735 181 422 823
4 160 170 156 606
4 427 366 1191 220
4 371 349 410 353
4 371 349 353 609
4 1026 487 144 697
4 867 659 1212 843
4 1052 469 904 326
4 833 976 97 536
4 178 539 443 463
4 443 178 706 733
4 595 419 596 598
4 822 976 536 97
4 1140 389 843 369
4 1048 1333 893 478
4 482 187 684 474
4 785 188 202 190
4 266 204 567 569
4 539 178 443 733
4 359 133 444 507
4 364 596 593 595
4 681 1215 995 573
4 505 1063 751 488
4 498 458 1171 308
4 1079 1171 827 498
4 860 64 9 849
4 681 486 1215 822
4 998 1001 1270 463
4 580 348 829 768
4 1218 1003 768 829
4 580 829 1218 768
4 580 829 399 1218
4 580 348 399 829
4 741 583 390 585
4 748 699 1059 892
4 187 1218 399 468
4 187 1218 189 768
4 763 502 859 1031
4 872 743 353 508
4 353 508 743 1047
4 342 394 649 885
4 149 616 147 157
4 605 921 322 604
4 444 133 709 146
4 444 709 929 146
4 360 562 484 513
4 375 439 417 513
4 627 745 103 645
4 401 704 747 830
4 1101 603 84 85
4 872 346 349 603
4 738 725 1162 1129
4 336 335 311 212
4 397 941 825 810
4 1095 1076 514 566
4 1242 718 756 376
4 610 1344 689 425
4 1242 756 582 376
4 1134 257 230 175
4 681 1215 573 822
4 822 486 1215 976
4 557 758 1242 1059
4 171 185 494 167
4 361 179 423 110
4 312 571 242 343
4 186 736 593 364
4 186 736 162 593
4 736 596 162 593
4 736 364 596 593
4 671 470 585 177
4 534 1093 1293 1024
4 420 444 314 507
4 444 929 314 507
4 911 737 112 742
4 738 725 1129 938
4 368 528 656 121
4 800 445 310 384
4 445 188 310 384
4 223 571 345 196
4 223 198 571 196
4 779 572 197 574
4 779 197 195 574
4 1112 779 949 574
4 949 779 195 574
4 1112 572 779 574
4 437 1171 458 461
4 805 1033 898 844
4 805 898 1169 844
4 735 894 181 866
4 564 845 722 391
4 845 564 722 1031
4 845 1031 722 586
4 1393 952 1329 1294
4 917 675 107 115
4 1393 1329 1000 1294
4 1393 527 952 1294
4 1393 1000 527 1294
4 755 678 1081 462
4 541 102 344 452
4 456 345 333 637
4 1386 1161 416 333
4 614 318 316 1163
4 800 474 477 384
4 128 523 477 386
4 585 399 201 183
4 585 201 173 183
4 308 458 491 1082
4 771 545 569 374
4 185 595 364 494
4 924 1328 119 125
4 309 649 1054 680
4 365 1054 900 309
4 410 349 603 353
4 872 353 603 349
4 735 551 866 502
4 874 399 468 201
4 874 1218 468 399
4 330 1326 325 617
4 1046 631 330 325
4 0 578 909 1361
4 1340 578 1361 909
4 1242 1057 557 1059
4 1361 578 1392 0
4 578 1268 1395 1340
4 1378 492 764 1122
4 523 395 429 563
4 1050 826 501 563
4 1393 1259 1256 1110
4 373 918 393 131
4 400 363 214 435
4 1259 799 1256 1110
4 372 1026 602 651
4 598 317 596 651
4 163 483 595 167
4 185 163 595 167
4 168 383 352 593
4 364 595 593 352
4 741 583 585 351
4 351 585 741 494
4 738 485 1155 938
4 590 1103 38 37
4 792 1370 587 329
4 725 738 1155 938
4 1273 1269 791 1305
4 449 1035 1043 414
4 745 583 396 177
4 1074 890 332 630
4 314 1368 929 127
4 791 1252 1305 1269
4 703 704 401 830
4 898 323 706 679
4 925 343 571 374
4 266 213 778 206
4 441 335 633 635
4 778 633 335 638
4 308 335 635 633
4 570 205 265 203
4 791 1172 1305 1252
4 546 1071 549 414
4 454 401 703 704
4 321 612 322 1331
4 215 539 178 998
4 448 1348 1023 1371
4 1098 334 1354 1366
4 380 1366 1354 334
4 705 644 83 82
4 500 705 83 82
4 207 193 191 636
4 503 584 341 339
4 91 726 589 1043
4 589 339 341 1156
4 591 589 341 1156
4 753 1003 931 829
4 1218 1003 829 931
4 60 720 552 1108
4 337 336 567 775
4 775 567 266 778
4 502 551 1102 948
4 308 498 458 1082
4 1139 551 1102 502
4 1303 1246 1320 1096
4 457 127 314 444
4 944 849 1012 1072
4 381 919 945 768
4 1351 901 85 1101
4 900 597 365 309
4 597 1365 340 1333
4 692 1170 490 461
4 756 718 639 376
4 493 718 639 756
4 1170 857 461 692
4 623 326 1358 904
4 1283 404 1193 1194
4 404 1251 1193 1194
4 605 613 321 322
4 328 420 359 444
4 328 444 457 420
4 778 213 638 206
4 778 336 567 638
4 541 834 344 102
4 778 567 206 638
4 572 312 343 431
4 1174 747 403 190
4 1174 403 579 190
4 944 1320 1381 691
4 1001 757 1002 629
4 951 343 431 572
4 919 562 1068 360
4 1325 859 1258 1017
4 1017 1257 1258 534
4 758 1034 983 367
4 1386 926 1316 347
4 926 1386 1316 1368
4 926 945 1316 347
4 822 976 97 486
4 486 699 762 96
4 384 348 399 580
4 829 348 399 874
4 1039 853 701 1323
4 1039 853 1323 977
4 1242 516 1057 582
4 177 585 583 351
4 1079 498 458 1171
4 588 341 503 584
4 1366 1354 377 1345
4 791 1273 1382 1119
4 951 343 572 574
4 1273 1269 1119 791
4 1371 334 1211 1376
4 1151 1066 625 440
4 1140 588 341 503
4 589 1126 339 1156
4 1151 526 1066 440
4 185 595 494 167
4 792 329 587 590
4 196 1368 929 345
4 595 483 352 167
4 364 352 351 494
4 340 1365 346 1333
4 597 868 365 309
4 159 372 317 598
4 606 1337 319 921
4 743 887 607 500
4 319 744 61 356
4 608 646 317 319
4 601 49 50 869
4 508 609 353 349
4 475 318 614 1163
4 598 372 651 424
4 911 777 737 742
4 330 338 620 454
4 1358 1138 623 321
4 469 623 904 326
4 626 326 623 469
4 1099 1058 1175 1107
4 491 458 308 638
4 947 522 628 1352
4 853 628 533 1352
4 858 628 853 1352
4 1046 631 325 563
4 1323 332 610 354
4 986 1323 610 354
4 1081 506 388 1191
4 1112 951 574 456
4 458 638 335 308
4 635 335 212 311
4 1112 951 572 574
4 718 564 639 376
4 1107 824 1152 1203
4 1326 475 861 642
4 841 1352 803 1362
4 988 533 803 841
4 841 1352 533 803
4 656 407 686 1103
4 656 528 686 407
4 779 570 203 431
4 800 310 474 384
4 572 431 779 197
4 177 583 172 351
4 583 174 396 172
4 109 409 165 17
4 886 827 437 1171
4 1195 1129 435 1127
4 352 351 168 364
4 429 438 395 800
4 1274 1273 1382 791
4 859 763 854 502
4 55 1369 496 840
4 1211 380 1045 334
4 55 1369 840 56
4 629 1227 1002 773
4 910 436 242 648
4 629 773 1002 1001
4 775 336 567 778
4 775 567 337 569
4 775 778 311 336
4 224 220 1191 366
4 1134 175 230 989
4 1123 1093 534 1024
4 457 420 314 100
4 177 583 396 172
4 888 368 431 312
4 341 1141 1048 1332
4 1141 1332 341 591
4 504 208 1088 371
4 467 609 544 685
4 910 647 1103 329
4 910 329 1370 647
4 931 1218 468 874
4 964 1055 1184 1172
4 1172 1055 669 964
4 1190 460 659 389
4 989 1249 175 463
4 117 742 848 695
4 412 1033 533 844
4 30 1030 533 412
4 471 849 803 841
4 180 539 178 215
4 208 371 424 1088
4 49 504 873 371
4 357 337 724 569
4 1177 202 785 874
4 1096 673 1395 969
4 97 1094 479 99
4 102 662 344 452
4 15 97 99 1094
4 548 359 328 87
4 888 368 197 431
4 121 313 480 888
4 104 165 109 205
4 822 479 1394 573
4 138 566 1375 922
4 176 403 747 704
4 1168 671 102 452
4 439 182 338 330
4 1206 1123 534 1210
4 636 959 333 456
4 680 495 693 362
4 1072 855 520 1012
4 178 998 539 463
4 1012 855 520 112
4 1344 409 689 425
4 409 425 17 689
4 1344 889 409 425
4 722 859 586 1031
4 472 431 775 311
4 415 660 674 927
4 859 722 854 763
4 646 157 605 956
4 169 157 646 956
4 1082 498 862 793
4 1392 1361 752 856
4 752 1361 105 856
4 1099 1335 532 1175
4 375 796 417 439
4 692 857 461 437
4 201 185 494 171
4 175 400 435 463
4 1076 674 639 927
4 175 435 989 463
4 804 1355 53 878
4 172 202 186 741
4 1335 1058 1197 1175
4 1175 1335 532 1197
4 109 409 17 689
4 17 109 689 104
4 17 109 104 165
4 681 995 895 1083
4 681 573 1083 845
4 0 687 909 578
4 1340 687 578 909
4 830 401 1032 747
4 484 439 330 182
4 475 614 657 1163
4 349 410 208 371
4 497 1110 7 98
4 746 776 663 903
4 917 130 400 679
4 1138 326 392 923
4 844 1169 443 898
4 87 548 359 835
4 548 1363 835 87
4 1192 388 1191 1081
4 835 87 385 359
4 1026 697 713 651
4 1243 1296 864 519
4 798 1232 1193 739
4 798 739 1305 1274
4 755 678 506 1081
4 798 1193 1232 1194
4 404 791 1200 1382
4 798 1193 1194 1283
4 562 513 538 484
4 538 417 484 513
4 382 576 315 350
4 573 976 995 912
4 525 1154 1159 1042
4 1042 525 1154 632
4 876 834 863 614
4 233 1188 1342 252
4 227 1188 233 252
4 573 822 976 912
4 573 1215 995 976
4 40 575 576 1228
4 1246 969 1268 988
4 575 40 39 1228
4 23 7 1110 98
4 515 1116 1040 1348
4 1210 1123 534 1024
4 1112 770 779 431
4 431 337 311 570
4 898 679 443 130
4 755 462 1081 908
4 459 445 188 310
4 1279 1003 768 1218
4 1059 892 699 426
4 1218 1279 931 1014
4 836 31 2 628
4 712 713 162 596
4 758 808 1034 557
4 704 401 747 182
4 500 705 611 1163
4 176 747 182 704
4 913 647 1372 436
4 1312 1296 1243 1311
4 1139 1328 1017 967
4 1017 1328 854 967
4 591 934 90 89
4 1139 967 1017 952
4 1393 1260 877 1056
4 1393 1056 877 952
4 734 339 1199 1126
4 686 407 37 1103
4 419 317 596 598
4 419 159 317 598
4 419 596 317 717
4 1385 379 493 718
4 1139 1017 534 952
4 1393 527 1056 952
4 30 533 1 2
4 1 533 30 1030
4 707 571 242 312
4 707 545 571 312
4 436 647 1372 406
4 539 180 178 733
4 1393 527 1260 1056
4 650 1119 404 1284
4 1316 829 1386 347
4 1077 506 1191 427
4 119 720 971 1128
4 1128 720 123 119
4 182 621 454 401
4 182 401 454 704
4 639 564 1120 376
4 523 631 429 386
4 393 918 706 742
4 1071 465 546 549
4 737 1341 1084 777
4 331 991 405 996
4 1383 731 996 355
4 1326 475 642 1018
4 642 1326 1018 617
4 685 49 544 48
4 437 1154 827 886
4 343 345 456 925
4 343 345 925 571
4 1283 1305 798 1193
4 437 886 986 1154
4 369 1141 715 893
4 1140 1141 369 893
4 404 1200 1247 1284
4 1283 1305 404 791
4 1283 1305 1193 404
4 17 570 104 337
4 705 614 611 1163
4 657 1163 614 705
4 1267 1025 1392 752
4 752 1267 29 25
4 752 29 1267 1025
4 454 621 703 401
4 703 621 75 401
4 443 733 1169 844
4 578 687 1392 0
4 1392 1361 0 752
4 874 1179 785 1177
4 1338 1179 785 874
4 800 429 445 477
4 871 673 1395 1096
4 1395 1096 1292 871
4 367 983 894 1034
4 475 863 861 642
4 876 863 861 475
4 735 502 1031 551
4 883 67 1327 1042
4 629 1227 749 960
4 310 459 390 188
4 390 348 384 188
4 504 50 601 49
4 310 390 384 188
4 636 191 959 193
4 636 574 959 456
4 959 1316 1003 333
4 574 959 193 636
4 539 435 1129 938
4 707 242 648 312
4 107 1392 856 675
4 1208 765 1210 1325
4 344 745 451 662
4 410 208 424 651
4 371 410 208 424
4 1081 506 1191 1077
4 1328 866 735 823
4 126 391 732 120
4 885 342 394 920
4 372 159 1088 795
4 466 499 370 719
4 519 1209 1387 881
4 678 526 1151 440
4 440 462 1151 678
4 445 477 384 800
4 872 887 607 743
4 872 607 887 603
4 471 640 803 849
4 1192 221 219 278
4 213 633 219 278
4 613 616 149 605
4 1372 1360 783 1370
4 864 1295 1296 814
4 844 733 1169 373
4 605 616 149 157
4 432 1383 355 933
4 988 1030 533 1
4 635 212 277 311
4 441 635 311 335
4 441 635 277 311
4 436 634 242 648
4 97 536 479 1094
4 1026 651 713 596
4 1026 602 596 712
4 385 359 507 133
4 1026 596 713 712
4 61 1334 608 324
4 743 1163 705 500
4 743 705 887 500
4 356 921 646 319
4 837 901 902 1379
4 366 730 1019 427
4 1047 619 685 467
4 397 810 825 766
4 446 1098 1377 966
4 766 446 825 397
4 1386 829 950 1179
4 725 1162 987 738
4 348 188 390 874
4 364 351 741 494
4 484 513 439 182
4 573 479 845 681
4 768 829 347 348
4 1179 829 950 874
4 829 348 874 347
4 941 682 754 397
4 397 682 754 1354
4 754 447 941 397
4 588 584 503 496
4 1260 1000 527 1393
4 613 556 616 1097
4 1095 514 784 566
4 134 784 566 138
4 1393 1259 1260 1256
4 623 547 147 616
4 800 459 310 445
4 1393 1256 1260 1000
4 1307 1295 864 814
4 404 1200 1284 1382
4 404 1382 1284 1119
4 791 669 1252 1181
4 960 1290 963 847
4 130 400 443 1080
4 847 1249 1290 963
4 955 446 1366 1098
4 1181 1252 791 1269
4 791 1252 669 1172
4 955 1098 1366 1377
4 178 1001 998 463
4 872 508 353 349
4 872 508 349 550
4 872 550 349 346
4 340 346 550 1333
4 464 1345 448 377
4 784 145 810 547
4 923 1095 392 566
4 784 566 392 1095
4 1159 1066 1380 471
4 1053 1140 804 1176
4 1191 441 635 277
4 557 758 1059 892
4 738 277 441 1191
4 884 746 476 663
4 1138 623 326 1358
4 326 623 1138 392
4 1138 623 605 392
4 996 731 555 355
4 692 886 33 857
4 1380 977 670 1154
4 1041 986 857 1039
4 793 498 308 1082
4 793 308 491 1082
4 1393 1139 866 1329
4 353 743 500 1047
4 353 743 607 500
4 223 198 787 571
4 1337 744 319 921
4 308 638 335 633
4 635 308 358 335
4 637 192 579 1378
4 985 621 1018 620
4 435 363 226 938
4 1127 214 226 435
4 1127 226 938 435
4 903 1078 746 776
4 514 1076 1095 766
4 446 766 825 1095
4 849 1072 944 1037
4 944 1037 1268 849
4 1268 1246 988 849
4 479 822 1394 536
4 536 912 822 1394
4 212 421 358 635
4 358 421 212 490
4 747 403 190 830
4 841 803 988 849
4 985 1018 621 772
4 1363 835 73 548
4 1338 637 926 579
4 775 374 569 337
4 895 759 1263 542
4 961 834 541 102
4 870 541 618 834
4 168 364 351 741
4 168 364 741 186
4 454 621 76 703
4 703 621 76 75
4 620 621 76 454
4 1293 1276 1258 1325
4 1305 1252 816 1124
4 1305 1055 1124 816
4 1172 1252 816 1305
4 1172 1055 1305 816
4 1305 1172 1036 1055
4 689 610 425 354
4 590 329 587 1103
4 208 1280 1026 697
4 1276 1311 1253 519
4 387 783 1370 1372
4 946 1013 1318 1247
4 1242 808 577 758
4 387 897 783 1372
4 857 986 886 1039
4 1058 1122 1161 1107
4 431 770 779 570
4 690 675 1005 679
4 722 391 750 564
4 152 511 660 653
4 690 1005 1277 679
4 1079 437 827 1171
4 679 898 690 130
4 788 1186 433 975
4 1186 433 925 1135
4 1174 1032 747 190
4 461 692 421 490
4 944 1037 1072 1061
4 416 1386 667 1161
4 208 1280 697 410
4 1331 612 322 476
4 572 242 343 312
4 500 611 530 943
4 500 530 81 82
4 774 937 1342 233
4 937 233 774 539
4 792 1346 1370 329
4 387 329 1370 1346
4 920 430 170 158
4 607 410 411 1280
4 411 1280 84 607
4 1280 411 697 410
4 411 1280 697 487
4 58 554 1350 838
4 523 563 429 631
4 1083 759 529 1264
4 1083 529 759 1301
4 946 1185 782 1283
4 834 614 876 870
4 1062 781 1110 799
4 1242 1282 756 493
4 1242 516 582 756
4 1119 1269 1181 791
4 844 666 373 805
4 1027 1276 1086 519
4 895 759 542 1215
4 537 328 1004 87
4 519 1325 1276 1086
4 519 1325 1208 948
4 502 551 866 1139
4 800 523 477 128
4 373 666 1064 805
4 1064 805 1169 373
4 350 537 315 1353
4 1084 1303 1341 1250
4 1324 1353 1363 622
4 125 1328 62 497
4 1328 62 119 125
4 1208 1325 519 765
4 1341 1303 944 1250
4 827 67 1327 883
4 855 944 723 1281
4 375 513 538 562
4 375 672 538 417
4 1087 1381 855 1061
4 737 855 1281 944
4 392 810 547 784
4 442 535 807 522
4 707 481 398 571
4 442 535 427 807
4 442 427 1019 807
4 1095 514 810 784
4 738 226 388 938
4 95 376 935 721
4 1084 1341 1153 1250
4 155 169 159 608
4 1082 498 1079 862
4 1082 1079 883 862
4 1188 278 937 485
4 1324 315 1353 350
4 464 1330 516 891
4 677 82 530 500
4 677 500 530 521
4 357 179 361 760
4 738 1162 1127 1129
4 738 1162 286 226
4 1154 1159 886 670
4 602 717 606 317
4 1154 886 986 670
4 1139 1206 534 1102
4 120 391 732 564
4 479 681 732 845
4 1065 805 844 1033
4 1102 1139 502 534
4 758 1242 808 557
4 944 1012 855 1072
4 356 956 646 605
4 737 1341 112 855
4 330 338 454 182
4 737 911 112 1341
4 519 1027 881 1387
4 742 936 112 848
4 955 1366 1023 1377
4 155 1315 153 956
4 1208 1387 519 1209
4 863 80 980 79
4 923 326 392 1095
4 326 810 392 1095
4 518 1205 1394 1094
4 1039 836 853 858
4 1395 969 1268 1246
4 958 1313 1094 1394
4 1394 1313 1094 1205
4 1394 958 479 1094
4 710 1051 423 1278
4 1393 1259 967 877
4 1051 423 110 710
4 450 708 959 132
4 759 895 681 1215
4 845 846 1105 1083
4 777 1341 911 737
4 1083 846 1105 1314
4 798 1269 1273 1305
4 1393 1260 1259 877
4 845 681 732 564
4 707 481 571 545
4 451 614 645 627
4 947 522 836 628
4 858 836 853 628
4 864 759 1263 1307
4 759 814 1312 1298
4 1105 573 1313 958
4 332 890 792 329
4 573 479 1105 845
4 628 2 853 533
4 836 2 853 628
4 521 677 714 531
4 890 1346 792 329
4 1360 1353 1363 783
4 678 1352 526 1362
4 1168 452 102 541
4 758 1034 577 1356
4 808 1034 577 758
4 1106 864 586 1243
4 1356 577 668 1034
4 208 372 1088 424
4 1331 524 476 884
4 476 665 1331 884
4 404 739 1008 1200
4 402 875 618 501
4 826 318 618 402
4 1142 1330 464 891
4 1218 189 1014 468
4 517 891 1142 464
4 1342 485 937 938
4 1342 1188 937 485
4 938 774 937 1342
4 404 739 1193 1008
4 734 991 327 1199
4 560 734 327 1020
4 104 165 205 570
4 1094 958 479 99
4 1164 981 1146 413
4 931 1218 1014 468
4 870 614 876 318
4 372 795 1088 424
4 768 1316 945 347
4 768 347 945 403
4 1218 768 1014 189
4 400 706 443 463
4 864 1295 1263 1209
4 1263 1209 542 864
4 922 566 1375 722
4 1394 518 15 1265
4 1263 1295 864 1307
4 471 1362 1380 841
4 1072 9 849 1012
4 667 1182 1172 416
4 1106 846 759 970
4 960 963 1001 757
4 586 759 1106 846
4 578 1173 1005 675
4 385 507 146 133
4 608 419 169 159
4 646 419 169 608
4 645 614 80 980
4 608 419 159 317
4 608 419 317 646
4 559 804 53 878
4 759 864 1312 814
4 893 597 340 1333
4 563 631 325 429
4 1159 1154 883 1042
4 476 1044 524 612
4 826 402 618 501
4 1107 1239 1175 1287
4 1377 1089 1146 716
4 373 805 1169 844
4 605 321 604 322
4 955 1146 413 1164
4 617 861 325 429
4 1164 1377 1146 716
4 533 988 1 2
4 1361 1030 988 1
4 1107 1239 1318 1203
4 1107 1239 1288 1318
4 1107 1287 1288 1239
4 573 479 958 1105
4 391 915 558 564
4 151 142 547 157
4 474 684 580 187
4 388 730 1191 506
4 776 378 1078 455
4 746 776 476 663
4 946 975 782 433
4 501 563 402 875
4 1088 873 424 795
4 782 788 433 975
4 946 1183 782 975
4 147 547 142 157
4 1325 1017 1258 534
4 1087 906 112 1391
4 1092 1375 566 750
4 352 167 351 494
4 185 419 364 595
4 364 595 352 494
4 1076 1375 566 1092
4 720 123 552 1128
4 721 1120 806 124
4 633 213 778 278
4 1010 1155 1143 978
4 1087 906 520 112
4 1391 855 112 1087
4 213 266 778 278
4 723 1381 855 1087
4 1378 192 785 211
4 1215 486 748 699
4 1265 912 15 1394
4 108 63 936 112
4 627 745 645 451
4 375 796 672 417
4 448 1211 515 1348
4 837 1333 893 1048
4 1069 837 597 893
4 1074 890 792 332
4 1110 98 799 781
4 367 748 551 735
4 367 758 551 748
4 1175 1204 1197 1149
4 371 601 504 208
4 371 601 609 49
4 49 601 504 371
4 674 139 558 927
4 951 433 456 1185
4 17 337 104 357
4 466 688 499 719
4 266 204 206 567
4 1175 1204 260 1197
4 724 569 567 204
4 763 1328 854 502
4 801 712 162 160
4 851 766 810 397
4 646 921 356 605
4 1263 529 1307 759
4 919 381 1104 768
4 475 863 642 1018
4 79 863 80 657
4 779 245 203 570
4 929 1368 709 127
4 852 1220 1063 488
4 852 1220 592 1063
4 510 1304 324 751
4 510 1304 1315 324
4 1001 757 463 1002
4 1140 1091 1048 893
4 519 948 1031 859
4 574 636 949 456
4 775 266 567 569
4 415 1076 966 1095
4 15 99 24 1094
4 479 822 536 97
4 664 466 688 1213
4 688 466 499 1213
4 361 357 760 166
4 497 1110 62 7
4 706 742 777 911
4 706 323 911 777
4 539 435 938 443
4 345 223 637 1180
4 833 976 699 486
4 833 762 486 699
4 1069 837 1379 597
4 815 762 833 699
4 934 88 1379 652
4 934 88 1069 1379
4 1175 1149 1261 1287
4 862 827 883 67
4 15 912 536 1394
4 1309 19 1110 23
4 924 565 1216 722
4 826 318 475 1163
4 826 467 318 1163
4 671 173 585 470
4 1338 579 785 1378
4 1383 561 731 355
4 894 940 422 181
4 894 983 940 1034
4 998 539 1129 774
4 461 421 358 490
4 938 539 774 1129
4 623 605 547 616
4 374 343 951 925
4 1185 786 789 1283
4 501 1373 618 467
4 475 1018 657 863
4 741 202 390 583
4 741 390 202 874
4 875 402 618 834
4 1309 1110 1062 23
4 475 614 318 876
4 1155 485 1342 938
4 868 1054 365 309
4 128 684 477 474
4 1112 431 779 572
4 1393 62 866 1328
4 541 344 834 870
4 870 834 618 402
4 1197 1335 532 241
4 521 500 530 943
4 1395 1085 871 965
4 217 223 637 196
4 737 855 936 1281
4 942 211 190 229
4 228 189 1014 207
4 1328 735 866 502
4 563 523 44 631
4 1050 563 501 44
4 563 631 44 1050
4 501 563 875 44
4 1331 612 524 615
4 491 638 308 711
4 308 638 633 711
4 870 402 618 318
4 455 524 884 476
4 746 455 884 476
4 1092 750 927 639
4 1092 639 564 750
4 1179 1338 1386 347
4 1092 718 639 493
4 1177 190 785 202
4 1114 771 571 932
4 501 1050 44 880
4 362 680 495 885
4 723 944 855 1381
4 626 547 623 392
4 773 262 1198 1227
4 1002 262 773 1227
4 785 190 192 579
4 190 1174 192 579
4 872 743 607 353
4 410 603 607 353
4 872 353 607 603
4 622 350 1353 537
4 1324 338 350 622
4 1325 1293 1276 1086
4 1324 350 1353 622
4 1086 1293 1024 1325
4 763 1328 924 854
4 1216 763 924 722
4 597 1365 1333 872
4 1278 632 1051 630
4 937 1188 1342 233
4 227 1188 937 233
4 1282 668 473 1354
4 1039 977 1323 986
4 799 1260 1256 1062
4 844 803 666 1065
4 1316 347 768 829
4 1377 1366 1023 1371
4 448 1371 1023 1345
4 1179 1338 347 874
4 955 1089 1146 1377
4 1164 955 1146 1377
4 1107 1099 1261 1175
4 710 423 110 361
4 397 851 447 941
4 397 851 941 810
4 121 368 313 888
4 313 888 197 480
4 1176 478 1091 804
4 326 624 1358 1052
4 415 326 624 923
4 923 326 624 1358
4 591 90 934 1116
4 589 90 591 1116
4 90 589 591 1043
4 392 810 626 547
4 1195 539 435 1129
4 1041 1323 610 986
4 1114 932 248 771
4 439 417 641 42
4 439 417 330 641
4 445 459 434 905
4 724 569 337 567
4 1083 1264 995 895
4 1114 932 1187 248
4 1391 63 112 936
4 169 149 157 956
4 272 301 978 1010
4 1110 1062 1256 1309
4 1394 479 958 573
4 1062 1110 1256 799
4 1250 1303 916 1289
4 1303 1084 1289 1250
4 759 1298 1307 814
4 421 1171 358 635
4 537 101 1004 328
4 1004 328 101 420
4 1227 757 629 1002
4 1357 123 134 138
4 667 1172 1184 1109
4 1094 15 536 1394
4 420 1228 101 1004
4 1270 1249 463 1290
4 1270 1290 463 1001
4 402 834 876 870
4 80 657 81 14
4 681 759 1083 895
4 1394 518 1094 15
4 836 32 31 535
4 419 159 598 185
4 894 367 422 983
4 894 422 940 983
4 1393 1139 1329 952
4 635 358 212 335
4 1275 534 1258 1257
4 91 726 1043 962
4 1275 1293 1258 534
4 90 91 589 1043
4 1123 534 1093 952
4 1139 1206 952 534
4 374 431 775 472
4 946 975 1186 1165
4 384 399 474 580
4 946 975 433 1186
4 1275 534 1093 1293
4 17 165 104 570
4 927 1092 566 750
4 1076 514 566 1375
4 845 1031 681 564
4 416 650 1182 1172
4 391 845 479 732
4 95 582 935 376
4 1077 807 678 506
4 374 337 775 431
4 845 1031 586 759
4 1003 931 1073 753
4 642 78 438 905
4 321 605 623 616
4 616 605 547 157
4 438 78 129 905
4 1003 1279 1073 931
4 412 130 1033 898
4 412 130 116 1033
4 1154 986 977 670
4 207 1036 1279 761
4 852 488 505 540
4 852 505 780 540
4 852 1063 346 780
4 170 717 430 606
4 160 736 602 162
4 499 466 483 1213
4 519 948 1209 542
4 502 948 1031 551
4 1031 759 864 586
4 759 970 1301 1298
4 1378 764 942 1219
4 372 208 1026 651
4 1256 1062 1000 1309
4 759 1298 1301 529
4 639 558 927 674
4 900 1054 693 680
4 900 365 693 1054
4 389 1144 556 794
4 946 1165 1107 1013
4 1107 1266 1288 1287
4 650 1284 404 1247
4 1216 750 1092 564
4 1025 107 1392 752
4 752 1025 1158 29
4 752 1025 107 1158
4 525 69 11 897
4 525 897 387 1278
4 1052 904 560 546
4 525 1278 69 897
4 864 814 1296 1312
4 519 542 1209 864
4 130 690 917 115
4 690 917 115 675
4 381 484 704 182
4 360 513 484 182
4 17 179 361 357
4 17 104 179 357
4 760 166 724 206
4 357 724 760 166
4 357 724 179 760
4 224 286 226 738
4 738 224 388 226
4 738 388 224 1191
4 738 224 286 1191
4 1199 405 584 331
4 1124 1055 1036 1230
4 726 449 1043 414
4 223 1180 345 571
4 198 787 932 1336
4 1114 571 925 1180
4 573 912 1265 1394
4 624 879 1364 465
4 549 879 1364 143
4 896 912 1265 573
4 779 199 245 832
4 197 832 199 779
4 573 1265 1217 1299
4 991 432 327 405
4 327 904 560 1052
4 573 1217 1265 896
4 913 1372 1360 436
4 489 55 496 840
4 533 1030 1033 412
4 898 1033 412 844
4 858 853 977 1380
4 858 1039 977 853
4 591 934 89 1070
4 1149 1197 274 282
4 1343 682 57 754
4 754 682 57 1350
4 682 57 1350 1367
4 798 979 953 1305
4 784 1095 392 810
4 397 682 210 941
4 936 737 112 855
4 397 941 210 825
4 1050 839 44 880
4 1175 1239 1204 1149
4 519 1296 881 1027
4 954 577 668 453
4 464 93 377 448
4 1371 448 1211 1345
4 1366 1023 1371 1345
4 1192 225 221 278
4 804 559 1176 478
4 1065 860 666 1064
4 798 1147 739 1274
4 793 308 711 491
4 748 551 1031 1215
4 1326 325 617 861
4 1368 345 637 333
4 1323 700 610 599
4 1323 599 590 700
4 587 656 38 1103
4 1140 503 341 1048
4 1176 496 588 503
4 1030 1268 988 1065
4 932 787 198 571
4 591 1116 934 1332
4 568 899 40 5
4 5 568 899 382
4 1341 944 1012 855
4 425 610 332 354
4 312 368 431 572
4 312 242 368 572
4 606 717 319 317
4 93 515 448 517
4 515 448 1348 93
4 340 1333 550 478
4 248 1336 246 932
4 909 1361 1 0
4 722 763 924 854
4 758 1034 1356 983
4 368 312 888 1103
4 957 770 245 779
4 400 1080 363 443
4 363 435 400 443
4 248 932 246 771
4 944 849 1268 1012
4 1079 883 827 437
4 207 236 1036 761
4 920 342 606 921
4 921 920 430 606
4 608 356 646 319
4 921 322 356 605
4 921 744 319 356
4 892 758 1059 748
4 758 557 1034 551
4 1375 565 1357 922
4 1303 907 965 916
4 1303 1289 907 916
4 317 717 646 419
4 473 668 1282 808
4 808 1242 668 1282
4 1242 954 668 1282
4 317 717 319 646
4 472 374 951 925
4 951 374 472 431
4 1300 1090 1083 1301
4 1392 1145 1267 687
4 1392 1267 1145 1390
4 484 417 330 439
4 759 1031 864 542
4 989 175 1249 1137
4 884 702 209 369
4 1083 1300 1301 1314
4 779 195 197 832
4 596 736 602 717
4 1159 1380 1066 790
4 1293 1325 534 1024
4 986 886 1039 670
4 429 395 523 800
4 534 1325 1210 1024
4 670 1039 977 858
4 670 986 977 1039
4 1215 486 699 976
4 1108 453 668 577
4 893 837 597 1333
4 59 1108 668 1356
4 1356 1108 668 577
4 510 751 324 1334
4 510 324 608 1334
4 188 459 434 445
4 1076 1092 566 927
4 960 993 1225 973
4 582 935 376 756
4 960 1225 993 1290
4 960 1290 993 1317
4 1068 562 538 484
4 960 1317 993 973
4 944 691 1381 723
4 415 413 966 1076
4 943 370 521 719
4 521 943 383 370
4 673 1340 1395 969
4 1393 1110 866 62
4 1095 927 415 1076
4 950 829 753 874
4 245 311 570 770
4 753 829 931 874
4 447 643 1343 941
4 1343 682 754 941
4 754 447 1343 941
4 17 423 361 179
4 456 574 959 345
4 225 287 1188 252
4 1276 1253 1258 519
4 258 1001 178 1002
4 1297 953 798 979
4 258 232 178 1001
4 616 556 149 696
4 1075 1364 923 152
4 758 892 557 551
4 1048 478 893 1091
4 893 478 340 1091
4 1110 1060 1393 866
4 630 1051 332 354
4 7 866 1060 1110
4 1154 525 354 632
4 525 632 630 354
4 613 956 356 605
4 674 558 139 124
4 503 339 341 1332
4 771 932 569 545
4 775 246 569 771
4 1383 561 355 933
4 175 214 230 984
4 214 175 435 984
4 989 175 230 984
4 984 435 989 175
4 850 412 116 1030
4 95 935 94 806
4 95 935 806 721
4 938 539 937 774
4 485 388 937 938
4 999 809 1155 428
4 1144 696 460 556
4 321 605 604 1138
4 358 461 1171 421
4 1049 460 659 1190
4 943 466 370 719
4 370 943 383 466
4 750 564 391 558
4 639 564 750 558
4 639 558 750 927
4 734 560 327 991
4 1101 901 837 1351
4 910 647 1370 913
4 1172 1184 1279 1036
4 650 946 1318 1247
4 1318 946 650 1107
4 840 1038 56 1369
4 1089 93 1146 716
4 1197 268 532 821
4 1138 605 623 321
4 363 226 214 435
4 1316 829 768 1003
4 946 1107 1318 1013
4 770 570 245 779
4 1165 1013 946 1319
4 717 921 646 605
4 326 626 392 810
4 655 89 90 934
4 726 449 589 1043
4 456 1112 949 574
4 589 449 1126 1043
4 786 456 1112 949
4 661 1330 582 426
4 1033 1030 116 412
4 782 433 1135 951
4 1135 767 782 951
4 767 1112 782 951
4 622 537 1353 87
4 537 622 548 87
4 700 38 590 899
4 452 344 451 662
4 452 870 451 344
4 1242 954 1282 493
4 446 1354 1366 1098
4 356 608 646 956
4 1074 977 1380 354
4 626 140 547 810
4 140 136 547 810
4 140 136 151 547
4 867 659 843 389
4 1250 916 944 723
4 443 1080 412 130
4 362 885 509 698
4 1343 57 58 754
4 1071 879 465 549
4 465 879 1364 549
4 639 564 124 1120
4 534 502 1102 948
4 961 541 658 102
4 384 348 390 399
4 384 310 474 399
4 322 613 1097 556
4 1378 1338 637 1161
4 1161 1338 930 1122
4 1394 1299 573 1300
4 327 469 904 1052
4 327 469 432 904
4 100 320 132 457
4 100 101 457 420
4 1058 1378 637 1161
4 100 320 457 101
4 432 405 1383 469
4 432 469 1383 933
4 1305 739 791 1274
4 359 420 507 444
4 505 751 1334 324
4 1221 505 1334 324
4 224 730 1191 388
4 794 1097 1144 556
4 1144 616 556 1097
4 939 740 960 1317
4 1192 219 633 278
4 960 939 1317 973
4 1095 966 825 446
4 960 1067 1290 1317
4 740 1067 960 1317
4 960 1225 749 973
4 1328 502 866 1139
4 847 960 1225 749
4 960 847 1225 1290
4 738 428 1160 797
4 738 797 1160 987
4 415 674 413 1076
4 415 981 413 674
4 896 912 573 995
4 1341 1303 1268 944
4 598 372 317 651
4 317 651 602 596
4 1370 910 587 329
4 1316 1368 1386 333
4 1176 503 588 1140
4 1375 1128 1357 565
4 565 1128 1357 119
4 416 1172 1109 333
4 1100 629 749 1148
4 1003 1279 1184 1073
4 1041 1323 700 610
4 1187 1114 787 932
4 1041 701 700 1323
4 1053 1140 1176 588
4 787 1111 1114 1187
4 1130 1146 93 716
4 485 1188 1155 1342
4 1280 487 1026 697
4 106 8 1012 9
4 271 300 1021 286
4 1316 1003 768 1279
4 736 717 170 602
4 736 170 160 602
4 1282 1057 1345 473
4 473 808 1282 1057
4 472 431 311 770
4 997 584 1339 331
4 997 584 1369 1339
4 650 1015 1288 1266
4 650 1288 1015 1284
4 985 1326 330 620
4 1039 986 1323 1041
4 754 57 58 1350
4 807 427 1019 506
4 903 776 663 654
4 1009 1067 1290 960
4 740 1067 1009 960
4 1058 1378 217 637
4 785 211 192 190
4 923 615 604 1138
4 1364 615 923 1358
4 1279 191 1014 768
4 788 433 1186 1135
4 1114 925 1135 1186
4 1135 433 925 951
4 859 1017 948 502
4 1394 1299 1300 1205
4 1155 428 738 797
4 1394 1300 1313 1205
4 1332 1211 503 339
4 999 428 1155 797
4 140 1226 142 561
4 999 725 797 1155
4 983 1034 1028 940
4 996 432 1383 355
4 997 1339 56 555
4 997 1369 56 1339
4 339 734 331 341
4 341 584 331 339
4 86 900 992 727
4 884 476 209 663
4 884 476 665 209
4 1197 532 1175 821
4 1042 525 69 11
4 1042 11 10 525
4 476 378 455 1044
4 776 378 455 476
4 1133 1021 1011 1196
4 1279 1184 1073 761
4 1073 1014 1279 761
4 156 394 606 920
4 698 156 920 394
4 340 868 540 780
4 868 780 1054 540
4 884 746 663 702
4 884 663 209 702
4 1243 519 586 1253
4 1031 948 519 542
4 1296 1209 864 519
4 1295 1296 881 1209
4 1243 519 1253 1311
4 1243 1311 1296 519
4 738 1160 928 987
4 975 974 1167 1165
4 1332 339 589 1376
4 591 1116 1332 589
4 610 599 425 332
4 689 425 423 1051
4 1051 425 423 332
4 469 933 432 623
4 469 623 432 904
4 999 1155 809 1010
4 1155 1010 999 1342
4 987 1021 1011 928
4 668 418 1354 1350
4 618 541 875 834
4 618 541 658 875
4 523 631 386 43
4 1395 965 871 1292
4 1243 1106 864 1312
4 190 229 202 1177
4 508 467 743 1047
4 316 318 467 1163
4 1047 316 467 1163
4 192 1032 1174 190
4 773 1100 1198 1148
4 773 1227 1198 1100
4 771 932 246 569
4 366 730 427 1191
4 971 1128 1385 453
4 1128 1108 1385 453
4 379 565 453 1375
4 451 745 645 396
4 107 1392 752 856
4 107 752 1158 29
4 1035 1126 1020 449
4 1075 143 1364 152
4 158 143 1075 152
4 944 1037 1320 1268
4 535 427 807 1077
4 636 1172 1279 1036
4 1022 61 1189 1337
4 1022 744 61 1337
4 1385 453 954 493
4 1385 577 954 453
4 1242 1385 493 718
4 345 456 925 1180
4 540 505 780 1189
4 977 1154 354 986
4 1347 1225 1160 1207
4 834 627 863 614
4 344 627 614 451
4 344 627 834 614
4 61 324 608 356
4 61 744 324 356
4 1221 324 61 744
4 602 717 170 606
4 1347 1160 1225 1290
4 1347 1136 1225 1207
4 1347 1136 1308 1225
4 1347 1290 1225 1308
4 474 399 187 580
4 1012 9 860 113
4 1303 323 690 1277
4 629 960 757 1227
4 963 463 1001 757
4 1277 679 706 323
4 952 967 1017 1257
4 952 1017 534 1257
4 1275 1257 952 534
4 614 863 980 627
4 645 627 980 103
4 645 614 980 627
4 960 963 757 847
4 756 639 1120 376
4 800 438 459 445
4 1174 747 945 403
4 1268 969 1340 988
4 969 909 1340 988
4 1040 515 91 1116
4 1367 6 1038 57
4 92 515 1040 1348
4 52 878 1355 865
4 750 1216 722 564
4 1393 1328 866 1139
4 60 552 59 1108
4 497 1328 62 1259
4 1378 968 492 1058
4 1065 988 803 849
4 968 1335 492 1058
4 1242 577 668 954
4 1009 999 1322 960
4 1385 954 1242 493
4 370 383 483 466
4 125 854 1328 497
4 1009 1322 740 960
4 497 854 1328 1259
4 1317 842 812 1160
4 357 104 179 724
4 357 337 104 724
4 568 439 641 42
4 568 42 796 439
4 1036 1230 761 236
4 1326 1046 330 325
4 1326 861 826 1046
4 1326 1046 325 861
4 236 1230 761 238
4 1381 1320 944 1061
4 1109 333 1172 1003
4 1184 1109 1172 1003
4 960 999 1322 629
4 999 629 1010 1322
4 650 1181 1119 1266
4 1058 1378 211 217
4 1096 969 1395 1246
4 1030 988 533 1065
4 345 456 574 343
4 1386 1338 926 347
4 748 699 96 1059
4 748 486 96 699
4 376 935 1120 756
4 1277 1289 1303 1084
4 1052 624 1358 465
4 1385 1356 577 1108
4 952 1093 1275 534
4 112 1391 906 63
4 1054 540 649 309
4 759 681 1031 1215
4 622 87 1353 1363
4 1160 428 812 1067
4 1067 812 1160 1317
4 1381 944 855 1061
4 73 835 74 548
4 413 955 1164 1377
4 985 1046 330 1326
4 1083 970 1314 1301
4 970 846 1083 1314
4 1150 592 550 478
4 766 810 825 1095
4 720 1356 1385 1108
4 1057 1242 808 1282
4 597 1101 600 872
4 872 600 603 1101
4 211 942 785 1378
4 211 942 190 785
4 942 1177 785 1219
4 942 1177 190 785
4 1175 1152 1239 1107
4 579 403 945 347
4 654 1078 903 776
4 958 1313 28 1094
4 1094 1313 28 1205
4 1051 632 1278 69
4 1365 340 346 868
4 340 780 346 868
4 1390 578 1392 1173
4 278 1192 441 633
4 211 968 1378 1058
4 1380 354 977 1154
4 1323 1074 792 332
4 606 342 1337 921
4 342 1337 394 606
4 342 744 1337 921
4 744 319 61 1337
4 1374 1136 1207 994
4 1303 691 916 965
4 403 704 830 747
4 1290 797 428 1009
4 797 1160 1290 428
4 394 342 606 920
4 1290 428 1067 1009
4 1290 428 1160 1067
4 768 919 945 1316
4 987 928 1347 1160
4 340 852 346 780
4 340 852 592 346
4 592 1063 594 346
4 338 621 620 454
4 338 621 454 182
4 1197 821 274 268
4 902 837 893 1048
4 845 846 1083 759
4 456 951 343 925
4 845 759 586 846
4 571 345 925 1180
4 1058 1175 1335 1099
4 107 856 111 115
4 576 315 537 1004
4 833 762 97 486
4 1294 952 1093 1016
4 1139 1328 502 1017
4 1393 1328 1139 967
4 619 685 719 1047
4 502 1328 854 1017
4 456 951 574 343
4 777 1303 1341 1084
4 725 938 1155 1342
4 777 323 1341 1303
4 277 635 218 212
4 1220 114 828 1063
4 519 1031 586 859
4 930 1219 764 1338
4 960 1290 1001 963
4 1115 779 243 786
4 1220 1063 594 592
4 9 1012 1072 8
4 106 1012 8 112
4 196 637 1368 345
4 526 440 1362 1066
4 1066 790 1362 526
4 1362 440 640 1066
4 191 189 1014 768
4 271 300 1196 1021
4 1105 573 1314 990
4 573 1300 1314 990
4 362 495 693 509
4 169 419 185 159
4 1215 1031 759 542
4 1024 1325 765 819
4 415 981 1164 413
4 1278 1051 423 630
4 404 739 791 1305
4 786 222 779 243
4 1127 1162 226 250
4 891 93 377 464
4 464 377 891 516
4 54 882 53 1212
4 882 553 53 1212
4 1053 804 559 1176
4 1176 1053 489 559
4 944 1320 1037 1061
4 946 433 782 1185
4 526 1352 858 1362
4 1077 947 526 678
4 526 947 858 1352
4 790 858 1362 526
4 807 427 506 1077
4 1075 615 612 604
4 1182 1244 416 676
4 1072 1012 520 8
4 112 855 520 1087
4 738 441 388 1191
4 456 345 637 1180
4 466 664 688 719
4 48 664 47 685
4 688 664 48 685
4 1268 988 1340 1361
4 943 619 719 1047
4 988 909 1340 1361
4 424 208 372 651
4 779 195 832 222
4 1338 930 1219 1029
4 833 15 536 97
4 606 921 319 717
4 1395 1268 1303 1246
4 1128 720 1385 1108
4 720 1128 552 1108
4 601 349 508 550
4 785 190 579 188
4 864 1106 586 759
4 1031 859 948 502
4 855 1391 723 1087
4 1165 974 1167 787
4 788 1165 1186 975
4 492 1122 1058 1099
4 948 1017 534 502
4 1293 1325 1258 534
4 450 195 574 708
4 450 574 959 708
4 952 1275 1016 527
4 1093 1275 1016 952
4 573 1299 1394 1265
4 1338 1179 1029 1219
4 450 959 314 132
4 450 574 314 959
4 867 553 659 1190
4 553 1049 659 1190
4 1132 1134 1374 1137
4 270 1201 1157 280
4 1165 1201 982 974
4 202 174 390 583
4 1363 87 548 622
4 864 1106 759 1312
4 534 1210 1102 1206
4 484 417 439 513
4 272 978 1342 1010
4 1011 271 1374 1196
4 845 759 1083 681
4 148 615 612 1075
4 1074 1323 977 354
4 977 354 1323 986
4 1206 1123 1294 952
4 360 176 182 381
4 360 484 381 182
4 1206 534 1123 952
4 573 1083 1217 995
4 573 1090 1083 1300
4 1083 573 1300 1314
4 1083 1090 573 1217
4 368 242 312 910
4 368 910 312 1103
4 1355 828 51 594
4 1355 1220 828 594
4 690 675 578 1005
4 813 1291 817 773
4 817 1291 1148 773
4 817 813 773 1143
4 752 111 107 856
4 925 1186 1180 456
4 418 473 1354 380
4 654 378 1078 776
4 1052 465 546 449
4 546 465 1071 449
4 1036 1230 1184 761
4 1279 1184 761 1036
4 1268 988 1065 849
4 161 598 795 159
4 1150 594 601 550
4 592 594 1150 550
4 461 692 1171 421
4 1097 321 322 1331
4 794 1097 665 1331
4 519 1253 1258 859
4 656 686 38 1103
4 1103 656 407 121
4 134 566 1375 138
4 717 430 921 604
4 1220 114 52 828
4 1023 1348 93 716
4 1377 1348 1023 716
4 1175 1149 1197 821
4 1111 1114 1135 1186
4 1101 1351 837 597
4 348 188 874 347
4 874 579 347 188
4 1215 551 892 748
4 779 222 832 243
4 949 779 786 222
4 692 886 857 437
4 465 1052 546 1358
4 245 570 311 265
4 570 205 311 265
4 1276 1325 519 1258
4 923 624 152 1364
4 112 737 936 742
4 112 1391 936 855
4 379 971 1385 453
4 1053 55 489 54
4 126 391 479 732
4 1083 1264 895 759
4 439 330 338 641
4 568 439 338 641
4 309 1054 900 680
4 990 1300 1313 573
4 554 1028 668 418
4 554 59 668 1028
4 1350 554 668 418
4 765 1024 1210 1325
4 258 773 1001 1002
4 952 527 1056 1275
4 668 808 1034 577
4 944 691 723 916
4 727 680 693 362
4 472 571 374 925
4 59 668 1028 1356
4 1116 1211 1332 1376
4 1348 1116 1040 589
4 1211 1116 515 1348
4 1160 1317 842 1207
4 1160 993 1317 1207
4 870 344 614 451
4 1395 1310 1085 907
4 1395 1005 1289 1277
4 511 624 152 660
4 1085 1340 1395 1178
4 573 822 912 1394
4 1380 1159 670 790
4 194 637 926 1368
4 1386 950 1109 1029
4 1113 431 472 770
4 497 1259 62 1110
4 787 1111 1186 1114
4 150 612 604 1075
4 158 604 920 430
4 131 911 393 1169
4 393 918 742 695
4 1393 877 967 952
4 584 405 1339 331
4 331 405 1339 996
4 449 1035 1126 1043
4 668 1242 808 577
4 1290 1249 847 1308
4 1053 843 804 1140
4 1053 1212 804 843
4 804 843 1091 1140
4 637 1386 926 1368
4 1122 1338 764 1378
4 51 594 601 1150
4 1303 690 578 1277
4 517 93 891 464
4 929 1368 196 709
4 436 72 634 71
4 910 648 647 436
4 616 547 147 157
4 331 1199 405 991
4 60 1028 983 1356
4 737 944 1341 855
4 1124 1305 1036 1055
4 1172 1252 669 816
4 1172 1055 816 669
4 999 428 1009 809
4 1281 944 723 1153
4 737 1281 1153 944
4 1009 428 740 809
4 408 1131 1146 1164
4 573 1394 1313 958
4 802 951 1113 767
4 1113 951 802 472
4 1113 951 472 431
4 1113 951 1112 767
4 978 1342 1188 252
4 1360 71 72 436
4 436 1360 71 1372
4 648 122 406 634
4 436 648 406 634
4 436 648 647 406
4 647 1370 913 1372
4 848 936 112 108
4 798 739 1193 1305
4 1141 1069 663 893
4 1070 1141 1069 663
4 872 346 603 1365
4 1138 326 923 1358
4 1165 1201 974 1157
4 974 972 1165 1157
4 1303 1320 691 1096
4 680 649 495 885
4 1165 1201 1157 270
4 804 1091 1176 1140
4 1157 972 1165 270
4 1003 636 333 1172
4 1174 945 579 403
4 636 959 1003 333
4 636 1003 1279 1172
4 1279 191 1316 959
4 636 191 1279 959
4 344 614 834 870
4 932 200 569 545
4 932 246 569 200
4 266 204 569 200
4 845 573 1083 1105
4 1083 573 1314 1105
4 1372 436 406 71
4 1225 993 1160 1207
4 1225 1160 993 1290
4 897 1278 1372 387
4 851 514 810 766
4 1175 1239 1149 1287
4 997 331 1339 996
4 997 588 584 331
4 339 1199 584 331
4 588 341 584 331
4 339 734 1199 331
4 205 212 311 265
4 1391 1281 936 855
4 787 270 1165 972
4 269 953 1297 979
4 779 832 247 243
4 1115 247 243 779
4 779 832 245 247
4 957 779 247 1115
4 957 245 247 779
4 921 612 322 604
4 256 1336 248 1187
4 1264 1263 759 529
4 895 1264 1263 759
4 1325 859 1017 948
4 1107 1266 1287 1244
4 1374 1347 1136 1137
4 801 713 162 712
4 910 368 656 1103
4 525 890 1074 630
4 1276 1027 1311 519
4 1074 525 630 354
4 930 1122 667 1161
4 598 795 372 424
4 676 667 1122 1161
4 1374 842 1133 1166
4 1374 842 1166 1207
4 787 974 1167 972
4 404 1247 1008 1222
4 1222 404 1247 946
4 404 1008 1247 1200
4 591 589 1156 1043
4 1243 519 864 586
4 415 660 137 674
4 415 137 1164 981
4 415 137 981 674
4 137 415 511 660
4 1083 759 970 1301
4 759 846 1083 970
4 1215 748 486 681
4 1323 332 354 1074
4 1290 987 1160 797
4 987 1290 1160 1347
4 334 581 1045 339
4 1369 6 1038 1367
4 1211 1376 1116 1348
4 584 1045 1369 581
4 1348 1116 589 1376
4 1099 1122 1058 1107
4 339 581 1045 584
4 152 141 511 1306
4 910 647 913 436
4 1316 768 191 1279
4 60 1108 59 1356
4 118 1064 373 860
4 1117 1309 1110 1256
4 860 373 666 1064
4 26 112 906 63
4 26 112 520 906
4 1197 1058 260 1175
4 429 642 395 438
4 1107 1122 1161 676
4 1316 919 191 768
4 16 19 1110 1309
4 1110 1256 1060 1117
4 1110 16 1309 1117
4 759 864 1263 542
4 457 420 101 328
4 628 31 2 533
4 2 30 533 31
4 1032 747 190 830
4 1089 955 1023 1377
4 1148 1291 1198 773
4 272 773 301 1010
4 297 813 1143 773
4 989 1374 230 1134
4 297 1143 301 773
4 1115 255 243 247
4 1115 243 255 263
4 1384 1115 243 786
4 263 1115 243 1384
4 804 478 1091 592
4 852 1063 592 346
4 481 198 398 571
4 389 460 556 1144
4 380 418 1045 581
4 571 932 771 545
4 472 771 775 374
4 258 232 1001 773
4 745 344 451 627
4 1113 1112 431 770
4 1178 673 1395 871
4 1395 871 1085 1178
4 573 1299 1090 1300
4 256 244 1336 1187
4 787 1187 244 972
4 244 1187 256 972
4 244 787 1336 1187
4 1277 690 578 1005
4 431 337 775 311
4 668 808 1028 1034
4 113 64 9 860
4 1208 765 519 1387
4 342 1022 649 394
4 1022 1189 649 394
4 1395 969 1340 1268
4 436 634 406 71
4 702 1141 715 369
4 1143 817 1010 773
4 193 636 216 949
4 195 193 216 949
4 418 380 1354 581
4 1338 785 579 874
4 874 785 579 188
4 1174 945 926 579
4 650 1181 1266 1244
4 1374 1347 842 1207
4 1374 1347 928 842
4 987 1347 928 1374
4 1362 471 803 841
4 989 1137 1249 1347
4 989 1137 1347 1374
4 989 1249 1270 1347
4 1026 697 651 208
4 1268 1037 1246 849
4 875 1373 880 45
4 1012 944 1341 1268
4 472 771 374 571
4 1330 1057 582 426
4 831 426 815 661
4 960 1227 749 847
4 960 847 757 1227
4 702 663 209 715
4 525 387 890 630
4 1386 637 1161 333
4 1063 114 751 488
4 1220 488 114 1063
4 861 429 642 395
4 809 817 1010 1143
4 809 1155 1143 1010
4 292 811 284 249
4 292 249 296 811
4 296 249 1196 811
4 249 994 811 284
4 1196 1374 811 249
4 1374 811 249 994
4 559 53 489 878
4 431 951 374 343
4 431 343 374 312
4 197 431 779 199
4 613 616 321 1097
4 573 1217 1090 1299
4 1165 1201 1241 982
4 1395 1005 1390 1202
4 412 443 898 844
4 443 412 898 130
4 478 1150 1355 878
4 782 1185 789 1283
4 769 786 1185 1112
4 787 1167 1187 972
4 992 365 693 900
4 1244 1107 416 676
4 1165 270 1241 1201
4 545 198 200 481
4 1086 1325 1024 819
4 315 537 1004 1353
4 608 324 956 356
4 374 571 545 312
4 449 546 414 1071
4 726 449 414 1071
4 786 1112 779 949
4 150 612 920 604
4 878 53 52 1355
4 858 947 628 1352
4 858 947 836 628
4 362 885 495 509
4 743 467 1163 1047
4 33 1039 1041 857
4 521 943 530 531
4 1316 1003 1386 829
4 1316 333 1386 1003
4 1386 1003 1109 829
4 381 768 945 403
4 415 1095 923 927
4 152 624 923 660
4 1119 650 791 1181
4 278 388 937 485
4 1109 667 1386 1214
4 592 1220 1355 594
4 1259 854 1328 967
4 1250 944 1153 723
4 998 539 774 233
4 322 665 1331 476
4 322 665 1097 1331
4 674 139 927 660
4 944 1320 1303 1268
4 1051 354 689 425
4 1386 333 1109 1003
4 484 182 454 704
4 522 535 31 442
4 1157 280 264 244
4 1332 1376 589 1116
4 787 244 270 972
4 264 972 244 256
4 1059 426 96 831
4 270 244 280 1157
4 1081 388 755 1192
4 772 12 1349 1363
4 944 1320 691 1303
4 1066 640 625 440
4 276 773 1198 1291
4 1198 276 262 773
4 914 123 1357 138
4 1357 138 922 914
4 596 602 317 717
4 449 1035 414 546
4 459 905 438 129
4 571 1180 787 223
4 900 680 693 727
4 1114 1180 787 571
4 574 193 959 708
4 389 556 460 659
4 681 748 1031 1215
4 1338 1219 764 1378
4 1058 1122 492 1378
4 844 666 805 1065
4 1065 666 805 1064
4 107 675 856 115
4 738 441 278 388
4 1192 441 1191 388
4 1003 1184 1109 1073
4 1003 1073 1109 753
4 901 887 84 1101
4 1101 887 84 603
4 1010 301 978 1143
4 1010 773 301 1143
4 343 571 374 312
4 1070 654 903 663
4 746 903 663 702
4 1140 893 843 1091
4 253 1124 818 953
4 416 1182 676 667
4 1107 650 1266 1244
4 1303 1277 1084 777
4 1303 1277 777 323
4 93 517 448 464
4 670 1154 1159 1380
4 1207 842 1160 1347
4 1160 1317 993 1290
4 33 1041 34 1170
4 699 815 762 96
4 1133 1374 811 1196
4 93 716 1348 1130
4 1172 1182 667 964
4 1172 667 1184 964
4 478 592 1355 1150
4 630 1051 423 332
4 505 751 324 488
4 1036 1055 1184 1230
4 573 1217 896 995
4 135 139 124 674
4 905 438 445 459
4 1247 946 404 650
4 1088 371 424 873
4 1088 504 371 873
4 569 246 266 200
4 890 329 332 630
4 241 237 1197 1058
4 488 1063 852 505
4 1197 241 254 237
4 464 1330 1057 516
4 1004 87 328 420
4 258 1002 262 773
4 1226 626 623 469
4 738 428 928 1160
4 827 1159 886 1154
4 768 1218 1014 1279
4 1181 1244 650 1182
4 1048 478 1091 1176
4 653 660 137 511
4 137 139 660 653
4 137 660 139 674
4 1161 1386 1029 1338
4 1242 1282 1057 516
4 1242 1282 516 756
4 225 755 388 1192
4 1221 505 324 488
4 1347 1290 1249 1270
4 619 618 1373 467
4 47 685 544 48
4 47 544 543 48
4 787 1336 223 244
4 875 834 541 961
4 1168 102 658 541
4 1244 1261 1287 1107
4 606 430 921 717
4 1242 1057 808 557
4 1215 699 748 892
4 1172 1181 791 650
4 1362 471 640 803
4 1041 3 33 34
4 1175 821 1261 1149
4 1161 930 1029 1214
4 1161 930 1338 1029
4 1214 667 1386 1161
4 817 740 1322 939
4 939 740 1322 960
4 740 817 1322 809
4 798 1297 820 1147
4 875 880 44 45
4 979 1297 1229 798
4 953 818 259 1359
4 820 798 1229 1297
4 543 1373 46 45
4 405 731 1339 996
4 200 1336 198 932
4 571 198 545 481
4 46 543 47 1373
4 1070 1332 1141 591
4 489 496 588 1176
4 489 55 588 496
4 1175 303 270 260
4 866 62 1110 7
4 1075 1364 615 923
4 1395 1289 1202 907
4 1248 851 136 643
4 377 1023 448 93
4 1023 448 93 1348
4 801 1026 713 712
4 1378 579 785 192
4 637 192 926 579
4 192 637 926 194
4 192 1174 926 579
4 737 1341 1153 1084
4 1153 1341 944 1250
4 1026 144 713 697
4 144 713 801 1026
4 1042 67 10 11
4 1175 1261 1107 1287
4 1372 12 1360 71
4 1363 12 73 72
4 1262 1305 1124 1252
4 1269 1252 1305 1262
4 13 74 75 1349
4 772 621 75 13
4 1018 512 77 13
4 844 1065 1033 533
4 533 1065 1033 1030
4 1303 1277 578 1395
4 578 1173 1390 1005
4 1234 303 270 1175
4 878 1150 1355 865
4 1355 51 865 1150
4 1112 951 431 572
4 605 717 921 604
4 416 667 1109 1172
4 943 521 500 1047
4 943 719 521 1047
4 195 193 574 708
4 796 42 672 417
4 1393 866 1060 1329
4 629 939 973 1148
4 629 973 749 1148
4 629 939 960 973
4 629 960 749 973
4 465 1364 546 549
4 1114 1186 787 1180
4 687 909 1340 969
4 316 618 619 467
4 619 467 1373 47
4 81 614 611 705
4 657 705 614 81
4 80 614 81 657
4 1374 928 1133 842
4 787 1165 1186 788
4 30 412 850 1030
4 901 652 902 1379
4 501 880 1373 543
4 687 21 1392 0
4 752 0 105 1361
4 120 915 391 564
4 752 856 105 111
4 1140 1176 503 1048
4 1191 635 220 277
4 18 22 112 520
4 8 18 112 520
4 26 520 112 22
4 537 87 1004 1353
4 616 1144 556 696
4 868 540 1054 309
4 1009 797 428 999
4 1053 489 588 1176
4 1053 55 588 489
4 683 225 221 1192
4 700 4 38 899
4 1140 1141 1048 341
4 1386 1109 416 667
4 1161 1214 1029 1386
4 700 3 35 36
4 996 991 405 432
4 1279 1014 1073 931
4 1165 1224 975 974
4 1386 950 1029 1179
4 933 469 1383 1226
4 469 1226 933 623
4 956 608 646 169
4 446 825 1098 966
4 1161 1378 1338 1122
4 1386 1214 1029 1109
4 829 753 1109 950
4 17 425 423 689
4 1218 1003 931 1279
4 1010 817 629 773
4 629 1100 773 1148
4 525 632 1278 630
4 525 387 630 1278
4 387 1278 1372 630
4 629 1227 773 1100
4 1114 771 472 571
4 1347 1249 1290 1308
4 1083 529 1090 1264
4 637 1386 1161 1338
4 43 1050 42 5
4 5 1050 839 43
4 278 1188 225 287
4 1192 278 388 225
4 278 225 937 388
4 448 1348 1371 1211
4 328 87 359 420
4 359 87 507 420
4 1303 1096 691 1292
4 1303 965 1292 691
4 924 119 565 914
4 1050 43 42 631
4 294 1297 288 1147
4 294 302 1297 1147
4 1297 1233 288 1147
4 1147 1297 1233 798
4 1050 44 839 43
4 885 394 509 698
4 885 394 495 509
4 1070 654 89 903
4 1359 1297 1233 288
4 798 1359 1297 1233
4 1063 114 828 694
4 1259 1328 1393 967
4 1124 1036 253 1230
4 1305 1036 953 1124
4 1014 761 207 1279
4 191 1014 207 1279
4 1014 189 191 207
4 1126 1035 1156 1043
4 589 1126 1156 1043
4 240 238 1230 236
4 240 253 236 1230
4 253 1036 259 236
4 1036 236 253 1230
4 1054 495 680 649
4 759 529 1307 1298
4 893 902 1069 837
4 902 837 1379 1069
4 1395 1202 1390 1310
4 1395 1390 1085 1310
4 1036 207 1279 636
4 1105 573 990 1313
4 1290 1308 847 1225
4 1369 581 6 1367
4 1369 1045 6 581
4 955 1098 1377 446
4 692 857 33 1170
4 33 857 1041 1170
4 33 886 1039 857
4 1336 223 198 787
4 1187 1336 932 787
4 475 863 614 876
4 467 544 619 685
4 685 609 544 49
4 604 921 612 920
4 119 1357 565 914
4 1342 1155 978 1188
4 1354 682 754 1350
4 576 101 1228 1004
4 575 576 1228 1004
4 501 1373 467 543
4 1132 994 249 284
4 1374 249 1134 1132
4 994 1132 249 1374
4 836 535 522 947
4 1011 928 1021 1133
4 987 1374 928 1011
4 738 1021 1162 987
4 1011 928 1133 1374
4 802 951 767 1135
4 439 42 796 417
4 972 1157 264 244
4 270 244 1157 972
4 787 1186 1111 788
4 787 788 1111 1167
4 1282 1354 473 1345
4 759 1312 970 1298
4 1354 473 1345 380
4 1139 1017 502 534
4 1393 967 1139 952
4 952 877 967 1257
4 1267 1392 21 752
4 1267 21 25 752
4 1392 0 21 752
4 354 1380 1074 525
4 824 1107 1175 1165
4 382 1050 641 1046
4 382 568 641 1050
4 1046 631 641 330
4 1312 1106 759 970
4 787 1111 1187 1167
4 719 619 664 685
4 719 664 688 685
4 952 1139 1329 1206
4 342 1337 1022 394
4 1022 1337 1189 394
4 1022 744 1337 342
4 1197 254 532 268
4 285 813 293 773
4 293 297 773 813
4 773 1291 285 813
4 640 849 64 803
4 853 1352 841 1362
4 1373 543 880 45
4 1190 460 1144 696
4 751 1304 324 488
4 1341 855 1012 112
4 456 959 333 345
4 975 1167 788 1165
4 1395 1096 1303 1292
4 1395 965 1292 1303
4 652 934 89 655
4 932 1336 1187 248
4 127 709 929 444
4 1395 1005 1202 1289
4 276 285 773 1291
4 118 860 373 64
4 9 64 10 849
4 544 869 49 601
4 887 607 84 603
4 618 467 318 826
4 501 618 826 467
4 118 64 113 860
4 560 1052 546 449
4 560 1020 1052 449
4 1385 1108 577 453
4 1347 1137 1249 1308
4 1083 1090 529 1301
4 620 1018 617 76
4 845 681 1031 759
4 330 1326 617 620
4 1374 1207 1166 994
4 136 145 151 547
4 1083 1264 1217 995
4 1083 1090 1217 1264
4 1268 1246 1037 1320
4 516 1057 1345 1282
4 516 1282 1345 377
4 59 1028 60 1356
4 938 774 1342 725
4 1242 1057 1059 582
4 1383 561 933 1226
4 897 70 71 1278
4 1211 334 1045 339
4 737 1341 944 1153
4 1204 1152 1175 260
4 260 1204 1152 289
4 260 303 295 1152
4 260 289 1152 295
4 1175 1152 303 260
4 1347 1160 928 842
4 968 211 1378 764
4 764 942 211 1378
4 13 73 74 1349
4 631 523 44 43
4 999 1322 1010 809
4 809 817 1322 1010
4 11 69 70 897
4 983 1356 1028 1034
4 500 81 530 611
4 500 81 611 705
4 1159 471 525 1042
4 1159 1066 471 1327
4 471 1042 1159 1327
4 334 1354 380 581
4 282 1197 274 260
4 1204 260 282 289
4 1374 1136 1347 1207
4 855 1072 520 1061
4 1087 855 520 1061
4 515 93 1348 92
4 1130 93 92 1348
4 338 1046 330 985
4 792 315 1346 382
4 1395 907 965 1303
4 1367 1350 6 57
4 1350 6 57 58
4 58 838 1350 6
4 1066 790 1380 1362
4 1380 1066 1362 471
4 1362 640 471 1066
4 859 1325 519 948
4 953 1305 1124 1262
4 1269 1262 1305 953
4 1269 953 1305 798
4 939 1322 629 960
4 540 488 505 1221
4 629 939 1148 817
4 817 1322 629 939
4 1250 1303 944 916
4 560 449 546 1035
4 560 1020 449 1035
4 560 734 1020 1035
4 872 1101 837 597
4 85 901 84 1101
4 1395 1303 1277 1289
4 1395 1303 1289 907
4 551 758 892 748
4 772 1349 13 75
4 772 621 622 75
4 576 899 40 568
4 382 576 350 338
4 382 568 576 338
4 1324 338 382 350
4 1324 338 622 621
4 875 658 618 1373
4 618 875 1373 501
4 1018 863 642 78
4 14 79 80 657
4 1031 722 763 1216
4 148 1364 615 1075
4 652 934 88 89
4 785 1177 1179 1219
4 1378 942 785 1219
4 944 1072 855 1061
4 1145 1340 1085 1178
4 460 1190 1144 389
4 345 1368 929 314
4 861 563 325 429
4 1330 94 516 891
4 1142 661 1330 94
4 1178 673 1340 1395
4 642 78 905 617
4 642 1018 78 617
4 1149 821 274 1197
4 568 1050 42 641
4 411 1280 487 84
4 603 84 1280 607
4 86 85 1351 901
4 39 899 575 38
4 575 899 587 38
4 783 1324 1353 1363
4 785 1179 1338 1219
4 1360 12 1363 72
4 1133 1374 1196 1011
4 1378 785 1338 1219
4 579 1338 637 1378
4 217 637 1378 192
4 1018 621 76 620
4 1050 42 641 631
4 41 42 568 5
4 5 1050 42 568
4 338 330 620 985
4 985 338 621 620
4 338 641 1046 382
4 1067 1160 1290 1317
4 668 1028 473 418
4 668 473 1354 418
4 1102 1208 1210 1325
4 819 765 519 1325
4 837 872 597 1333
4 426 557 1059 892
4 775 246 266 569
4 210 581 1354 334
4 210 682 1354 581
4 943 466 719 619
4 914 565 924 722
4 922 565 914 722
4 914 924 125 722
4 1172 1055 1184 1036
4 134 514 810 851
4 810 514 134 784
4 1393 1329 1256 1000
4 12 73 1349 1363
4 1349 548 1363 73
4 559 53 54 489
4 559 1053 489 54
4 40 576 101 1228
4 1053 804 53 559
4 1053 53 54 559
4 1091 478 340 592
4 655 1116 91 515
4 1360 12 72 71
4 590 1103 587 38
4 590 587 899 38
4 913 1370 1360 1372
4 647 329 1370 1372
4 1215 551 1031 542
4 897 1372 71 12
4 897 1278 71 1372
4 1323 332 590 599
4 387 630 1372 329
4 1338 926 347 579
4 926 945 347 579
4 525 632 69 1278
4 630 632 1051 354
4 700 35 610 599
4 610 35 1344 599
4 610 1344 425 599
4 1046 861 826 563
4 1046 563 325 861
4 1053 867 1212 843
4 1053 867 843 1140
4 872 603 887 1101
4 655 90 91 1116
4 90 655 934 1116
4 676 416 1161 1107
4 1242 718 493 756
4 702 715 209 369
4 576 1004 537 101
4 464 1057 1345 516
4 464 516 1345 377
4 544 869 601 1150
4 356 605 322 613
4 1356 668 1028 1034
4 429 438 800 445
4 438 905 445 429
4 415 923 660 927
4 1178 687 1340 673
4 578 1361 1268 1340
4 1248 851 643 447
4 1375 1357 134 138
4 923 615 1138 1358
4 1386 1179 1029 1338
4 988 803 533 1065
4 988 1030 1361 1268
4 1366 380 1371 334
4 1366 1345 380 1354
4 1177 942 190 229
4 96 426 815 831
4 978 252 1188 287
4 1354 1350 418 581
4 1098 334 1366 1371
4 1089 1023 93 716
4 51 601 50 869
4 853 533 2 988
4 158 920 150 154
4 1047 353 508 609
4 1047 609 467 685
4 1047 508 467 609
4 1053 867 882 1212
4 843 209 389 659
4 389 209 556 659
4 369 209 389 843
4 543 544 728 48
4 734 991 1199 331
4 1116 589 90 91
4 588 584 496 1369
4 997 588 1369 584
4 1324 338 621 985
4 1221 505 540 1189
4 852 1063 780 505
4 455 148 524 1044
4 1041 700 35 610
4 326 626 623 392
4 1042 471 525 10
4 471 1042 1327 10
4 118 131 373 1064
4 1150 869 51 865
4 376 1120 935 721
4 721 935 806 1120
4 568 576 899 382
4 772 1018 621 13
4 1165 1203 824 1107
4 915 558 124 139
4 473 1028 668 808
4 1270 463 1195 998
4 853 533 988 841
4 853 1352 533 841
4 603 607 1280 410
4 510 694 1304 751
4 592 594 1355 1150
4 340 346 592 550
4 592 346 594 550
4 600 597 1365 868
4 597 1365 868 340
4 597 1351 600 1101
4 597 365 600 1351
4 1268 849 1065 1012
4 803 860 849 64
4 471 640 10 66
4 1066 640 471 66
4 66 1066 1327 471
4 215 539 998 233
4 1385 577 1242 954
4 547 142 626 623
4 547 151 140 142
4 639 564 558 124
4 120 1120 376 721
4 379 565 971 453
4 1375 453 1128 565
4 879 141 1364 143
4 624 141 1364 879
4 152 624 141 1364
4 526 678 947 1352
4 604 321 615 612
4 321 615 612 1331
4 605 149 613 956
4 615 148 612 524
4 956 608 169 155
4 608 510 155 956
4 1075 143 148 1364
4 1057 426 1059 582
4 786 1125 769 789
4 314 959 1368 127
4 521 531 714 383
4 76 1018 77 13
4 415 1164 1377 413
4 415 413 1377 966
4 1375 566 750 722
4 1370 1360 783 1353
4 387 783 1324 1370
4 920 156 170 606
4 649 1189 495 394
4 722 1216 1031 564
4 322 556 1097 665
4 1354 210 1098 446
4 885 920 394 698
4 1047 500 943 316
4 500 611 316 1163
4 500 611 943 316
4 500 316 1047 1163
4 1324 1370 315 1346
4 1346 315 1324 382
4 1131 1321 1146 981
4 966 446 413 1377
4 446 955 413 1377
4 327 432 560 904
4 991 560 327 432
4 478 1355 592 804
4 81 657 705 644
4 1075 604 150 158
4 601 550 508 1150
4 339 1045 503 584
4 1211 1045 503 339
4 826 861 402 563
4 611 614 316 1163
4 1160 928 812 428
4 605 613 616 321
4 351 171 585 494
4 772 622 1349 75
4 622 548 1363 1349
4 772 1363 1349 622
4 155 1315 956 510
4 1379 837 1351 597
4 1351 597 365 900
4 741 172 583 351
4 202 172 583 741
4 1042 525 632 69
4 141 624 152 511
4 858 1352 853 1362
4 550 594 601 346
4 315 587 575 792
4 1324 382 315 350
4 387 1372 1370 329
4 578 1361 1392 856
4 1392 578 675 1173
4 467 1373 47 543
4 664 619 47 685
4 467 544 47 619
4 639 558 674 124
4 124 1120 120 721
4 1018 13 76 621
4 150 612 1075 148
4 612 148 150 524
4 601 349 208 371
4 565 1357 922 914
4 465 1358 546 1364
4 371 349 609 601
4 508 601 609 349
4 544 49 609 601
4 1323 599 610 332
4 576 575 315 1004
4 382 575 315 576
4 1351 85 600 1101
4 1351 365 600 85
4 1101 600 603 85
4 122 481 398 707
4 1361 1 988 909
4 861 1326 642 617
4 872 1365 603 600
4 1023 1345 377 448
4 418 581 1350 1367
4 682 1367 1350 581
4 1044 150 524 612
4 426 582 831 1059
4 426 1057 1059 557
4 516 1330 1057 582
4 516 94 582 935
4 836 522 31 628
4 1338 579 347 874
4 568 641 338 382
4 1355 594 51 1150
4 616 613 149 556
4 1370 1324 1353 783
4 1348 1371 1211 1376
4 683 755 225 1192
4 380 1211 1371 334
4 1377 1371 1023 1348
4 624 1364 1358 465
4 660 624 923 415
4 923 624 1364 1358
4 997 996 1339 555
4 999 1322 809 1009
4 1047 316 619 467
4 55 588 496 1369
4 55 588 1369 997
4 1050 631 1046 563
4 1050 631 641 1046
4 1070 902 1332 934
4 937 227 225 1188
4 278 937 225 1188
4 211 229 942 235
4 1114 472 802 925
4 1376 1211 1332 339
4 989 1134 1137 1374
4 840 6 1038 1369
4 734 1199 1020 1126
4 150 604 920 158
4 866 181 735 823
4 194 637 1368 196
4 345 637 223 196
4 743 1163 500 1047
4 496 1045 840 1369
4 1045 6 840 1369
4 810 134 136 145
4 962 726 1043 414
4 949 779 222 195
4 604 430 921 920
4 949 222 216 195
4 867 659 553 1212
4 334 380 1045 581
4 1113 957 1112 770
4 1113 951 431 1112
4 779 199 203 245
4 802 951 1135 925
4 582 516 935 756
4 12 13 772 1349
4 776 455 746 476
4 1386 347 829 1179
4 1003 1172 1184 1279
4 932 571 198 545
4 311 337 336 570
4 484 330 454 182
4 1054 495 693 680
4 1182 1244 650 416
4 1324 382 338 985
4 1031 735 551 748
4 503 1045 496 584
4 496 1045 1369 584
4 421 212 218 635
4 389 794 556 209
4 395 861 429 563
4 1115 779 1112 957
4 1115 767 1112 769
4 1115 957 1112 767
4 581 418 6 1367
4 803 64 666 860
4 1027 1086 819 519
4 681 895 995 1215
4 405 731 996 1383
4 996 432 405 1383
4 253 1124 953 1036
4 1279 191 636 207
4 902 1141 1069 1070
4 1070 934 1332 591
4 431 570 311 770
4 782 769 1185 1112
4 1112 786 1185 456
4 1014 234 207 761
4 992 900 693 727
4 658 961 46 1373
4 1373 875 658 961
4 1324 621 622 772
4 783 772 1324 1363
4 772 1363 622 1324
4 1324 985 621 772
4 985 382 338 1046
4 597 600 1365 872
4 1333 1365 346 872
4 1333 346 550 872
4 1244 1261 1107 676
4 650 1119 1015 1266
4 415 326 923 1095
4 623 547 605 392
4 674 137 981 135
4 968 239 211 235
4 137 674 139 135
4 241 211 1058 968
4 608 324 510 956
4 582 94 516 1330
4 1315 324 956 510
4 211 241 1058 237
4 925 433 1186 456
4 382 576 899 575
4 1114 472 925 571
4 1114 1180 925 1186
4 615 321 604 1138
4 211 968 241 239
4 1346 387 1324 1370
4 315 1324 1353 1370
4 984 1127 435 214
4 145 784 134 138
4 810 134 145 784
4 354 1154 1380 525
4 792 332 329 590
4 792 1323 590 700
4 783 772 1363 12
4 1063 694 751 114
4 587 575 792 899
4 792 587 899 590
4 792 700 590 899
4 792 575 382 899
4 277 635 220 218
4 802 472 951 925
4 1054 1189 495 649
4 319 921 646 717
4 333 959 1316 1368
4 415 927 674 1076
4 1379 901 86 1351
4 837 901 1379 1351
4 1044 148 524 150
4 620 1326 617 1018
4 985 1326 620 1018
4 340 478 550 592
4 1076 766 446 1095
4 1095 966 446 1076
4 802 925 1135 1114
4 792 1323 332 590
4 1003 753 1109 829
4 574 959 345 314
4 897 12 783 1372
4 1372 1360 12 783
4 1360 783 1363 12
4 369 893 715 843
4 751 114 1304 488
4 773 232 251 258
4 446 413 1076 966
4 1368 637 1386 333
4 76 13 75 621
4 1092 493 379 718
4 1092 379 1375 1216
4 379 565 1375 1216
4 859 763 1031 722
4 1339 731 555 996
4 780 1189 1054 540
4 1054 1189 649 540
4 1221 540 649 1189
4 78 512 77 1018
4 476 612 524 1331
4 300 249 271 1196
4 1377 1098 1366 1371
4 1378 968 764 492
4 968 235 211 764
4 369 209 794 389
4 590 700 37 38
4 705 644 887 83
4 500 705 887 83
4 1347 1308 1136 1137
4 771 569 775 374
4 1384 1115 786 769
4 984 435 1127 1195
4 786 1125 1384 769
4 272 251 301 773
4 1221 1334 505 1189
4 649 1221 1189 1022
4 471 640 849 10
4 10 66 1327 471
4 1126 734 1156 1035
4 1367 418 6 1350
4 1322 817 629 1010
4 273 818 259 267
4 932 246 200 1336
4 1035 734 1020 1126
4 1164 1131 1146 981
4 776 1078 746 455
4 794 1331 665 884
4 786 243 1384 1125
4 682 581 1350 1354
4 597 340 868 309
4 597 868 600 365
4 1277 706 777 323
4 209 794 665 884
4 884 209 794 369
4 340 852 780 540
4 851 810 643 941
4 447 851 643 941
4 1375 750 1216 722
4 1092 750 1216 1375
4 722 565 1216 1375
4 514 766 1095 810
4 1070 902 934 1069
4 283 269 1006 279
4 1141 663 715 893
4 702 663 715 1141
4 408 1146 1130 716
4 1164 1146 408 716
4 1380 858 853 1362
4 670 977 1380 858
4 1380 1362 853 841
4 1366 1345 377 1023
4 1092 1216 564 718
4 1092 718 379 1216
4 227 233 937 180
4 1092 493 1375 379
4 825 446 210 397
4 682 210 1354 397
4 446 1354 210 397
4 902 934 1379 652
4 902 934 1069 1379
4 130 690 679 917
4 971 720 1385 1128
4 476 455 524 1044
4 209 794 556 665
4 867 389 843 1140
4 1386 926 1338 637
4 867 882 553 1190
4 890 387 1346 329
4 890 387 329 630
4 1366 1345 1371 380
4 1092 1076 639 927
4 1070 1141 663 702
4 1070 663 903 702
4 1160 812 928 842
4 882 867 553 1212
4 885 394 649 495
4 1350 838 554 418
4 554 1028 418 838
4 1350 838 418 6
4 1141 893 1048 902
4 1141 893 902 1069
4 1141 1070 902 1332
4 81 14 657 644
4 899 4 39 40
4 501 880 44 875
4 1373 961 46 45
4 1373 45 875 961
4 48 49 544 728
4 52 1355 51 865
4 804 478 1355 878
4 55 1369 56 997
4 1226 142 933 623
4 1064 1169 131 373
4 657 78 79 863
4 614 863 475 657
4 934 88 89 1070
4 89 88 654 1070
4 1 850 105 1030
4 373 393 1169 131
4 690 679 917 675
4 393 706 1169 911
4 131 918 393 695
4 117 911 742 393
4 1375 138 922 1357
4 514 134 784 566
4 131 911 117 393
4 1095 566 923 927
4 224 730 366 1191
4 234 238 207 761
4 1014 228 207 234
4 764 235 211 942
4 237 217 1058 211
4 786 1115 779 1112
4 951 782 1185 1112
4 786 1115 1112 769
4 1384 243 263 1125
4 270 291 1201 280
4 1162 286 226 250
4 1127 250 226 231
4 998 1001 178 232
4 1011 1021 1162 271
4 1011 1021 271 1196
4 1374 271 249 1196
4 1195 463 435 539
4 1195 984 435 989
4 1195 989 435 463
4 258 773 262 251
4 272 1342 978 252
4 285 773 293 251
4 293 297 251 773
4 267 818 259 253
4 1359 281 273 259
4 1359 288 281 259
4 1359 259 1297 288
4 294 259 288 1297
4 294 302 259 1297
4 1240 290 269 283
4 1240 1006 283 269
4 701 2 853 836
4 1039 32 33 701
4 32 2 33 701
4 1039 701 836 32
4 836 32 701 2
4 3 34 1041 35
4 1077 807 535 522
4 790 858 1380 1362
4 701 2 33 3
4 1039 701 1041 1323
4 670 1380 790 858
4 1041 701 3 700
4 1039 701 33 1041
4 1373 875 880 501
4 728 49 544 869
4 1140 893 1048 1141
4 696 460 556 149
4 58 447 1343 754
4 125 119 924 914
4 1259 1328 62 1393
4 803 1065 844 533
4 1065 803 666 860
4 66 1151 1066 625
4 827 1154 883 1159
4 640 625 66 1066
4 883 1327 1159 1042
4 525 1159 1380 471
4 883 68 67 1042
4 66 65 625 640
4 640 10 65 64
4 640 64 849 10
4 66 1327 67 10
4 10 66 640 65
4 11 68 1042 67
4 525 1159 1154 1380
4 617 78 905 77
4 1070 1069 88 654
4 1070 934 88 1069
4 657 863 80 614
4 1361 1030 1 105
4 1392 578 856 675
4 1077 1151 678 526
4 678 1081 1077 506
4 64 373 666 860
4 908 683 1081 755
4 440 625 1151 462
4 690 578 675 856
4 119 123 1357 914
4 1375 565 922 722
4 124 564 558 915
4 152 653 1306 511
4 185 161 598 163
4 874 390 202 188
4 399 201 183 187
4 874 202 785 188
4 427 506 1191 730
4 779 431 203 199
4 957 770 779 1112
4 767 1112 1113 957
4 782 769 1112 767
4 243 279 1125 1006
4 243 269 279 1006
4 974 972 787 1165
4 224 1191 220 286
4 953 259 818 253
4 1007 1125 786 789
4 243 269 1006 979
4 979 1006 786 1007
4 786 979 243 1006
4 786 243 1125 1006
4 786 1125 1007 1006
4 1283 979 1255 1272
4 260 254 1197 268
4 271 1162 286 1021
4 1162 286 1021 738
4 1125 243 263 279
4 1132 249 275 284
4 1132 261 275 249
4 269 259 1297 953
4 798 1359 953 1297
4 1359 259 273 818
4 1297 302 820 1147
4 1204 1197 1149 282
4 1175 1234 824 1165
4 1240 298 269 290
4 1162 250 271 286
4 227 225 1188 252
4 938 774 725 1129
4 518 15 24 1094
4 518 15 20 24
4 836 535 31 522
4 678 522 947 1352
4 685 619 47 544
4 609 601 508 544
4 10 1042 1327 67
4 607 887 83 500
4 82 644 81 705
4 467 508 544 609
4 714 531 168 383
4 94 95 661 1330
4 1059 699 96 426
4 862 1079 883 827
4 1053 1212 53 804
4 136 145 547 810
4 217 637 194 196
4 1338 764 930 1122
4 1214 667 1161 930
4 1316 1003 1279 959
4 636 207 193 216
4 1099 1122 1107 676
4 296 1196 249 300
4 1374 1166 1133 811
4 297 773 301 251
4 817 773 1148 629
4 797 725 987 738
4 307 270 305 1234
4 307 270 1234 303
4 16 19 7 1110
4 98 781 23 27
4 1 30 850 1030
4 1095 566 927 1076
4 661 582 95 831
4 582 1330 661 95
4 565 1128 119 971
4 1357 1128 123 119
4 1120 564 120 376
4 207 236 761 238
4 946 782 1183 1283
4 485 938 738 388
4 1183 1283 789 1007
4 463 989 1270 1195
4 463 539 1195 998
4 1175 1152 1204 1239
4 269 306 304 1388
4 269 304 298 1388
4 269 1388 298 1240
4 270 299 1241 291
4 270 299 305 1389
4 270 1241 299 1389
4 518 1205 1094 24
4 582 94 1330 95
4 582 94 95 935
4 742 117 393 695
4 1195 1129 998 539
4 1009 428 1067 740
4 952 1056 1257 1275
4 952 1056 877 1257
4 673 687 1340 969
4 1361 105 1 0
4 1388 269 979 1240
4 306 302 1297 269
4 306 302 1229 1297
4 798 979 1272 1271
4 979 1297 306 1229
4 1254 1006 979 1007
4 1240 269 979 1006
4 979 1006 1254 1240
4 979 1229 306 1388
4 979 1388 1271 1229
4 979 1272 1388 1240
4 979 1240 1254 1272
4 1297 259 269 302
4 979 269 306 1297
4 979 269 1388 306
4 979 1388 1272 1271
4 1229 820 1232 798
4 798 1232 1229 1271
4 798 1271 1194 1232
4 820 1297 1229 302
4 798 1229 979 1271
4 798 1272 1194 1271
4 1236 1241 982 1165
4 1389 1234 305 270
4 1175 1152 824 303
4 270 291 1241 1201
4 1165 1238 1234 824
4 1165 1389 1234 1238
4 1165 1389 1238 1237
4 1165 1389 1235 1236
4 1165 1389 1237 1235
4 1389 1236 1165 1241
4 650 1119 791 404
4 650 1266 1288 1107
4 650 1288 1318 1107
4 650 1015 1119 1284
4 650 1318 1288 1284
4 650 1284 1247 1318
4 1132 261 249 1134
4 249 257 1134 261
4 1374 1134 249 230
4 1374 1136 994 1132
4 276 285 251 773
4 773 276 262 251
4 7 1110 1060 1117
4 7 16 1110 1117
4 1094 1205 28 24
4 1094 99 24 28
4 1392 1173 675 107
4 1392 687 1267 21
4 1392 1245 1302 1390
4 1392 1390 1302 1267
4 1267 1392 1025 1302
4 1392 107 1025 1245
4 1025 1302 1392 1245
4 1145 1340 1178 687
4 1392 1390 1173 1245
4 1392 1173 107 1245
4 855 1391 1281 723
4 1175 1261 821 1099
4 260 1197 254 237
4 1165 1203 1107 1013
4 1062 23 1110 781
4 1260 1062 527 1000
4 1123 1093 1294 952
4 1393 1060 1256 1329
4 1256 1259 1260 799
4 952 1206 1329 1294
4 1256 1062 1260 1000
4 952 1016 1294 527
4 519 1296 1209 881
4 1027 519 1296 1311
4 1394 518 1299 1205
4 864 1296 1243 1312
4 1296 1295 864 1209
4 15 97 1094 536
4 1094 99 28 958
4 1165 1121 1224 1236
4 1165 1121 1236 1235
4 1165 1285 1121 1235
4 818 953 1124 1262
4 1269 1262 953 818
4 1007 1283 1223 1183
4 946 1283 1223 1118
4 946 404 1283 1286
4 946 1286 1283 1118
4 946 1222 404 1251
4 946 1224 1165 1121
4 946 1121 1165 1285
4 946 1285 1165 1319
4 946 1285 1319 1222
4 946 1285 1222 1251
4 789 782 1283 1183
4 946 1183 1223 1283
4 946 975 1165 1224
4 946 1121 1223 1224
4 946 1118 1223 1121
4 946 1285 1118 1121
4 946 1286 1118 1285
4 1013 1247 946 1319
4 946 1251 1286 1285
4 946 1224 1223 975
4 1223 946 975 1183
4 1374 1166 811 994
4 989 175 1137 1134
4 1374 1132 1137 1136
4 629 1100 749 1227
4 1249 1270 463 989
4 629 960 1001 757
4 798 820 739 1147
4 1283 1231 1194 1272
4 798 1147 1274 1233
4 1200 791 739 1274
4 1283 1255 1231 1272
4 1269 1273 1359 798
4 1255 979 1254 1272
4 798 1273 1359 1233
4 798 1233 1274 1273
4 1269 818 953 1359
4 798 1232 739 820
4 1165 1203 1013 824
4 1175 303 824 1234
4 1165 982 1224 974
4 1107 1203 1318 1013
4 1165 824 1013 1238
4 1165 1237 1238 1319
4 1165 1238 1013 1319
4 1007 789 786 1283
4 1165 1237 1285 1235
4 1165 1319 1285 1237
4 1395 1085 1390 1340
4 1395 907 1085 965
4 786 789 769 1185
4 404 1193 1222 1008
4 1007 1118 1223 1283
4 404 1193 1251 1222
4 791 1382 404 1119
4 946 404 1286 1251
4 1194 404 1286 1283
4 1283 979 1007 1255
4 1272 979 798 1283
4 1283 1007 1118 1255
4 798 1272 1283 1194
4 1283 1118 1286 1231
4 1283 1255 1118 1231
4 1283 1231 1286 1194

CELL_TYPES 3971
10
10
10
10
10
10
10
10
10
10
10
10
10
10
10
10
10
10
10
10
10
10
10
10
10
10
10
10
10
10
10
10
10
10
10
10
10
10
10
10
10
10
10
10
10
10
10
10
10
10
10
10
10
10
10
10
10
10
10
10
10
10
10
10
10
10
10
10
10
10
10
10
10
10
10
10
10
10
10
10
10
10
10
10
10
10
10
10
10
10
10
10
10
10
10
10
10
10
10
10
10
10
10
10
10
10
10
10
10
10
10
10
10
10
10
10
10
10
10
10
10
10
10
10
10
10
10
10
10
10
10
10
10
10
10
10
10
10
10
10
10
10
10
10
10
10
10
10
10
10
10
10
10
10
10
10
10
10
10
10
10
10
10
10
10
10
10
10
10
10
10
10
10
10
10
10
10
10
10
10
10
10
10
10
10
10
10
10
10
10
10
10
10
10
10
10
10
10
10
10
10
10
10
10
10
10
10
10
10
10
10
10
10
10
10
10
10
10
10
10
10
10
10
10
10
10
10
10
10
10
10
10
10
10
10
10
10
10
10
10
10
10
10
10
10
10
10
10
10
10
10
10
10
10
10
10
10
10
10
10
10
10
10
10
10
10
10
10
10
10
10
10
10
10
10
10
10
10
10
10
10
10
10
10
10
10
10
10
10
10
10
10
10
10
10
10
10
10
10
10
10
10
10
10
10
10
10
10
10
10
10
10
10
10
10
10
10
10
10
10
10
10
10
10
10
10
10
10
10
10
10
10
10
10
10
10
10
10
10
10
10
10
10
10
10
10
10
10
10
10
10
10
10
10
10
10
10
10
10
10
10
10
10
10
10
10
10
10
10
10
10
10
10
10
10
10
10
10
10
10
10
10
10
10
10
10
10
10
10
10
10
10
10
10
10
10
10
10
10
10
10
10
10
10
10
10
10
10
10
10
10
10
10
10
10
10
10
10
10
10
10
10
10
10
10
10
10
10
10
10
10
10
10
10
10
10
10
10
10
10
10
10
10
10
10
10
10
10
10
10
10
10
10
10
10
10
10
10
10
10
10
10
10
10
10
10
10
10
10
10
10
10
10
10
10
10
10
10
10
10
10
10
10
10
10
10
10
10
10
10
10
10
10
10
10
10
10
10
10
10
10
10
10
10
10
10
10
10
10
10
10
10
10
10
10
10
10
10
10
10
10
10
10
10
10
10
10
10
10
10
10
10
10
10
10
10
10
10
10
10
10
10
10
10
10
10
10
10
10
10
10
10
10
10
10
10
10
10
10
10
10
10
10
10
10
10
10
10
10
10
10
10
10
10
10
10
10
10
10
10
10
10
10
10
10
10
10
10
10
10
10
10
10
10
10
10
10
10
10
10
10
10
10
10
10
10
10
10
10
10
10
10
10
10
10
10
10
10
10
10
10
10
10
10
10
10
10
10
10
10
10
10
10
10
10
10
10
10
10
10
10
10
10
10
10
10
10
10
10
10
10
10
10
10
10
10
10
10
10
10
10
10
10
10
10
10
10
10
10
10
10
10
10
10
10
10
10
10
10
10
10
10
10
10
10
10
10
10
10
10
10
10
10
10
10
10
10
10
10
10
10
10
10
10
10
10
10
10
10
10
10
10
10
10
10
10
10
10
10
10
10
10
10
10
10
10
10
10
10
10
10
10
10
10
10
10
10
10
10
10
10
10
10
10
10
10
10
10
10
10
10
10
10
10
10
10
10
10
10
10
10
10
10
10
10
10
10
10
10
10
10
10
10
10
10
10
10
10
10
10
10
10
10
10
10
10
10
10
10
10
10
10
10
10
10
10
10
10
10
10
10
10
10
10
10
10
10
10
10
10
10
10
10
10
10
10
10
10
10
10
10
10
10
10
10
10
10
10
10
10
10
10
10
10
10
10
10
10
10
10
10
10
10
10
10
10
10
10
10
10
10
10
10
10
10
10
10
10
10
10
10
10
10
10
10
10
10
10
10
10
10
10
10
10
10
10
10
10
10
10
10
10
10
10
10
10
10
10
10
10
10
10
10
10
10
10
10
10
10
10
10
10
10
10
10
10
10
10
10
10
10
10
10
10
10
10
10
10
10
10
10
10
10
10
10
10
10
10
10
10
10
10
10
10
10
10
10
10
10
10
10
10
10
10
10
10
10
10
10
10
10
10
10
10
10
10
10
10
10
10
10
10
10
10
10
10
10
10
10
10
10
10
10
10
10
10
10
10
10
10
10
10
10
10
10
10
10
10
10
10
10
10
10
10
10
10
10
10
10
10
10
10
10
10
10
10
10
10
10
10
10
10
10
10
10
10
10
10
10
10
10
10
10
10
10
10
10
10
10
10
10
10
10
10
10
10
10
10
10
10
10
10
10
10
10
10
10
10
10
10
10
10
10
10
10
10
10
10
10
10
10
10
10
10
10
10
10
10
10
10
10
10
10
10
10
10
10
10
10
10
10
10
10
10
10
10
10
10
10
10
10
10
10
10
10
10
10
10
10
10
10
10
10
10
10
10
10
10
10
10
10
10
10
10
10
10
10
10
10
10
10
10
10
10
10
10
10
10
10
10
10
10
10
10
10
10
10
10
10
10
10
10
10
10
10
10
10
10
10
10
10
10
10
10
10
10
10
10
10
10
10
10
10
10
10
10
10
10
10
10
10
10
10
10
10
10
10
10
10
10
10
10
10
10
10
10
10
10
10
10
10
10
10
10
10
10
10
10
10
10
10
10
10
10
10
10
10
10
10
10
10
10
10
10
10
10
10
10
10
10
10
10
10
10
10
10
10
10
10
10
10
10
10
10
10
10
10
10
10
10
10
10
10
10
10
10
10
10
10
10
10
10
10
10
10
10
10
10
10
10
10
10
10
10
10
10
10
10
10
10
10
10
10
10
10
10
10
10
10
10
10
10
10
10
10
10
10
10
10
10
10
10
10
10
10
10
10
10
10
10
10
10
10
10
10
10
10
10
10
10
10
10
10
10
10
10
10
10
10
10
10
10
10
10
10
10
10
10
10
10
10
10
10
10
10
10
10
10
10
10
10
10
10
10
10
10
10
10
10
10
10
10
10
10
10
10
10
10
10
10
10
10
10
10
10
10
10
10
10
10
10
10
10
10
10
10
10
10
10
10
10
10
10
10
10
10
10
10
10
10
10
10
10
10
10
10
10
10
10
10
10
10
10
10
10
10
10
10
10
10
10
10
10
10
10
10
10
10
10
10
10
10
10
10
10
10
10
10
10
10
10
10
10
10
10
10
10
10
10
10
10
10
10
10
10
10
10
10
10
10
10
10
10
10
10
10
10
10
10
10
10
10
10
10
10
10
10
10
10
10
10
10
10
10
10
10
10
10
10
10
10
10
10
10
10
10
10
10
10
10
10
10
10
10
10
10
10
10
10
10
10
10
10
10
10
10
10
10
10
10
10
10
10
10
10
10
10
10
10
10
10
10
10
10
10
10
10
10
10
10
10
10
10
10
10
10
10
10
10
10
10
10
10
10
10
10
10
10
10
10
10
10
10
10
10
10
10
10
10
10
10
10
10
10
10
10
10
10
10
10
10
10
10
10
10
10
10
10
10
10
10
10
10
10
10
10
10
10
10
10
10
10
10
10
10
10
10
10
10
10
10
10
10
10
10
10
10
10
10
10
10
10
10
10
10
10
10
10
10
10
10
10
10
10
10
10
10
10
10
10
10
10
10
10
10
10
10
10
10
10
10
10
10
10
10
10
10
10
10
10
10
10
10
10
10
10
10
10
10
10
10
10
10
10
10
10
10
10
10
10
10
10
10
10
10
10
10
10
10
10
10
10
10
10
10
10
10
10
10
10
10
10
10
10
10
10
10
10
10
10
10
10
10
10
10
10
10
10
10
10
10
10
10
10
10
10
10
10
10
10
10
10
10
10
10
10
10
10
10
10
10
10
10
10
10
10
10
10
10
10
10
10
10
10
10
10
10
10
10
10
10
10
10
10
10
10
10
10
10
10
10
10
10
10
10
10
10
10
10
10
10
10
10
10
10
10
10
10
10
10
10
10
10
10
10
10
10
10
10
10
10
10
10
10
10
10
10
10
10
10
10
10
10
10
10
10
10
10
10
10
10
10
10
10
10
10
10
10
10
10
10
10
10
10
10
10
10
10
10
10
10
10
10
10
10
10
10
10
10
10
10
10
10
10
10
10
10
10
10
10
10
10
10
10
10
10
10
10
10
10
10
10
10
10
10
10
10
10
10
10
10
10
10
10
10
10
10
10
10
10
10
10
10
10
10
10
10
10
10
10
10
10
10
10
10
10
10
10
10
10
10
10
10
10
10
10
10
10
10
10
10
10
10
10
10
10
10
10
10
10
10
10
10
10
10
10
10
10
10
10
10
10
10
10
10
10
10
10
10
10
10
10
10
10
10
10
10
10
10
10
10
10
10
10
10
10
10
10
10
10
10
10
10
10
10
10
10
10
10
10
10
10
10
10
10
10
10
10
10
10
10
10
10
10
10
10
10
10
10
10
10
10
10
10
10
10
10
10
10
10
10
10
10
10
10
10
10
10
10
10
10
10
10
10
10
10
10
10
10
10
10
10
10
10
10
10
10
10
10
10
10
10
10
10
10
10
10
10
10
10
10
10
10
10
10
10
10
10
10
10
10
10
10
10
10
10
10
10
10
10
10
10
10
10
10
10
10
10
10
10
10
10
10
10
10
10
10
10
10
10
10
10
10
10
10
10
10
10
10
10
10
10
10
10
10
10
10
10
10
10
10
10
10
10
10
10
10
10
10
10
10
10
10
10
10
10
10
10
10
10
10
10
10
10
10
10
10
10
10
10
10
10
10
10
10
10
10
10
10
10
10
10
10
10
10
10
10
10
10
10
10
10
10
10
10
10
10
10
10
10
10
10
10
10
10
10
10
10
10
10
10
10
10
10
10
10
10
10
10
10
10
10
10
10
10
10
10
10
10
10
10
10
10
10
10
10
10
10
10
10
10
10
10
10
10
10
10
10
10
10
10
10
10
10
10
10
10
10
10
10
10
10
10
10
10
10
10
10
10
10
10
10
10
10
10
10
10
10
10
10
10
10
10
10
10
10
10
10
10
10
10
10
10
10
10
10
10
10
10
10
10
10
10
10
10
10
10
10
10
10
10
10
10
10
10
10
10
10
10
10
10
10
10
10
10
10
10
10
10
10
10
10
10
10
10
10
10
10
10
10
10
10
10
10
10
10
10
10
10
10
10
10
10
10
10
10
10
10
10
10
10
10
10
10
10
10
10
10
10
10
10
10
10
10
10
10
10
10
10
10
10
10
10
10
10
10
10
10
10
10
10
10
10
10
10
10
10
10
10
10
10
10
10
10
10
10
10
10
10
10
10
10
10
10
10
10
10
10
10
10
10
10
10
10
10
10
10
10
10
10
10
10
10
10
10
10
10
10
10
10
10
10
10
10
10
10
10
10
10
10
10
10
10
10
10
10
10
10
10
10
10
10
10
10
10
10
10
10
10
10
10
10
10
10
10
10
10
10
10
10
10
10
10
10
10
10
10
10
10
10
10
10
10
10
10
10
10
10
10
10
10
10
10
10
10
10
10
10
10
10
10
10
10
10
10
10
10
10
10
10
10
10
10
10
10
10
10
10
10
10
10
10
10
10
10
10
10
10
10
10
10
10
10
10
10
10
10
10
10
10
10
10
10
10
10
10
10
10
10
10
10
10
10
10
10
10
10
10
10
10
10
10
10
10
10
10
10
10
10
10
10
10
10
10
10
10
10
10
10
10
10
10
10
10
10
10
10
10
10
10
10
10
10
10
10
10
10
10
10
10
10
10
10
10
10
10
10
10
10
10
10
10
10
10
10
10
10
10
10
10
10
10
10
10
10
10
10
10
10
10
10
10
10
10
10
10
10
10
10
10
10
10
10
10
10
10
10
10
10
10
10
10
10
10
10
10
10
10
10
10
10
10
10
10
10
10
10
10
10
10
10
10
10
10
10
10
10
10
10
10
10
10
10
10
10
10
10
10
10
10
10
10
10
10
10
10
10
10
10
10
10
10
10
10
10
10
10
10
10
10
10
10
10
10
10
10
10
10
10
10
10
10
10
10
10
10
10
10
10
10
10
10
10
10
10
10
10
10
10
10
10
10
10
10
10
10
10
10
10
10
10
10
10
10
10
10
10
10
10
10
10
10
10
10
10
10
10
10
10
10
10
10
10
10
10
10
10
10
10
10
10
10
10
10
10
10
10
10
10
10
10
10
10
10
10
10
10
10
10
10
10
10
10
10
10
10
10
10
10
10
10
10
10
10
10
10
10
10
10
10
10
10
10
10
10
10
10
10
10
10
10
10
10
10
10
10
10
10
10
10
10
10
10
10
10
10
10
10
10
10
10
10
10
10
10
10
10
10
10
10
10
10
10
10
10
10
10
10
10
10
10
10
10
10
10
10
10
10
10
10
10
10
10
10
10
10
10
10
10
10
10
10
10
10
10
10
10
10
10
10
10
10
10
10
10
10
10
10
10
10
10
10
10
10
10
10
10
10
10
10
10
10
10
10
10
10
10
10
10
10
10
10
10
10
10
10
10
10
10
10
10
10
10
10
10
10
10
10
10
10
10
10
10
10
10
10
10
10
10
10
10
10
10
10
10
10
10
10
10
10
10
10
10
10
10
10
10
10
10
10
10
10
10
10
10
10
10
10
10
10
10
10
10
10
10
10
10
10
10
10
10
10
10
10
10
10
10
10
10
10
10
10
10
10
10
10
10
10
10
10
10
10
10
10
10
10
10
10
10
10
10
10
10
10
10
10
10
10
10
10
10
10
10
10
10
10
10
10
10
10
10
10
10
10
10
10
10
10
10
10
10
10
10
10
10
10
10
10
10
10
10
10
10
10
10
10
10
10
10
10
10
10
10
10
10
10
10
10
10
10
10
10
10
10
10
10
10
10
10
10
10
10
10
10
10
10
10
10
10
10
10
10
10
10
10
10
10
10
10
10
10
10
10
10
10
10
10
10
10
10
10
10
10
10
10
10
10
10
10
10
10
10
10
10
10
10
10
10
10
10
10
10
10
10
10
10
10
10
10
10
10
10
10
10
10
10
10
10
10
10
10
10
10
10
10
10
10
10
10
10
10
10
10
10
10
10
10
10
10
10
10
10
10
10
10
10
10
10
10
10
10
10
10
10
10
10
10
10
10
10
10
10
10
10
10
10
10
10
10
10
10
10
10
10
10
10
10
10
10
10
10
10
10
10
10
10
10
10
10
10
10
10
10
10
10
10
10
10
10
10
10
10
10
10
10
10
10
10
10
10
10
10
10
10
10
10
10
10
10
10
10
10
10
10
10
10
10
10
10
10
10
10
10
10
10
10
10
10
10
10
10
10
10
10
10
10
10
10
10
10
10
10
10
10
10
10
10
10
10
10
10
10
10
10
10
10
10
10
10
10
10
10
10
10
10
10
10
10
10
10
10
10
10
10
10
10
10
10
10
10
10
10
10
10
10
10
10
10
10
10
10
10
10
10
10
10
10
10
10
10
10
10
10
10
10
10
10
10
10
10
10
10
10
10
10
10
10
10
10
10
10
10
10
10
10
10
10
10
10
10
10
10
10
10
10
10
10
10
10
10
10
10
10
10
10
10
10
10
10
10
10
10
10
10
10
10
10
10
10
10
10
10
10
10
10
10
10
10
10
10
10
10
10
10
10
10
10
10
10
10
10
10
10
10
10
10
10
10
10
10
10
10
10
10
10
10
10
10
10
10
10
10
10
10
10
10
10
10
10
10
10
10
10
10
10
10
10
10
10
10
10
10
10
10
10
10
10
10
10
10
10
10
10
10
10
10
10
10
10
10
10
10
10
10
10
10
10
10
10
10
10
10
10
10
10
10
10
10
10
10
10
10
10
10
10
10
10
10
10
10
10
10
10
10
10
10
10
10
10
10
10
10
10
10
10
10
10
10
10
10
10
10
10
10
10
10
10
10
10
10
10
10
10
10
10
10
10
10
10
10
10
10
10
10
10
10
10
10
10
10
10
10
10
10
10
10
10
10
10
10
10
10
10
10
10
10
10
10
10
10
10
10
10
10
10
10
10
10
10
10
10
10
10
10
10
10
10
10
10
10
10
10
10
10
10
10
10
10
10
10
10
10
10
10
10
10
10
10
10
10
10
10
10
10
10
10
10
10
10
10
10
10
10
10
10
10
10
10
10
10
10
10
10
10
10
10
10
10
10
10
10
10
10
10
10
10
10
10
10
10
10
10
10
10
10
10
10
10
10
10
10
10
10
10
10
10
10
10
10
10
10
10
10
10
10
10
10
10
10
10
10
10
10
10
10
10
10
10
10
10
10
10
10
10
10
10
10
10
10
10
10
10
10
10
10
10
10
10
10
10
10
10
10
10
10
10
10
10
10
10
10
10
10
10
10
10
10
10
10
10
10
10
10
10
10
10
10
10
10
10
10
10
10
10
10
10
10
10
10
10
10
10
10
10
10
10
10
10
10
10
10
10
10
10
10
10
10
10
10
10
10
10
10
10
10
10
10
10
10
10
10
10
10
10
10
10
10
10
10
10
10
10
10
10
10
10
10
10
10
10
10
10
10
10
10
10
10
10
10
10
10
10
10
10
10
10
10
10
10
10
10
10
10
10
10
10
10
10
10
10
10
10
10
10
10
10
10
10
10
10
10
10
10
10
10
10
10
10
10
10
10
10
10
10
10
10
10
10
10
10
10
10
10
10
10
10
10
10
10
10
10
10
10
10
10
10
10
10
10
10
10
10
10
10
10
10
10
10
10
10
10
10
10
10
10
10
10
10
10
10
10
10
10
10
10
10
10
10
10
10
10
10
10
10
10
10
10
10
10
10
10
10
10
10
10
10
10
10
10
10
10
10
10
10
10
10
10
10
10
10
10
10
10
10
10
10
10
10
10
10
10
10
10
10
10
10
10
10
10
10
10
10
10
10
10
10
10
10
10
10
10
